{
	"credit": "Made with Blockbench",
	"textures": {
		"0": "block/fiesta/birthdays",
		"particle": "block/fiesta/birthdays"
	},
	"elements": [
		{
			"from": [-16, 0, 8],
			"to": [32, 16, 8],
			"faces": {
				"north": {"uv": [2.5, 4.25, 12.125, 7.375], "texture": "#0"},
				"south": {"uv": [2.5, 4.25, 12.125, 7.375], "texture": "#0"}
			}
		},
		{
			"from": [-16, 0, 7.9],
			"to": [32, 16, 7.9],
			"faces": {
				"north": {"uv": [6.25, 0, 15.875, 2.875], "texture": "#0", "tintindex": 0},
				"south": {"uv": [0, 1.625, 0.125, 1.75], "texture": "#0", "tintindex": 0}
			}
		},
		{
			"from": [-16, 0, 8.1],
			"to": [32, 16, 8.1],
			"rotation": {"angle": 0, "axis": "y", "origin": [16, 0, 16]},
			"faces": {
				"north": {"uv": [0, 1.625, 0.125, 1.75], "texture": "#0", "tintindex": 0},
				"south": {"uv": [6.25, 0, 15.875, 2.875], "texture": "#0", "tintindex": 0}
			}
		}
	],
	"display": {
		"thirdperson_righthand": {
			"rotation": [75, 45, 0],
			"translation": [2.75, 5.25, 0],
			"scale": [0.375, 0.375, 0.375]
		},
		"thirdperson_lefthand": {
			"rotation": [75, 45, 0],
			"translation": [3.5, 6.5, 0],
			"scale": [0.375, 0.375, 0.375]
		},
		"firstperson_righthand": {
			"translation": [0, 2.25, 0],
			"scale": [0.27, 0.27, 0.27]
		},
		"firstperson_lefthand": {
			"translation": [0, 2, 0],
			"scale": [0.27, 0.27, 0.27]
		},
		"ground": {
			"translation": [0, 7, 0]
		},
		"gui": {
			"scale": [0.33, 0.33, 0.33]
		},
		"head": {
			"translation": [0, 23, 0],
			"scale": [2.01992, 2.01992, 2.01992]
		},
		"fixed": {
			"translation": [0, 0, -0.5],
			"scale": [2.7, 2.7, 2.7]
		}
	}
}