{
	"credit": "Made with Blockbench",
	"textures": {
		"0": "block/fiesta/birthdays",
		"particle": "block/fiesta/birthdays"
	},
	"elements": [
		{
			"from": [3, 21, 3],
			"to": [13, 32, 13],
			"faces": {
				"north": {"uv": [12.25, 5.875, 13.5, 7.25], "texture": "#0", "tintindex": 0},
				"east": {"uv": [12.25, 5.875, 13.5, 7.25], "texture": "#0", "tintindex": 0},
				"south": {"uv": [12.25, 5.875, 13.5, 7.25], "texture": "#0", "tintindex": 0},
				"west": {"uv": [12.25, 5.875, 13.5, 7.25], "texture": "#0", "tintindex": 0},
				"up": {"uv": [13.5, 5.875, 14.75, 7.125], "texture": "#0", "tintindex": 0},
				"down": {"uv": [12.25, 7.25, 13.5, 8.5], "texture": "#0", "tintindex": 0}
			}
		},
		{
			"from": [5, 17, 8],
			"to": [11, 21, 8],
			"faces": {
				"north": {"uv": [13.5, 7.125, 14.25, 7.625], "texture": "#0", "tintindex": 0},
				"south": {"uv": [13.5, 7.125, 14.25, 7.625], "texture": "#0", "tintindex": 0}
			}
		},
		{
			"from": [8, 17, 5],
			"to": [8, 21, 11],
			"rotation": {"angle": 0, "axis": "y", "origin": [8, -2, 8]},
			"faces": {
				"east": {"uv": [13.5, 7.125, 14.25, 7.625], "texture": "#0", "tintindex": 0},
				"west": {"uv": [13.5, 7.125, 14.25, 7.625], "texture": "#0", "tintindex": 0}
			}
		},
		{
			"from": [8, -16, 7.75],
			"to": [8, 17, 8.25],
			"rotation": {"angle": 45, "axis": "y", "origin": [8, 0.5, 8]},
			"faces": {
				"east": {"uv": [0, 7.375, 0.125, 11.5], "texture": "#0"},
				"west": {"uv": [0, 7.375, 0.125, 11.5], "texture": "#0"}
			}
		}
	],
	"display": {
		"thirdperson_righthand": {
			"rotation": [63, 34, 0],
			"translation": [0, 5, 11.25],
			"scale": [0.6582, 0.6582, 0.6582]
		},
		"thirdperson_lefthand": {
			"rotation": [63, 34, 0],
			"translation": [0, 5, 11.25],
			"scale": [0.6582, 0.6582, 0.6582]
		},
		"firstperson_righthand": {
			"rotation": [3, 112, -13],
			"translation": [9.5, 0, -5.75],
			"scale": [0.41992, 0.41992, 0.41992]
		},
		"firstperson_lefthand": {
			"rotation": [3, 112, -13],
			"translation": [9.5, 0, -5.75],
			"scale": [0.41992, 0.41992, 0.41992]
		},
		"ground": {
			"translation": [0, 15, 0],
			"scale": [0.7, 0.7, 0.7]
		},
		"gui": {
			"rotation": [30, -158, 0],
			"translation": [0.25, -11.25, 0],
			"scale": [0.73, 0.73, 0.73]
		},
		"head": {
			"translation": [0, -30.5, -0.75],
			"scale": [1.6, 1.6, 1.6]
		},
		"fixed": {
			"rotation": [90, 0, 0],
			"translation": [0, 0.25, -48.25],
			"scale": [1.99, 1.99, 1.99]
		}
	}
}