{
  "parent": "simplehats:item/hatparent",
  "textures": {
		"0": "simplehats:item/hats/explorerhat"
	},"elements": [
    {
      "from": [0.7, 11.48, 0.7],
      "to": [15.3, 15.86, 15.3],
      "rotation": {"angle": 0, "axis": "y", "origin": [-3.68, 0, -3.68]},
      "faces": {
        "north": {"uv": [6, 0, 8.5, 0.75], "texture": "#0"},
        "east": {"uv": [6, 0.75, 8.5, 1.5], "texture": "#0"},
        "south": {"uv": [6, 1.5, 8.5, 2.25], "texture": "#0"},
        "west": {"uv": [6, 2.25, 8.5, 3], "texture": "#0"},
        "up": {"uv": [6, 2.5, 3.5, 0], "texture": "#0"},
        "down": {"uv": [6, 2.5, 3.5, 5], "texture": "#0"}
      }
    },
    {
      "from": [2.16, 15.86, 2.16],
      "to": [13.84, 17.32, 13.84],
      "rotation": {"angle": 0, "axis": "y", "origin": [-3.68, 0, -3.68]},
      "faces": {
        "north": {"uv": [6, 4, 8, 4.25], "texture": "#0"},
        "east": {"uv": [6, 4.25, 8, 4.5], "texture": "#0"},
        "south": {"uv": [6, 4.5, 8, 4.75], "texture": "#0"},
        "west": {"uv": [6, 4.75, 8, 5], "texture": "#0"},
        "up": {"uv": [5.5, 7, 3.5, 5], "texture": "#0"},
        "down": {"uv": [7.5, 5, 5.5, 7], "texture": "#0"}
      }
    },
    {
      "from": [-2.22, 10.02, -2.22],
      "to": [18.22, 11.48, 18.22],
      "rotation": {"angle": 0, "axis": "y", "origin": [-3.68, 0, -3.68]},
      "faces": {
        "north": {"uv": [6, 3, 9.5, 3.25], "texture": "#0"},
        "east": {"uv": [6, 3.25, 9.5, 3.5], "texture": "#0"},
        "south": {"uv": [6, 3.5, 9.5, 3.75], "texture": "#0"},
        "west": {"uv": [6, 3.75, 9.5, 4], "texture": "#0"},
        "up": {"uv": [3.5, 3.5, 0, 0], "texture": "#0"},
        "down": {"uv": [3.5, 3.5, 0, 7], "texture": "#0"}
      }
    }
  ],
  "display": {
    "thirdperson_righthand": {
      "translation": [0, -0.75, 0],
      "scale": [0.39, 0.39, 0.39]
    },
    "thirdperson_lefthand": {
      "translation": [0, -0.75, 0],
      "scale": [0.39, 0.39, 0.39]
    },
    "firstperson_righthand": {
      "rotation": [0, 135, 0],
      "scale": [0.48, 0.48, 0.48]
    },
    "firstperson_lefthand": {
      "rotation": [0, 135, 0],
      "scale": [0.48, 0.48, 0.48]
    },
    "ground": {
      "translation": [0, -5, 0],
      "scale": [0.67, 0.67, 0.67]
    },
    "gui": {
      "rotation": [35, -135, 0],
      "translation": [0, -1.75, 0],
      "scale": [0.48, 0.48, 0.48]
    },
    "fixed": {
      "translation": [0, -5.75, 0],
      "scale": [1, 1, 0.01]
    }
  },
  "overrides": [
  {"predicate": {"custom_model_data":100}, "model": "simplehats:block/orejitas"},
  {"predicate": {"custom_model_data":101}, "model": "simplehats:block/bonsly_hat"},
  {"predicate": {"custom_model_data":102}, "model": "simplehats:block/gengar_beanie"},
  {"predicate": {"custom_model_data":103}, "model": "simplehats:block/magikarp_hat"},
  {"predicate": {"custom_model_data":104}, "model": "simplehats:block/pikachu_hat"},
  {"predicate": {"custom_model_data":105}, "model": "simplehats:block/psyduck_hat"},
  {"predicate": {"custom_model_data":106}, "model": "simplehats:block/rata-negra"}
  
 ]
}