{
  "implemented": true,
  "name": "Bagon",
  "nationalPokedexNumber": 371,
  "primaryType": "dragon",
  "abilities": [
    "rockhead",
    "h:sheerforce"
  ],
  "baseStats": {
    "hp": 45,
    "attack": 75,
    "defence": 60,
    "special_attack": 40,
    "special_defence": 30,
    "speed": 50
  },
  "catchRate": 45,
  "maleRatio": 0.5,
  "shoulderMountable": false,
  "baseExperienceYield": 60,
  "experienceGroup": "slow",
  "eggCycles": 40,
  "eggGroups": [
    "dragon"
  ],
  "moves": [
    "1:ember",
    "1:leer",
    "1:rage",
    "5:bite",
    "10:dragonbreath",
    "15:headbutt",
    "20:scaryface",
    "25:crunch",
    "31:dragonclaw",
    "35:zenheadbutt",
    "40:focusenergy",
    "45:flamethrower",
    "50:outrage",
    "55:doubleedge",
    "egg:defensecurl",
    "egg:dragondance",
    "egg:dragonpulse",
    "egg:dragonrage",
    "egg:dragonrush",
    "egg:endure",
    "egg:firefang",
    "egg:hydropump",
    "egg:shadowclaw",
    "egg:thrash",
    "egg:twister",
    "tm:aerialace",
    "tm:attract",
    "tm:bodyslam",
    "tm:brickbreak",
    "tm:captivate",
    "tm:confide",
    "tm:crunch",
    "tm:cut",
    "tm:doubleteam",
    "tm:dracometeor",
    "tm:dragonclaw",
    "tm:dragondance",
    "tm:dragonpulse",
    "tm:dragontail",
    "tm:endure",
    "tm:facade",
    "tm:fireblast",
    "tm:firefang",
    "tm:firespin",
    "tm:flamethrower",
    "tm:focusenergy",
    "tm:frustration",
    "tm:helpinghand",
    "tm:hiddenpower",
    "tm:honeclaws",
    "tm:hydropump",
    "tm:hypervoice",
    "tm:incinerate",
    "tm:irondefense",
    "tm:ironhead",
    "tm:mudslap",
    "tm:naturalgift",
    "tm:outrage",
    "tm:protect",
    "tm:raindance",
    "tm:rest",
    "tm:return",
    "tm:roar",
    "tm:rockslide",
    "tm:rocksmash",
    "tm:rocktomb",
    "tm:round",
    "tm:scaryface",
    "tm:secretpower",
    "tm:shadowclaw",
    "tm:sleeptalk",
    "tm:snore",
    "tm:strength",
    "tm:substitute",
    "tm:sunnyday",
    "tm:swagger",
    "tm:takedown",
    "tm:terablast",
    "tm:thunderfang",
    "tm:toxic",
    "tm:zenheadbutt",
    "tutor:bite",
    "tutor:bodyslam",
    "tutor:doubleedge",
    "tutor:dracometeor",
    "tutor:dragondance",
    "tutor:dragonpulse",
    "tutor:endure",
    "tutor:furycutter",
    "tutor:headbutt",
    "tutor:hypervoice",
    "tutor:irondefense",
    "tutor:mimic",
    "tutor:mudslap",
    "tutor:outrage",
    "tutor:rage",
    "tutor:rockslide",
    "tutor:sleeptalk",
    "tutor:snore",
    "tutor:substitute",
    "tutor:swagger",
    "tutor:thrash",
    "tutor:twister",
    "tutor:wish",
    "tutor:zenheadbutt"
  ],
  "labels": [
    "gen3"
  ],
  "pokedex": [
    "cobblemon.species.bagon.desc"
  ],
  "evolutions": [
    {
      "id": "bagon_shelgon",
      "variant": "level_up",
      "result": "shelgon",
      "consumeHeldItem": false,
      "learnableMoves": [
        "protect"
      ],
      "requirements": [
        {
          "variant": "level",
          "minLevel": 30
        }
      ]
    }
  ],
  "baseScale": 0.8,
  "hitbox": {
    "width": 0.75,
    "height": 1.25,
    "fixed": false
  },
  "baseFriendship": 35,
  "evYield": {
    "hp": 0,
    "attack": 1,
    "defence": 0,
    "special_attack": 0,
    "special_defence": 0,
    "speed": 0
  },
  "height": 6,
  "weight": 421,
  "aspects": [],
  "cannotDynamax": false
}