{
	"credit": "Made with Blockbench",
	"texture_size": [64, 64],
	"textures": {
		"0": "simplehats:block/furret_hat",
		"particle": "simplehats:block/furret_hat"
	},
	"elements": [
		{
			"from": [6, 2, 2],
			"to": [11, 6, 5],
			"rotation": {"angle": 0, "axis": "y", "origin": [8, 5, 1]},
			"faces": {
				"north": {"uv": [5.25, 6.75, 6.5, 7.75], "texture": "#0"},
				"east": {"uv": [4.5, 6.75, 5.25, 7.75], "texture": "#0"},
				"south": {"uv": [7.25, 6.75, 8.5, 7.75], "texture": "#0"},
				"west": {"uv": [6.5, 6.75, 7.25, 7.75], "texture": "#0"},
				"up": {"uv": [6.5, 6.75, 5.25, 6], "texture": "#0"},
				"down": {"uv": [7.75, 6, 6.5, 6.75], "texture": "#0"}
			}
		},
		{
			"from": [10, 1, 1.9],
			"to": [15, 5, 5.9],
			"rotation": {"angle": -22.5, "axis": "z", "origin": [13.5, 3, 4]},
			"faces": {
				"north": {"uv": [5.5, 2.75, 6.75, 3.75], "texture": "#0"},
				"east": {"uv": [4.5, 2.75, 5.5, 3.75], "texture": "#0"},
				"south": {"uv": [7.75, 2.75, 9, 3.75], "texture": "#0"},
				"west": {"uv": [6.75, 2.75, 7.75, 3.75], "texture": "#0"},
				"up": {"uv": [6.75, 2.75, 5.5, 1.75], "texture": "#0"},
				"down": {"uv": [8, 1.75, 6.75, 2.75], "texture": "#0"}
			}
		},
		{
			"from": [14.75, 2, 0.9],
			"to": [14.75, 3, 2.9],
			"rotation": {"angle": -45, "axis": "z", "origin": [13.5, 3, 4]},
			"faces": {
				"north": {"uv": [8.25, 3.75, 8.25, 4], "texture": "#0"},
				"east": {"uv": [7.75, 3.75, 8.25, 4], "texture": "#0"},
				"south": {"uv": [8.75, 3.75, 8.75, 4], "texture": "#0"},
				"west": {"uv": [8.25, 3.75, 8.75, 4], "texture": "#0"},
				"up": {"uv": [8.25, 3.75, 8.25, 3.25], "texture": "#0"},
				"down": {"uv": [8.25, 3.25, 8.25, 3.75], "texture": "#0"}
			}
		},
		{
			"from": [12.72417, 4.82932, -0.1],
			"to": [12.72417, 8.82932, 2.9],
			"rotation": {"angle": 22.5, "axis": "z", "origin": [13.72417, 6.15432, 0.9]},
			"faces": {
				"north": {"uv": [0.75, 9.25, 0.75, 10.25], "texture": "#0"},
				"east": {"uv": [0, 9.25, 0.75, 10.25], "texture": "#0"},
				"south": {"uv": [1.5, 9.25, 1.5, 10.25], "texture": "#0"},
				"west": {"uv": [0.75, 9.25, 1.5, 10.25], "texture": "#0"},
				"up": {"uv": [0.75, 9.25, 0.75, 8.5], "texture": "#0"},
				"down": {"uv": [0.75, 8.5, 0.75, 9.25], "texture": "#0"}
			}
		},
		{
			"from": [0.74493, 3.05, 3.50595],
			"to": [3.74493, 7.05, 8.50595],
			"rotation": {"angle": -22.5, "axis": "y", "origin": [1.64493, 4.625, 5.25595]},
			"faces": {
				"north": {"uv": [5.75, 5, 6.5, 6], "texture": "#0"},
				"east": {"uv": [4.5, 5, 5.75, 6], "texture": "#0"},
				"south": {"uv": [7.75, 5, 8.5, 6], "texture": "#0"},
				"west": {"uv": [6.5, 5, 7.75, 6], "texture": "#0"},
				"up": {"uv": [6.5, 5, 5.75, 3.75], "texture": "#0"},
				"down": {"uv": [7.25, 3.75, 6.5, 5], "texture": "#0"}
			}
		},
		{
			"from": [0.92704, 3.15, 7.91288],
			"to": [3.92704, 7.15, 13.91288],
			"rotation": {"angle": 22.5, "axis": "y", "origin": [0.17704, 5.625, 11.41288]},
			"faces": {
				"north": {"uv": [1.5, 1.5, 2.25, 2.5], "texture": "#0"},
				"east": {"uv": [0, 1.5, 1.5, 2.5], "texture": "#0"},
				"south": {"uv": [3.75, 1.5, 4.5, 2.5], "texture": "#0"},
				"west": {"uv": [2.25, 1.5, 3.75, 2.5], "texture": "#0"},
				"up": {"uv": [2.25, 1.5, 1.5, 0], "texture": "#0"},
				"down": {"uv": [3, 0, 2.25, 1.5], "texture": "#0"}
			}
		},
		{
			"from": [1.57351, 3.05, 11.44027],
			"to": [7.57351, 7.05, 14.44027],
			"rotation": {"angle": -22.5, "axis": "y", "origin": [4.07351, 5.65, 14.94027]},
			"faces": {
				"north": {"uv": [0.75, 5.75, 2.25, 6.75], "texture": "#0"},
				"east": {"uv": [0, 5.75, 0.75, 6.75], "texture": "#0"},
				"south": {"uv": [3, 5.75, 4.5, 6.75], "texture": "#0"},
				"west": {"uv": [2.25, 5.75, 3, 6.75], "texture": "#0"},
				"up": {"uv": [2.25, 5.75, 0.75, 5], "texture": "#0"},
				"down": {"uv": [3.75, 5, 2.25, 5.75], "texture": "#0"}
			}
		},
		{
			"from": [7.5941, 3.3, 11.57995],
			"to": [14.5941, 7.3, 14.57995],
			"rotation": {"angle": 22.5, "axis": "y", "origin": [10.8441, 5.05, 15.57995]},
			"faces": {
				"north": {"uv": [5.25, 0.75, 7, 1.75], "texture": "#0"},
				"east": {"uv": [4.5, 0.75, 5.25, 1.75], "texture": "#0"},
				"south": {"uv": [7.75, 0.75, 9.5, 1.75], "texture": "#0"},
				"west": {"uv": [7, 0.75, 7.75, 1.75], "texture": "#0"},
				"up": {"uv": [7, 0.75, 5.25, 0], "texture": "#0"},
				"down": {"uv": [8.75, 0, 7, 0.75], "texture": "#0"}
			}
		},
		{
			"from": [12.33551, 3.8, 6.4958],
			"to": [15.33551, 7.8, 12.4958],
			"rotation": {"angle": -22.5, "axis": "y", "origin": [12.58551, 5.3, 9.4958]},
			"faces": {
				"north": {"uv": [1.5, 4, 2.25, 5], "texture": "#0"},
				"east": {"uv": [0, 4, 1.5, 5], "texture": "#0"},
				"south": {"uv": [3.75, 4, 4.5, 5], "texture": "#0"},
				"west": {"uv": [2.25, 4, 3.75, 5], "texture": "#0"},
				"up": {"uv": [2.25, 4, 1.5, 2.5], "texture": "#0"},
				"down": {"uv": [3, 2.5, 2.25, 4], "texture": "#0"}
			}
		},
		{
			"from": [12.33551, 3.8, 4.4958],
			"to": [15.33551, 7.8, 8.4958],
			"rotation": {"angle": 22.5, "axis": "x", "origin": [12.58551, 5.3, 9.4958]},
			"faces": {
				"north": {"uv": [4.5, 9, 5.25, 10], "texture": "#0"},
				"east": {"uv": [3.5, 9, 4.5, 10], "texture": "#0"},
				"south": {"uv": [6.25, 9, 7, 10], "texture": "#0"},
				"west": {"uv": [5.25, 9, 6.25, 10], "texture": "#0"},
				"up": {"uv": [5.25, 9, 4.5, 8], "texture": "#0"},
				"down": {"uv": [6, 8, 5.25, 9], "texture": "#0"}
			}
		},
		{
			"from": [13.83551, 7.44072, 1.21998],
			"to": [13.83551, 11.44072, 6.21998],
			"rotation": {"angle": 45, "axis": "x", "origin": [13.83551, 8.44072, 3.21998]},
			"faces": {
				"north": {"uv": [8.25, 8.75, 8.25, 9.75], "texture": "#0"},
				"east": {"uv": [7, 8.75, 8.25, 9.75], "texture": "#0"},
				"south": {"uv": [9.5, 8.75, 9.5, 9.75], "texture": "#0"},
				"west": {"uv": [8.25, 8.75, 9.5, 9.75], "texture": "#0"},
				"up": {"uv": [8.25, 8.75, 8.25, 7.5], "texture": "#0"},
				"down": {"uv": [8.25, 7.5, 8.25, 8.75], "texture": "#0"}
			}
		},
		{
			"from": [1, 2.375, 1],
			"to": [6, 6.375, 4],
			"rotation": {"angle": 22.5, "axis": "y", "origin": [8, 5, 1]},
			"faces": {
				"north": {"uv": [0.75, 7.5, 2, 8.5], "texture": "#0"},
				"east": {"uv": [0, 7.5, 0.75, 8.5], "texture": "#0"},
				"south": {"uv": [2.75, 7.5, 4, 8.5], "texture": "#0"},
				"west": {"uv": [2, 7.5, 2.75, 8.5], "texture": "#0"},
				"up": {"uv": [2, 7.5, 0.75, 6.75], "texture": "#0"},
				"down": {"uv": [3.25, 6.75, 2, 7.5], "texture": "#0"}
			}
		}
	],
	"display": {
		"thirdperson_righthand": {
			"rotation": [75, 45, 0],
			"translation": [0, 2.5, 0],
			"scale": [0.375, 0.375, 0.375]
		},
		"thirdperson_lefthand": {
			"rotation": [75, 45, 0],
			"translation": [0, 2.5, 0],
			"scale": [0.375, 0.375, 0.375]
		},
		"firstperson_righthand": {
			"rotation": [0, 45, 0],
			"translation": [0, 1.5, 0],
			"scale": [0.4, 0.4, 0.4]
		},
		"firstperson_lefthand": {
			"rotation": [0, 225, 0],
			"translation": [1.5, 1.75, 0],
			"scale": [0.4, 0.4, 0.4]
		},
		"ground": {
			"translation": [0, 4.75, 0],
			"scale": [0.49, 0.49, 0.49]
		},
		"gui": {
			"rotation": [30, 225, 0],
			"translation": [0, 2.25, 0],
			"scale": [0.78, 0.78, 0.78]
		},
		"head": {
			"rotation": [0, 109, 0],
			"translation": [0, 10.75, 0],
			"scale": [1.6, 1.65, 1.65]
		},
		"fixed": {
			"rotation": [0, 60, 0],
			"translation": [0, 2.5, 0],
			"scale": [0.95, 0.95, 0.95]
		}
	},
	"groups": [
		{
			"name": "scarf",
			"origin": [8, 8, 8],
			"color": 0,
			"children": [0, 1, 2, 3, 4, 5, 6, 7, 8, 9, 10, 11]
		}
	]
}