{
	"credit": "Made with Blockbench",
	"texture_size": [32, 32],
	"textures": {
		"3": "simplehats:block/petit_orejitas"
	},
	"elements": [
		{
			"from": [1, 5.5, 9],
			"to": [15, 15.5, 9],
			"rotation": {"angle": 0, "axis": "y", "origin": [3, 4.5, 0]},
			"faces": {
				"north": {"uv": [0, 0, 7, 5], "texture": "#3"},
				"east": {"uv": [0, 0, 0, 5], "texture": "#3"},
				"south": {"uv": [0, 0, 7, 5], "texture": "#3"},
				"west": {"uv": [0, 0, 0, 5], "texture": "#3"},
				"up": {"uv": [7, 0, 0, 0], "texture": "#3"},
				"down": {"uv": [7, 0, 0, 0], "texture": "#3"}
			}
		},
		{
			"from": [3, 12, 5],
			"to": [6, 15, 6],
			"rotation": {"angle": 22.5, "axis": "z", "origin": [5.125, 13.25, 5.375]},
			"faces": {
				"north": {"uv": [7, 0, 8.5, 1.5], "texture": "#3", "tintindex": 0},
				"east": {"uv": [1.5, 7.5, 2, 9], "texture": "#3", "tintindex": 0},
				"south": {"uv": [7, 1.5, 8.5, 3], "texture": "#3", "tintindex": 0},
				"west": {"uv": [2, 7.5, 2.5, 9], "texture": "#3", "tintindex": 0},
				"up": {"uv": [4, 8, 2.5, 7.5], "texture": "#3", "tintindex": 0},
				"down": {"uv": [2.5, 7.5, 2, 9], "texture": "#3", "tintindex": 0}
			}
		},
		{
			"from": [1, 12, 5],
			"to": [8, 17, 5],
			"rotation": {"angle": 22.5, "axis": "z", "origin": [5.125, 13.25, 5.375]},
			"faces": {
				"north": {"uv": [0, 5, 3.5, 7.5], "texture": "#3", "tintindex": 0},
				"east": {"uv": [0, 0, 0, 2.5], "texture": "#3"},
				"south": {"uv": [3.5, 5, 7, 7.5], "texture": "#3", "tintindex": 0},
				"west": {"uv": [0, 0, 0, 2.5], "texture": "#3"},
				"up": {"uv": [0, 2.5, 0, 0], "texture": "#3"},
				"down": {"uv": [0, 0, 0, 2.5], "texture": "#3"}
			}
		},
		{
			"from": [8, 12, 5],
			"to": [15, 17, 5],
			"rotation": {"angle": -22.5, "axis": "z", "origin": [10.875, 13.25, 5.375]},
			"faces": {
				"north": {"uv": [3.5, 5, 7, 7.5], "texture": "#3", "tintindex": 0},
				"east": {"uv": [0, 0, 0, 2.5], "texture": "#3"},
				"south": {"uv": [0, 5, 3.5, 7.5], "texture": "#3", "tintindex": 0},
				"west": {"uv": [0, 0, 0, 2.5], "texture": "#3"},
				"up": {"uv": [0, 2.5, 0, 0], "texture": "#3"},
				"down": {"uv": [0, 0, 0, 2.5], "texture": "#3"}
			}
		},
		{
			"from": [10, 12, 5],
			"to": [13, 15, 6],
			"rotation": {"angle": -22.5, "axis": "z", "origin": [10.875, 13.25, 5.375]},
			"faces": {
				"north": {"uv": [7, 3, 8.5, 4.5], "texture": "#3", "tintindex": 0},
				"east": {"uv": [2, 7.5, 2.5, 9], "texture": "#3", "tintindex": 0},
				"south": {"uv": [7, 4.5, 8.5, 6], "texture": "#3", "tintindex": 0},
				"west": {"uv": [1.5, 7.5, 2, 9], "texture": "#3", "tintindex": 0},
				"up": {"uv": [5.5, 8, 4, 7.5], "texture": "#3", "tintindex": 0},
				"down": {"uv": [2.5, 7.5, 2, 9], "texture": "#3", "tintindex": 0}
			}
		},
		{
			"from": [10, 12, 5],
			"to": [13, 15, 6],
			"rotation": {"angle": -22.5, "axis": "z", "origin": [10.875, 13.25, 5.375]},
			"faces": {
				"north": {"uv": [7, 6, 8.5, 7.5], "texture": "#3"}
			}
		},
		{
			"from": [3, 12, 5],
			"to": [6, 15, 6],
			"rotation": {"angle": 22.5, "axis": "z", "origin": [5.125, 13.25, 5.375]},
			"faces": {
				"north": {"uv": [0, 7.5, 1.5, 9], "texture": "#3"}
			}
		}
	],
	"display": {
		"thirdperson_righthand": {
			"rotation": [75, 45, 0],
			"translation": [0, 2.5, 0],
			"scale": [0.375, 0.375, 0.375]
		},
		"thirdperson_lefthand": {
			"rotation": [75, 45, 0],
			"translation": [0, 2.5, 0],
			"scale": [0.375, 0.375, 0.375]
		},
		"firstperson_righthand": {
			"scale": [0.6, 0.6, 0.6]
		},
		"firstperson_lefthand": {
			"scale": [0.6, 0.6, 0.6]
		},
		"gui": {
			"rotation": [30, 225, 0],
			"translation": [-0.75, -2.5, 0],
			"scale": [0.96, 0.96, 0.96]
		},
		"head": {
			"translation": [0, 0.5, 0],
			"scale": [1.4, 1.4, 1.4]
		},
		"fixed": {
			"translation": [0, -3.25, -1],
			"scale": [1.27, 1.27, 1.27]
		}
	}
}