{
	"credit": "Made with Blockbench",
	"texture_size": [256, 256],
	"textures": {
		"0": "block/vending_machine",
		"particle": "block/vending_machine"
	},
	"elements": [
		{
			"from": [14, -5, 0],
			"to": [16, 32, 16],
			"faces": {
				"north": {"uv": [4.375, 5.125, 4.5, 7.4375], "texture": "#0"},
				"east": {"uv": [0, 0, 1, 2.3125], "texture": "#0"},
				"south": {"uv": [4.5, 5.125, 4.625, 7.4375], "texture": "#0"},
				"west": {"uv": [3, 0, 2, 2.3125], "texture": "#0"},
				"up": {"uv": [0.875, 3.3125, 0.75, 2.3125], "texture": "#0"},
				"down": {"uv": [1, 2.3125, 0.875, 3.3125], "texture": "#0"}
			}
		},
		{
			"from": [-16, -5, 0],
			"to": [-4, 32, 16],
			"faces": {
				"north": {"uv": [1, 4.125, 1.75, 6.4375], "texture": "#0"},
				"east": {"uv": [2, 0, 3, 2.3125], "texture": "#0"},
				"south": {"uv": [1.75, 4.125, 2.5, 6.4375], "texture": "#0"},
				"west": {"uv": [0, 0, 1, 2.3125], "texture": "#0"},
				"up": {"uv": [3.25, 5.125, 2.5, 4.125], "texture": "#0"},
				"down": {"uv": [0.75, 2.3125, 0, 3.3125], "texture": "#0"}
			}
		},
		{
			"from": [-4, 27, 0],
			"to": [14, 32, 16],
			"faces": {
				"north": {"uv": [5, 1.375, 6.125, 1.6875], "texture": "#0"},
				"east": {"uv": [6.125, 0, 7.125, 0.3125], "texture": "#0"},
				"south": {"uv": [3.25, 5.375, 4.375, 5.6875], "texture": "#0"},
				"west": {"uv": [6.125, 0.3125, 7.125, 0.625], "texture": "#0"},
				"up": {"uv": [5.5, 4.125, 4.375, 3.125], "texture": "#0"},
				"down": {"uv": [5.5, 4.125, 4.375, 5.125], "texture": "#0"}
			}
		},
		{
			"from": [-16, -14, 0],
			"to": [16, -5, 16],
			"faces": {
				"north": {"uv": [4.375, 2, 6.375, 2.5625], "texture": "#0"},
				"east": {"uv": [0, 3.3125, 1, 3.875], "texture": "#0"},
				"south": {"uv": [4.375, 2.5625, 6.375, 3.125], "texture": "#0"},
				"west": {"uv": [0, 3.3125, 1, 3.875], "texture": "#0"},
				"up": {"uv": [5, 1, 3, 0], "texture": "#0"},
				"down": {"uv": [5, 1, 3, 2], "texture": "#0"}
			}
		},
		{
			"from": [-4, -5, 0],
			"to": [14, -2, 1],
			"faces": {
				"north": {"uv": [5, 1.6875, 6.125, 1.875], "texture": "#0"},
				"east": {"uv": [3.125, 5.125, 3.1875, 5.3125], "texture": "#0"},
				"south": {"uv": [6.125, 0.625, 7.25, 0.8125], "texture": "#0"},
				"west": {"uv": [3.1875, 5.125, 3.25, 5.3125], "texture": "#0"},
				"up": {"uv": [7.25, 0.875, 6.125, 0.8125], "texture": "#0"}
			}
		},
		{
			"from": [-4, -2, 1],
			"to": [14, 27, 1],
			"faces": {
				"north": {"uv": [1, 2.3125, 2.125, 4.125], "texture": "#0"},
				"east": {"uv": [0, 0, 0, 1.8125], "texture": "#0"},
				"south": {"uv": [2.125, 2.3125, 3.25, 4.125], "texture": "#0"},
				"west": {"uv": [0, 0, 0, 1.8125], "texture": "#0"},
				"up": {"uv": [1.125, 0, 0, 0], "texture": "#0"},
				"down": {"uv": [1.125, 0, 0, 0], "texture": "#0"}
			}
		},
		{
			"from": [-4, -5, 4],
			"to": [14, 0, 16],
			"faces": {
				"north": {"uv": [5, 0.75, 6.125, 1.0625], "texture": "#0"},
				"south": {"uv": [5, 1.0625, 6.125, 1.375], "texture": "#0"},
				"up": {"uv": [6.125, 0.75, 5, 0], "texture": "#0"}
			}
		},
		{
			"from": [-4, 6, 4],
			"to": [14, 7, 14],
			"faces": {
				"north": {"uv": [6.125, 1.5, 7.25, 1.5625], "texture": "#0"},
				"up": {"uv": [7.25, 1.5, 6.125, 0.875], "texture": "#0"},
				"down": {"uv": [7.25, 0.875, 6.125, 1.5], "texture": "#0"}
			}
		},
		{
			"from": [-4, 13, 4],
			"to": [14, 14, 14],
			"faces": {
				"north": {"uv": [6.125, 1.5, 7.25, 1.5625], "texture": "#0"},
				"up": {"uv": [7.25, 1.5, 6.125, 0.875], "texture": "#0"},
				"down": {"uv": [7.25, 0.875, 6.125, 1.5], "texture": "#0"}
			}
		},
		{
			"from": [-4, 20, 4],
			"to": [14, 21, 14],
			"faces": {
				"north": {"uv": [6.125, 1.5, 7.25, 1.5625], "texture": "#0"},
				"up": {"uv": [7.25, 1.5, 6.125, 0.875], "texture": "#0"},
				"down": {"uv": [7.25, 0.875, 6.125, 1.5], "texture": "#0"}
			}
		},
		{
			"from": [-4, 0, 14],
			"to": [14, 27, 16],
			"faces": {
				"north": {"uv": [3.25, 2, 4.375, 3.6875], "texture": "#0"},
				"south": {"uv": [3.25, 3.6875, 4.375, 5.375], "texture": "#0"}
			}
		},
		{
			"from": [6, 1.25, 8.1],
			"to": [9, 6.25, 9.1],
			"rotation": {"angle": 22.5, "axis": "x", "origin": [7.5, 2.5, 4.5]},
			"faces": {
				"north": {"uv": [0.34375, 4.3125, 0.53125, 4.625], "texture": "#0"},
				"east": {"uv": [0.6875, 4.3125, 0.75, 4.625], "texture": "#0"},
				"south": {"uv": [0.34375, 4.3125, 0.53125, 4.625], "texture": "#0"},
				"west": {"uv": [0.6875, 4.3125, 0.75, 4.625], "texture": "#0"},
				"up": {"uv": [0.96875, 4.375, 0.78125, 4.3125], "texture": "#0"},
				"down": {"uv": [0.96875, 4.375, 0.78125, 4.4375], "texture": "#0"}
			}
		},
		{
			"from": [12, -16, 1],
			"to": [15, -14, 4],
			"faces": {
				"north": {"uv": [4.8125, 5.125, 5, 5.25], "texture": "#0"},
				"east": {"uv": [4.8125, 5.125, 5, 5.25], "texture": "#0"},
				"south": {"uv": [4.8125, 5.125, 5, 5.25], "texture": "#0"},
				"west": {"uv": [4.8125, 5.125, 5, 5.25], "texture": "#0"},
				"down": {"uv": [4.8125, 5.125, 4.625, 5.3125], "texture": "#0"}
			}
		},
		{
			"from": [-2, 22.25, 8.25],
			"to": [1, 27.25, 11.25],
			"rotation": {"angle": 22.5, "axis": "x", "origin": [-0.5, 23.5, 5.5]},
			"faces": {
				"north": {"uv": [0.0625, 3.90625, 0.25, 4.21875], "texture": "#0"},
				"east": {"uv": [0.0625, 3.90625, 0.25, 4.21875], "texture": "#0"},
				"south": {"uv": [0.0625, 3.90625, 0.25, 4.21875], "texture": "#0"},
				"west": {"uv": [0.0625, 3.90625, 0.25, 4.21875], "texture": "#0"},
				"up": {"uv": [0.96875, 4.1875, 0.78125, 4], "texture": "#0"},
				"down": {"uv": [0.96875, 4, 0.78125, 4.1875], "texture": "#0"}
			}
		},
		{
			"from": [-2, 20.75, 4.75],
			"to": [1, 25.75, 7.75],
			"rotation": {"angle": 22.5, "axis": "x", "origin": [-0.5, 23.5, 5.5]},
			"faces": {
				"north": {"uv": [0.0625, 3.90625, 0.25, 4.21875], "texture": "#0"},
				"east": {"uv": [0.0625, 3.90625, 0.25, 4.21875], "texture": "#0"},
				"south": {"uv": [0.0625, 3.90625, 0.25, 4.21875], "texture": "#0"},
				"west": {"uv": [0.0625, 3.90625, 0.25, 4.21875], "texture": "#0"},
				"up": {"uv": [0.96875, 4.1875, 0.78125, 4], "texture": "#0"},
				"down": {"uv": [0.96875, 4, 0.78125, 4.1875], "texture": "#0"}
			}
		},
		{
			"from": [6, 22.25, 8.25],
			"to": [9, 27.25, 11.25],
			"rotation": {"angle": 22.5, "axis": "x", "origin": [7.5, 23.5, 5.5]},
			"faces": {
				"north": {"uv": [0.0625, 3.90625, 0.25, 4.21875], "texture": "#0"},
				"east": {"uv": [0.0625, 3.90625, 0.25, 4.21875], "texture": "#0"},
				"south": {"uv": [0.0625, 3.90625, 0.25, 4.21875], "texture": "#0"},
				"west": {"uv": [0.0625, 3.90625, 0.25, 4.21875], "texture": "#0"},
				"up": {"uv": [0.96875, 4.1875, 0.78125, 4], "texture": "#0"},
				"down": {"uv": [0.96875, 4, 0.78125, 4.1875], "texture": "#0"}
			}
		},
		{
			"from": [6, 20.75, 4.75],
			"to": [9, 25.75, 7.75],
			"rotation": {"angle": 22.5, "axis": "x", "origin": [7.5, 23.5, 5.5]},
			"faces": {
				"north": {"uv": [0.0625, 3.90625, 0.25, 4.21875], "texture": "#0"},
				"east": {"uv": [0.0625, 3.90625, 0.25, 4.21875], "texture": "#0"},
				"south": {"uv": [0.0625, 3.90625, 0.25, 4.21875], "texture": "#0"},
				"west": {"uv": [0.0625, 3.90625, 0.25, 4.21875], "texture": "#0"},
				"up": {"uv": [0.96875, 4.1875, 0.78125, 4], "texture": "#0"},
				"down": {"uv": [0.96875, 4, 0.78125, 4.1875], "texture": "#0"}
			}
		},
		{
			"from": [10, 20.75, 4.75],
			"to": [13, 25.75, 7.75],
			"rotation": {"angle": 22.5, "axis": "x", "origin": [11.5, 23.5, 5.5]},
			"faces": {
				"north": {"uv": [0.0625, 3.90625, 0.25, 4.21875], "texture": "#0"},
				"east": {"uv": [0.0625, 3.90625, 0.25, 4.21875], "texture": "#0"},
				"south": {"uv": [0.0625, 3.90625, 0.25, 4.21875], "texture": "#0"},
				"west": {"uv": [0.0625, 3.90625, 0.25, 4.21875], "texture": "#0"},
				"up": {"uv": [0.96875, 4.1875, 0.78125, 4], "texture": "#0"},
				"down": {"uv": [0.96875, 4, 0.78125, 4.1875], "texture": "#0"}
			}
		},
		{
			"from": [10, 14, 5.1],
			"to": [13, 19, 6.1],
			"rotation": {"angle": 22.5, "axis": "x", "origin": [11.5, 16.5, 4.5]},
			"faces": {
				"north": {"uv": [0.34375, 4.3125, 0.53125, 4.625], "texture": "#0"},
				"east": {"uv": [0.6875, 4.3125, 0.75, 4.625], "texture": "#0"},
				"south": {"uv": [0.34375, 4.3125, 0.53125, 4.625], "texture": "#0"},
				"west": {"uv": [0.6875, 4.3125, 0.75, 4.625], "texture": "#0"},
				"up": {"uv": [0.96875, 4.375, 0.78125, 4.3125], "texture": "#0"},
				"down": {"uv": [0.96875, 4.375, 0.78125, 4.4375], "texture": "#0"}
			}
		},
		{
			"from": [10, 14.5, 6.6],
			"to": [13, 19.5, 7.6],
			"rotation": {"angle": 22.5, "axis": "x", "origin": [11.5, 16.5, 4.5]},
			"faces": {
				"north": {"uv": [0.34375, 4.3125, 0.53125, 4.625], "texture": "#0"},
				"east": {"uv": [0.6875, 4.3125, 0.75, 4.625], "texture": "#0"},
				"south": {"uv": [0.34375, 4.3125, 0.53125, 4.625], "texture": "#0"},
				"west": {"uv": [0.6875, 4.3125, 0.75, 4.625], "texture": "#0"},
				"up": {"uv": [0.96875, 4.375, 0.78125, 4.3125], "texture": "#0"},
				"down": {"uv": [0.96875, 4.375, 0.78125, 4.4375], "texture": "#0"}
			}
		},
		{
			"from": [2, 14, 5.1],
			"to": [5, 19, 6.1],
			"rotation": {"angle": 22.5, "axis": "x", "origin": [3.5, 16.5, 4.5]},
			"faces": {
				"north": {"uv": [0.34375, 3.90625, 0.53125, 4.21875], "texture": "#0"},
				"east": {"uv": [0.6875, 3.90625, 0.75, 4.21875], "texture": "#0"},
				"south": {"uv": [0.34375, 3.90625, 0.53125, 4.21875], "texture": "#0"},
				"west": {"uv": [0.6875, 3.90625, 0.75, 4.21875], "texture": "#0"},
				"up": {"uv": [0.96875, 3.96875, 0.78125, 3.90625], "texture": "#0"},
				"down": {"uv": [0.96875, 4.1875, 0.78125, 4.25], "texture": "#0"}
			}
		},
		{
			"from": [2, 14.5, 6.6],
			"to": [5, 19.5, 7.6],
			"rotation": {"angle": 22.5, "axis": "x", "origin": [3.5, 16.5, 4.5]},
			"faces": {
				"north": {"uv": [0.34375, 3.90625, 0.53125, 4.21875], "texture": "#0"},
				"east": {"uv": [0.6875, 3.90625, 0.75, 4.21875], "texture": "#0"},
				"south": {"uv": [0.34375, 3.90625, 0.53125, 4.21875], "texture": "#0"},
				"west": {"uv": [0.6875, 3.90625, 0.75, 4.21875], "texture": "#0"},
				"up": {"uv": [0.96875, 3.96875, 0.78125, 3.90625], "texture": "#0"},
				"down": {"uv": [0.96875, 4.1875, 0.78125, 4.25], "texture": "#0"}
			}
		},
		{
			"from": [-2, 14, 5.1],
			"to": [1, 19, 6.1],
			"rotation": {"angle": 22.5, "axis": "x", "origin": [3.5, 16.5, 4.5]},
			"faces": {
				"north": {"uv": [0.34375, 3.90625, 0.53125, 4.21875], "texture": "#0"},
				"east": {"uv": [0.6875, 3.90625, 0.75, 4.21875], "texture": "#0"},
				"south": {"uv": [0.34375, 3.90625, 0.53125, 4.21875], "texture": "#0"},
				"west": {"uv": [0.6875, 3.90625, 0.75, 4.21875], "texture": "#0"},
				"up": {"uv": [0.96875, 3.96875, 0.78125, 3.90625], "texture": "#0"},
				"down": {"uv": [0.96875, 4.1875, 0.78125, 4.25], "texture": "#0"}
			}
		},
		{
			"from": [-2, 14.5, 6.6],
			"to": [1, 19.5, 7.6],
			"rotation": {"angle": 22.5, "axis": "x", "origin": [3.5, 16.5, 4.5]},
			"faces": {
				"north": {"uv": [0.34375, 3.90625, 0.53125, 4.21875], "texture": "#0"},
				"east": {"uv": [0.6875, 3.90625, 0.75, 4.21875], "texture": "#0"},
				"south": {"uv": [0.34375, 3.90625, 0.53125, 4.21875], "texture": "#0"},
				"west": {"uv": [0.6875, 3.90625, 0.75, 4.21875], "texture": "#0"},
				"up": {"uv": [0.96875, 3.96875, 0.78125, 3.90625], "texture": "#0"},
				"down": {"uv": [0.96875, 4.1875, 0.78125, 4.25], "texture": "#0"}
			}
		},
		{
			"from": [-2, 6.75, 4.75],
			"to": [1, 11.75, 7.75],
			"rotation": {"angle": 22.5, "axis": "x", "origin": [-1.5, 9.5, 5.5]},
			"faces": {
				"north": {"uv": [0.0625, 4.3125, 0.25, 4.625], "texture": "#0"},
				"east": {"uv": [0.0625, 4.3125, 0.25, 4.625], "texture": "#0"},
				"south": {"uv": [0.0625, 4.3125, 0.25, 4.625], "texture": "#0"},
				"west": {"uv": [0.0625, 4.3125, 0.25, 4.625], "texture": "#0"},
				"up": {"uv": [0.96875, 4.1875, 0.78125, 4], "texture": "#0"},
				"down": {"uv": [0.96875, 4, 0.78125, 4.1875], "texture": "#0"}
			}
		},
		{
			"from": [6, 6.75, 4.75],
			"to": [9, 11.75, 7.75],
			"rotation": {"angle": 22.5, "axis": "x", "origin": [7.5, 9.5, 5.5]},
			"faces": {
				"north": {"uv": [0.0625, 3.90625, 0.25, 4.21875], "texture": "#0"},
				"east": {"uv": [0.0625, 3.90625, 0.25, 4.21875], "texture": "#0"},
				"south": {"uv": [0.0625, 3.90625, 0.25, 4.21875], "texture": "#0"},
				"west": {"uv": [0.0625, 3.90625, 0.25, 4.21875], "texture": "#0"},
				"up": {"uv": [0.96875, 4.1875, 0.78125, 4], "texture": "#0"},
				"down": {"uv": [0.96875, 4, 0.78125, 4.1875], "texture": "#0"}
			}
		},
		{
			"from": [10, 6.75, 4.75],
			"to": [13, 11.75, 7.75],
			"rotation": {"angle": 22.5, "axis": "x", "origin": [11.5, 9.5, 5.5]},
			"faces": {
				"north": {"uv": [0.0625, 4.3125, 0.25, 4.625], "texture": "#0"},
				"east": {"uv": [0.0625, 4.3125, 0.25, 4.625], "texture": "#0"},
				"south": {"uv": [0.0625, 4.3125, 0.25, 4.625], "texture": "#0"},
				"west": {"uv": [0.0625, 4.3125, 0.25, 4.625], "texture": "#0"},
				"up": {"uv": [0.96875, 4.1875, 0.78125, 4], "texture": "#0"},
				"down": {"uv": [0.96875, 4, 0.78125, 4.1875], "texture": "#0"}
			}
		},
		{
			"from": [10, 8.25, 8.25],
			"to": [13, 13.25, 11.25],
			"rotation": {"angle": 22.5, "axis": "x", "origin": [11.5, 9.5, 5.5]},
			"faces": {
				"north": {"uv": [0.0625, 4.3125, 0.25, 4.625], "texture": "#0"},
				"east": {"uv": [0.0625, 4.3125, 0.25, 4.625], "texture": "#0"},
				"south": {"uv": [0.0625, 4.3125, 0.25, 4.625], "texture": "#0"},
				"west": {"uv": [0.0625, 4.3125, 0.25, 4.625], "texture": "#0"},
				"up": {"uv": [0.96875, 4.1875, 0.78125, 4], "texture": "#0"},
				"down": {"uv": [0.96875, 4, 0.78125, 4.1875], "texture": "#0"}
			}
		},
		{
			"from": [10, 0, 5.1],
			"to": [13, 5, 6.1],
			"rotation": {"angle": 22.5, "axis": "x", "origin": [11.5, 2.5, 4.5]},
			"faces": {
				"north": {"uv": [0.34375, 3.90625, 0.53125, 4.21875], "texture": "#0"},
				"east": {"uv": [0.6875, 3.90625, 0.75, 4.21875], "texture": "#0"},
				"south": {"uv": [0.34375, 3.90625, 0.53125, 4.21875], "texture": "#0"},
				"west": {"uv": [0.6875, 3.90625, 0.75, 4.21875], "texture": "#0"},
				"up": {"uv": [0.96875, 3.96875, 0.78125, 3.90625], "texture": "#0"},
				"down": {"uv": [0.96875, 4.1875, 0.78125, 4.25], "texture": "#0"}
			}
		},
		{
			"from": [10, 0.5, 6.6],
			"to": [13, 5.5, 7.6],
			"rotation": {"angle": 22.5, "axis": "x", "origin": [11.5, 2.5, 4.5]},
			"faces": {
				"north": {"uv": [0.34375, 3.90625, 0.53125, 4.21875], "texture": "#0"},
				"east": {"uv": [0.6875, 3.90625, 0.75, 4.21875], "texture": "#0"},
				"south": {"uv": [0.34375, 3.90625, 0.53125, 4.21875], "texture": "#0"},
				"west": {"uv": [0.6875, 3.90625, 0.75, 4.21875], "texture": "#0"},
				"up": {"uv": [0.96875, 3.96875, 0.78125, 3.90625], "texture": "#0"},
				"down": {"uv": [0.96875, 4.1875, 0.78125, 4.25], "texture": "#0"}
			}
		},
		{
			"from": [6, 0, 5.1],
			"to": [9, 5, 6.1],
			"rotation": {"angle": 22.5, "axis": "x", "origin": [7.5, 2.5, 4.5]},
			"faces": {
				"north": {"uv": [0.34375, 4.3125, 0.53125, 4.625], "texture": "#0"},
				"east": {"uv": [0.6875, 4.3125, 0.75, 4.625], "texture": "#0"},
				"south": {"uv": [0.34375, 4.3125, 0.53125, 4.625], "texture": "#0"},
				"west": {"uv": [0.6875, 4.3125, 0.75, 4.625], "texture": "#0"},
				"up": {"uv": [0.96875, 4.375, 0.78125, 4.3125], "texture": "#0"},
				"down": {"uv": [0.96875, 4.375, 0.78125, 4.4375], "texture": "#0"}
			}
		},
		{
			"from": [6, 0.5, 6.6],
			"to": [9, 5.5, 7.6],
			"rotation": {"angle": 22.5, "axis": "x", "origin": [7.5, 2.5, 4.5]},
			"faces": {
				"north": {"uv": [0.34375, 4.3125, 0.53125, 4.625], "texture": "#0"},
				"east": {"uv": [0.6875, 4.3125, 0.75, 4.625], "texture": "#0"},
				"south": {"uv": [0.34375, 4.3125, 0.53125, 4.625], "texture": "#0"},
				"west": {"uv": [0.6875, 4.3125, 0.75, 4.625], "texture": "#0"},
				"up": {"uv": [0.96875, 4.375, 0.78125, 4.3125], "texture": "#0"},
				"down": {"uv": [0.96875, 4.375, 0.78125, 4.4375], "texture": "#0"}
			}
		},
		{
			"from": [1, -0.25, 4.75],
			"to": [4, 4.75, 7.75],
			"rotation": {"angle": 22.5, "axis": "x", "origin": [2.5, 2.5, 5.5]},
			"faces": {
				"north": {"uv": [0.0625, 4.3125, 0.25, 4.625], "texture": "#0"},
				"east": {"uv": [0.0625, 4.3125, 0.25, 4.625], "texture": "#0"},
				"south": {"uv": [0.0625, 4.3125, 0.25, 4.625], "texture": "#0"},
				"west": {"uv": [0.0625, 4.3125, 0.25, 4.625], "texture": "#0"},
				"up": {"uv": [0.96875, 4.1875, 0.78125, 4], "texture": "#0"},
				"down": {"uv": [0.96875, 4, 0.78125, 4.1875], "texture": "#0"}
			}
		},
		{
			"from": [-3, -0.25, 4.75],
			"to": [0, 4.75, 7.75],
			"rotation": {"angle": 22.5, "axis": "x", "origin": [-1.5, 2.5, 5.5]},
			"faces": {
				"north": {"uv": [0.0625, 3.90625, 0.25, 4.21875], "texture": "#0"},
				"east": {"uv": [0.0625, 3.90625, 0.25, 4.21875], "texture": "#0"},
				"south": {"uv": [0.0625, 3.90625, 0.25, 4.21875], "texture": "#0"},
				"west": {"uv": [0.0625, 3.90625, 0.25, 4.21875], "texture": "#0"},
				"up": {"uv": [0.96875, 4.1875, 0.78125, 4], "texture": "#0"},
				"down": {"uv": [0.96875, 4, 0.78125, 4.1875], "texture": "#0"}
			}
		},
		{
			"from": [-3, 1.25, 8.25],
			"to": [0, 6.25, 11.25],
			"rotation": {"angle": 22.5, "axis": "x", "origin": [-1.5, 2.5, 5.5]},
			"faces": {
				"north": {"uv": [0.0625, 3.90625, 0.25, 4.21875], "texture": "#0"},
				"east": {"uv": [0.0625, 3.90625, 0.25, 4.21875], "texture": "#0"},
				"south": {"uv": [0.0625, 3.90625, 0.25, 4.21875], "texture": "#0"},
				"west": {"uv": [0.0625, 3.90625, 0.25, 4.21875], "texture": "#0"},
				"up": {"uv": [0.96875, 4.1875, 0.78125, 4], "texture": "#0"},
				"down": {"uv": [0.96875, 4, 0.78125, 4.1875], "texture": "#0"}
			}
		}
	],
	"gui_light": "front",
	"display": {
		"thirdperson_righthand": {
			"rotation": [0, -180, 0],
			"translation": [-1.25, 2, -1.5],
			"scale": [0.18, 0.18, 0.18]
		},
		"thirdperson_lefthand": {
			"rotation": [0, -180, 0],
			"translation": [1.25, 2, -1.5],
			"scale": [0.18, 0.18, 0.18]
		},
		"firstperson_righthand": {
			"rotation": [0, -180, 0],
			"translation": [-0.75, 2, 0],
			"scale": [0.18, 0.18, 0.18]
		},
		"firstperson_lefthand": {
			"rotation": [0, -180, 0],
			"translation": [0, 2, 0],
			"scale": [0.18, 0.18, 0.18]
		},
		"ground": {
			"translation": [2, 6.75, 0],
			"scale": [0.25, 0.25, 0.25]
		},
		"gui": {
			"rotation": [31, 135, 0],
			"translation": [-1, 0.25, 0],
			"scale": [0.23, 0.23, 0.23]
		},
		"head": {
			"rotation": [0, -180, 0],
			"translation": [-12.75, -8, 0],
			"scale": [1.6, 1.6, 1.6]
		},
		"fixed": {
			"rotation": [-90, 0, 0],
			"translation": [13.75, -0.5, -39],
			"scale": [1.85, 1.85, 1.85]
		}
	},
	"groups": [
		0,
		1,
		2,
		3,
		4,
		5,
		6,
		7,
		8,
		9,
		10,
		11,
		12,
		{
			"name": "group",
			"origin": [-1.5, 2.5, 5.5],
			"color": 0,
			"children": [13, 14, 15, 16, 17, 18, 19, 20, 21, 22, 23, 24, 25, 26, 27, 28, 29, 30, 31, 32, 33, 34]
		}
	]
}