{
	"credit": "Made with Blockbench",
	"textures": {
		"3": "simplehats:block/pharaoh_headpiece"
	},
	"elements": [
		{
			"from": [2.5, 9, 3.01],
			"to": [13.5, 14, 12.01],
			"rotation": {"angle": 0, "axis": "y", "origin": [3.5, 9, 5]},
			"faces": {
				"north": {"uv": [2.75, 0, 5.5, 1.25], "texture": "#3"},
				"east": {"uv": [4.75, 2.5, 7, 3.75], "texture": "#3"},
				"south": {"uv": [2.75, 1.25, 5.5, 2.5], "texture": "#3"},
				"west": {"uv": [4.75, 3.75, 7, 5], "texture": "#3"},
				"up": {"uv": [2.75, 2.25, 0, 0], "texture": "#3"},
				"down": {"uv": [2.75, 2.25, 0, 4.5], "texture": "#3"}
			}
		},
		{
			"from": [3.5, 4, 7],
			"to": [12.5, 9, 12],
			"rotation": {"angle": 0, "axis": "y", "origin": [3.5, 9, 5]},
			"faces": {
				"north": {"uv": [4.75, 5, 7, 6.25], "texture": "#3"},
				"east": {"uv": [7, 7.25, 8.25, 8.5], "texture": "#3"},
				"south": {"uv": [5.5, 0, 7.75, 1.25], "texture": "#3"},
				"west": {"uv": [0, 7.5, 1.25, 8.75], "texture": "#3"},
				"up": {"uv": [7.75, 2.5, 5.5, 1.25], "texture": "#3"},
				"down": {"uv": [4.25, 5.5, 2, 6.75], "texture": "#3"}
			}
		},
		{
			"from": [11.5, 3.5, 4],
			"to": [13.5, 6.5, 10],
			"rotation": {"angle": -22.5, "axis": "x", "origin": [11.5, 5, 6]},
			"faces": {
				"north": {"uv": [4.25, 5.5, 4.75, 6.25], "texture": "#3"},
				"east": {"uv": [7.75, 1.5, 9.25, 2.25], "texture": "#3"},
				"south": {"uv": [8.75, 0.75, 9.25, 1.5], "texture": "#3"},
				"west": {"uv": [9.25, 1.5, 7.75, 2.25], "texture": "#3"},
				"up": {"uv": [9.75, 2.25, 9.25, 0.75], "texture": "#3"},
				"down": {"uv": [4.5, 9.25, 4, 10.75], "texture": "#3"}
			}
		},
		{
			"from": [3, 12, 8],
			"to": [13, 16, 12.01],
			"rotation": {"angle": 0, "axis": "y", "origin": [5, 13, 11]},
			"faces": {
				"north": {"uv": [4.25, 6.25, 6.75, 7.25], "texture": "#3"},
				"east": {"uv": [2, 8.75, 3, 9.75], "texture": "#3"},
				"south": {"uv": [6.75, 6.25, 9.25, 7.25], "texture": "#3"},
				"west": {"uv": [3, 8.75, 4, 9.75], "texture": "#3"},
				"up": {"uv": [9.5, 3.5, 7, 2.5], "texture": "#3"},
				"down": {"uv": [9.5, 3.5, 7, 4.5], "texture": "#3"}
			}
		},
		{
			"from": [9.61104, 2.92807, 8.01],
			"to": [13.61104, 14.92807, 12],
			"rotation": {"angle": 22.5, "axis": "z", "origin": [10.61104, 13.92807, 11]},
			"faces": {
				"north": {"uv": [2.75, 2.5, 3.75, 5.5], "texture": "#3"},
				"east": {"uv": [3.75, 2.5, 4.75, 5.5], "texture": "#3"},
				"south": {"uv": [0, 4.5, 1, 7.5], "texture": "#3"},
				"west": {"uv": [1, 4.5, 2, 7.5], "texture": "#3"},
				"up": {"uv": [10, 5.5, 9, 4.5], "texture": "#3"},
				"down": {"uv": [7, 9, 6, 10], "texture": "#3"}
			}
		},
		{
			"from": [13.43788, -1.86238, 8],
			"to": [17.43788, 6.13762, 12.01],
			"rotation": {"angle": -22.5, "axis": "z", "origin": [14.43788, 5.13762, 11]},
			"faces": {
				"north": {"uv": [2, 6.75, 3, 8.75], "texture": "#3"},
				"east": {"uv": [3, 6.75, 4, 8.75], "texture": "#3"},
				"south": {"uv": [4, 7.25, 5, 9.25], "texture": "#3"},
				"west": {"uv": [5, 7.25, 6, 9.25], "texture": "#3"},
				"up": {"uv": [10, 8.25, 9, 7.25], "texture": "#3"},
				"down": {"uv": [10, 8.25, 9, 9.25], "texture": "#3"}
			}
		},
		{
			"from": [11.08522, -8.94686, 8.75],
			"to": [14.08522, -0.94686, 11.25],
			"rotation": {"angle": 0, "axis": "y", "origin": [12.08522, -1.94686, 11.25]},
			"faces": {
				"north": {"uv": [1.25, 7.5, 2, 9.5], "texture": "#3"},
				"east": {"uv": [8.25, 7.25, 9, 9.25], "texture": "#3"},
				"south": {"uv": [7, 8.5, 7.75, 10.5], "texture": "#3"},
				"west": {"uv": [0, 8.75, 0.75, 10.75], "texture": "#3"},
				"up": {"uv": [2.75, 5.25, 2, 4.5], "texture": "#3"},
				"down": {"uv": [9.75, 5.5, 9, 6.25], "texture": "#3"}
			}
		},
		{
			"from": [11.5, 11, 6],
			"to": [15.5, 18, 8],
			"rotation": {"angle": -22.5, "axis": "z", "origin": [13, 16, 7]},
			"faces": {
				"north": {"uv": [7, 4.5, 8, 6.25], "texture": "#3"},
				"east": {"uv": [7.75, 8.5, 8.25, 10.25], "texture": "#3"},
				"south": {"uv": [6, 7.25, 7, 9], "texture": "#3"},
				"west": {"uv": [0.75, 8.75, 1.25, 10.5], "texture": "#3"},
				"up": {"uv": [5.5, 9.75, 4.5, 9.25], "texture": "#3"},
				"down": {"uv": [10.25, 6.25, 9.25, 6.75], "texture": "#3"}
			}
		},
		{
			"from": [11.5, 18, 6.75],
			"to": [15.5, 24, 7.25],
			"rotation": {"angle": -22.5, "axis": "z", "origin": [13, 16, 6.75]},
			"faces": {
				"north": {"uv": [7.75, 0, 8.75, 1.5], "texture": "#3"},
				"east": {"uv": [11.25, 0, 11.5, 1.5], "texture": "#3"},
				"south": {"uv": [8, 4.5, 9, 6], "texture": "#3"},
				"west": {"uv": [11.25, 0, 11.5, 1.5], "texture": "#3"},
				"up": {"uv": [12, 0, 11, 0], "texture": "#3"},
				"down": {"uv": [12, 0, 11, 0], "texture": "#3"}
			}
		},
		{
			"from": [2.38896, 2.92807, 8.01],
			"to": [6.38896, 14.92807, 12],
			"rotation": {"angle": -22.5, "axis": "z", "origin": [5.38896, 13.92807, 11]},
			"faces": {
				"north": {"uv": [3.75, 2.5, 2.75, 5.5], "texture": "#3"},
				"east": {"uv": [2, 4.5, 1, 7.5], "texture": "#3"},
				"south": {"uv": [1, 4.5, 0, 7.5], "texture": "#3"},
				"west": {"uv": [4.75, 2.5, 3.75, 5.5], "texture": "#3"},
				"up": {"uv": [9, 5.5, 10, 4.5], "texture": "#3"},
				"down": {"uv": [6, 9, 7, 10], "texture": "#3"}
			}
		},
		{
			"from": [-1.43788, -1.86238, 8],
			"to": [2.56212, 6.13762, 12.01],
			"rotation": {"angle": 22.5, "axis": "z", "origin": [1.56212, 5.13762, 11]},
			"faces": {
				"north": {"uv": [3, 6.75, 2, 8.75], "texture": "#3"},
				"east": {"uv": [6, 7.25, 5, 9.25], "texture": "#3"},
				"south": {"uv": [5, 7.25, 4, 9.25], "texture": "#3"},
				"west": {"uv": [4, 6.75, 3, 8.75], "texture": "#3"},
				"up": {"uv": [9, 8.25, 10, 7.25], "texture": "#3"},
				"down": {"uv": [9, 8.25, 10, 9.25], "texture": "#3"}
			}
		},
		{
			"from": [1.91478, -8.94686, 8.75],
			"to": [4.91478, -0.94686, 11.25],
			"rotation": {"angle": 0, "axis": "y", "origin": [3.91478, -1.94686, 11.25]},
			"faces": {
				"north": {"uv": [2, 7.5, 1.25, 9.5], "texture": "#3"},
				"east": {"uv": [0.75, 8.75, 0, 10.75], "texture": "#3"},
				"south": {"uv": [7.75, 8.5, 7, 10.5], "texture": "#3"},
				"west": {"uv": [9, 7.25, 8.25, 9.25], "texture": "#3"},
				"up": {"uv": [2, 5.25, 2.75, 4.5], "texture": "#3"},
				"down": {"uv": [9, 5.5, 9.75, 6.25], "texture": "#3"}
			}
		},
		{
			"from": [2.5, 3.5, 4],
			"to": [4.5, 6.5, 10],
			"rotation": {"angle": -22.5, "axis": "x", "origin": [4.5, 5, 6]},
			"faces": {
				"north": {"uv": [4.75, 5.5, 4.25, 6.25], "texture": "#3"},
				"east": {"uv": [7.75, 1.5, 9.25, 2.25], "texture": "#3"},
				"south": {"uv": [9.25, 0.75, 8.75, 1.5], "texture": "#3"},
				"west": {"uv": [9.25, 1.5, 7.75, 2.25], "texture": "#3"},
				"up": {"uv": [9.25, 2.25, 9.75, 0.75], "texture": "#3"},
				"down": {"uv": [4, 9.25, 4.5, 10.75], "texture": "#3"}
			}
		},
		{
			"from": [0.5, 11, 6],
			"to": [4.5, 18, 8],
			"rotation": {"angle": 22.5, "axis": "z", "origin": [3, 16, 7]},
			"faces": {
				"north": {"uv": [8, 4.5, 7, 6.25], "texture": "#3"},
				"east": {"uv": [1.25, 8.75, 0.75, 10.5], "texture": "#3"},
				"south": {"uv": [7, 7.25, 6, 9], "texture": "#3"},
				"west": {"uv": [8.25, 8.5, 7.75, 10.25], "texture": "#3"},
				"up": {"uv": [4.5, 9.75, 5.5, 9.25], "texture": "#3"},
				"down": {"uv": [9.25, 6.25, 10.25, 6.75], "texture": "#3"}
			}
		},
		{
			"from": [0.5, 18, 6.75],
			"to": [4.5, 24, 7.25],
			"rotation": {"angle": 22.5, "axis": "z", "origin": [3, 16, 6.75]},
			"faces": {
				"north": {"uv": [8.75, 0, 7.75, 1.5], "texture": "#3"},
				"east": {"uv": [11.25, 0, 11.5, 1.5], "texture": "#3"},
				"south": {"uv": [9, 4.5, 8, 6], "texture": "#3"},
				"west": {"uv": [11.25, 0, 11.5, 1.5], "texture": "#3"},
				"up": {"uv": [11, 0, 12, 0], "texture": "#3"},
				"down": {"uv": [11, 0, 12, 0], "texture": "#3"}
			}
		}
	],
	"gui_light": "front",
	"display": {
		"thirdperson_righthand": {
			"rotation": [63.12, 5.62, -1.06],
			"translation": [-0.75, 2.25, 0],
			"scale": [0.5, 0.5, 0.5]
		},
		"thirdperson_lefthand": {
			"rotation": [63.12, 5.62, -1.06],
			"translation": [-0.75, 2.25, 0],
			"scale": [0.5, 0.5, 0.5]
		},
		"firstperson_righthand": {
			"rotation": [-180, 56.5, -180],
			"scale": [0.5, 0.5, 0.5]
		},
		"firstperson_lefthand": {
			"rotation": [-180, 56.5, -180],
			"scale": [0.5, 0.5, 0.5]
		},
		"ground": {
			"translation": [0, 4.75, 0],
			"scale": [0.5, 0.5, 0.5]
		},
		"gui": {
			"rotation": [-161.75, 18, -180],
			"translation": [0, 0.5, 0],
			"scale": [0.55, 0.55, 0.55]
		},
		"head": {
			"scale": [1.61, 1.61, 1.61]
		},
		"fixed": {
			"translation": [0, 0, -1.5],
			"scale": [0.5, 0.5, 0.5]
		}
	}
}