{
	"credit": "DemoProjects",
	"texture_size": [64, 64],
	"textures": {
		"0": "simplehats:block/eevee/glaceon_hat",
		"particle": "simplehats:block/eevee/glaceon_hat"
	},
	"elements": [
		{
			"from": [3, 0, 3],
			"to": [13, 5, 13],
			"rotation": {"angle": 0, "axis": "y", "origin": [8, 5, 8]},
			"faces": {
				"north": {"uv": [0.25, 7, 2.75, 8.25], "texture": "#0"},
				"east": {"uv": [0, 7, 2.5, 8.25], "texture": "#0"},
				"south": {"uv": [1.75, 7, 4.25, 8.25], "texture": "#0"},
				"west": {"uv": [2.25, 5.5, 4.75, 6.75], "texture": "#0"},
				"up": {"uv": [5.5, 1.75, 3.5, 0], "texture": "#0"},
				"down": {"uv": [6, 0, 4.75, 0.75], "texture": "#0"}
			}
		},
		{
			"from": [-1.99118, 2, 7.59233],
			"to": [3.00882, 12, 7.59233],
			"rotation": {"angle": 45, "axis": "z", "origin": [3, 7, 4]},
			"faces": {
				"north": {"uv": [10.75, 9.75, 9.5, 12.25], "texture": "#0"},
				"east": {"uv": [10.75, 9.75, 10.75, 12.25], "texture": "#0"},
				"south": {"uv": [12, 9.75, 10.75, 12.25], "texture": "#0"},
				"west": {"uv": [9.5, 9.75, 9.5, 12.25], "texture": "#0"},
				"up": {"uv": [9.5, 9.75, 10.75, 9.75], "texture": "#0"},
				"down": {"uv": [10.75, 9.75, 12, 9.75], "texture": "#0"}
			}
		},
		{
			"from": [12.99118, 2, 7.59233],
			"to": [17.99118, 12, 7.59233],
			"rotation": {"angle": -45, "axis": "z", "origin": [13, 7, 7]},
			"faces": {
				"north": {"uv": [9.5, 9.75, 10.75, 12.25], "texture": "#0"},
				"east": {"uv": [9.5, 9.75, 9.5, 12.25], "texture": "#0"},
				"south": {"uv": [10.75, 9.75, 12, 12.25], "texture": "#0"},
				"west": {"uv": [10.75, 9.75, 10.75, 12.25], "texture": "#0"},
				"up": {"uv": [10.75, 9.75, 9.5, 9.75], "texture": "#0"},
				"down": {"uv": [12, 9.75, 10.75, 9.75], "texture": "#0"}
			}
		},
		{
			"from": [13.10346, -5.05086, 0.25],
			"to": [13.10346, 2.94914, 5.25],
			"rotation": {"angle": 22.5, "axis": "z", "origin": [13, 7, 4]},
			"faces": {
				"north": {"uv": [10, 6.25, 10, 8.25], "texture": "#0"},
				"east": {"uv": [11.25, 6.25, 10, 8.25], "texture": "#0"},
				"south": {"uv": [11.25, 6.25, 11.25, 8.25], "texture": "#0"},
				"west": {"uv": [12.5, 6.25, 11.25, 8.25], "texture": "#0"},
				"up": {"uv": [10, 6.25, 11.25, 6.25], "rotation": 90, "texture": "#0"},
				"down": {"uv": [11.25, 6.25, 12.5, 6.25], "rotation": 270, "texture": "#0"}
			}
		},
		{
			"from": [13.09346, 2.92914, 2.24],
			"to": [13.11346, 8.94914, 4.26],
			"rotation": {"angle": 22.5, "axis": "z", "origin": [13, 7, 4]},
			"faces": {
				"north": {"uv": [10, 6.25, 10, 7.75], "texture": "#0"},
				"east": {"uv": [10.5, 6.25, 10, 7.75], "texture": "#0"},
				"south": {"uv": [10.5, 6.25, 10.5, 7.75], "texture": "#0"},
				"west": {"uv": [11, 5.75, 10.5, 7.75], "texture": "#0"},
				"up": {"uv": [10, 6.25, 10.5, 6.25], "rotation": 90, "texture": "#0"},
				"down": {"uv": [10.5, 6.25, 11, 6.25], "rotation": 270, "texture": "#0"}
			}
		},
		{
			"from": [2.89654, -5.05086, 0.25],
			"to": [2.89654, 2.94914, 5.25],
			"rotation": {"angle": -22.5, "axis": "z", "origin": [3, 7, 4]},
			"faces": {
				"north": {"uv": [10, 6.25, 10, 8.25], "texture": "#0"},
				"east": {"uv": [11.25, 6.25, 12.5, 8.25], "texture": "#0"},
				"south": {"uv": [11.25, 6.25, 11.25, 8.25], "texture": "#0"},
				"west": {"uv": [10, 6.25, 11.25, 8.25], "texture": "#0"},
				"up": {"uv": [10, 6.25, 11.25, 6.25], "rotation": 90, "texture": "#0"},
				"down": {"uv": [11.25, 6.25, 12.5, 6.25], "rotation": 270, "texture": "#0"}
			}
		},
		{
			"from": [2.88654, 2.92914, 2.24],
			"to": [2.90654, 8.94914, 4.26],
			"rotation": {"angle": -22.5, "axis": "z", "origin": [3, 7, 4]},
			"faces": {
				"north": {"uv": [10, 6.25, 10, 7.75], "texture": "#0"},
				"east": {"uv": [10.5, 5.75, 11, 7.75], "texture": "#0"},
				"south": {"uv": [10.5, 6.25, 10.5, 7.75], "texture": "#0"},
				"west": {"uv": [10, 6.25, 10.5, 7.75], "texture": "#0"},
				"up": {"uv": [10, 6.25, 10.5, 6.25], "rotation": 90, "texture": "#0"},
				"down": {"uv": [10.5, 6.25, 11, 6.25], "rotation": 270, "texture": "#0"}
			}
		},
		{
			"from": [9.515, 2, 2.985],
			"to": [11.515, 4, 3.985],
			"rotation": {"angle": 0, "axis": "y", "origin": [8, -8, 15]},
			"faces": {
				"north": {"uv": [15.25, 0.25, 14.75, 0.75], "texture": "#0"},
				"east": {"uv": [15.5, 0.25, 15.25, 0.75], "texture": "#0"},
				"south": {"uv": [16, 0.25, 15.5, 0.75], "texture": "#0"},
				"west": {"uv": [14.75, 0.25, 14.5, 0.75], "texture": "#0"},
				"up": {"uv": [14.75, 0.25, 15.25, 0], "texture": "#0"},
				"down": {"uv": [15.25, 0, 15.75, 0.25], "texture": "#0"}
			}
		},
		{
			"from": [4.485, 2, 2.985],
			"to": [6.485, 4, 3.985],
			"rotation": {"angle": 0, "axis": "y", "origin": [8, -8, 15]},
			"faces": {
				"north": {"uv": [14.75, 0.25, 15.25, 0.75], "texture": "#0"},
				"east": {"uv": [14.5, 0.25, 14.75, 0.75], "texture": "#0"},
				"south": {"uv": [15.5, 0.25, 16, 0.75], "texture": "#0"},
				"west": {"uv": [15.25, 0.25, 15.5, 0.75], "texture": "#0"},
				"up": {"uv": [15.25, 0.25, 14.75, 0], "texture": "#0"},
				"down": {"uv": [15.75, 0, 15.25, 0.25], "texture": "#0"}
			}
		},
		{
			"from": [5.5, -0.25, 2],
			"to": [10.5, 1.75, 3],
			"rotation": {"angle": 0, "axis": "y", "origin": [8, -8, 15]},
			"faces": {
				"north": {"uv": [10.25, 0.25, 11.5, 0.75], "texture": "#0"},
				"east": {"uv": [10, 0.25, 10.25, 0.75], "texture": "#0"},
				"south": {"uv": [11.75, 0.25, 13, 0.75], "texture": "#0"},
				"west": {"uv": [11.5, 0.25, 11.75, 0.75], "texture": "#0"},
				"up": {"uv": [11.5, 0.25, 10.25, 0], "texture": "#0"},
				"down": {"uv": [12.75, 0, 11.5, 0.25], "texture": "#0"}
			}
		},
		{
			"from": [3.48, 4.49053, 2.17053],
			"to": [12.52, 7.53053, 6.21053],
			"rotation": {"angle": -22.5, "axis": "x", "origin": [8, 3.975, 3.65]},
			"faces": {
				"north": {"uv": [13.75, 9, 11, 9.5], "rotation": 180, "texture": "#0"},
				"east": {"uv": [9.5, 8.75, 10, 9.75], "rotation": 270, "texture": "#0"},
				"south": {"uv": [12.75, 8.75, 10, 8.25], "texture": "#0"},
				"west": {"uv": [12.75, 8.75, 13.25, 9.75], "rotation": 90, "texture": "#0"},
				"up": {"uv": [10, 8.75, 12.75, 9.75], "rotation": 180, "texture": "#0"},
				"down": {"uv": [10.25, 8.5, 13, 9.5], "texture": "#0"}
			}
		}
	],
	"display": {
		"ground": {
			"translation": [0, 5, 0],
			"scale": [0.65, 0.65, 0.65]
		},
		"gui": {
			"rotation": [180, -39.5, 180],
			"translation": [-1.25, 3.25, 0],
			"scale": [0.8, 0.8, 0.8]
		},
		"head": {
			"translation": [0, 13, 0],
			"scale": [1.6, 1.6, 1.6]
		}
	},
	"groups": [
		{
			"name": "glaceon_hat",
			"origin": [0, 0, 0],
			"color": 0,
			"children": [0, 1, 2, 3, 4, 5, 6, 7, 8, 9, 10]
		}
	]
}