{
	"credit": "DemoProjects",
	"texture_size": [64, 64],
	"textures": {
		"0": "simplehats:block/eevee/leafeon_hat",
		"particle": "simplehats:block/eevee/leafeon_hat"
	},
	"elements": [
		{
			"from": [2, 0, 3],
			"to": [12, 5, 13],
			"rotation": {"angle": 0, "axis": "y", "origin": [7, 5, 8]},
			"faces": {
				"north": {"uv": [2, 7, 4.5, 8.25], "texture": "#0"},
				"east": {"uv": [0, 3.75, 2.5, 5], "texture": "#0"},
				"south": {"uv": [2.25, 7, 4.75, 8.25], "texture": "#0"},
				"west": {"uv": [1.5, 6.75, 4, 8], "texture": "#0"},
				"up": {"uv": [4.25, 7.5, 1.75, 5], "texture": "#0"},
				"down": {"uv": [6.75, 0, 5.5, 2.75], "texture": "#0"}
			}
		},
		{
			"from": [3, 5, 3],
			"to": [11, 16, 3],
			"rotation": {"angle": 22.5, "axis": "x", "origin": [7, 5, 3]},
			"faces": {
				"north": {"uv": [0, 13.25, 2, 16], "texture": "#0"},
				"east": {"uv": [0, 13.25, 0, 16], "texture": "#0"},
				"south": {"uv": [2, 13.25, 4, 16], "texture": "#0"},
				"west": {"uv": [2, 13.25, 2, 16], "texture": "#0"},
				"up": {"uv": [2, 13.25, 0, 13.25], "texture": "#0"},
				"down": {"uv": [4, 13.25, 2, 13.25], "texture": "#0"}
			}
		},
		{
			"from": [10, 2, 7],
			"to": [15, 7, 7],
			"rotation": {"angle": 22.5, "axis": "x", "origin": [7, 6, 8]},
			"faces": {
				"north": {"uv": [11.25, 10.5, 10, 11.75], "texture": "#0"},
				"east": {"uv": [11.25, 10.5, 11.25, 11.75], "texture": "#0"},
				"south": {"uv": [12.5, 10.5, 11.25, 11.75], "texture": "#0"},
				"west": {"uv": [10, 10.5, 10, 11.75], "texture": "#0"},
				"up": {"uv": [10, 10.5, 11.25, 10.5], "texture": "#0"},
				"down": {"uv": [11.25, 10.5, 12.5, 10.5], "texture": "#0"}
			}
		},
		{
			"from": [10, 7, 7],
			"to": [15, 14, 7],
			"rotation": {"angle": 22.5, "axis": "x", "origin": [7, 6, 8]},
			"faces": {
				"north": {"uv": [11.25, 8.75, 10, 10.5], "texture": "#0"},
				"east": {"uv": [11.25, 8.75, 11.25, 10.5], "texture": "#0"},
				"south": {"uv": [12.5, 8.75, 11.25, 10.5], "texture": "#0"},
				"west": {"uv": [10, 8.75, 10, 10.5], "texture": "#0"},
				"up": {"uv": [10, 8.75, 11.25, 8.75], "texture": "#0"},
				"down": {"uv": [11.25, 8.75, 12.5, 8.75], "texture": "#0"}
			}
		},
		{
			"from": [3.485, 2, 2.985],
			"to": [5.485, 4, 4.985],
			"rotation": {"angle": 0, "axis": "y", "origin": [7, -27, 8]},
			"faces": {
				"north": {"uv": [7.75, 15.5, 8.25, 16], "texture": "#0"},
				"east": {"uv": [7.25, 15.5, 7.75, 16], "texture": "#0"},
				"south": {"uv": [8.75, 15.5, 9.25, 16], "texture": "#0"},
				"west": {"uv": [8.25, 15.5, 8.75, 16], "texture": "#0"},
				"up": {"uv": [8.25, 15.5, 7.75, 15], "texture": "#0"},
				"down": {"uv": [8.75, 15, 8.25, 15.5], "texture": "#0"}
			}
		},
		{
			"from": [8.515, 2, 2.985],
			"to": [10.515, 4, 4.985],
			"rotation": {"angle": 0, "axis": "y", "origin": [7, -27, 8]},
			"faces": {
				"north": {"uv": [8.25, 15.5, 7.75, 16], "texture": "#0"},
				"east": {"uv": [8.75, 15.5, 8.25, 16], "texture": "#0"},
				"south": {"uv": [9.25, 15.5, 8.75, 16], "texture": "#0"},
				"west": {"uv": [7.75, 15.5, 7.25, 16], "texture": "#0"},
				"up": {"uv": [7.75, 15.5, 8.25, 15], "texture": "#0"},
				"down": {"uv": [8.25, 15, 8.75, 15.5], "texture": "#0"}
			}
		},
		{
			"from": [6.5, 0.5, 2.49],
			"to": [7.5, 1.5, 2.49],
			"rotation": {"angle": 0, "axis": "y", "origin": [7, -27, 8]},
			"faces": {
				"north": {"uv": [15.5, 0, 15.75, 0.25], "texture": "#0"},
				"east": {"uv": [15.5, 0, 15.5, 0.25], "texture": "#0"},
				"south": {"uv": [15.75, 0, 16, 0.25], "texture": "#0"},
				"west": {"uv": [15.75, 0, 15.75, 0.25], "texture": "#0"},
				"up": {"uv": [15.75, 0, 15.5, 0], "texture": "#0"},
				"down": {"uv": [16, 0, 15.75, 0], "texture": "#0"}
			}
		},
		{
			"from": [4.5, -0.25, 2.5],
			"to": [9.5, 1.75, 3.5],
			"rotation": {"angle": 0, "axis": "y", "origin": [7, -27, 8]},
			"faces": {
				"north": {"uv": [7.25, 2, 8.5, 2.5], "texture": "#0"},
				"east": {"uv": [7, 2, 7.25, 2.5], "texture": "#0"},
				"south": {"uv": [8.75, 2, 10, 2.5], "texture": "#0"},
				"west": {"uv": [8.5, 2, 8.75, 2.5], "texture": "#0"},
				"up": {"uv": [8.5, 2, 7.25, 1.75], "texture": "#0"},
				"down": {"uv": [9.75, 1.75, 8.5, 2], "texture": "#0"}
			}
		},
		{
			"from": [-1, 2, 7],
			"to": [4, 7, 7],
			"rotation": {"angle": 22.5, "axis": "x", "origin": [7, 5, 8]},
			"faces": {
				"north": {"uv": [10, 10.5, 11.25, 11.75], "texture": "#0"},
				"east": {"uv": [10, 10.5, 10, 11.75], "texture": "#0"},
				"south": {"uv": [11.25, 10.5, 12.5, 11.75], "texture": "#0"},
				"west": {"uv": [11.25, 10.5, 11.25, 11.75], "texture": "#0"},
				"up": {"uv": [11.25, 10.5, 10, 10.5], "texture": "#0"},
				"down": {"uv": [12.5, 10.5, 11.25, 10.5], "texture": "#0"}
			}
		},
		{
			"from": [-1, 6, 7],
			"to": [4, 13, 7],
			"rotation": {"angle": 22.5, "axis": "x", "origin": [7, 5, 8]},
			"faces": {
				"north": {"uv": [10, 8.75, 11.25, 10.5], "texture": "#0"},
				"east": {"uv": [10, 8.75, 10, 10.5], "texture": "#0"},
				"south": {"uv": [11.25, 8.75, 12.5, 10.5], "texture": "#0"},
				"west": {"uv": [11.25, 8.75, 11.25, 10.5], "texture": "#0"},
				"up": {"uv": [11.25, 8.75, 10, 8.75], "texture": "#0"},
				"down": {"uv": [12.5, 8.75, 11.25, 8.75], "texture": "#0"}
			}
		}
	],
	"display": {
		"ground": {
			"translation": [0, 5, 0],
			"scale": [0.65, 0.65, 0.65]
		},
		"gui": {
			"rotation": [180, -40, 180],
			"translation": [0, 0.75, 0]
		},
		"head": {
			"translation": [1.5, 14, 0],
			"scale": [1.6, 1.6, 1.6]
		}
	},
	"groups": [
		{
			"name": "leafeon_hat",
			"origin": [0, 0, 0],
			"color": 0,
			"children": [0, 1, 2, 3, 4, 5, 6, 7, 8, 9]
		}
	]
}