{
	"credit": "Made with Blockbench",
	"parent": "block/cross",
	"texture_size": [32, 32],
	"textures": {
		"8": "block/terminal",
		"particle": "block/terminal"
	},
	"elements": [
		{
			"from": [3, 4, 4],
			"to": [13, 5, 13],
			"rotation": {"angle": 0, "axis": "y", "origin": [16, 0, 1]},
			"faces": {
				"north": {"uv": [6, 6, 1, 6.5], "texture": "#8"},
				"east": {"uv": [4.5, 0, 0, 0.5], "texture": "#8"},
				"south": {"uv": [5, 0, 0, 0.5], "texture": "#8"},
				"west": {"uv": [4.5, 0, 0, 0.5], "texture": "#8"}
			}
		},
		{
			"from": [1, 5, 3],
			"to": [15, 16, 9],
			"rotation": {"angle": 0, "axis": "y", "origin": [16, 0, 1]},
			"faces": {
				"north": {"uv": [16, 6, 9, 11.5], "texture": "#8"},
				"east": {"uv": [10.5, 0, 7.5, 5.5], "texture": "#8"},
				"south": {"uv": [15.5, 0, 8.5, 5.5], "texture": "#8"},
				"west": {"uv": [10, 0, 7, 5.5], "texture": "#8"},
				"up": {"uv": [6.5, 3, 13.5, 0], "rotation": 180, "texture": "#8", "cullface": "up"},
				"down": {"uv": [0, 3, 7, 0], "rotation": 180, "texture": "#8"}
			}
		},
		{
			"from": [1, 5, 2],
			"to": [2.5, 16, 3],
			"rotation": {"angle": 0, "axis": "y", "origin": [16, 0, 1]},
			"faces": {
				"north": {"uv": [0.75, 0, 0, 5.5], "texture": "#8"},
				"east": {"uv": [6.5, 0, 6, 5.5], "texture": "#8"},
				"west": {"uv": [7, 0, 6.5, 5.5], "texture": "#8"},
				"up": {"uv": [0, 0.5, 7, 0], "rotation": 180, "texture": "#8", "cullface": "up"},
				"down": {"uv": [0, 0.5, 7, 0], "rotation": 180, "texture": "#8"}
			}
		},
		{
			"from": [13.5, 5, 2],
			"to": [15, 16, 3],
			"rotation": {"angle": 0, "axis": "y", "origin": [16, 0, 1]},
			"faces": {
				"north": {"uv": [7, 0, 6.25, 5.5], "texture": "#8"},
				"east": {"uv": [7.5, 0, 7, 5.5], "texture": "#8"},
				"west": {"uv": [6.5, 0, 6, 5.5], "texture": "#8"},
				"up": {"uv": [0, 0.5, 7, 0], "rotation": 180, "texture": "#8", "cullface": "up"},
				"down": {"uv": [0, 0.5, 7, 0], "rotation": 180, "texture": "#8"}
			}
		},
		{
			"from": [2.5, 14.5, 2],
			"to": [13.5, 16, 3],
			"rotation": {"angle": 0, "axis": "y", "origin": [16, 0, 1]},
			"faces": {
				"north": {"uv": [6.5, 0, 1, 0.75], "texture": "#8"},
				"up": {"uv": [0, 0.5, 5, 0], "rotation": 180, "texture": "#8", "cullface": "up"},
				"down": {"uv": [1, 1, 6, 0.5], "rotation": 180, "texture": "#8"}
			}
		},
		{
			"from": [2.5, 5, 2],
			"to": [13.5, 6.5, 3],
			"rotation": {"angle": 0, "axis": "y", "origin": [16, 0, 1]},
			"faces": {
				"north": {"uv": [6, 4.75, 1, 5.5], "texture": "#8"},
				"up": {"uv": [1, 1, 6, 0.5], "rotation": 180, "texture": "#8"},
				"down": {"uv": [0, 0.5, 5, 0], "rotation": 180, "texture": "#8"}
			}
		},
		{
			"from": [2, 5, 9],
			"to": [14, 13, 16],
			"rotation": {"angle": 0, "axis": "y", "origin": [16, 0, 1]},
			"faces": {
				"east": {"uv": [13.5, 1, 10, 5], "texture": "#8"},
				"south": {"uv": [0.5, 12, 4.5, 6], "rotation": 90, "texture": "#8"},
				"west": {"uv": [13.5, 1, 10, 5], "texture": "#8"},
				"up": {"uv": [9, 3.5, 15, 0], "rotation": 180, "texture": "#8"},
				"down": {"uv": [9, 5.5, 15, 2], "rotation": 180, "texture": "#8"}
			}
		},
		{
			"from": [2.5, 6.5, 2.75],
			"to": [13.5, 14.5, 2.75],
			"shade": false,
			"light_emission": 10,
			"rotation": {"angle": 0, "axis": "y", "origin": [3.5, 6.5, 2]},
			"faces": {
				"north": {"uv": [16, 11, 9, 16], "texture": "#8"},
				"east": {"uv": [0, 0, 0, 4], "texture": "#missing"},
				"south": {"uv": [6.5, 0.5, 1, 4.5], "texture": "#8"},
				"west": {"uv": [0, 0, 0, 4], "texture": "#missing"},
				"up": {"uv": [0, 0, 5.5, 0], "rotation": 180, "texture": "#missing"},
				"down": {"uv": [0, 0, 5.5, 0], "rotation": 180, "texture": "#missing"}
			}
		},
		{
			"from": [0, 0, 16],
			"to": [16, 4, 16],
			"rotation": {"angle": 0, "axis": "y", "origin": [8, 2, 16]},
			"faces": {
				"north": {"uv": [8, 0, 0, 2], "texture": "#8", "cullface": "south"},
				"east": {"uv": [14.5, 1, 6.5, 3], "texture": "#8", "cullface": "east"},
				"south": {"uv": [8, 0, 0, 2], "texture": "#8", "cullface": "north"},
				"west": {"uv": [6.5, 0, 14.5, 2], "texture": "#8", "cullface": "west"},
				"up": {"uv": [0, 14, 8, 6], "texture": "#8"},
				"down": {"uv": [4.5, 10, 8, 6], "texture": "#missing", "cullface": "down"}
			}
		},
		{
			"from": [16, 0, 0],
			"to": [16, 4, 16],
			"rotation": {"angle": 0, "axis": "y", "origin": [16, 0, 0]},
			"faces": {
				"north": {"uv": [8, 14, 0, 16], "texture": "#8", "cullface": "north"},
				"east": {"uv": [6.5, 0, 14.5, 2], "texture": "#8", "cullface": "west"},
				"south": {"uv": [8, 0, 0, 2], "texture": "#8", "cullface": "south"},
				"west": {"uv": [14.5, 1, 6.5, 3], "texture": "#8", "cullface": "east"},
				"up": {"uv": [0, 14, 8, 6], "rotation": 180, "texture": "#8"},
				"down": {"uv": [4.5, 10, 8, 6], "rotation": 180, "texture": "#missing", "cullface": "down"}
			}
		},
		{
			"from": [0, 4, 0],
			"to": [16, 4, 16],
			"rotation": {"angle": 0, "axis": "y", "origin": [16, 0, 0]},
			"faces": {
				"north": {"uv": [8, 14, 0, 16], "texture": "#8", "cullface": "north"},
				"east": {"uv": [6.5, 0, 14.5, 2], "texture": "#8", "cullface": "west"},
				"south": {"uv": [8, 0, 0, 2], "texture": "#8", "cullface": "south"},
				"west": {"uv": [14.5, 1, 6.5, 3], "texture": "#8", "cullface": "east"},
				"up": {"uv": [0, 14, 8, 6], "rotation": 180, "texture": "#8"},
				"down": {"uv": [4.5, 10, 8, 6], "rotation": 180, "texture": "#missing", "cullface": "down"}
			}
		},
		{
			"from": [0, 0, 0],
			"to": [16, 0, 16],
			"rotation": {"angle": 0, "axis": "z", "origin": [0, 4, 0]},
			"faces": {
				"north": {"uv": [8, 14, 0, 16], "rotation": 180, "texture": "#8", "cullface": "north"},
				"east": {"uv": [14.5, 1, 6.5, 3], "rotation": 180, "texture": "#8", "cullface": "east"},
				"south": {"uv": [8, 0, 0, 2], "rotation": 180, "texture": "#8", "cullface": "south"},
				"west": {"uv": [6.5, 0, 14.5, 2], "rotation": 180, "texture": "#8", "cullface": "west"},
				"up": {"uv": [4.5, 10, 8, 6], "texture": "#missing", "cullface": "down"},
				"down": {"uv": [0, 14, 8, 6], "texture": "#8"}
			}
		},
		{
			"from": [0, 0, 0],
			"to": [0, 4, 16],
			"rotation": {"angle": 0, "axis": "y", "origin": [16, 0, 0]},
			"faces": {
				"north": {"uv": [8, 14, 0, 16], "texture": "#8", "cullface": "north"},
				"east": {"uv": [6.5, 0, 14.5, 2], "texture": "#8", "cullface": "west"},
				"south": {"uv": [8, 0, 0, 2], "texture": "#8", "cullface": "south"},
				"west": {"uv": [14.5, 1, 6.5, 3], "texture": "#8", "cullface": "east"},
				"up": {"uv": [0, 14, 8, 6], "rotation": 180, "texture": "#8"},
				"down": {"uv": [4.5, 10, 8, 6], "rotation": 180, "texture": "#missing", "cullface": "down"}
			}
		},
		{
			"from": [0, 0, -0.00001],
			"to": [16, 4, -0.00001],
			"rotation": {"angle": 0, "axis": "y", "origin": [8, 2, -0.00001]},
			"faces": {
				"north": {"uv": [8, 14, 0, 16], "texture": "#8", "cullface": "south"},
				"east": {"uv": [14.5, 1, 6.5, 3], "texture": "#8", "cullface": "east"},
				"south": {"uv": [8, 14, 0, 16], "texture": "#8", "cullface": "north"},
				"west": {"uv": [6.5, 0, 14.5, 2], "texture": "#8", "cullface": "west"},
				"up": {"uv": [0, 14, 8, 6], "texture": "#8"},
				"down": {"uv": [4.5, 10, 8, 6], "texture": "#missing", "cullface": "down"}
			}
		}
	],
	"display": {
		"thirdperson_righthand": {
			"rotation": [75, 45, 0],
			"translation": [0, 2.5, 0],
			"scale": [0.375, 0.375, 0.375]
		},
		"thirdperson_lefthand": {
			"rotation": [75, 45, 0],
			"translation": [0, 2.5, 0],
			"scale": [0.375, 0.375, 0.375]
		},
		"firstperson_righthand": {
			"rotation": [0, 45, 0],
			"scale": [0.4, 0.4, 0.4]
		},
		"firstperson_lefthand": {
			"rotation": [0, 225, 0],
			"scale": [0.4, 0.4, 0.4]
		},
		"ground": {
			"translation": [0, 3, 0],
			"scale": [0.46, 0.46, 0.46]
		},
		"gui": {
			"rotation": [30, 225, 0],
			"translation": [0, 0.75, 0],
			"scale": [0.625, 0.625, 0.625]
		},
		"head": {
			"translation": [0, 14.25, 0]
		},
		"fixed": {
			"rotation": [-90, 0, 0],
			"translation": [0, 0, -10.75],
			"scale": [1.56, 1.56, 1.56]
		}
	},
	"groups": [
		{
			"name": "group",
			"origin": [8, 2, 15.99999],
			"color": 0,
			"children": [0, 1, 2, 3, 4, 5, 6, 7, 8, 9, 10, 11, 12, 13]
		}
	]
}