{
	"credit": "Made with Blockbench",
	"textures": {
		"2": "simplehats:block/chefs_hat_rat",
		"3": "simplehats:block/chefs_hat",
		"4": "simplehats:block/rat"
	},
	"elements": [
		{
			"from": [2, 10, 4],
			"to": [5, 13, 8],
			"rotation": {"angle": -22.5, "axis": "y", "origin": [4.88582, 12.5, 7.07403]},
			"faces": {
				"north": {"uv": [8, 1, 11, 4], "texture": "#2", "tintindex": 0},
				"east": {"uv": [1.5, 1.5, 3.5, 3], "texture": "#4", "tintindex": 0},
				"south": {"uv": [5, 0, 6.5, 1.5], "texture": "#4", "tintindex": 0},
				"west": {"uv": [3.5, 1.5, 1.5, 3], "texture": "#4", "tintindex": 0},
				"up": {"uv": [3.5, 0, 5, 2], "texture": "#4", "tintindex": 0},
				"down": {"uv": [21, 0, 28, 7], "texture": "#4", "tintindex": 0}
			}
		},
		{
			"from": [2, 10, 4],
			"to": [5, 13, 8],
			"rotation": {"angle": -22.5, "axis": "y", "origin": [4.88582, 12.5, 7.07403]},
			"faces": {
				"north": {"uv": [12, 1, 15, 4], "texture": "#2"}
			}
		},
		{
			"from": [3.37766, 10, 7.44728],
			"to": [9.37766, 13, 7.44728],
			"rotation": {"angle": -45, "axis": "y", "origin": [3.37245, 11.5, 7.2705]},
			"faces": {
				"north": {"uv": [1, 0, 7, 3], "texture": "#2"},
				"south": {"uv": [7, 0, 1, 3], "texture": "#2"}
			}
		},
		{
			"from": [3.19568, 10, 7.27571],
			"to": [3.19568, 13, 13.27571],
			"rotation": {"angle": 22.5, "axis": "y", "origin": [3.37245, 11.5, 7.2705]},
			"faces": {
				"east": {"uv": [1, 3, 7, 6], "texture": "#2"},
				"west": {"uv": [1, 3, 7, 6], "texture": "#2"}
			}
		},
		{
			"from": [3.19568, 10, 7.27571],
			"to": [3.19568, 13, 13.27571],
			"rotation": {"angle": 0, "axis": "y", "origin": [3.37245, 11.5, 7.2705]},
			"faces": {
				"east": {"uv": [1, 6, 7, 9], "texture": "#2"},
				"west": {"uv": [1, 6, 7, 9], "texture": "#2"}
			}
		},
		{
			"from": [1, 12, 5],
			"to": [6, 15, 5],
			"rotation": {"angle": -22.5, "axis": "y", "origin": [4.88582, 12.5, 7.07403]},
			"faces": {
				"north": {"uv": [6.5, 0, 9, 1.5], "texture": "#4"},
				"east": {"uv": [1.5, 1.5, 3.5, 3], "texture": "#4"},
				"south": {"uv": [6.5, 0, 9, 1.5], "texture": "#4"},
				"west": {"uv": [3.5, 1.5, 1.5, 3], "texture": "#4"},
				"up": {"uv": [3.5, 0, 5, 2], "texture": "#4"},
				"down": {"uv": [21, 0, 28, 7], "texture": "#4"}
			}
		},
		{
			"from": [3, 0, 3],
			"to": [13, 2, 13],
			"faces": {
				"north": {"uv": [0, 4, 5, 5], "texture": "#3"},
				"east": {"uv": [0, 4, 5, 5], "texture": "#3"},
				"south": {"uv": [0, 4, 5, 5], "texture": "#3"},
				"west": {"uv": [0, 4, 5, 5], "texture": "#3"},
				"down": {"uv": [11, 7, 16, 12], "texture": "#3"}
			}
		},
		{
			"from": [3, 2, 3],
			"to": [13, 4, 13],
			"faces": {
				"north": {"uv": [0, 3, 5, 4], "texture": "#3", "tintindex": 0},
				"east": {"uv": [0, 3, 5, 4], "texture": "#3", "tintindex": 0},
				"south": {"uv": [0, 3, 5, 4], "texture": "#3", "tintindex": 0},
				"west": {"uv": [0, 3, 5, 4], "texture": "#3", "tintindex": 0}
			}
		},
		{
			"from": [1, 4, 1],
			"to": [15, 10, 15],
			"faces": {
				"north": {"uv": [9, 0, 16, 3], "texture": "#4"},
				"east": {"uv": [0, 0, 7, 3], "texture": "#3"},
				"south": {"uv": [9, 0, 16, 3], "texture": "#4"},
				"west": {"uv": [0, 0, 7, 3], "texture": "#3"},
				"up": {"uv": [7, 0, 14, 7], "texture": "#3"},
				"down": {"uv": [4, 7, 11, 14], "texture": "#3"}
			}
		}
	],
	"gui_light": "front",
	"display": {
		"thirdperson_righthand": {
			"rotation": [64.25, 0, 0],
			"scale": [0.44336, 0.44336, 0.44336]
		},
		"thirdperson_lefthand": {
			"rotation": [64.25, 0, 0],
			"scale": [0.44336, 0.44336, 0.44336]
		},
		"firstperson_righthand": {
			"scale": [0, 0, 0]
		},
		"firstperson_lefthand": {
			"scale": [0, 0, 0]
		},
		"ground": {
			"translation": [0, 4.25, 0],
			"scale": [0.43945, 0.43945, 0.43945]
		},
		"gui": {
			"rotation": [23, -153, 0],
			"translation": [0, 2, 0],
			"scale": [0.73828, 0.73828, 0.73828]
		},
		"head": {
			"rotation": [5.25, 0, 0],
			"translation": [0, 13.75, 0.99],
			"scale": [1.51992, 1.51992, 1.51992]
		}
	}
}