{
	"credit": "Made with Blockbench",
	"ambientocclusion": false,
	"texture_size": [32, 32],
	"textures": {
		"0": "simplehats:block/hard_hat_operario",
		"particle": "simplehats:block/hard_hat_operario"
	},
	"elements": [
		{
			"from": [7, 3.25, 13],
			"to": [9, 7.25, 13.5],
			"faces": {
				"north": {"uv": [2.5, 9.5, 3.5, 11.5], "texture": "#0"},
				"east": {"uv": [7.5, 10.5, 8, 12.5], "texture": "#0"},
				"south": {"uv": [9.5, 6.5, 10.5, 8.5], "texture": "#0"},
				"west": {"uv": [9.5, 10.5, 10, 12.5], "texture": "#0"},
				"up": {"uv": [5, 12, 4, 11.5], "texture": "#0"},
				"down": {"uv": [6, 11.5, 5, 12], "texture": "#0"}
			}
		},
		{
			"from": [4, 2.25, 2.25],
			"to": [12, 3.25, 5],
			"faces": {
				"north": {"uv": [9.5, 8.5, 13.5, 9], "texture": "#0"},
				"east": {"uv": [3.5, 11, 5, 11.5], "texture": "#0"},
				"south": {"uv": [9.5, 9, 13.5, 9.5], "texture": "#0"},
				"west": {"uv": [5, 11, 6.5, 11.5], "texture": "#0"},
				"up": {"uv": [4, 9.5, 0, 8], "texture": "#0"},
				"down": {"uv": [12, 0, 8, 1.5], "texture": "#0"}
			}
		},
		{
			"from": [4, 2.25, 4.75],
			"to": [12, 6.75, 13],
			"faces": {
				"north": {"uv": [4, 0, 8, 2.5], "texture": "#0"},
				"east": {"uv": [4, 2.5, 8, 5], "texture": "#0"},
				"south": {"uv": [4, 5, 8, 7.5], "texture": "#0"},
				"west": {"uv": [4, 7.5, 8, 10], "texture": "#0"},
				"up": {"uv": [4, 4, 0, 0], "texture": "#0"},
				"down": {"uv": [4, 4, 0, 8], "texture": "#0"}
			}
		},
		{
			"from": [3.25, 2.25, 2.25],
			"to": [4, 3.25, 13.75],
			"faces": {
				"north": {"uv": [10.5, 12, 11, 12.5], "texture": "#0"},
				"east": {"uv": [8, 4.5, 14, 5], "texture": "#0"},
				"south": {"uv": [11, 12, 11.5, 12.5], "texture": "#0"},
				"west": {"uv": [8, 5, 14, 5.5], "texture": "#0"},
				"up": {"uv": [8.5, 11.5, 8, 5.5], "texture": "#0"},
				"down": {"uv": [9, 5.5, 8.5, 11.5], "texture": "#0"}
			}
		},
		{
			"from": [12, 2.25, 2.25],
			"to": [12.75, 3.25, 13.75],
			"rotation": {"angle": 0, "axis": "y", "origin": [16, 0, 0]},
			"faces": {
				"north": {"uv": [12, 11, 12.5, 11.5], "texture": "#0"},
				"east": {"uv": [9, 5.5, 15, 6], "texture": "#0"},
				"south": {"uv": [11.5, 12, 12, 12.5], "texture": "#0"},
				"west": {"uv": [9, 6, 15, 6.5], "texture": "#0"},
				"up": {"uv": [9.5, 12.5, 9, 6.5], "texture": "#0"},
				"down": {"uv": [0.5, 9.5, 0, 15.5], "texture": "#0"}
			}
		},
		{
			"from": [4, 2.25, 13],
			"to": [12, 3.25, 13.75],
			"rotation": {"angle": 0, "axis": "y", "origin": [0, 0, 16]},
			"faces": {
				"north": {"uv": [9.5, 9.5, 13.5, 10], "texture": "#0"},
				"east": {"uv": [12, 11.5, 12.5, 12], "texture": "#0"},
				"south": {"uv": [10, 1.5, 14, 2], "texture": "#0"},
				"west": {"uv": [12, 12, 12.5, 12.5], "texture": "#0"},
				"up": {"uv": [14, 2.5, 10, 2], "texture": "#0"},
				"down": {"uv": [14, 2.5, 10, 3], "texture": "#0"}
			}
		},
		{
			"from": [7, 6.75, 6.75],
			"to": [9, 7.25, 13],
			"faces": {
				"north": {"uv": [6, 11.5, 7, 12], "texture": "#0"},
				"east": {"uv": [10, 4, 13, 4.5], "texture": "#0"},
				"south": {"uv": [8, 11.5, 9, 12], "texture": "#0"},
				"west": {"uv": [5, 10, 8, 10.5], "texture": "#0"},
				"up": {"uv": [1.5, 12.5, 0.5, 9.5], "texture": "#0"},
				"down": {"uv": [2.5, 9.5, 1.5, 12.5], "texture": "#0"}
			}
		},
		{
			"from": [3.5, 3.25, 5.25],
			"to": [4, 3.75, 7],
			"faces": {
				"north": {"uv": [0.5, 12.5, 1, 13], "texture": "#0"},
				"east": {"uv": [11, 11.5, 12, 12], "texture": "#0"},
				"south": {"uv": [12.5, 0.5, 13, 1], "texture": "#0"},
				"west": {"uv": [12, 0, 13, 0.5], "texture": "#0"},
				"up": {"uv": [7.5, 12.5, 7, 11.5], "texture": "#0"},
				"down": {"uv": [12.5, 0.5, 12, 1.5], "texture": "#0"}
			}
		},
		{
			"from": [3.5, 3.25, 10.75],
			"to": [4, 3.75, 12.5],
			"faces": {
				"north": {"uv": [1, 12.5, 1.5, 13], "texture": "#0"},
				"east": {"uv": [2.5, 12, 3.5, 12.5], "texture": "#0"},
				"south": {"uv": [12.5, 1, 13, 1.5], "texture": "#0"},
				"west": {"uv": [12, 3, 13, 3.5], "texture": "#0"},
				"up": {"uv": [4.5, 13, 4, 12], "texture": "#0"},
				"down": {"uv": [5, 12, 4.5, 13], "texture": "#0"}
			}
		},
		{
			"from": [12, 3.25, 5.25],
			"to": [12.5, 3.75, 7],
			"rotation": {"angle": 0, "axis": "y", "origin": [16, 0, 0]},
			"faces": {
				"north": {"uv": [1.5, 12.5, 2, 13], "texture": "#0"},
				"east": {"uv": [12, 3.5, 13, 4], "texture": "#0"},
				"south": {"uv": [2, 12.5, 2.5, 13], "texture": "#0"},
				"west": {"uv": [5, 12, 6, 12.5], "texture": "#0"},
				"up": {"uv": [6.5, 13, 6, 12], "texture": "#0"},
				"down": {"uv": [7, 12, 6.5, 13], "texture": "#0"}
			}
		},
		{
			"from": [12, 3.25, 10.75],
			"to": [12.5, 3.75, 12.5],
			"rotation": {"angle": 0, "axis": "y", "origin": [16, 0, 0]},
			"faces": {
				"north": {"uv": [2.5, 12.5, 3, 13], "texture": "#0"},
				"east": {"uv": [12, 7.5, 13, 8], "texture": "#0"},
				"south": {"uv": [3, 12.5, 3.5, 13], "texture": "#0"},
				"west": {"uv": [8, 12, 9, 12.5], "texture": "#0"},
				"up": {"uv": [10.5, 13, 10, 12], "texture": "#0"},
				"down": {"uv": [12.5, 10, 12, 11], "texture": "#0"}
			}
		},
		{
			"from": [5.75, 0, 12.75],
			"to": [10.25, 0.75, 12.75],
			"faces": {
				"north": {"uv": [9.5, 10, 12, 10.5], "texture": "#0"},
				"east": {"uv": [0, 0, 0, 0.5], "texture": "#0"},
				"south": {"uv": [5, 10.5, 7.5, 11], "texture": "#0"},
				"west": {"uv": [0, 0, 0, 0.5], "texture": "#0"},
				"up": {"uv": [2.5, 0, 0, 0], "texture": "#0"},
				"down": {"uv": [2.5, 0, 0, 0], "texture": "#0"}
			}
		},
		{
			"from": [4.25, 1.5, 12.75],
			"to": [5, 2.25, 12.75],
			"faces": {
				"north": {"uv": [3.5, 12.5, 4, 13], "texture": "#0"},
				"east": {"uv": [0, 0, 0, 0.5], "texture": "#0"},
				"south": {"uv": [5, 12.5, 5.5, 13], "texture": "#0"},
				"west": {"uv": [0, 0, 0, 0.5], "texture": "#0"},
				"up": {"uv": [0.5, 0, 0, 0], "texture": "#0"},
				"down": {"uv": [0.5, 0, 0, 0], "texture": "#0"}
			}
		},
		{
			"from": [5.75, 1.5, 12.75],
			"to": [6.5, 2.25, 12.75],
			"faces": {
				"north": {"uv": [5.5, 12.5, 6, 13], "texture": "#0"},
				"east": {"uv": [0, 0, 0, 0.5], "texture": "#0"},
				"south": {"uv": [12.5, 6.5, 13, 7], "texture": "#0"},
				"west": {"uv": [0, 0, 0, 0.5], "texture": "#0"},
				"up": {"uv": [0.5, 0, 0, 0], "texture": "#0"},
				"down": {"uv": [0.5, 0, 0, 0], "texture": "#0"}
			}
		},
		{
			"from": [11, 1.5, 12.75],
			"to": [11.75, 2.25, 12.75],
			"faces": {
				"north": {"uv": [7, 12.5, 7.5, 13], "texture": "#0"},
				"east": {"uv": [0, 0, 0, 0.5], "texture": "#0"},
				"south": {"uv": [12.5, 7, 13, 7.5], "texture": "#0"},
				"west": {"uv": [0, 0, 0, 0.5], "texture": "#0"},
				"up": {"uv": [0.5, 0, 0, 0], "texture": "#0"},
				"down": {"uv": [0.5, 0, 0, 0], "texture": "#0"}
			}
		},
		{
			"from": [9.5, 1.5, 12.75],
			"to": [10.25, 2.25, 12.75],
			"faces": {
				"north": {"uv": [7.5, 12.5, 8, 13], "texture": "#0"},
				"east": {"uv": [0, 0, 0, 0.5], "texture": "#0"},
				"south": {"uv": [8, 12.5, 8.5, 13], "texture": "#0"},
				"west": {"uv": [0, 0, 0, 0.5], "texture": "#0"},
				"up": {"uv": [0.5, 0, 0, 0], "texture": "#0"},
				"down": {"uv": [0.5, 0, 0, 0], "texture": "#0"}
			}
		},
		{
			"from": [10.25, 0.75, 12.75],
			"to": [11, 1.5, 12.75],
			"faces": {
				"north": {"uv": [12.5, 8, 13, 8.5], "texture": "#0"},
				"east": {"uv": [0, 0, 0, 0.5], "texture": "#0"},
				"south": {"uv": [8.5, 12.5, 9, 13], "texture": "#0"},
				"west": {"uv": [0, 0, 0, 0.5], "texture": "#0"},
				"up": {"uv": [0.5, 0, 0, 0], "texture": "#0"},
				"down": {"uv": [0.5, 0, 0, 0], "texture": "#0"}
			}
		},
		{
			"from": [5, 0.75, 12.75],
			"to": [5.75, 1.5, 12.75],
			"faces": {
				"north": {"uv": [9, 12.5, 9.5, 13], "texture": "#0"},
				"east": {"uv": [0, 0, 0, 0.5], "texture": "#0"},
				"south": {"uv": [9.5, 12.5, 10, 13], "texture": "#0"},
				"west": {"uv": [0, 0, 0, 0.5], "texture": "#0"},
				"up": {"uv": [0.5, 0, 0, 0], "texture": "#0"},
				"down": {"uv": [0.5, 0, 0, 0], "texture": "#0"}
			}
		}
	],
	"display": {
		"thirdperson_righthand": {
			"rotation": [151.93, 0, 179.99],
			"translation": [0, -0.25, -6.25],
			"scale": [0.96, 0.96, 0.96]
		},
		"thirdperson_lefthand": {
			"rotation": [151.93, 0, 179.99],
			"translation": [0, -0.25, -6.25],
			"scale": [0.96, 0.96, 0.96]
		},
		"firstperson_righthand": {
			"rotation": [-165.62, 17.75, 178.37],
			"translation": [-0.5, 7.25, 1.25],
			"scale": [0.75, 0.75, 0.75]
		},
		"firstperson_lefthand": {
			"rotation": [-165.62, 17.75, 178.37],
			"translation": [-0.5, 7.25, 1.25],
			"scale": [0.75, 0.75, 0.75]
		},
		"ground": {
			"translation": [0, 5.5, 0]
		},
		"gui": {
			"rotation": [-158.26, 21.89, -179.68],
			"translation": [0, 3.75, 0],
			"scale": [1.27, 1.27, 1.27]
		},
		"head": {
			"translation": [0, 11.25, -1.5],
			"scale": [1.85, 1.85, 1.85]
		},
		"fixed": {
			"rotation": [-90, 0, 0],
			"translation": [0, 0, -8],
			"scale": [1.5, 1.5, 1.5]
		}
	},
	"groups": [
		{
			"name": "Hard_hat",
			"origin": [8, 8, 8],
			"color": 0,
			"children": [
				{
					"name": "Hard_hat_light",
					"origin": [8, 8, 8],
					"color": 0,
					"children": []
				},
				{
					"name": "Hard_hat_shell",
					"origin": [0, 0, 0],
					"color": 0,
					"children": [0, 1, 2, 3, 4, 5, 6, 7, 8, 9, 10]
				},
				{
					"name": "Hard_hat_strap",
					"origin": [0, 0, 0],
					"color": 0,
					"children": [11, 12, 13, 14, 15, 16, 17]
				}
			]
		}
	]
}