{
	"credit": "Made with Blockbench",
	"texture_size": [32, 32],
	"textures": {
		"29": "simplehats:block/magikarp_hat"
	},
	"elements": [
		{
			"from": [3.3, 16.40607, 8.13302],
			"to": [12.7, 27.60607, 16.53302],
			"rotation": {"angle": -45, "axis": "x", "origin": [8, 22.00607, 12.18302]},
			"faces": {
				"north": {"uv": [3, 0, 5.25, 2.75], "texture": "#29"},
				"east": {"uv": [5.25, 6.5, 7.25, 9.25], "texture": "#29"},
				"south": {"uv": [3, 2.75, 5.25, 5.5], "texture": "#29"},
				"west": {"uv": [7, 0, 9, 2.75], "texture": "#29"},
				"up": {"uv": [9.25, 4.75, 7, 2.75], "texture": "#29"},
				"down": {"uv": [9.5, 4.75, 7.25, 6.75], "texture": "#29"}
			}
		},
		{
			"from": [3.4, 13.99228, 8.28137],
			"to": [12.6, 24.29228, 10.78137],
			"rotation": {"angle": -45, "axis": "x", "origin": [8, 19.14228, 9.53137]},
			"faces": {
				"north": {"uv": [3, 5.5, 5.25, 8], "texture": "#29"},
				"east": {"uv": [1.75, 8.5, 2.25, 11], "texture": "#29"},
				"south": {"uv": [0, 6, 2.25, 8.5], "texture": "#29"},
				"west": {"uv": [6.5, 9.25, 7, 11.75], "texture": "#29"},
				"up": {"uv": [11.75, 6.75, 9.5, 6.25], "texture": "#29"},
				"down": {"uv": [4.5, 10.25, 2.25, 10.75], "texture": "#29"}
			}
		},
		{
			"from": [2.3, 12.13162, 7.52071],
			"to": [13.8, 24.43162, 9.02071],
			"rotation": {"angle": -45, "axis": "x", "origin": [8.05, 18.08162, 8.47071]},
			"faces": {
				"north": {"uv": [0, 0, 3, 3], "texture": "#29"},
				"east": {"uv": [7, 9.25, 7.25, 12.25], "texture": "#29"},
				"south": {"uv": [0, 3, 3, 6], "texture": "#29"},
				"west": {"uv": [0, 10.25, 0.25, 13.25], "texture": "#29"},
				"up": {"uv": [13.5, 7, 10.5, 6.75], "texture": "#29"},
				"down": {"uv": [13.5, 7, 10.5, 7.25], "texture": "#29"}
			}
		},
		{
			"from": [5.4, 20.3, 13.35287],
			"to": [10.6, 28.8, 19.35287],
			"rotation": {"angle": -22.5, "axis": "x", "origin": [8, 24.33952, 15.15287]},
			"faces": {
				"north": {"uv": [3.75, 8, 5, 10.25], "texture": "#29"},
				"east": {"uv": [7.25, 6.75, 8.75, 9], "texture": "#29"},
				"south": {"uv": [7.25, 9, 8.5, 11.25], "texture": "#29"},
				"west": {"uv": [2.25, 8, 3.75, 10.25], "texture": "#29"},
				"up": {"uv": [9.75, 11.5, 8.5, 10], "texture": "#29"},
				"down": {"uv": [11, 10, 9.75, 11.5], "texture": "#29"}
			}
		},
		{
			"from": [8.1, 19.34806, 19.20301],
			"to": [8.1, 31.84806, 26.20301],
			"rotation": {"angle": -22.5, "axis": "x", "origin": [8.1, 25.29806, 18.00301]},
			"faces": {
				"north": {"uv": [0, 0, 0, 3.25], "texture": "#29"},
				"east": {"uv": [5.25, 0, 7, 3.25], "texture": "#29"},
				"south": {"uv": [0, 0, 0, 3.25], "texture": "#29"},
				"west": {"uv": [5.25, 3.25, 7, 6.5], "texture": "#29"},
				"up": {"uv": [0, 1.75, 0, 0], "texture": "#29"},
				"down": {"uv": [0, 0, 0, 1.75], "texture": "#29"}
			}
		},
		{
			"from": [8, 25.14845, 8.57972],
			"to": [8, 31.64845, 14.57972],
			"rotation": {"angle": -22.5, "axis": "x", "origin": [8, 26.37003, 8.87972]},
			"faces": {
				"north": {"uv": [0, 0, 0, 1.75], "texture": "#29"},
				"east": {"uv": [5, 9.25, 6.5, 11], "texture": "#29"},
				"south": {"uv": [0, 0, 0, 1.75], "texture": "#29"},
				"west": {"uv": [9.5, 4.5, 11, 6.25], "texture": "#29"},
				"up": {"uv": [0, 1.5, 0, 0], "texture": "#29"},
				"down": {"uv": [0, 0, 0, 1.5], "texture": "#29"}
			}
		},
		{
			"from": [8, 16.11672, 14.01522],
			"to": [8, 23.11672, 20.51522],
			"rotation": {"angle": 22.5, "axis": "x", "origin": [8, 19.4582, 15.03477]},
			"faces": {
				"north": {"uv": [0, 0, 0, 1.75], "texture": "#29"},
				"east": {"uv": [0, 8.5, 1.75, 10.25], "texture": "#29"},
				"south": {"uv": [0, 0, 0, 1.75], "texture": "#29"},
				"west": {"uv": [8.75, 6.75, 10.5, 8.5], "texture": "#29"},
				"up": {"uv": [0, 1.75, 0, 0], "texture": "#29"},
				"down": {"uv": [0, 0, 0, 1.75], "texture": "#29"}
			}
		},
		{
			"from": [3.2, 21.5, 12],
			"to": [3.2, 27.5, 20],
			"rotation": {"angle": -45, "axis": "x", "origin": [3, 24.5, 16]},
			"faces": {
				"north": {"uv": [0, 0, 0, 1.5], "texture": "#29"},
				"east": {"uv": [8.75, 8.5, 10.75, 10], "texture": "#29"},
				"south": {"uv": [0, 0, 0, 1.5], "texture": "#29"},
				"west": {"uv": [9, 0, 11, 1.5], "texture": "#29"},
				"up": {"uv": [0, 2, 0, 0], "texture": "#29"},
				"down": {"uv": [0, 0, 0, 2], "texture": "#29"}
			}
		},
		{
			"from": [12.8, 21.5, 12],
			"to": [12.8, 27.5, 20],
			"rotation": {"angle": -45, "axis": "x", "origin": [13, 24.5, 16]},
			"faces": {
				"north": {"uv": [0, 0, 0, 1.5], "texture": "#29"},
				"east": {"uv": [9.25, 1.5, 11.25, 3], "texture": "#29"},
				"south": {"uv": [0, 0, 0, 1.5], "texture": "#29"},
				"west": {"uv": [9.25, 3, 11.25, 4.5], "texture": "#29"},
				"up": {"uv": [0, 2, 0, 0], "texture": "#29"},
				"down": {"uv": [0, 0, 0, 2], "texture": "#29"}
			}
		},
		{
			"from": [3, 18.3, 10.3],
			"to": [3, 19.3, 15.3],
			"rotation": {"angle": 22.5, "axis": "x", "origin": [3.01, 18.68391, 10.33711]},
			"faces": {
				"north": {"uv": [0, 0, 0, 0.25], "texture": "#29"},
				"east": {"uv": [0.25, 10.25, 1.5, 10.5], "texture": "#29"},
				"south": {"uv": [0, 0, 0, 0.25], "texture": "#29"},
				"west": {"uv": [0.25, 10.5, 1.5, 10.75], "texture": "#29"},
				"up": {"uv": [0, 1.25, 0, 0], "texture": "#29"},
				"down": {"uv": [0, 0, 0, 1.25], "texture": "#29"}
			}
		},
		{
			"from": [3.01, 13.94322, 11.94358],
			"to": [3.01, 14.94322, 15.94358],
			"rotation": {"angle": -45, "axis": "x", "origin": [3.01, 18.68391, 10.33711]},
			"faces": {
				"north": {"uv": [0, 0, 0, 0.25], "texture": "#29"},
				"east": {"uv": [2.25, 10.75, 3.25, 11], "texture": "#29"},
				"south": {"uv": [0, 0, 0, 0.25], "texture": "#29"},
				"west": {"uv": [3.25, 10.75, 4.25, 11], "texture": "#29"},
				"up": {"uv": [0, 1, 0, 0], "texture": "#29"},
				"down": {"uv": [0, 0, 0, 1], "texture": "#29"}
			}
		},
		{
			"from": [3.02, 19.00265, 16.90963],
			"to": [3.02, 20.00265, 21.90963],
			"rotation": {"angle": 0, "axis": "y", "origin": [3.01, 18.68391, 10.33711]},
			"faces": {
				"north": {"uv": [0, 0, 0, 0.25], "texture": "#29"},
				"east": {"uv": [10.5, 7.25, 11.75, 7.5], "texture": "#29"},
				"south": {"uv": [0, 0, 0, 0.25], "texture": "#29"},
				"west": {"uv": [10.5, 7.5, 11.75, 7.75], "texture": "#29"},
				"up": {"uv": [0, 1.25, 0, 0], "texture": "#29"},
				"down": {"uv": [0, 0, 0, 1.25], "texture": "#29"}
			}
		},
		{
			"from": [13, 18.3, 10.3],
			"to": [13, 19.3, 15.3],
			"rotation": {"angle": 22.5, "axis": "x", "origin": [12.99, 18.68391, 10.33711]},
			"faces": {
				"north": {"uv": [0, 0, 0, 0.25], "texture": "#29"},
				"east": {"uv": [10.5, 7.75, 11.75, 8], "texture": "#29"},
				"south": {"uv": [0, 0, 0, 0.25], "texture": "#29"},
				"west": {"uv": [10.5, 8, 11.75, 8.25], "texture": "#29"},
				"up": {"uv": [0, 1.25, 0, 0], "texture": "#29"},
				"down": {"uv": [0, 0, 0, 1.25], "texture": "#29"}
			}
		},
		{
			"from": [12.99, 13.94322, 11.94358],
			"to": [12.99, 14.94322, 15.94358],
			"rotation": {"angle": -45, "axis": "x", "origin": [12.99, 18.68391, 10.33711]},
			"faces": {
				"north": {"uv": [0, 0, 0, 0.25], "texture": "#29"},
				"east": {"uv": [10.75, 8.5, 11.75, 8.75], "texture": "#29"},
				"south": {"uv": [0, 0, 0, 0.25], "texture": "#29"},
				"west": {"uv": [10.75, 8.75, 11.75, 9], "texture": "#29"},
				"up": {"uv": [0, 1, 0, 0], "texture": "#29"},
				"down": {"uv": [0, 0, 0, 1], "texture": "#29"}
			}
		},
		{
			"from": [12.98, 19.00265, 16.90963],
			"to": [12.98, 20.00265, 21.90963],
			"rotation": {"angle": 0, "axis": "y", "origin": [12.99, 18.68391, 10.33711]},
			"faces": {
				"north": {"uv": [0, 0, 0, 0.25], "texture": "#29"},
				"east": {"uv": [10.5, 8.25, 11.75, 8.5], "texture": "#29"},
				"south": {"uv": [0, 0, 0, 0.25], "texture": "#29"},
				"west": {"uv": [0.25, 10.75, 1.5, 11], "texture": "#29"},
				"up": {"uv": [0, 1.25, 0, 0], "texture": "#29"},
				"down": {"uv": [0, 0, 0, 1.25], "texture": "#29"}
			}
		}
	],
	"display": {
		"thirdperson_righthand": {
			"rotation": [62, 45, 0],
			"translation": [0, 1, -3.25],
			"scale": [0.375, 0.375, 0.375]
		},
		"thirdperson_lefthand": {
			"rotation": [60, 45, 0],
			"translation": [0, 0.75, -3.5],
			"scale": [0.375, 0.375, 0.375]
		},
		"firstperson_righthand": {
			"rotation": [0, 94, 0],
			"translation": [-0.25, -1, 0],
			"scale": [0.4, 0.4, 0.4]
		},
		"firstperson_lefthand": {
			"rotation": [0, 89, 0],
			"translation": [-0.75, -2, 0],
			"scale": [0.4, 0.4, 0.4]
		},
		"ground": {
			"translation": [0, -1.5, 0],
			"scale": [0.4, 0.4, 0.4]
		},
		"gui": {
			"rotation": [-180, 62.25, -180],
			"translation": [-3.25, -10.75, 0],
			"scale": [0.69, 0.69, 0.69]
		},
		"head": {
			"rotation": [-5.5, 0, 0],
			"translation": [0, -14, 1],
			"scale": [1.6, 1.6, 1.6]
		},
		"fixed": {
			"rotation": [-44, -180, 0],
			"translation": [0, -7, 7]
		}
	},
	"groups": [
		{
			"name": "hat2",
			"origin": [8, 24, 8],
			"color": 0,
			"children": [
				0,
				1,
				2,
				3,
				4,
				5,
				6,
				7,
				8,
				{
					"name": "Lwhisker",
					"origin": [2.01, 21.88853, 18.06586],
					"color": 0,
					"children": [9, 10, 11]
				},
				{
					"name": "Rwhisker",
					"origin": [2.01, 21.88853, 18.06586],
					"color": 0,
					"children": [12, 13, 14]
				}
			]
		}
	]
}