{
  "implemented": true,
  "name": "Zygarde",
  "nationalPokedexNumber": 718,
  "primaryType": "dragon",
  "secondaryType": "ground",
  "abilities": [
    "aurabreak"
  ],
  "baseStats": {
    "hp": 108,
    "attack": 100,
    "defence": 121,
    "special_attack": 81,
    "special_defence": 95,
    "speed": 95
  },
  "catchRate": 3,
  "maleRatio": -1,
  "shoulderMountable": false,
  "baseExperienceYield": 300,
  "baseFriendship": 0,
  "evYield": {
    "hp": 3,
    "attack": 0,
    "defence": 0,
    "special_attack": 0,
    "special_defence": 0,
    "speed": 0
  },
  "experienceGroup": "slow",
  "eggCycles": 120,
  "eggGroups": [
    "undiscovered"
  ],
  "moves": [
    "1:bind",
    "1:bite",
    "1:bulldoze",
    "1:coreenforcer",
    "1:dragonbreath",
    "1:thousandarrows",
    "1:thousandwaves",
    "8:haze",
    "16:dig",
    "24:safeguard",
    "32:crunch",
    "40:dragonpulse",
    "48:landswrath",
    "56:glare",
    "59:camouflage",
    "64:sandstorm",
    "72:coil",
    "72:dragondance",
    "80:earthquake",
    "88:extremespeed",
    "88:outrage",
    "tm:bodyslam",
    "tm:breakingswipe",
    "tm:brickbreak",
    "tm:bulldoze",
    "tm:confide",
    "tm:crunch",
    "tm:dig",
    "tm:doubleteam",
    "tm:dragondance",
    "tm:dragonpulse",
    "tm:dragontail",
    "tm:earthpower",
    "tm:earthquake",
    "tm:endure",
    "tm:facade",
    "tm:focusblast",
    "tm:frustration",
    "tm:gigaimpact",
    "tm:grassknot",
    "tm:hiddenpower",
    "tm:highhorsepower",
    "tm:hyperbeam",
    "tm:hypervoice",
    "tm:irontail",
    "tm:outrage",
    "tm:payback",
    "tm:protect",
    "tm:rest",
    "tm:retaliate",
    "tm:return",
    "tm:reversal",
    "tm:rockslide",
    "tm:rocksmash",
    "tm:round",
    "tm:safeguard",
    "tm:sandstorm",
    "tm:secretpower",
    "tm:sleeptalk",
    "tm:sludgewave",
    "tm:snore",
    "tm:stompingtantrum",
    "tm:stoneedge",
    "tm:strength",
    "tm:substitute",
    "tm:sunnyday",
    "tm:superpower",
    "tm:swagger",
    "tm:swift",
    "tm:toxic",
    "tm:zenheadbutt",
    "tutor:bind",
    "tutor:block",
    "tutor:camouflage",
    "tutor:coreenforcer",
    "tutor:crunch",
    "tutor:dig",
    "tutor:dracometeor",
    "tutor:dragonbreath",
    "tutor:dragondance",
    "tutor:dragonpulse",
    "tutor:earthpower",
    "tutor:earthquake",
    "tutor:extremespeed",
    "tutor:glare",
    "tutor:haze",
    "tutor:hypervoice",
    "tutor:irontail",
    "tutor:landswrath",
    "tutor:outrage",
    "tutor:painsplit",
    "tutor:safeguard",
    "tutor:sandstorm",
    "tutor:scaleshot",
    "tutor:scorchingsands",
    "tutor:shockwave",
    "tutor:skittersmack",
    "tutor:snore",
    "tutor:spite",
    "tutor:stompingtantrum",
    "tutor:superpower",
    "tutor:thousandarrows",
    "tutor:thousandwaves",
    "tutor:zenheadbutt"
  ],
  "labels": [
    "gen6",
    "legendary"
  ],
  "pokedex": [
    "cobblemon.species.zygarde.desc"
  ],
  "height": 50,
  "weight": 3050,
  "evolutions": [],
  "forms": [
    {
      "name": "10%",
      "primaryType": "dragon",
      "secondaryType": "ground",
      "abilities": [
        "aurabreak"
      ],
      "baseStats": {
        "hp": 54,
        "attack": 100,
        "defence": 71,
        "special_attack": 61,
        "special_defence": 85,
        "speed": 115
      },
      "catchRate": 3,
      "maleRatio": -1,
      "baseExperienceYield": 300,
      "baseFriendship": 0,
      "evYield": {
        "hp": 3,
        "attack": 0,
        "defence": 0,
        "special_attack": 0,
        "special_defence": 0,
        "speed": 0
      },
      "experienceGroup": "slow",
      "eggCycles": 120,
      "eggGroups": [
        "undiscovered"
      ],
      "moves": [
        "tutor:bind",
        "tutor:dig",
        "tutor:dragonbreath",
        "tutor:dragondance",
        "tutor:dragonpulse",
        "tutor:extremespeed",
        "tutor:glare",
        "tutor:haze",
        "tutor:landswrath",
        "tutor:outrage",
        "tutor:safeguard",
        "tutor:sandstorm",
        "tutor:thousandarrows"
      ],
      "labels": [
        "gen7",
        "legendary"
      ],
      "aspects": [
        "10%"
      ],
      "height": 12,
      "weight": 335,
      "evolutions": [],
      "cannotDynamax": false,
      "battleOnly": false
    },
    {
      "name": "Complete",
      "primaryType": "dragon",
      "secondaryType": "ground",
      "abilities": [
        "powerconstruct"
      ],
      "baseStats": {
        "hp": 216,
        "attack": 100,
        "defence": 121,
        "special_attack": 91,
        "special_defence": 95,
        "speed": 85
      },
      "catchRate": 3,
      "maleRatio": -1,
      "baseExperienceYield": 300,
      "baseFriendship": 0,
      "evYield": {
        "hp": 3,
        "attack": 0,
        "defence": 0,
        "special_attack": 0,
        "special_defence": 0,
        "speed": 0
      },
      "experienceGroup": "slow",
      "eggCycles": 120,
      "eggGroups": [
        "undiscovered"
      ],
      "labels": [
        "gen7",
        "legendary"
      ],
      "aspects": [
        "complete"
      ],
      "height": 45,
      "weight": 6100,
      "evolutions": [],
      "cannotDynamax": false,
      "battleOnly": true
    }
  ],

  "baseScale": 1.1,
  "hitbox": {
    "width": 1.5,
    "height": 3,
    "fixed": false
  },

  "aspects": [],
  "cannotDynamax": false
}