{
	"credit": "Made with Blockbench",
	"textures": {
		"1": "block/burger_diner_2",
		"2": "block/burger"
	},
	"elements": [
		{
			"from": [0, 0, 2],
			"to": [16, 1, 14],
			"faces": {
				"north": {"uv": [7.75, 0, 7.875, 2], "rotation": 270, "texture": "#1"},
				"east": {"uv": [7.875, 0, 9.375, 0.125], "texture": "#1"},
				"south": {"uv": [7.75, 0, 7.875, 2], "rotation": 270, "texture": "#1"},
				"west": {"uv": [7.875, 0, 9.375, 0.125], "texture": "#1"},
				"up": {"uv": [6.25, 0, 7.75, 2], "rotation": 270, "texture": "#1"},
				"down": {"uv": [7.75, 2, 6.25, 0], "rotation": 270, "texture": "#1"}
			}
		},
		{
			"from": [0, 1, 2],
			"to": [16, 2, 14],
			"faces": {
				"north": {"uv": [7.625, 0, 7.75, 2], "rotation": 270, "texture": "#1"},
				"east": {"uv": [6.25, 0, 7.75, 0.125], "texture": "#1"},
				"south": {"uv": [6.25, 0, 6.375, 2], "rotation": 270, "texture": "#1"},
				"west": {"uv": [6.25, 0, 7.75, 0.125], "texture": "#1"},
				"up": {"uv": [6, 0.375, 6.125, 0.5], "rotation": 270, "texture": "#1"},
				"down": {"uv": [6, 0.375, 6.125, 0.5], "rotation": 270, "texture": "#1"}
			}
		},
		{
			"from": [2, 1, 3],
			"to": [7, 3, 9],
			"rotation": {"angle": -45, "axis": "y", "origin": [0.5, 1.5, 6.5]},
			"faces": {
				"north": {"uv": [5.5, 1.625, 5.75, 2.25], "rotation": 270, "texture": "#1"},
				"east": {"uv": [5.25, 2.125, 5.5, 1.375], "rotation": 270, "texture": "#1"},
				"south": {"uv": [5.5, 1.375, 6.125, 1.625], "texture": "#1"},
				"west": {"uv": [5.25, 1.375, 5.5, 2.125], "rotation": 270, "texture": "#1"},
				"up": {"uv": [5.25, 0.75, 6, 1.375], "rotation": 270, "texture": "#1"},
				"down": {"uv": [5.25, 0.75, 6, 1.375], "rotation": 90, "texture": "#1"}
			}
		},
		{
			"from": [2, 1.5, -3],
			"to": [7, 1.5, 3],
			"rotation": {"angle": -45, "axis": "y", "origin": [0.5, 1.5, 6.5]},
			"faces": {
				"up": {"uv": [5.25, 0, 6, 0.625], "rotation": 270, "texture": "#1"},
				"down": {"uv": [6, 0, 5.25, 0.625], "rotation": 270, "texture": "#1"}
			}
		},
		{
			"from": [16, 2, 14],
			"to": [0, 1, 2],
			"faces": {
				"north": {"uv": [6.375, 0, 6.25, 2], "rotation": 270, "texture": "#1"},
				"east": {"uv": [6.25, 0.125, 7.75, 0], "texture": "#1"},
				"south": {"uv": [7.75, 0, 7.625, 2], "rotation": 270, "texture": "#1"},
				"west": {"uv": [6.25, 0.125, 7.75, 0], "texture": "#1"},
				"up": {"uv": [6, 0.5, 6.125, 0.375], "rotation": 270, "texture": "#1"},
				"down": {"uv": [6, 0.5, 6.125, 0.375], "rotation": 270, "texture": "#1"}
			}
		},
		{
			"from": [1.0598, 1.25, 2.7685],
			"to": [15.0598, 1.25, 12.7685],
			"rotation": {"angle": 0, "axis": "y", "origin": [10.0598, 1.25, 5.7685]},
			"faces": {
				"north": {"uv": [7.75, 0, 7.875, 2], "rotation": 270, "texture": "#1"},
				"east": {"uv": [7.875, 0, 9.375, 0.125], "texture": "#1"},
				"south": {"uv": [7.75, 0, 7.875, 2], "rotation": 270, "texture": "#1"},
				"west": {"uv": [7.875, 0, 9.375, 0.125], "texture": "#1"},
				"up": {"uv": [10.375, 0, 12.125, 1.25], "texture": "#1"},
				"down": {"uv": [10.375, 0, 12.125, 1.25], "texture": "#1"}
			}
		},
		{
			"from": [8.205, 4.62125, 7.455],
			"to": [14.295, 7.23125, 13.545],
			"rotation": {"angle": 45, "axis": "y", "origin": [11.14953, 3.69688, 10.62275]},
			"faces": {
				"north": {"uv": [0, 4.5, 1.5, 8], "rotation": 90, "texture": "#2"},
				"east": {"uv": [0, 4.5, 1.5, 8], "rotation": 90, "texture": "#2"},
				"south": {"uv": [0, 4.5, 1.5, 8], "rotation": 90, "texture": "#2"},
				"west": {"uv": [0, 4.5, 1.5, 8], "rotation": 90, "texture": "#2"},
				"up": {"uv": [0, 1, 3.5, 4.5], "rotation": 90, "texture": "#2"},
				"down": {"uv": [5, 4.5, 8.5, 8], "texture": "#2"}
			}
		},
		{
			"from": [8.205, 0.5975, 7.455],
			"to": [14.295, 2.3375, 13.545],
			"rotation": {"angle": 45, "axis": "y", "origin": [11.14953, 3.69688, 10.62275]},
			"faces": {
				"north": {"uv": [0, 0, 3.5, 1], "texture": "#2"},
				"east": {"uv": [0, 0, 3.5, 1], "texture": "#2"},
				"south": {"uv": [0, 0, 3.5, 1], "texture": "#2"},
				"west": {"uv": [0, 0, 3.5, 1], "texture": "#2"},
				"up": {"uv": [5, 4.5, 8.5, 8], "texture": "#2"},
				"down": {"uv": [5, 4.5, 8.5, 8], "texture": "#2"}
			}
		},
		{
			"from": [8.118, 1.81985, 7.368],
			"to": [14.382, 2.86385, 13.632],
			"rotation": {"angle": 45, "axis": "y", "origin": [11.14953, 3.69688, 10.62275]},
			"faces": {
				"north": {"uv": [0, 8, 3.5, 8.5], "texture": "#2"},
				"east": {"uv": [0, 8, 3.5, 8.5], "texture": "#2"},
				"south": {"uv": [0, 8, 3.5, 8.5], "texture": "#2"},
				"west": {"uv": [0, 8, 3.5, 8.5], "texture": "#2"},
				"up": {"uv": [3.5, 8, 7, 11.5], "texture": "#2"},
				"down": {"uv": [3.5, 8, 7, 11.5], "texture": "#2"}
			}
		},
		{
			"from": [7.99658, 2.5463, 7.57969],
			"to": [14.08658, 3.4163, 13.66969],
			"rotation": {"angle": 22.5, "axis": "y", "origin": [11.14953, 3.69688, 10.62275]},
			"faces": {
				"north": {"uv": [1.5, 4.5, 5, 5], "texture": "#2"},
				"east": {"uv": [1.5, 4.5, 5, 5], "texture": "#2"},
				"south": {"uv": [1.5, 4.5, 5, 5], "texture": "#2"},
				"west": {"uv": [1.5, 4.5, 5, 5], "texture": "#2"},
				"up": {"uv": [1.5, 4.5, 5, 8], "rotation": 270, "texture": "#2"},
				"down": {"uv": [1.5, 4.5, 5, 8], "rotation": 90, "texture": "#2"}
			}
		},
		{
			"from": [8.06769, 4.0688, 7.74617],
			"to": [14.15769, 4.9388, 13.83617],
			"rotation": {"angle": 22.5, "axis": "y", "origin": [11.14953, 3.69688, 10.62275]},
			"faces": {
				"north": {"uv": [7, 4, 10.5, 4.5], "texture": "#2"},
				"east": {"uv": [7, 4, 10.5, 4.5], "texture": "#2"},
				"south": {"uv": [7, 4, 10.5, 4.5], "texture": "#2"},
				"west": {"uv": [7, 4, 10.5, 4.5], "texture": "#2"},
				"up": {"uv": [7, 0.5, 10.5, 4], "texture": "#2"},
				"down": {"uv": [7, 0.5, 10.5, 4], "texture": "#2"}
			}
		},
		{
			"from": [8.06769, 3.1988, 7.74617],
			"to": [14.15769, 4.0688, 13.83617],
			"rotation": {"angle": 22.5, "axis": "y", "origin": [11.14953, 3.69688, 10.62275]},
			"faces": {
				"north": {"uv": [3.5, 0, 7, 0.5], "texture": "#2"},
				"east": {"uv": [7, 0, 3.5, 0.5], "texture": "#2"},
				"south": {"uv": [3.5, 0, 7, 0.5], "texture": "#2"},
				"west": {"uv": [3.5, 0, 7, 0.5], "texture": "#2"},
				"up": {"uv": [0, 0, 0, 0], "texture": "#2"},
				"down": {"uv": [0, 0, 0, 0], "texture": "#2"}
			}
		},
		{
			"from": [7.99937, 3.23795, 7.46186],
			"to": [14.08937, 4.10795, 13.55186],
			"rotation": {"angle": -22.5, "axis": "y", "origin": [11.14953, 3.69688, 10.62275]},
			"faces": {
				"north": {"uv": [3.5, 4, 7, 4.5], "texture": "#2"},
				"east": {"uv": [3.5, 4, 7, 4.5], "texture": "#2"},
				"south": {"uv": [3.5, 4, 7, 4.5], "texture": "#2"},
				"west": {"uv": [3.5, 4, 7, 4.5], "texture": "#2"},
				"up": {"uv": [3.5, 0.5, 7, 4], "texture": "#2"},
				"down": {"uv": [3.5, 0.5, 7, 4], "texture": "#2"}
			}
		}
	],
	"gui_light": "front",
	"display": {
		"thirdperson_righthand": {
			"rotation": [63, 34, 0],
			"translation": [0, 1, -1],
			"scale": [0.37891, 0.37891, 0.37891]
		},
		"thirdperson_lefthand": {
			"rotation": [63, 34, 0],
			"translation": [0, 1, -1],
			"scale": [0.37891, 0.37891, 0.37891]
		},
		"firstperson_righthand": {
			"rotation": [3, 112, -13],
			"translation": [9.5, 0, -5.75],
			"scale": [0.35547, 0.35547, 0.35547]
		},
		"firstperson_lefthand": {
			"rotation": [3, 112, -13],
			"translation": [9.5, 0, -5.75],
			"scale": [0.35547, 0.35547, 0.35547]
		},
		"ground": {
			"translation": [0, 4.25, 0],
			"scale": [0.28906, 0.28906, 0.28906]
		},
		"gui": {
			"rotation": [30, -158, 0],
			"translation": [-0.25, -0.25, 0],
			"scale": [0.56992, 0.56992, 0.56992]
		},
		"head": {
			"translation": [0, -30.5, 0],
			"scale": [1.6, 1.6, 1.6]
		},
		"fixed": {
			"rotation": [-90, 0, 0],
			"translation": [0, 0, -16],
			"scale": [2, 2, 2]
		}
	}
}