{
	"credit": "Made with Blockbench",
	"textures": {
		"1": "block/slushy"
	},
	"elements": [
		{
			"from": [6.5, 10.25, 6.5],
			"to": [9.5, 10.25, 9.5],
			"faces": {
				"up": {"uv": [3.5, 6, 5, 7.5], "texture": "#1"},
				"down": {"uv": [3.5, 6, 5, 7.5], "texture": "#1"}
			}
		},
		{
			"from": [11, 10, 11],
			"to": [5, 0, 5],
			"faces": {
				"north": {"uv": [3.5, 0.5, 6.5, 5.5], "texture": "#1"},
				"east": {"uv": [3.5, 0.5, 6.5, 5.5], "texture": "#1"},
				"south": {"uv": [3.5, 0.5, 6.5, 5.5], "texture": "#1"},
				"west": {"uv": [3.5, 0.5, 6.5, 5.5], "texture": "#1"},
				"up": {"uv": [0.5, 3.5, 3.5, 6.5], "texture": "#1"},
				"down": {"uv": [0.5, 0.5, 3.5, 3.5], "texture": "#1"}
			}
		},
		{
			"name": "bebida",
			"from": [5.5, 0.5, 5.5],
			"to": [10.5, 6.5, 10.5],
			"faces": {
				"north": {"uv": [8.5, 11.5, 11, 14.5], "texture": "#1", "tintindex": 0},
				"east": {"uv": [8.5, 11.5, 11, 14.5], "texture": "#1", "tintindex": 0},
				"south": {"uv": [8.5, 11.5, 11, 14.5], "texture": "#1", "tintindex": 0},
				"west": {"uv": [8.5, 11.5, 11, 14.5], "texture": "#1", "tintindex": 0},
				"up": {"uv": [6, 11, 8.5, 13.5], "texture": "#1", "tintindex": 0},
				"down": {"uv": [6, 8.5, 8.5, 11], "texture": "#1", "tintindex": 0}
			}
		},
		{
			"name": "bebida",
			"from": [4.5, 6.5, 8],
			"to": [11.5, 9.5, 8],
			"rotation": {"angle": -45, "axis": "y", "origin": [8, 9, 8]},
			"faces": {
				"north": {"uv": [7.5, 14.5, 11, 16], "texture": "#1", "tintindex": 0},
				"south": {"uv": [7.5, 14.5, 11, 16], "texture": "#1", "tintindex": 0}
			}
		},
		{
			"name": "bebida",
			"from": [8, 6.5, 4.5],
			"to": [8, 9.5, 11.5],
			"rotation": {"angle": -45, "axis": "y", "origin": [8, 9, 8]},
			"faces": {
				"east": {"uv": [7.5, 14.5, 11, 16], "texture": "#1", "tintindex": 0},
				"west": {"uv": [7.5, 14.5, 11, 16], "texture": "#1", "tintindex": 0}
			}
		},
		{
			"from": [7.25, 1, 7.25],
			"to": [8.75, 14, 8.75],
			"rotation": {"angle": 0, "axis": "y", "origin": [8, 7.5, 8]},
			"faces": {
				"north": {"uv": [7, 0.5, 7.5, 7], "texture": "#1"},
				"east": {"uv": [7, 0.5, 7.5, 7], "texture": "#1"},
				"south": {"uv": [7, 0.5, 7.5, 7], "texture": "#1"},
				"west": {"uv": [7, 0.5, 7.5, 7], "texture": "#1"}
			}
		},
		{
			"from": [4.9, 6.9, 4.9],
			"to": [11.1, 8.1, 11.1],
			"faces": {
				"north": {"uv": [3.5, 5.5, 6.5, 6], "texture": "#1"},
				"east": {"uv": [3.5, 5.5, 6.5, 6], "texture": "#1"},
				"south": {"uv": [3.5, 5.5, 6.5, 6], "texture": "#1"},
				"west": {"uv": [3.5, 5.5, 6.5, 6], "texture": "#1"}
			}
		},
		{
			"from": [8.75, 14, 8.75],
			"to": [7.25, 1, 7.25],
			"rotation": {"angle": 0, "axis": "y", "origin": [8, 7.5, 8]},
			"faces": {
				"north": {"uv": [7, 7, 7.5, 0.5], "texture": "#1"},
				"east": {"uv": [7, 7, 7.5, 0.5], "texture": "#1"},
				"south": {"uv": [7, 7, 7.5, 0.5], "texture": "#1"},
				"west": {"uv": [7, 7, 7.5, 0.5], "texture": "#1"}
			}
		}
	],
	"gui_light": "front",
	"display": {
		"thirdperson_righthand": {
			"rotation": [75, 45, 0],
			"translation": [0, 2.75, 1],
			"scale": [0.6, 0.6, 0.6]
		},
		"thirdperson_lefthand": {
			"rotation": [75, 45, 0],
			"translation": [0, 2.75, 0.75],
			"scale": [0.6, 0.6, 0.6]
		},
		"firstperson_righthand": {
			"rotation": [0, 45, 0],
			"translation": [2.25, 2.75, 0],
			"scale": [0.4, 0.4, 0.4]
		},
		"firstperson_lefthand": {
			"rotation": [0, 225, 0],
			"translation": [2.5, 2.75, 0],
			"scale": [0.4, 0.4, 0.4]
		},
		"ground": {
			"translation": [0, 4.5, 0],
			"scale": [0.61, 0.61, 0.61]
		},
		"gui": {
			"rotation": [30, 225, 0],
			"translation": [0, 1.75, 0]
		},
		"fixed": {
			"rotation": [-90, 0, 0],
			"translation": [0, 0, -8]
		}
	}
}