{
	"credit": "Made with Blockbench",
	"textures": {
		"1": "block/slushy"
	},
	"elements": [
		{
			"from": [9.5, 10.25, 10.5],
			"to": [12.5, 10.25, 13.5],
			"rotation": {"angle": -22.5, "axis": "y", "origin": [11, 0, 12]},
			"faces": {
				"up": {"uv": [3.5, 6, 5, 7.5], "texture": "#1"},
				"down": {"uv": [3.5, 6, 5, 7.5], "texture": "#1"}
			}
		},
		{
			"from": [14, 10, 15],
			"to": [8, 0, 9],
			"rotation": {"angle": -22.5, "axis": "y", "origin": [11, 0, 12]},
			"faces": {
				"north": {"uv": [3.5, 0.5, 6.5, 5.5], "texture": "#1"},
				"east": {"uv": [3.5, 0.5, 6.5, 5.5], "texture": "#1"},
				"south": {"uv": [3.5, 0.5, 6.5, 5.5], "texture": "#1"},
				"west": {"uv": [3.5, 0.5, 6.5, 5.5], "texture": "#1"},
				"up": {"uv": [0.5, 3.5, 3.5, 6.5], "texture": "#1"},
				"down": {"uv": [0.5, 0.5, 3.5, 3.5], "texture": "#1"}
			}
		},
		{
			"name": "bebida",
			"from": [8.5, 0.5, 9.5],
			"to": [13.5, 6.5, 14.5],
			"rotation": {"angle": -22.5, "axis": "y", "origin": [11, 0, 12]},
			"faces": {
				"north": {"uv": [8.5, 11.5, 11, 14.5], "texture": "#1", "tintindex": 0},
				"east": {"uv": [8.5, 11.5, 11, 14.5], "texture": "#1", "tintindex": 0},
				"south": {"uv": [8.5, 11.5, 11, 14.5], "texture": "#1", "tintindex": 0},
				"west": {"uv": [8.5, 11.5, 11, 14.5], "texture": "#1", "tintindex": 0},
				"up": {"uv": [6, 11, 8.5, 13.5], "texture": "#1", "tintindex": 0},
				"down": {"uv": [6, 8.5, 8.5, 11], "texture": "#1", "tintindex": 0}
			}
		},
		{
			"name": "bebida",
			"from": [11, 6.5, 8.5],
			"to": [11, 9.5, 15.5],
			"rotation": {"angle": 22.5, "axis": "y", "origin": [11, 9, 12]},
			"faces": {
				"east": {"uv": [7.5, 14.5, 11, 16], "texture": "#1", "tintindex": 0},
				"west": {"uv": [7.5, 14.5, 11, 16], "texture": "#1", "tintindex": 0}
			}
		},
		{
			"name": "bebida",
			"from": [7.5, 6.5, 12],
			"to": [14.5, 9.5, 12],
			"rotation": {"angle": 22.5, "axis": "y", "origin": [11, 9, 12]},
			"faces": {
				"north": {"uv": [7.5, 14.5, 11, 16], "texture": "#1", "tintindex": 0},
				"south": {"uv": [7.5, 14.5, 11, 16], "texture": "#1", "tintindex": 0}
			}
		},
		{
			"from": [10.25, 1, 11.25],
			"to": [11.75, 14, 12.75],
			"rotation": {"angle": -22.5, "axis": "y", "origin": [11, 7.5, 12]},
			"faces": {
				"north": {"uv": [7, 0.5, 7.5, 7], "texture": "#1"},
				"east": {"uv": [7, 0.5, 7.5, 7], "texture": "#1"},
				"south": {"uv": [7, 0.5, 7.5, 7], "texture": "#1"},
				"west": {"uv": [7, 0.5, 7.5, 7], "texture": "#1"}
			}
		},
		{
			"from": [7.9, 6.9, 8.9],
			"to": [14.1, 8.1, 15.1],
			"rotation": {"angle": -22.5, "axis": "y", "origin": [11, 0, 12]},
			"faces": {
				"north": {"uv": [3.5, 5.5, 6.5, 6], "texture": "#1"},
				"east": {"uv": [3.5, 5.5, 6.5, 6], "texture": "#1"},
				"south": {"uv": [3.5, 5.5, 6.5, 6], "texture": "#1"},
				"west": {"uv": [3.5, 5.5, 6.5, 6], "texture": "#1"}
			}
		},
		{
			"from": [11.75, 14, 12.75],
			"to": [10.25, 1, 11.25],
			"rotation": {"angle": -22.5, "axis": "y", "origin": [11, 7.5, 12]},
			"faces": {
				"north": {"uv": [7, 7, 7.5, 0.5], "texture": "#1"},
				"east": {"uv": [7, 7, 7.5, 0.5], "texture": "#1"},
				"south": {"uv": [7, 7, 7.5, 0.5], "texture": "#1"},
				"west": {"uv": [7, 7, 7.5, 0.5], "texture": "#1"}
			}
		},
		{
			"from": [3.5, 10.25, 2.5],
			"to": [6.5, 10.25, 5.5],
			"rotation": {"angle": 0, "axis": "y", "origin": [-3, 0, -4]},
			"faces": {
				"up": {"uv": [3.5, 6, 5, 7.5], "texture": "#1"},
				"down": {"uv": [3.5, 6, 5, 7.5], "texture": "#1"}
			}
		},
		{
			"from": [8, 10, 7],
			"to": [2, 0, 1],
			"rotation": {"angle": 0, "axis": "y", "origin": [-3, 0, -4]},
			"faces": {
				"north": {"uv": [3.5, 0.5, 6.5, 5.5], "texture": "#1"},
				"east": {"uv": [3.5, 0.5, 6.5, 5.5], "texture": "#1"},
				"south": {"uv": [3.5, 0.5, 6.5, 5.5], "texture": "#1"},
				"west": {"uv": [3.5, 0.5, 6.5, 5.5], "texture": "#1"},
				"up": {"uv": [0.5, 3.5, 3.5, 6.5], "texture": "#1"},
				"down": {"uv": [0.5, 0.5, 3.5, 3.5], "texture": "#1"}
			}
		},
		{
			"name": "bebida",
			"from": [2.5, 0.5, 1.5],
			"to": [7.5, 6.5, 6.5],
			"rotation": {"angle": 0, "axis": "y", "origin": [-3, 0, -4]},
			"faces": {
				"north": {"uv": [13.5, 11.5, 16, 14.5], "texture": "#1", "tintindex": 0},
				"east": {"uv": [13.5, 11.5, 16, 14.5], "texture": "#1", "tintindex": 0},
				"south": {"uv": [13.5, 11.5, 16, 14.5], "texture": "#1", "tintindex": 0},
				"west": {"uv": [13.5, 11.5, 16, 14.5], "texture": "#1", "tintindex": 0},
				"up": {"uv": [11, 11, 13.5, 13.5], "texture": "#1", "tintindex": 0},
				"down": {"uv": [11, 8.5, 13.5, 11], "texture": "#1", "tintindex": 0}
			}
		},
		{
			"name": "bebida",
			"from": [1.5, 6.5, 4],
			"to": [8.5, 9.5, 4],
			"rotation": {"angle": -45, "axis": "y", "origin": [5, 9, 4]},
			"faces": {
				"north": {"uv": [12.5, 14.5, 16, 16], "texture": "#1", "tintindex": 0},
				"south": {"uv": [12.5, 14.5, 16, 16], "texture": "#1", "tintindex": 0}
			}
		},
		{
			"name": "bebida",
			"from": [5, 6.5, 0.5],
			"to": [5, 9.5, 7.5],
			"rotation": {"angle": -45, "axis": "y", "origin": [5, 9, 4]},
			"faces": {
				"east": {"uv": [12.5, 14.5, 16, 16], "texture": "#1", "tintindex": 0},
				"west": {"uv": [12.5, 14.5, 16, 16], "texture": "#1", "tintindex": 0}
			}
		},
		{
			"from": [4.25, 1, 3.25],
			"to": [5.75, 14, 4.75],
			"rotation": {"angle": 0, "axis": "y", "origin": [5, 7.5, 4]},
			"faces": {
				"north": {"uv": [7, 0.5, 7.5, 7], "texture": "#1"},
				"east": {"uv": [7, 0.5, 7.5, 7], "texture": "#1"},
				"south": {"uv": [7, 0.5, 7.5, 7], "texture": "#1"},
				"west": {"uv": [7, 0.5, 7.5, 7], "texture": "#1"}
			}
		},
		{
			"from": [1.9, 6.9, 0.9],
			"to": [8.1, 8.1, 7.1],
			"rotation": {"angle": 0, "axis": "y", "origin": [-3, 0, -4]},
			"faces": {
				"north": {"uv": [3.5, 5.5, 6.5, 6], "texture": "#1"},
				"east": {"uv": [3.5, 5.5, 6.5, 6], "texture": "#1"},
				"south": {"uv": [3.5, 5.5, 6.5, 6], "texture": "#1"},
				"west": {"uv": [3.5, 5.5, 6.5, 6], "texture": "#1"}
			}
		},
		{
			"from": [5.75, 14, 4.75],
			"to": [4.25, 1, 3.25],
			"rotation": {"angle": 0, "axis": "y", "origin": [5, 7.5, 4]},
			"faces": {
				"north": {"uv": [7, 7, 7.5, 0.5], "texture": "#1"},
				"east": {"uv": [7, 7, 7.5, 0.5], "texture": "#1"},
				"south": {"uv": [7, 7, 7.5, 0.5], "texture": "#1"},
				"west": {"uv": [7, 7, 7.5, 0.5], "texture": "#1"}
			}
		}
	],
	"gui_light": "front",
	"display": {
		"thirdperson_righthand": {
			"rotation": [75, 45, 0],
			"translation": [0, 1.5, 0],
			"scale": [0.375, 0.375, 0.375]
		},
		"thirdperson_lefthand": {
			"rotation": [75, 45, 0],
			"translation": [0, 1.75, 0],
			"scale": [0.375, 0.375, 0.375]
		},
		"firstperson_righthand": {
			"rotation": [0, 45, 0],
			"translation": [2.25, 2.5, 0],
			"scale": [0.4, 0.4, 0.4]
		},
		"firstperson_lefthand": {
			"rotation": [0, 225, 0],
			"translation": [2.5, 2.25, 0],
			"scale": [0.4, 0.4, 0.4]
		},
		"ground": {
			"translation": [0, 4.5, 0],
			"scale": [0.61, 0.61, 0.61]
		},
		"gui": {
			"rotation": [30, 225, 0],
			"translation": [0, 1.75, 0]
		},
		"fixed": {
			"rotation": [-90, 0, 0],
			"translation": [0, 0, -8]
		}
	},
	"groups": [
		{
			"name": "group",
			"origin": [8, 7.5, 8],
			"color": 0,
			"children": [0, 1, 2, 3, 4, 5, 6, 7]
		},
		8,
		9,
		10,
		11,
		12,
		13,
		14,
		15
	]
}