{
	"credit": "Made with Blockbench",
	"textures": {
		"1": "block/atm_machine3",
		"2": "block/extras1",
		"3": "block/atm_screen",
		"4": "block/card_slot",
		"particle": "block/extras1"
	},
	"elements": [
		{
			"from": [-3, 2, 7],
			"to": [19, 21, 16],
			"rotation": {"angle": 0, "axis": "y", "origin": [8, -4.5, 8]},
			"faces": {
				"north": {"uv": [0, 0, 2.75, 2.375], "texture": "#1"},
				"east": {"uv": [7.5, 4, 8.625, 6.375], "texture": "#1"},
				"south": {"uv": [0, 2.375, 2.75, 4.75], "texture": "#1"},
				"west": {"uv": [7.5, 6.375, 8.625, 8.75], "texture": "#1"},
				"up": {"uv": [5.5, 7.75, 2.75, 6.625], "texture": "#1"},
				"down": {"uv": [2.75, 6.875, 0, 8], "texture": "#1"}
			}
		},
		{
			"from": [-3, 21, -1],
			"to": [19, 27, 16],
			"rotation": {"angle": 0, "axis": "y", "origin": [8, -4.5, 8]},
			"faces": {
				"north": {"uv": [8.625, 7, 11.375, 7.75], "texture": "#1"},
				"east": {"uv": [9.5, 3.375, 11.625, 4.125], "texture": "#1"},
				"south": {"uv": [8.625, 7.75, 11.375, 8.5], "texture": "#1"},
				"west": {"uv": [9.5, 4.125, 11.625, 4.875], "texture": "#1"},
				"up": {"uv": [5.5, 6.625, 2.75, 4.5], "texture": "#1"},
				"down": {"uv": [2.75, 4.75, 0, 6.875], "texture": "#1"}
			}
		},
		{
			"from": [-2, 24.59453, -4.12044],
			"to": [18, 30.66019, -0.12044],
			"rotation": {"angle": -22.5, "axis": "x", "origin": [8, 27.62736, -2.12044]},
			"faces": {
				"north": {"uv": [6.75, 9.375, 9.25, 10.125], "texture": "#1"},
				"east": {"uv": [5, 7.75, 5.5, 8.5], "texture": "#1"},
				"south": {"uv": [9.25, 9.375, 11.75, 10.125], "texture": "#1"},
				"west": {"uv": [2.25, 8, 2.75, 8.75], "texture": "#1"},
				"up": {"uv": [12, 6.625, 9.5, 6.125], "texture": "#1"},
				"down": {"uv": [12, 6.625, 9.5, 6.125], "rotation": 180, "texture": "#1"}
			}
		},
		{
			"from": [-1, 0.58972, 0.58579],
			"to": [17, 3.58972, 7.58579],
			"rotation": {"angle": -22.5, "axis": "x", "origin": [8, 2.08972, 4.08579]},
			"faces": {
				"north": {"uv": [9.5, 6.625, 11.75, 7], "texture": "#1"},
				"east": {"uv": [8.75, 10.625, 9.625, 11], "texture": "#1"},
				"south": {"uv": [0, 10.25, 2.25, 10.625], "texture": "#1"},
				"west": {"uv": [9.625, 10.625, 10.5, 11], "texture": "#1"},
				"up": {"uv": [10.875, 9.375, 8.625, 8.5], "texture": "#1"},
				"down": {"uv": [4.5, 8.875, 2.25, 9.75], "texture": "#1"}
			}
		},
		{
			"from": [4, 3.58972, 2.58579],
			"to": [16, 12.58972, 4.58579],
			"rotation": {"angle": 22.5, "axis": "x", "origin": [8, 2.08972, 4.08579]},
			"faces": {
				"north": {"uv": [0, 9.125, 1.5, 10.25], "texture": "#1"},
				"east": {"uv": [8.25, 2.25, 8.5, 3.375], "texture": "#1"},
				"south": {"uv": [9.5, 2.25, 11, 3.375], "texture": "#1"},
				"west": {"uv": [3, 10.75, 3.25, 11.875], "texture": "#1"},
				"up": {"uv": [12, 2.125, 10.5, 1.875], "texture": "#1"},
				"down": {"uv": [8.25, 10.625, 6.75, 10.875], "texture": "#1"}
			}
		},
		{
			"from": [5, 4.58972, 2.53579],
			"to": [15, 11.58972, 2.53579],
			"rotation": {"angle": 22.5, "axis": "x", "origin": [8, 2.08972, 4.08579]},
			"faces": {
				"north": {"uv": [0, 0, 10, 7], "texture": "#3"},
				"east": {"uv": [0, 0, 0, 7], "texture": "#3"},
				"south": {"uv": [0, 7, 10, 14], "texture": "#3"},
				"west": {"uv": [0, 0, 0, 7], "texture": "#3"},
				"up": {"uv": [10, 0, 0, 0], "texture": "#3"},
				"down": {"uv": [10, 0, 0, 0], "texture": "#3"}
			}
		},
		{
			"from": [0, 8.66472, 2.93579],
			"to": [2, 9.66472, 2.93579],
			"rotation": {"angle": 22.5, "axis": "x", "origin": [8, 3.01472, 4.08579]},
			"faces": {
				"north": {"uv": [0, 0, 16, 8], "texture": "#4"},
				"east": {"uv": [0, 0, 0, 1], "texture": "#4"},
				"south": {"uv": [0, 1, 2, 2], "texture": "#4"},
				"west": {"uv": [0, 0, 0, 1], "texture": "#4"},
				"up": {"uv": [2, 0, 0, 0], "texture": "#4"},
				"down": {"uv": [2, 0, 0, 0], "texture": "#4"}
			}
		},
		{
			"from": [-1, 7.58972, 2.58579],
			"to": [3, 13.58972, 4.58579],
			"rotation": {"angle": 22.5, "axis": "x", "origin": [8, 2.08972, 4.08579]},
			"faces": {
				"north": {"uv": [1.5, 10.625, 2, 11.375], "texture": "#1"},
				"east": {"uv": [4.875, 10.875, 5.125, 11.625], "texture": "#1"},
				"south": {"uv": [8.25, 10.625, 8.75, 11.375], "texture": "#1"},
				"west": {"uv": [5.125, 10.875, 5.375, 11.625], "texture": "#1"},
				"up": {"uv": [7.25, 8.75, 6.75, 8.5], "texture": "#1"},
				"down": {"uv": [5.875, 10.875, 5.375, 11.125], "texture": "#1"}
			}
		},
		{
			"from": [2, 2.58972, 2.58579],
			"to": [3, 7.58972, 6.58579],
			"rotation": {"angle": 22.5, "axis": "x", "origin": [8, 2.08972, 4.08579]},
			"faces": {
				"north": {"uv": [8.5, 2.25, 8.625, 2.875], "texture": "#1"},
				"east": {"uv": [1.5, 9.125, 2, 9.75], "texture": "#1"},
				"south": {"uv": [4.5, 8.875, 4.625, 9.5], "texture": "#1"},
				"west": {"uv": [10.5, 10.625, 11, 11.25], "texture": "#1"},
				"up": {"uv": [8.625, 3.375, 8.5, 2.875], "texture": "#1"},
				"down": {"uv": [2.25, 9.125, 2.125, 9.625], "texture": "#1"}
			}
		},
		{
			"from": [-1, 2.58972, 2.58579],
			"to": [0, 7.58972, 6.58579],
			"rotation": {"angle": 22.5, "axis": "x", "origin": [8, 2.08972, 4.08579]},
			"faces": {
				"north": {"uv": [4.875, 8.875, 5, 9.5], "texture": "#1"},
				"east": {"uv": [2, 10.75, 2.5, 11.375], "texture": "#1"},
				"south": {"uv": [2, 9.125, 2.125, 9.75], "texture": "#1"},
				"west": {"uv": [2.5, 10.75, 3, 11.375], "texture": "#1"},
				"up": {"uv": [5, 10, 4.875, 9.5], "texture": "#1"},
				"down": {"uv": [5, 10, 4.875, 10.5], "texture": "#1"}
			}
		},
		{
			"from": [-3, -16, 0],
			"to": [19, 2, 16],
			"rotation": {"angle": 0, "axis": "y", "origin": [8, -4.5, 8]},
			"faces": {
				"north": {"uv": [2.75, 0, 5.5, 2.25], "texture": "#1"},
				"east": {"uv": [5.5, 4, 7.5, 6.25], "texture": "#1"},
				"south": {"uv": [2.75, 2.25, 5.5, 4.5], "texture": "#1"},
				"west": {"uv": [5.5, 6.25, 7.5, 8.5], "texture": "#1"},
				"up": {"uv": [8.25, 2, 5.5, 0], "texture": "#1"},
				"down": {"uv": [8.25, 2, 5.5, 4], "texture": "#1"}
			}
		},
		{
			"from": [-2, -15, -0.2],
			"to": [18, -7, -0.2],
			"rotation": {"angle": 0, "axis": "y", "origin": [8, -4.5, 8]},
			"faces": {
				"north": {"uv": [0, 0, 10, 4], "texture": "#2"},
				"east": {"uv": [0, 0, 0, 4], "texture": "#2"},
				"south": {"uv": [0, 4, 10, 8], "texture": "#2"},
				"west": {"uv": [0, 0, 0, 4], "texture": "#2"},
				"up": {"uv": [10, 0, 0, 0], "texture": "#2"},
				"down": {"uv": [10, 0, 0, 0], "texture": "#2"}
			}
		},
		{
			"from": [14, -14, -0.7],
			"to": [16, -8, 0.3],
			"rotation": {"angle": 0, "axis": "y", "origin": [8, -4.5, 8]},
			"faces": {
				"north": {"uv": [1, 0.5, 2, 3.5], "texture": "#2"},
				"east": {"uv": [1, 0.5, 2, 3.5], "texture": "#2"},
				"south": {"uv": [0, 4, 10, 8], "texture": "#2"},
				"west": {"uv": [1, 0.5, 2, 3.5], "texture": "#2"},
				"up": {"uv": [1, 0.5, 2, 3.5], "texture": "#2"},
				"down": {"uv": [1, 0.5, 2, 3.5], "texture": "#2"}
			}
		},
		{
			"from": [2, -4, -3.8],
			"to": [14, 0, -0.8],
			"rotation": {"angle": 0, "axis": "y", "origin": [8, -4.5, 8]},
			"faces": {
				"north": {"uv": [6.75, 8.75, 8.25, 9.25], "texture": "#1"},
				"east": {"uv": [8.25, 3.375, 8.625, 3.875], "texture": "#1"},
				"south": {"uv": [2.25, 10.25, 3.75, 10.75], "texture": "#1"},
				"west": {"uv": [8.25, 8.75, 8.625, 9.25], "texture": "#1"},
				"up": {"uv": [12, 1.5, 10.5, 1.125], "texture": "#1"},
				"down": {"uv": [12, 1.5, 10.5, 1.875], "texture": "#1"}
			}
		},
		{
			"from": [17, 2, 0],
			"to": [19, 21, 7],
			"rotation": {"angle": 0, "axis": "y", "origin": [8, -4.5, 8]},
			"faces": {
				"north": {"uv": [4.625, 8.875, 4.875, 11.25], "texture": "#1"},
				"east": {"uv": [5, 8.5, 5.875, 10.875], "texture": "#1"},
				"south": {"uv": [3.75, 10.25, 4, 12.625], "texture": "#1"},
				"west": {"uv": [5.875, 8.5, 6.75, 10.875], "texture": "#1"},
				"up": {"uv": [3.5, 11.625, 3.25, 10.75], "texture": "#1"},
				"down": {"uv": [3.75, 10.75, 3.5, 11.625], "texture": "#1"}
			}
		},
		{
			"from": [-3, 2, 0],
			"to": [-1, 21, 7],
			"rotation": {"angle": 0, "axis": "y", "origin": [8, -4.5, 8]},
			"faces": {
				"north": {"uv": [0, 10.625, 0.25, 13], "texture": "#1"},
				"east": {"uv": [8.625, 2.25, 9.5, 4.625], "texture": "#1"},
				"south": {"uv": [0.25, 10.625, 0.5, 13], "texture": "#1"},
				"west": {"uv": [8.625, 4.625, 9.5, 7], "texture": "#1"},
				"up": {"uv": [4.25, 11.75, 4, 10.875], "texture": "#1"},
				"down": {"uv": [4.5, 10.875, 4.25, 11.75], "texture": "#1"}
			}
		},
		{
			"from": [-1, 12.6, 5.75],
			"to": [17, 21.6, 10.75],
			"rotation": {"angle": -45, "axis": "x", "origin": [8, 16, 4]},
			"faces": {
				"north": {"uv": [2.75, 7.75, 5, 8.875], "texture": "#1"},
				"east": {"uv": [4, 9.75, 4.625, 10.875], "texture": "#1"},
				"south": {"uv": [0, 8, 2.25, 9.125], "texture": "#1"},
				"west": {"uv": [10.5, 0, 11.125, 1.125], "texture": "#1"},
				"up": {"uv": [11.75, 5.5, 9.5, 4.875], "texture": "#1"},
				"down": {"uv": [11.75, 5.5, 9.5, 6.125], "texture": "#1"}
			}
		},
		{
			"from": [-1, -6.6694, -1.26525],
			"to": [17, 2.3306, 2.73475],
			"rotation": {"angle": -22.5, "axis": "x", "origin": [8, -3.7694, 1.98475]},
			"faces": {
				"north": {"uv": [8.25, 0, 10.5, 1.125], "texture": "#1"},
				"east": {"uv": [0.5, 10.625, 1, 11.75], "texture": "#1"},
				"south": {"uv": [8.25, 1.125, 10.5, 2.25], "texture": "#1"},
				"west": {"uv": [1, 10.625, 1.5, 11.75], "texture": "#1"},
				"up": {"uv": [9, 10.625, 6.75, 10.125], "texture": "#1"},
				"down": {"uv": [11.25, 10.125, 9, 10.625], "texture": "#1"}
			}
		}
	],
	"gui_light": "front",
	"display": {
		"thirdperson_righthand": {
			"rotation": [65, 25, 0],
			"translation": [0, 1.5, 0],
			"scale": [0.25977, 0.25977, 0.25977]
		},
		"thirdperson_lefthand": {
			"rotation": [65, 25, 0],
			"translation": [0, 1.5, 0],
			"scale": [0.25977, 0.25977, 0.25977]
		},
		"firstperson_righthand": {
			"rotation": [8, 112, 0],
			"translation": [2, 4.5, 0.75],
			"scale": [0.17344, 0.17344, 0.17344]
		},
		"firstperson_lefthand": {
			"rotation": [8, 112, 0],
			"translation": [2, 4.5, 0.75],
			"scale": [0.17344, 0.17344, 0.17344]
		},
		"ground": {
			"translation": [0, 4, 0],
			"scale": [0.25, 0.25, 0.25]
		},
		"gui": {
			"rotation": [4, -162, 0],
			"translation": [0, 0.25, 0],
			"scale": [0.31641, 0.31641, 0.31641]
		},
		"head": {
			"translation": [0, -6.75, -5.84],
			"scale": [1.6, 1.6, 1.6]
		},
		"fixed": {
			"rotation": [-90, 0, 0],
			"translation": [0.25, -0.5, -46],
			"scale": [2, 2, 2]
		}
	}
}