{
	"credit": "Made with Blockbench",
	"texture_size": [64, 64],
	"textures": {
		"0": "block/gengar_beanie",
		"particle": "block/gengar_beanie"
	},
	"elements": [
		{
			"from": [2.5, 13.25, 1.6],
			"to": [13.5, 18.25, 12.6],
			"rotation": {"angle": 22.5, "axis": "x", "origin": [8.5, 13.25, 5.6]},
			"faces": {
				"north": {"uv": [2.75, 2.75, 5.5, 4], "texture": "#0"},
				"east": {"uv": [0, 2.75, 2.75, 4], "texture": "#0"},
				"south": {"uv": [8.25, 2.75, 11, 4], "texture": "#0"},
				"west": {"uv": [5.5, 2.75, 8.25, 4], "texture": "#0"},
				"up": {"uv": [5.5, 2.75, 2.75, 0], "texture": "#0"},
				"down": {"uv": [8.25, 0, 5.5, 2.75], "texture": "#0"}
			}
		},
		{
			"from": [3.5, 17.75, 2.1],
			"to": [12.5, 20.75, 12.1],
			"rotation": {"angle": 22.5, "axis": "x", "origin": [7.5, 13.25, 6.1]},
			"faces": {
				"north": {"uv": [2.5, 6.5, 4.75, 7.25], "texture": "#0"},
				"east": {"uv": [0, 6.5, 2.5, 7.25], "texture": "#0"},
				"south": {"uv": [7.25, 6.5, 9.5, 7.25], "texture": "#0"},
				"west": {"uv": [4.75, 6.5, 7.25, 7.25], "texture": "#0"},
				"up": {"uv": [4.75, 6.5, 2.5, 4], "texture": "#0"},
				"down": {"uv": [7, 4, 4.75, 6.5], "texture": "#0"}
			}
		},
		{
			"from": [5, 23, 3.35],
			"to": [11, 26, 10.35],
			"rotation": {"angle": 45, "axis": "x", "origin": [8, 17.25, 2.6]},
			"faces": {
				"north": {"uv": [1.75, 9, 3.25, 9.75], "texture": "#0"},
				"east": {"uv": [0, 9, 1.75, 9.75], "texture": "#0"},
				"south": {"uv": [5, 9, 6.5, 9.75], "texture": "#0"},
				"west": {"uv": [3.25, 9, 5, 9.75], "texture": "#0"},
				"up": {"uv": [3.25, 9, 1.75, 7.25], "texture": "#0"},
				"down": {"uv": [4.75, 7.25, 3.25, 9], "texture": "#0"}
			}
		},
		{
			"from": [5.5, 17.3901, 8.60801],
			"to": [10.5, 21.3901, 13.60801],
			"rotation": {"angle": -22.5, "axis": "x", "origin": [8.5, 19.55367, 8.66231]},
			"faces": {
				"north": {"uv": [1.25, 11, 2.5, 12], "texture": "#0"},
				"east": {"uv": [0, 11, 1.25, 12], "texture": "#0"},
				"south": {"uv": [3.75, 11, 5, 12], "texture": "#0"},
				"west": {"uv": [2.5, 11, 3.75, 12], "texture": "#0"},
				"up": {"uv": [2.5, 11, 1.25, 9.75], "texture": "#0"},
				"down": {"uv": [3.75, 9.75, 2.5, 11], "texture": "#0"}
			}
		},
		{
			"from": [6, 22.06922, 5.41645],
			"to": [10, 22.06922, 9.41645],
			"rotation": {"angle": -45, "axis": "x", "origin": [8, 22.03172, 6.67025]},
			"faces": {
				"north": {"uv": [13.5, 10.25, 14.5, 10.25], "texture": "#0"},
				"east": {"uv": [12.5, 10.25, 13.5, 10.25], "texture": "#0"},
				"south": {"uv": [15.5, 10.25, 16.5, 10.25], "texture": "#0"},
				"west": {"uv": [14.5, 10.25, 15.5, 10.25], "texture": "#0"},
				"up": {"uv": [14.5, 10.25, 13.5, 9.25], "texture": "#0"},
				"down": {"uv": [15.5, 9.25, 14.5, 10.25], "texture": "#0"}
			}
		},
		{
			"from": [4.5, 22.1704, 4.97711],
			"to": [6.5, 22.1704, 8.97711],
			"rotation": {"angle": -45, "axis": "x", "origin": [6, 22.1704, 6.97711]},
			"faces": {
				"north": {"uv": [14.5, 11.25, 15, 11.25], "texture": "#0"},
				"east": {"uv": [13.5, 11.25, 14.5, 11.25], "texture": "#0"},
				"south": {"uv": [16, 11.25, 16.5, 11.25], "texture": "#0"},
				"west": {"uv": [15, 11.25, 16, 11.25], "texture": "#0"},
				"up": {"uv": [15, 11.25, 14.5, 10.25], "texture": "#0"},
				"down": {"uv": [15.5, 10.25, 15, 11.25], "texture": "#0"}
			}
		},
		{
			"from": [9.5, 22.1704, 4.97711],
			"to": [11.5, 22.1704, 8.97711],
			"rotation": {"angle": -45, "axis": "x", "origin": [10, 22.1704, 6.97711]},
			"faces": {
				"north": {"uv": [14.5, 11.25, 15, 11.25], "texture": "#0"},
				"east": {"uv": [13.5, 11.25, 14.5, 11.25], "texture": "#0"},
				"south": {"uv": [16, 11.25, 16.5, 11.25], "texture": "#0"},
				"west": {"uv": [15, 11.25, 16, 11.25], "texture": "#0"},
				"up": {"uv": [15, 11.25, 14.5, 10.25], "texture": "#0"},
				"down": {"uv": [15.5, 10.25, 15, 11.25], "texture": "#0"}
			}
		},
		{
			"from": [2.5, 13.75, 1.575],
			"to": [13.5, 17.75, 1.575],
			"rotation": {"angle": 22.5, "axis": "x", "origin": [9, 13.25, 5.6]},
			"faces": {
				"north": {"uv": [0, 14.25, 2.75, 15.25], "texture": "#0"},
				"east": {"uv": [0, 14.25, 0, 15.25], "texture": "#0"},
				"south": {"uv": [2.75, 14.25, 5.5, 15.25], "texture": "#0"},
				"west": {"uv": [2.75, 14.25, 2.75, 15.25], "texture": "#0"},
				"up": {"uv": [2.75, 14.25, 0, 14.25], "texture": "#0"},
				"down": {"uv": [5.5, 14.25, 2.75, 14.25], "texture": "#0"}
			}
		},
		{
			"from": [5.5, 19.4, 4.215],
			"to": [6.5, 21.4, 4.215],
			"rotation": {"angle": 22.5, "axis": "x", "origin": [6, 19.4, 4.215]},
			"faces": {
				"north": {"uv": [3.25, 13, 3.5, 13.5], "texture": "#0"},
				"east": {"uv": [3.25, 13, 3.25, 13.5], "texture": "#0"},
				"south": {"uv": [3.5, 13, 3.75, 13.5], "texture": "#0"},
				"west": {"uv": [3.5, 13, 3.5, 13.5], "texture": "#0"},
				"up": {"uv": [3.5, 13, 3.25, 13], "texture": "#0"},
				"down": {"uv": [3.75, 13, 3.5, 13], "texture": "#0"}
			}
		},
		{
			"from": [3, 19.575, 4.9],
			"to": [7, 22.575, 4.9],
			"rotation": {"angle": 22.5, "axis": "x", "origin": [5, 21.075, 4.3]},
			"faces": {
				"north": {"uv": [2.25, 13.5, 3.25, 14.25], "texture": "#0"},
				"east": {"uv": [2.25, 13.5, 2.25, 14.25], "texture": "#0"},
				"south": {"uv": [3.25, 13.5, 4.25, 14.25], "texture": "#0"},
				"west": {"uv": [3.25, 13.5, 3.25, 14.25], "texture": "#0"},
				"up": {"uv": [3.25, 13.5, 2.25, 13.5], "texture": "#0"},
				"down": {"uv": [4.25, 13.5, 3.25, 13.5], "texture": "#0"}
			}
		},
		{
			"from": [9.5, 19.5, 4.14],
			"to": [10.5, 21.5, 4.14],
			"rotation": {"angle": 22.5, "axis": "x", "origin": [10, 19.5, 4.04]},
			"faces": {
				"north": {"uv": [1.25, 13, 1.5, 13.5], "texture": "#0"},
				"east": {"uv": [1.25, 13, 1.25, 13.5], "texture": "#0"},
				"south": {"uv": [1.5, 13, 1.75, 13.5], "texture": "#0"},
				"west": {"uv": [1.5, 13, 1.5, 13.5], "texture": "#0"},
				"up": {"uv": [1.5, 13, 1.25, 13], "texture": "#0"},
				"down": {"uv": [1.75, 13, 1.5, 13], "texture": "#0"}
			}
		},
		{
			"from": [9, 18.5, 1.9],
			"to": [13, 21.5, 1.9],
			"rotation": {"angle": 22.5, "axis": "x", "origin": [8.5, 13.25, 5.6]},
			"faces": {
				"north": {"uv": [0.25, 13.5, 1.25, 14.25], "texture": "#0"},
				"east": {"uv": [0.25, 13.5, 0.25, 14.25], "texture": "#0"},
				"south": {"uv": [1.25, 13.5, 2.25, 14.25], "texture": "#0"},
				"west": {"uv": [1.25, 13.5, 1.25, 14.25], "texture": "#0"},
				"up": {"uv": [1.25, 13.5, 0.25, 13.5], "texture": "#0"},
				"down": {"uv": [2.25, 13.5, 1.25, 13.5], "texture": "#0"}
			}
		},
		{
			"from": [1.15, 19.50207, 8.58274],
			"to": [5.15, 25.50207, 8.58274],
			"rotation": {"angle": 22.5, "axis": "z", "origin": [7.65, 22.50207, 8.58274]},
			"faces": {
				"north": {"uv": [13.5, 7.75, 14.5, 9.25], "texture": "#0"},
				"east": {"uv": [13.5, 7.75, 13.5, 9.25], "texture": "#0"},
				"south": {"uv": [14.5, 7.75, 15.5, 9.25], "texture": "#0"},
				"west": {"uv": [14.5, 7.75, 14.5, 9.25], "texture": "#0"},
				"up": {"uv": [14.5, 7.75, 13.5, 7.75], "texture": "#0"},
				"down": {"uv": [15.5, 7.75, 14.5, 7.75], "texture": "#0"}
			}
		},
		{
			"from": [11.15, 19.50207, 8.58274],
			"to": [15.15, 25.50207, 8.58274],
			"rotation": {"angle": -22.5, "axis": "z", "origin": [8.65, 22.50207, 8.58274]},
			"faces": {
				"north": {"uv": [13.5, 6.25, 14.5, 7.75], "texture": "#0"},
				"east": {"uv": [13.5, 6.25, 13.5, 7.75], "texture": "#0"},
				"south": {"uv": [14.5, 6.25, 15.5, 7.75], "texture": "#0"},
				"west": {"uv": [14.5, 6.25, 14.5, 7.75], "texture": "#0"},
				"up": {"uv": [14.5, 6.25, 13.5, 6.25], "texture": "#0"},
				"down": {"uv": [15.5, 6.25, 14.5, 6.25], "texture": "#0"}
			}
		}
	],
	"display": {
		"thirdperson_righthand": {
			"rotation": [75, 45, 0],
			"translation": [0, 1.5, -2],
			"scale": [0.375, 0.375, 0.375]
		},
		"thirdperson_lefthand": {
			"rotation": [75, 45, 0],
			"translation": [0, 1.75, -2.5],
			"scale": [0.375, 0.375, 0.375]
		},
		"firstperson_righthand": {
			"rotation": [0, 148, 0],
			"translation": [1, -0.5, 0],
			"scale": [0.4, 0.4, 0.4]
		},
		"firstperson_lefthand": {
			"rotation": [0, 146, 0],
			"translation": [0.75, -0.75, 0],
			"scale": [0.4, 0.4, 0.4]
		},
		"ground": {
			"translation": [0, -3.25, 0]
		},
		"gui": {
			"rotation": [17.5, 157, 0],
			"translation": [0, -9.75, 0]
		},
		"head": {
			"translation": [0, -6.75, 0.5],
			"scale": [1.55, 1.55, 1.55]
		},
		"fixed": {
			"rotation": [-113, 0, 0],
			"translation": [0, 3, 4.75]
		}
	},
	"groups": [
		{
			"name": "gengar_beanie",
			"origin": [0, 0, 0],
			"color": 0,
			"children": [0, 1, 2, 3, 4, 5, 6, 7, 8, 9, 10, 11, 12, 13]
		}
	]
}