{
	"credit": "Made with Blockbench",
	"texture_size": [32, 32],
	"textures": {
		"0": "simplehats:block/custom/hilberthat",
		"particle": "simplehats:block/custom/hilberthat"
	},
	"elements": [
		{
			"name": "hatbrim",
			"from": [4.75, 0, 2],
			"to": [11.25, 0, 4.75],
			"faces": {
				"north": {"uv": [0, 0, 3.25, 0], "texture": "#0"},
				"east": {"uv": [0, 0, 1.5, 0], "texture": "#0"},
				"south": {"uv": [0, 0, 3.25, 0], "texture": "#0"},
				"west": {"uv": [0, 0, 1.5, 0], "texture": "#0"},
				"up": {"uv": [3.25, 11, 0, 9.5], "texture": "#0"},
				"down": {"uv": [12.75, 0, 9.5, 1.5], "texture": "#0"}
			}
		},
		{
			"name": "hatfront",
			"from": [4.75, 0, 4.75],
			"to": [11.25, 3.75, 7.75],
			"faces": {
				"north": {"uv": [0, 5, 3.25, 7], "texture": "#0"},
				"east": {"uv": [7.5, 9.5, 9, 11.5], "texture": "#0"},
				"south": {"uv": [3.5, 5, 6.75, 7], "texture": "#0"},
				"west": {"uv": [9, 9.5, 10.5, 11.5], "texture": "#0"},
				"up": {"uv": [10.75, 8, 7.5, 6.5], "texture": "#0"},
				"down": {"uv": [10.75, 8, 7.5, 9.5], "texture": "#0"}
			}
		},
		{
			"name": "hatL",
			"from": [4.75, 0, 7.75],
			"to": [6.75, 2.5, 11.25],
			"faces": {
				"north": {"uv": [7.5, 11.5, 8.5, 12.75], "texture": "#0"},
				"east": {"uv": [10.5, 9.5, 12.25, 10.75], "texture": "#0"},
				"south": {"uv": [8.5, 11.5, 9.5, 12.75], "texture": "#0"},
				"west": {"uv": [0, 11, 1.75, 12.25], "texture": "#0"},
				"up": {"uv": [3, 12.75, 2, 11], "texture": "#0"},
				"down": {"uv": [11.5, 11, 10.5, 12.75], "texture": "#0"}
			}
		},
		{
			"name": "hatR",
			"from": [9.25, 0, 7.75],
			"to": [11.25, 2.5, 11.25],
			"faces": {
				"north": {"uv": [9.5, 11.5, 10.5, 12.75], "texture": "#0"},
				"east": {"uv": [11, 6.5, 12.75, 7.75], "texture": "#0"},
				"south": {"uv": [11.5, 11, 12.5, 12.25], "texture": "#0"},
				"west": {"uv": [11, 8, 12.75, 9.25], "texture": "#0"},
				"up": {"uv": [12.5, 3.25, 11.5, 1.5], "texture": "#0"},
				"down": {"uv": [12.5, 3.5, 11.5, 5.25], "texture": "#0"}
			}
		},
		{
			"name": "hatback",
			"from": [4.75, 2.5, 7.75],
			"to": [11.25, 3.5, 11.25],
			"faces": {
				"north": {"uv": [11.5, 5.5, 14.75, 6], "texture": "#0"},
				"east": {"uv": [3, 12, 4.75, 12.5], "texture": "#0"},
				"south": {"uv": [11.5, 6, 14.75, 6.5], "texture": "#0"},
				"west": {"uv": [5, 12, 6.75, 12.5], "texture": "#0"},
				"up": {"uv": [9.25, 1.75, 6, 0], "texture": "#0"},
				"down": {"uv": [9.25, 2, 6, 3.75], "texture": "#0"}
			}
		},
		{
			"name": "hattop",
			"from": [7.5, 3.5, 7.75],
			"to": [8.5, 4, 8.75],
			"faces": {
				"north": {"uv": [6.5, 4, 7, 4.25], "texture": "#0"},
				"east": {"uv": [6.5, 4.5, 7, 4.75], "texture": "#0"},
				"south": {"uv": [7, 6.5, 7.5, 6.75], "texture": "#0"},
				"west": {"uv": [3, 11, 3.5, 11.25], "texture": "#0"},
				"up": {"uv": [6.5, 4.5, 6, 4], "texture": "#0"},
				"down": {"uv": [6.5, 4.5, 6, 5], "texture": "#0"}
			}
		},
		{
			"name": "hatsnap",
			"from": [6.25, 0, 11.35],
			"to": [9.75, 1, 11.35],
			"faces": {
				"north": {"uv": [0, 12.5, 1.75, 13], "texture": "#0"},
				"east": {"uv": [0, 0, 0, 0.5], "texture": "#0"},
				"south": {"uv": [12.5, 1.5, 14.25, 2], "texture": "#0"},
				"west": {"uv": [0, 0, 0, 0.5], "texture": "#0"},
				"up": {"uv": [1.75, 0, 0, 0], "texture": "#0"},
				"down": {"uv": [1.75, 0, 0, 0], "texture": "#0"}
			}
		}
	],
	"display": {
		"thirdperson_righthand": {
			"rotation": [30, 0, 0],
			"translation": [0, 5.25, 1.5],
			"scale": [0.7, 0.7, 0.7]
		},
		"thirdperson_lefthand": {
			"rotation": [30, 0, 0],
			"translation": [0, 5.25, 1.5],
			"scale": [0.7, 0.7, 0.7]
		},
		"firstperson_righthand": {
			"rotation": [0, 120, 0],
			"translation": [0, 9.5, 0],
			"scale": [0.9, 0.9, 0.9]
		},
		"firstperson_lefthand": {
			"rotation": [0, 120, 0],
			"translation": [0, 9.5, 0],
			"scale": [0.9, 0.9, 0.9]
		},
		"ground": {
			"translation": [0, 8, 0],
			"scale": [0.85, 0.85, 0.85]
		},
		"gui": {
			"rotation": [-153.08, 35.18, 179.43],
			"translation": [0, 6, 0]
		},
		"head": {
			"translation": [0, 19, 0],
			"scale": [2.23, 2.23, 2.23]
		},
		"fixed": {
			"rotation": [-90, 0, 0],
			"translation": [0, 0, -16],
			"scale": [2, 2, 2]
		}
	},
	"groups": [
		{
			"name": "hat",
			"origin": [0, 0, 0],
			"color": 0,
			"children": [0, 1, 2, 3, 4, 5, 6]
		},
		{
			"name": "hair",
			"origin": [10.5, 0, 7.75],
			"color": 0,
			"children": []
		}
	]
}