{
	"credit": "Made with Blockbench",
	"textures": {
		"1": "block/hot_dog",
		"particle": "block/hot_dog"
	},
	"elements": [
		{
			"from": [5, 3.5, 3.5],
			"to": [7, 5.5, 12.5],
			"rotation": {"angle": 0, "axis": "y", "origin": [8.5, 0, 8]},
			"faces": {
				"north": {"uv": [6.5, 0, 5.5, 1], "texture": "#1"},
				"east": {"uv": [3, 5, 7.5, 6], "texture": "#1"},
				"south": {"uv": [5.5, 0, 6.5, 1], "texture": "#1"},
				"west": {"uv": [1, 0, 5.5, 1], "texture": "#1"},
				"up": {"uv": [7.5, 4.5, 6.5, 0], "texture": "#1"},
				"down": {"uv": [7, 1, 6.5, 0.5], "texture": "#1"}
			}
		},
		{
			"from": [9, 3.5, 3.5],
			"to": [11, 5.5, 12.5],
			"rotation": {"angle": 0, "axis": "y", "origin": [7.5, 0, 8]},
			"faces": {
				"north": {"uv": [5.5, 0, 6.5, 1], "texture": "#1"},
				"east": {"uv": [5.5, 0, 1, 1], "texture": "#1"},
				"south": {"uv": [6.5, 0, 5.5, 1], "texture": "#1"},
				"west": {"uv": [7.5, 5, 3, 6], "texture": "#1"},
				"up": {"uv": [6.5, 4.5, 7.5, 0], "texture": "#1"},
				"down": {"uv": [6.5, 1, 7, 0.5], "texture": "#1"}
			}
		},
		{
			"from": [5, 2.5, 3.5],
			"to": [11, 3.5, 12.5],
			"rotation": {"angle": 0, "axis": "y", "origin": [7.5, 0, 8]},
			"faces": {
				"north": {"uv": [4, 2, 1, 2.5], "texture": "#1"},
				"east": {"uv": [5.5, 1, 1, 1.5], "texture": "#1"},
				"south": {"uv": [4, 2, 1, 2.5], "texture": "#1"},
				"west": {"uv": [5.5, 1, 1, 1.5], "texture": "#1"},
				"up": {"uv": [3, 7.5, 0, 3], "texture": "#1"},
				"down": {"uv": [0, 7.5, 3, 3], "texture": "#1"}
			}
		},
		{
			"from": [6.48, 2.97, 1.98],
			"to": [9.52, 6.01, 14.02],
			"rotation": {"angle": 0, "axis": "y", "origin": [8.01, 4.5, 7.99]},
			"faces": {
				"north": {"uv": [5, 2, 6.5, 3.5], "texture": "#1"},
				"east": {"uv": [3, 6.02, 9, 7.52], "texture": "#1"},
				"south": {"uv": [5, 2, 6.5, 3.5], "texture": "#1"},
				"west": {"uv": [3, 6.02, 9, 7.52], "texture": "#1"},
				"up": {"uv": [7.5, 0, 9, 6], "texture": "#1"},
				"down": {"uv": [6.5, 7, 7, 7.5], "texture": "#1"}
			}
		},
		{
			"from": [6.48, 6.22, 1.98],
			"to": [9.52, 6.22, 14.02],
			"rotation": {"angle": 0, "axis": "y", "origin": [8.01, 4.5, 7.99]},
			"faces": {
				"north": {"uv": [5, 2, 6.5, 3.5], "texture": "#1"},
				"east": {"uv": [3, 6.02, 9, 7.52], "texture": "#1"},
				"south": {"uv": [5, 2, 6.5, 3.5], "texture": "#1"},
				"west": {"uv": [3, 6.02, 9, 7.52], "texture": "#1"},
				"up": {"uv": [9.5, 0, 11, 6], "texture": "#1"},
				"down": {"uv": [9.5, 6, 11, 0], "texture": "#1"}
			}
		}
	],
	"gui_light": "front",
	"display": {
		"thirdperson_righthand": {
			"rotation": [-131.54, -46.91, 179.96],
			"translation": [0, 3.25, 2.75],
			"scale": [0.80313, 0.80313, 0.80313]
		},
		"thirdperson_lefthand": {
			"rotation": [-131.54, -46.91, 179.96],
			"translation": [0, 3.25, 2.75],
			"scale": [0.80313, 0.80313, 0.80313]
		},
		"firstperson_righthand": {
			"rotation": [-166.62, 12.61, 172.99],
			"translation": [8.75, 1.75, -5],
			"scale": [0.79688, 0.79688, 0.79688]
		},
		"firstperson_lefthand": {
			"rotation": [-166.62, 12.61, 172.99],
			"translation": [8.75, 1.75, -5],
			"scale": [0.79688, 0.79688, 0.79688]
		},
		"ground": {
			"translation": [0, 4.25, 0],
			"scale": [0.43945, 0.43945, 0.43945]
		},
		"gui": {
			"rotation": [-133.61, -31, -180],
			"translation": [-0.25, 3, 0],
			"scale": [1.2539, 1.2539, 1.2539]
		},
		"head": {
			"rotation": [0, 3.25, 0],
			"translation": [0, 4.25, 0],
			"scale": [1.6, 1.6, 1.6]
		},
		"fixed": {
			"rotation": [-90, 0, 0],
			"translation": [0, 0, -5.5]
		}
	}
}