{
	"credit": "Made with Blockbench",
	"textures": {
		"0": "block/togekiss"
	},
	"elements": [
		{
			"name": "torso",
			"from": [4, 2.43769, 3.86451],
			"to": [12, 8.43769, 14.36451],
			"rotation": {"angle": 0, "axis": "y", "origin": [-0.75, 4.55294, 1.89495]},
			"faces": {
				"north": {"uv": [2.625, 2.625, 4.625, 4.125], "texture": "#0"},
				"east": {"uv": [0, 2.625, 2.625, 4.125], "texture": "#0"},
				"south": {"uv": [7.25, 2.625, 9.25, 4.125], "texture": "#0"},
				"west": {"uv": [4.625, 2.625, 7.25, 4.125], "texture": "#0"},
				"up": {"uv": [4.625, 2.625, 2.625, 0], "texture": "#0"},
				"down": {"uv": [6.625, 0, 4.625, 2.625], "texture": "#0"}
			}
		},
		{
			"name": "head",
			"from": [5, 2.52097, 2.03772],
			"to": [11, 8.52097, 8.03772],
			"faces": {
				"north": {"uv": [1.5, 8.375, 3, 9.875], "texture": "#0"},
				"east": {"uv": [0, 8.375, 1.5, 9.875], "texture": "#0"},
				"south": {"uv": [4.5, 8.375, 6, 9.875], "texture": "#0"},
				"west": {"uv": [3, 8.375, 4.5, 9.875], "texture": "#0"},
				"up": {"uv": [3, 8.375, 1.5, 6.875], "texture": "#0"},
				"down": {"uv": [4.5, 6.875, 3, 8.375], "texture": "#0"}
			}
		},
		{
			"name": "head_tuff_triangle",
			"from": [6.25, 14.16694, 0.19396],
			"to": [9.75, 19.16694, 0.19396],
			"rotation": {"angle": 45, "axis": "x", "origin": [-0.5625, 9.17963, -5.78398]},
			"faces": {
				"north": {"uv": [0, 4.125, 0.875, 5.375], "texture": "#0"},
				"east": {"uv": [0, 4.125, 0, 5.375], "texture": "#0"},
				"south": {"uv": [0.875, 4.125, 1.75, 5.375], "texture": "#0"},
				"west": {"uv": [0.875, 4.125, 0.875, 5.375], "texture": "#0"},
				"up": {"uv": [0.875, 4.125, 0, 4.125], "texture": "#0"},
				"down": {"uv": [1.75, 4.125, 0.875, 4.125], "texture": "#0"}
			}
		},
		{
			"name": "head_tuff_triangle2",
			"from": [8.44429, 11.36328, 1.70013],
			"to": [10.94429, 15.36328, 1.70013],
			"rotation": {"angle": 45, "axis": "x", "origin": [10.06113, 9.27123, -1.71087]},
			"faces": {
				"north": {"uv": [4.5, 5.125, 5.125, 6.125], "texture": "#0"},
				"east": {"uv": [4.5, 5.125, 4.5, 6.125], "texture": "#0"},
				"south": {"uv": [5.125, 5.125, 5.75, 6.125], "texture": "#0"},
				"west": {"uv": [5.125, 5.125, 5.125, 6.125], "texture": "#0"},
				"up": {"uv": [5.125, 5.125, 4.5, 5.125], "texture": "#0"},
				"down": {"uv": [5.75, 5.125, 5.125, 5.125], "texture": "#0"}
			}
		},
		{
			"name": "head_tuff_triangle3",
			"from": [5.0424, 6.13293, 4.46172],
			"to": [7.5424, 10.13293, 4.46172],
			"rotation": {"angle": 45, "axis": "x", "origin": [3.55747, 9.98707, 6.22068]},
			"faces": {
				"north": {"uv": [4.625, 4.125, 5.25, 5.125], "texture": "#0"},
				"east": {"uv": [4.625, 4.125, 4.625, 5.125], "texture": "#0"},
				"south": {"uv": [5.25, 4.125, 5.875, 5.125], "texture": "#0"},
				"west": {"uv": [5.25, 4.125, 5.25, 5.125], "texture": "#0"},
				"up": {"uv": [5.25, 4.125, 4.625, 4.125], "texture": "#0"},
				"down": {"uv": [5.875, 4.125, 5.25, 4.125], "texture": "#0"}
			}
		},
		{
			"name": "mouth_closed",
			"from": [6.75, 3.48457, 2.01013],
			"to": [9.25, 4.48457, 2.01013],
			"rotation": {"angle": 0, "axis": "y", "origin": [8, 4.5, 1.75]},
			"faces": {
				"north": {"uv": [0, 5.375, 0.625, 5.625], "rotation": 180, "texture": "#0"},
				"east": {"uv": [0.625, 5.375, 0.625, 5.625], "rotation": 180, "texture": "#0"},
				"south": {"uv": [0.625, 5.375, 1.25, 5.625], "rotation": 180, "texture": "#0"},
				"west": {"uv": [0, 5.375, 0, 5.625], "rotation": 180, "texture": "#0"},
				"up": {"uv": [1.25, 5.375, 0.625, 5.375], "rotation": 180, "texture": "#0"},
				"down": {"uv": [0.625, 5.375, 0, 5.375], "rotation": 180, "texture": "#0"}
			}
		},
		{
			"name": "mouth_open",
			"from": [6.745, 3.51043, 2.05512],
			"to": [9.255, 4.52043, 2.06512],
			"faces": {
				"north": {"uv": [0, 2.25, 0.625, 2.5], "texture": "#0"},
				"east": {"uv": [0, 2.25, 0, 2.5], "texture": "#0"},
				"south": {"uv": [0.625, 2.25, 1.25, 2.5], "texture": "#0"},
				"west": {"uv": [0.625, 2.25, 0.625, 2.5], "texture": "#0"},
				"up": {"uv": [0.625, 2.25, 0, 2.25], "texture": "#0"},
				"down": {"uv": [1.25, 2.25, 0.625, 2.25], "texture": "#0"}
			}
		},
		{
			"name": "eye_right",
			"from": [9.33104, 4.95558, 2.01013],
			"to": [10.33104, 5.45558, 2.01013],
			"rotation": {"angle": -22.5, "axis": "z", "origin": [9, 6, 2]},
			"faces": {
				"north": {"uv": [4.875, 0.625, 5.125, 0.75], "texture": "#0"},
				"east": {"uv": [1.75, 0.375, 1.75, 0.75], "texture": "#0"},
				"south": {"uv": [2, 0.375, 2.25, 0.75], "texture": "#0"},
				"west": {"uv": [2, 0.375, 2, 0.75], "texture": "#0"},
				"up": {"uv": [2, 0.375, 1.75, 0.375], "texture": "#0"},
				"down": {"uv": [2.25, 0.375, 2, 0.375], "texture": "#0"}
			}
		},
		{
			"name": "eyelid_right",
			"from": [9.1347, 4.91252, 2.05512],
			"to": [10.1447, 6.42252, 2.06512],
			"faces": {
				"north": {"uv": [0, 0.375, 0.25, 0.75], "texture": "#0"},
				"east": {"uv": [0, 0.375, 0, 0.75], "texture": "#0"},
				"south": {"uv": [0.25, 0.375, 0.5, 0.75], "texture": "#0"},
				"west": {"uv": [0.25, 0.375, 0.25, 0.75], "texture": "#0"},
				"up": {"uv": [0.25, 0.375, 0, 0.375], "texture": "#0"},
				"down": {"uv": [0.5, 0.375, 0.25, 0.375], "texture": "#0"}
			}
		},
		{
			"name": "eye_left",
			"from": [5.66897, 4.95558, 2.01013],
			"to": [6.66897, 5.45558, 2.01013],
			"rotation": {"angle": 22.5, "axis": "z", "origin": [7, 6, 2]},
			"faces": {
				"north": {"uv": [4.875, 1.375, 5.125, 1.5], "texture": "#0"},
				"east": {"uv": [1.75, 0, 1.75, 0.375], "texture": "#0"},
				"south": {"uv": [2, 0, 2.25, 0.375], "texture": "#0"},
				"west": {"uv": [2, 0, 2, 0.375], "texture": "#0"},
				"up": {"uv": [2, 0, 1.75, 0], "texture": "#0"},
				"down": {"uv": [2.25, 0, 2, 0], "texture": "#0"}
			}
		},
		{
			"name": "eyelid_left",
			"from": [5.85531, 4.91252, 2.05512],
			"to": [6.86531, 6.42252, 2.06512],
			"faces": {
				"north": {"uv": [0, 0, 0.25, 0.375], "texture": "#0"},
				"east": {"uv": [0, 0, 0, 0.375], "texture": "#0"},
				"south": {"uv": [0.25, 0, 0.5, 0.375], "texture": "#0"},
				"west": {"uv": [0.25, 0, 0.25, 0.375], "texture": "#0"},
				"up": {"uv": [0.25, 0, 0, 0], "texture": "#0"},
				"down": {"uv": [0.5, 0, 0.25, 0], "texture": "#0"}
			}
		},
		{
			"name": "wing_right",
			"from": [-0.21142, 5.00664, 4.55201],
			"to": [4.78858, 8.00664, 12.55201],
			"rotation": {"angle": 22.5, "axis": "z", "origin": [3.5, 6.61544, 7.83245]},
			"faces": {
				"north": {"uv": [2, 6.125, 3.25, 6.875], "texture": "#0"},
				"east": {"uv": [0, 6.125, 2, 6.875], "texture": "#0"},
				"south": {"uv": [5.25, 6.125, 6.5, 6.875], "texture": "#0"},
				"west": {"uv": [3.25, 6.125, 5.25, 6.875], "texture": "#0"},
				"up": {"uv": [3.25, 6.125, 2, 4.125], "texture": "#0"},
				"down": {"uv": [4.5, 4.125, 3.25, 6.125], "texture": "#0"}
			}
		},
		{
			"name": "wing_right2",
			"from": [-4.69344, 3.58656, 4.74094],
			"to": [0.30656, 5.58656, 11.24094],
			"rotation": {"angle": 22.5, "axis": "z", "origin": [-1, 5.22312, 7.89637]},
			"faces": {
				"north": {"uv": [8.25, 1.625, 9.5, 2.125], "texture": "#0"},
				"east": {"uv": [6.625, 1.625, 8.25, 2.125], "texture": "#0"},
				"south": {"uv": [11.125, 1.625, 12.375, 2.125], "texture": "#0"},
				"west": {"uv": [9.5, 1.625, 11.125, 2.125], "texture": "#0"},
				"up": {"uv": [9.5, 1.625, 8.25, 0], "texture": "#0"},
				"down": {"uv": [10.75, 0, 9.5, 1.625], "texture": "#0"}
			}
		},
		{
			"name": "wing_left",
			"from": [11.34672, 5.33328, 4.42701],
			"to": [16.34672, 8.33328, 12.42701],
			"rotation": {"angle": -22.5, "axis": "z", "origin": [11.75, 6.61544, 8.83245]},
			"faces": {
				"north": {"uv": [6.5, 6.875, 7.75, 7.625], "texture": "#0"},
				"east": {"uv": [4.5, 6.875, 6.5, 7.625], "texture": "#0"},
				"south": {"uv": [9.75, 6.875, 11, 7.625], "texture": "#0"},
				"west": {"uv": [7.75, 6.875, 9.75, 7.625], "texture": "#0"},
				"up": {"uv": [7.75, 6.875, 6.5, 4.875], "texture": "#0"},
				"down": {"uv": [9, 4.875, 7.75, 6.875], "texture": "#0"}
			}
		},
		{
			"name": "wing_left2",
			"from": [16.15538, 3.7779, 4.61594],
			"to": [21.15538, 5.7779, 11.11594],
			"rotation": {"angle": -22.5, "axis": "z", "origin": [17.25, 5.47312, 7.89637]},
			"faces": {
				"north": {"uv": [9.25, 4.125, 10.5, 4.625], "texture": "#0"},
				"east": {"uv": [7.625, 4.125, 9.25, 4.625], "texture": "#0"},
				"south": {"uv": [12.125, 4.125, 13.375, 4.625], "texture": "#0"},
				"west": {"uv": [10.5, 4.125, 12.125, 4.625], "texture": "#0"},
				"up": {"uv": [10.5, 4.125, 9.25, 2.5], "texture": "#0"},
				"down": {"uv": [11.75, 2.5, 10.5, 4.125], "texture": "#0"}
			}
		},
		{
			"name": "tail",
			"from": [8, 3.21823, 14.22746],
			"to": [8, 7.71823, 18.72746],
			"rotation": {"angle": 0, "axis": "x", "origin": [0, 3.64598, 1.5704]},
			"faces": {
				"north": {"uv": [1.125, 1.125, 1.125, 2.25], "texture": "#0"},
				"east": {"uv": [0, 1.125, 1.125, 2.25], "texture": "#0"},
				"south": {"uv": [2.25, 1.125, 2.25, 2.25], "texture": "#0"},
				"west": {"uv": [1.125, 1.125, 2.25, 2.25], "texture": "#0"},
				"up": {"uv": [1.125, 1.125, 1.125, 0], "texture": "#0"},
				"down": {"uv": [1.125, 0, 1.125, 1.125], "texture": "#0"}
			}
		},
		{
			"name": "leg_right",
			"from": [3.81655, 2.24231, 14.34584],
			"to": [5.81655, 3.7423, 17.34584],
			"rotation": {"angle": -22.5, "axis": "y", "origin": [6, 2.9923, 15.7423]},
			"faces": {
				"north": {"uv": [2, 0.75, 2.5, 1.125], "rotation": 180, "texture": "#0"},
				"east": {"uv": [0, 0.75, 0.75, 1.125], "rotation": 180, "texture": "#0"},
				"south": {"uv": [0.75, 0.75, 1.25, 1.125], "rotation": 180, "texture": "#0"},
				"west": {"uv": [1.25, 0.75, 2, 1.125], "rotation": 180, "texture": "#0"},
				"up": {"uv": [1.75, 0, 1.25, 0.75], "texture": "#0"},
				"down": {"uv": [1.25, 0.75, 0.75, 0], "texture": "#0"}
			}
		},
		{
			"name": "leg_left",
			"from": [8.18345, 2.24231, 14.34584],
			"to": [10.18346, 3.7423, 17.34584],
			"rotation": {"angle": 0, "axis": "y", "origin": [8, 2.9923, 15.7423]},
			"faces": {
				"north": {"uv": [8, 8.375, 8.5, 8.75], "rotation": 180, "texture": "#0"},
				"east": {"uv": [6, 8.375, 6.75, 8.75], "rotation": 180, "texture": "#0"},
				"south": {"uv": [6.75, 8.375, 7.25, 8.75], "rotation": 180, "texture": "#0"},
				"west": {"uv": [7.25, 8.375, 8, 8.75], "rotation": 180, "texture": "#0"},
				"up": {"uv": [7.75, 7.625, 7.25, 8.375], "texture": "#0"},
				"down": {"uv": [7.25, 8.375, 6.75, 7.625], "texture": "#0"}
			}
		}
	],
	"display": {
		"thirdperson_righthand": {
			"translation": [0, 5.25, 0]
		},
		"thirdperson_lefthand": {
			"translation": [0, 5.5, 0]
		},
		"gui": {
			"rotation": [0, 152, 0],
			"scale": [0.78, 0.78, 0.78]
		},
		"head": {
			"translation": [0, 21.5, 0],
			"scale": [2.68, 2.68, 2.68]
		},
		"fixed": {
			"rotation": [-90, 0, 0],
			"translation": [0, 0, -20.25],
			"scale": [3.98, 3.98, 3.98]
		}
	},
	"groups": [
		{
			"name": "togekiss",
			"origin": [0, 0, 0],
			"color": 0,
			"children": [
				{
					"name": "body",
					"origin": [0, 0, 0],
					"color": 1,
					"children": [
						{
							"name": "torso",
							"origin": [0, 4.80509, 1.16415],
							"rotation": [10, 0, 0],
							"color": 2,
							"children": [
								0,
								{
									"name": "head",
									"origin": [0, 6.02097, -2.96228],
									"rotation": [-5, 0, 0],
									"color": 3,
									"children": [
										1,
										{
											"name": "head_tuff",
											"origin": [0.5625, -3.35403, -2.02478],
											"color": 4,
											"children": [
												{
													"name": "head_tuff_triangle",
													"origin": [0, 9.04435, -4.53133],
													"color": 5,
													"children": [2]
												},
												{
													"name": "head_tuff_triangle2",
													"origin": [-2.38724, 8.89943, -4.22361],
													"rotation": [0, 75, 0],
													"color": 6,
													"children": [3]
												},
												{
													"name": "head_tuff_triangle3",
													"origin": [2.41234, 8.90621, -4.22121],
													"rotation": [0, -75, 0],
													"color": 7,
													"children": [4]
												}
											]
										},
										{
											"name": "mouth",
											"origin": [-0.25, -3.35403, -2.02478],
											"color": 8,
											"children": [
												{
													"name": "mouth_closed",
													"origin": [0, 4.51543, -5.98987],
													"color": 9,
													"children": [5]
												},
												{
													"name": "mouth_open",
													"origin": [0, 4.51543, -5.93988],
													"color": 0,
													"children": [6]
												}
											]
										},
										{
											"name": "eyes",
											"origin": [0, -3.35403, -2.02478],
											"color": 1,
											"children": [
												{
													"name": "eye_right",
													"origin": [1.6397, 6.16752, -5.98987],
													"rotation": [0, 0, 5],
													"color": 2,
													"children": [
														7,
														{
															"name": "eyelid_right",
															"origin": [1.6397, 6.16752, -5.93988],
															"color": 3,
															"children": [8]
														}
													]
												},
												{
													"name": "eye_left",
													"origin": [-1.63969, 6.16752, -5.98987],
													"rotation": [0, 0, -5],
													"color": 4,
													"children": [
														9,
														{
															"name": "eyelid_left",
															"origin": [-1.63969, 6.16752, -5.93988],
															"color": 5,
															"children": [10]
														}
													]
												}
											]
										}
									]
								},
								{
									"name": "wing_right",
									"origin": [-3.875, 5.80007, 0.5796],
									"color": 6,
									"children": [
										11,
										{
											"name": "wing_right2",
											"origin": [-8.875, 6.24865, 0.04978],
											"color": 7,
											"children": [12]
										}
									]
								},
								{
									"name": "wing_left",
									"origin": [3.875, 5.81097, 0.45507],
									"color": 8,
									"children": [
										13,
										{
											"name": "wing_left2",
											"origin": [8.875, 6.25954, -0.07475],
											"color": 9,
											"children": [14]
										}
									]
								},
								{
									"name": "tail",
									"origin": [0, 3.60483, 6.13924],
									"color": 0,
									"children": [15]
								}
							]
						},
						{
							"name": "leg_right",
							"origin": [-1.18797, 1.4923, 3.2423],
							"color": 1,
							"children": [16]
						},
						{
							"name": "leg_left",
							"origin": [1.18798, 1.4923, 3.2423],
							"color": 2,
							"children": [17]
						}
					]
				}
			]
		}
	]
}