{
	"credit": "Made with Blockbench",
	"parent": "lightsabers:item/lightsaber_vizsla",
	"textures": {
		"1": "item/lightsaber_vizsla",
		"particle": "item/lightsaber_vizsla"
	},
	"elements": [
		{
			"from": [7.5, -6, 7],
			"to": [8.5, 7, 9],
			"faces": {
				"north": {"uv": [10.75, 0, 11.5, 9.75], "texture": "#1"},
				"east": {"uv": [12.75, 0, 14.25, 9.75], "texture": "#1"},
				"south": {"uv": [11.75, 0, 12.5, 9.75], "texture": "#1"},
				"west": {"uv": [14.5, 0, 16, 9.75], "texture": "#1"},
				"up": {"uv": [12.75, 10, 14.25, 10.75], "rotation": 90, "texture": "#1"},
				"down": {"uv": [14.5, 10, 16, 10.75], "texture": "#1"}
			}
		},
		{
			"from": [7.25, 3.5, 6.7],
			"to": [8.75, 6.5, 9.3],
			"rotation": {"angle": 0, "axis": "y", "origin": [16, 1, 0]},
			"faces": {
				"north": {"uv": [2.25, 2.5, 3.5, 4.75], "texture": "#1"},
				"east": {"uv": [3.75, 0, 5.75, 2.25], "texture": "#1"},
				"south": {"uv": [2.25, 0, 3.5, 2.25], "texture": "#1"},
				"west": {"uv": [0, 0, 2, 2.25], "texture": "#1"},
				"up": {"uv": [0, 2.5, 2, 3.75], "rotation": 90, "texture": "#1"},
				"down": {"uv": [0, 5.25, 2, 4], "rotation": 270, "texture": "#1"}
			}
		},
		{
			"from": [7, 0, 7.7],
			"to": [9, 0.5, 12.3],
			"rotation": {"angle": -22.5, "axis": "x", "origin": [15, -3, 1]},
			"faces": {
				"north": {"uv": [10.75, 14.75, 12.25, 15.25], "texture": "#1"},
				"east": {"uv": [7, 15.5, 10.5, 16], "texture": "#1"},
				"south": {"uv": [10.75, 15.5, 12.25, 16], "texture": "#1"},
				"west": {"uv": [12.5, 15.5, 16, 16], "texture": "#1"},
				"up": {"uv": [12.5, 12, 16, 13.5], "rotation": 90, "texture": "#1"},
				"down": {"uv": [12.5, 15.25, 16, 13.75], "rotation": 270, "texture": "#1"}
			}
		},
		{
			"from": [7, 4.1, 9.8],
			"to": [9, 5.7, 10.3],
			"rotation": {"angle": 0, "axis": "x", "origin": [16, -3, 13]},
			"faces": {
				"north": {"uv": [3.25, 14.75, 4.75, 16], "rotation": 270, "texture": "#1"},
				"east": {"uv": [0, 14.75, 0.5, 16], "rotation": 90, "texture": "#1"},
				"south": {"uv": [1.5, 16, 3, 14.75], "rotation": 270, "texture": "#1"},
				"west": {"uv": [0.75, 14.75, 1.25, 16], "rotation": 270, "texture": "#1"},
				"up": {"uv": [1.5, 14, 3, 14.5], "texture": "#1"},
				"down": {"uv": [3.25, 14, 4.75, 14.5], "rotation": 180, "texture": "#1"}
			}
		},
		{
			"from": [7.25, -5.5, 6.7],
			"to": [8.75, -0.5, 9.3],
			"rotation": {"angle": 0, "axis": "y", "origin": [16, -9, 0]},
			"faces": {
				"north": {"uv": [2.25, 8.75, 3.5, 12.5], "texture": "#1"},
				"east": {"uv": [3.75, 8.75, 5.75, 12.5], "texture": "#1"},
				"south": {"uv": [6, 8.75, 7.25, 12.5], "texture": "#1"},
				"west": {"uv": [0, 8.75, 2, 12.5], "texture": "#1"},
				"up": {"uv": [7.5, 8.75, 9.5, 10], "rotation": 90, "texture": "#1"},
				"down": {"uv": [7.5, 11.5, 9.5, 10.25], "rotation": 270, "texture": "#1"}
			}
		},
		{
			"from": [7.25, -0.5, 6.7],
			"to": [8.75, 3.5, 8.3],
			"rotation": {"angle": 0, "axis": "y", "origin": [16, -4, 0]},
			"faces": {
				"north": {"uv": [0, 5.5, 1.25, 8.5], "texture": "#1"},
				"east": {"uv": [1.5, 5.5, 2.75, 8.5], "texture": "#1"},
				"south": {"uv": [3, 5.5, 4.25, 8.5], "texture": "#1"},
				"west": {"uv": [4.5, 5.5, 5.75, 8.5], "texture": "#1"},
				"up": {"uv": [0, 5.5, 1.25, 6.75], "rotation": 90, "texture": "#1"},
				"down": {"uv": [1.5, 6.75, 2.75, 5.5], "rotation": 270, "texture": "#1"}
			}
		}
	],
	"display": {
		"thirdperson_righthand": {
			"translation": [-0.75, 3, 1.25],
			"scale": [0.6, 0.75, 0.6]
		},
		"thirdperson_lefthand": {
			"translation": [-0.75, 3, 1.25],
			"scale": [0.6, 0.75, 0.6]
		},
		"firstperson_righthand": {
			"rotation": [-30, 0, -5],
			"translation": [5, 0.5, -3.5],
			"scale": [0.6, 0.8, 0.6]
		},
		"firstperson_lefthand": {
			"rotation": [-30, 0, -5],
			"translation": [5, 0.5, -3.5],
			"scale": [0.6, 0.8, 0.6]
		},
		"ground": {
			"rotation": [0, 135, 0],
			"translation": [0, 7.5, 0],
			"scale": [0.6, 0.8, 0.6]
		},
		"gui": {
			"rotation": [-74, 0, -17],
			"translation": [-1.5, -1.5, 0]
		},
		"fixed": {
			"rotation": [-90, 0, 90],
			"translation": [-11.25, 0, -0.25],
			"scale": [1.54, 1.54, 1.54]
		}
	}
}