
{
    "portraitScale": 0.5,
    "portraitTranslation": [ 0, 2, 0 ],
    "profileScale": 0.4,
    "profileTranslation": [ 0, 1.1, 0 ],
    "faint": "bedrock(stritan, faint)",
    "poses": {
    "standing": {
        "poseName": "standing",
        "transformTicks": 10,
        "poseTypes": [
        "STAND",
        "NONE",
        "PORTRAIT",
        "PROFILE"
        ],
        "animations": [
        "bedrock(stritan, ground_idle)"
        ]
    },
    "walking": {
        "poseName": "walking",
        "transformTicks": 10,
        "poseTypes": [ "WALK" ],
        "animations": [ "bedrock(stritan, ground_walk)" ]
    }
    }
  }
    