{
	"format_version": "1.8.0",
	"animations": {
		"animation.togekiss.ground_idle": {
			"loop": true,
			"bones": {
				"torso": {
					"rotation": [0, "math.sin(q.anim_time*90*1)*1.5", "math.sin(q.anim_time*90*1)*1"],
					"position": [0, "0.25+math.sin(q.anim_time*90*2)*0.20", 0]
				},
				"head_tuff_triangle": {
					"rotation": ["0+math.sin(q.anim_time*90*2+90)*2", 0, 0]
				},
				"head_tuff_triangle2": {
					"rotation": ["0+math.sin(q.anim_time*90*2+90)*2", 0, 0]
				},
				"head_tuff_triangle3": {
					"rotation": ["0+math.sin(q.anim_time*90*2+90)*2", 0, 0]
				},
				"leg_right": {
					"rotation": ["-25+math.sin(q.anim_time*90*2+90)*6", 0, "0+math.sin(q.anim_time*90*1)*1.5"],
					"position": [0, "0.25+math.sin(q.anim_time*90*2)*0.20", 0]
				},
				"leg_left": {
					"rotation": ["-25+math.sin(q.anim_time*90*2+90)*6", 0, "0+math.sin(q.anim_time*90*1)*1.5"],
					"position": [0, "0.25+math.sin(q.anim_time*90*2)*0.20", 0]
				},
				"togekiss": {
					"position": [0, "6+math.sin(q.anim_time*90*2-60)*1", 0]
				},
				"wing_right": {
					"rotation": [0, 0, "0+math.sin(q.anim_time*90*2)*5"],
					"position": [-1, 0, 0]
				},
				"wing_left": {
					"rotation": [0, 0, "0-math.sin(q.anim_time*90*2)*5"],
					"position": [1, 0, 0]
				},
				"head": {
					"position": ["0+math.sin(q.anim_time*90*1)*0.1", 0, 0]
				},
				"mouth_open": {
					"position": [0, 0, -0.1]
				},
				"wing_right2": {
					"rotation": [0, 0, "0+math.sin(q.anim_time*90*2-60)*7.5"],
					"position": [-0.25, 0, 0]
				},
				"wing_left2": {
					"rotation": [0, 0, "0-math.sin(q.anim_time*90*2-60)*7.5"],
					"position": [0.25, 0, 0]
				},
				"tail": {
					"rotation": ["0+math.sin(q.anim_time*90*2+90)*2", "0+math.sin(q.anim_time*90*2)*1", 0]
				}
			}
		},
		"animation.togekiss.ground_walk": {
			"loop": true,
			"bones": {
				"torso": {
					"rotation": [0, "math.sin(q.anim_time*90*1)*1.5", "math.sin(q.anim_time*90*1)*1"],
					"position": [0, "0.25+math.sin(q.anim_time*90*2)*0.20", 0]
				},
				"head_tuff_triangle": {
					"rotation": ["0+math.sin(q.anim_time*90*2+90)*2", 0, 0]
				},
				"head_tuff_triangle2": {
					"rotation": ["0+math.sin(q.anim_time*90*2+90)*2", 0, 0]
				},
				"head_tuff_triangle3": {
					"rotation": ["0+math.sin(q.anim_time*90*2+90)*2", 0, 0]
				},
				"leg_right": {
					"rotation": ["55+math.sin(q.anim_time*90*2+90)*6", 0, "0+math.sin(q.anim_time*90*1)*1.5"],
					"position": [0, "0.7424+math.sin(q.anim_time*90*2)*0.20", 0.08682]
				},
				"leg_left": {
					"rotation": ["55+math.sin(q.anim_time*90*2+90)*6", 0, "0+math.sin(q.anim_time*90*1)*1.5"],
					"position": [0, "0.7424+math.sin(q.anim_time*90*2)*0.20", 0.08682]
				},
				"togekiss": {
					"rotation": [10, 0, 0],
					"position": [0, "6+math.sin(q.anim_time*90*2-60)*1", 0]
				},
				"wing_right": {
					"rotation": [0, 0, "0+math.sin(q.anim_time*90*2)*5"],
					"position": [-1, 0, 0]
				},
				"wing_left": {
					"rotation": [0, 0, "0-math.sin(q.anim_time*90*2)*5"],
					"position": [1, 0, 0]
				},
				"head": {
					"position": ["0+math.sin(q.anim_time*90*1)*0.1", 0, 0]
				},
				"wing_right2": {
					"rotation": [0, 0, "0+math.sin(q.anim_time*90*2-60)*7.5"],
					"position": [-0.25, 0, 0]
				},
				"wing_left2": {
					"rotation": [0, 0, "0-math.sin(q.anim_time*90*2-60)*7.5"],
					"position": [0.25, 0, 0]
				},
				"tail": {
					"rotation": ["0+math.sin(q.anim_time*90*2+90)*2", "0+math.sin(q.anim_time*90*2)*1", 0]
				}
			}
		},
		"animation.togekiss.sleep": {
			"loop": true,
			"bones": {
				"torso": {
					"rotation": [0, "math.sin(q.anim_time*90*1)*0.25", "math.sin(q.anim_time*90*1)*0.17"],
					"position": [0, "0.25+math.sin(q.anim_time*90*2)*0.03", 0]
				},
				"head_tuff_triangle": {
					"rotation": ["0+math.sin(q.anim_time*90*2+90)*0.3", 0, 0]
				},
				"head_tuff_triangle2": {
					"rotation": ["0+math.sin(q.anim_time*90*2+90)*0.3", 0, 0]
				},
				"head_tuff_triangle3": {
					"rotation": ["0+math.sin(q.anim_time*90*2+90)*0.3", 0, 0]
				},
				"leg_right": {
					"rotation": ["-52.5+math.sin(q.anim_time*90*2+90)*1", 0, "math.sin(q.anim_time*90*1)*0.25"],
					"position": [0, "0.25+math.sin(q.anim_time*90*2)*0.03", 0]
				},
				"leg_left": {
					"rotation": ["-52.5+math.sin(q.anim_time*90*2+90)*1", 0, "math.sin(q.anim_time*90*1)*0.25"],
					"position": [0, "0.25+math.sin(q.anim_time*90*2)*0.03", 0]
				},
				"togekiss": {
					"position": [0, -1.4, 0]
				},
				"wing_right": {
					"rotation": [0, 0, "0+math.sin(q.anim_time*90*2)*0.8"],
					"position": [-1, 0, 0]
				},
				"wing_left": {
					"rotation": [0, 0, "0-math.sin(q.anim_time*90*2)*0.8"],
					"position": [1, 0, 0]
				},
				"head": {
					"position": ["0+math.sin(q.anim_time*90*1)*0.017", 0, 0]
				},
				"wing_right2": {
					"rotation": [0, 0, "0+math.sin(q.anim_time*90*2-60)*1.25"],
					"position": [-0.25, 0, 0]
				},
				"wing_left2": {
					"rotation": [0, 0, "0-math.sin(q.anim_time*90*2-60)*1.25"],
					"position": [0.25, 0, 0]
				},
				"tail": {
					"rotation": ["0+math.sin(q.anim_time*90*2+90)*0.3", "0+math.sin(q.anim_time*90*2)*0.17", 0]
				},
				"eyelid_right": {
					"position": [0, 0, -0.1]
				},
				"eyelid_left": {
					"position": [0, 0, -0.1]
				}
			}
		},
		"animation.togekiss.blink": {
			"animation_length": 0.16667,
			"bones": {
				"eyelid_right": {
					"position": {
						"0.0": [0, 0, -0.1],
						"0.125": [0, 0, -0.1],
						"0.1667": [0, 0, 0]
					}
				},
				"eyelid_left": {
					"position": {
						"0.0": [0, 0, -0.1],
						"0.125": [0, 0, -0.1],
						"0.1667": [0, 0, 0]
					}
				},
				"arm_right": {
					"rotation": [3.3191, 14.6364, 12.9264]
				},
				"arm_left": {
					"rotation": [3.3191, -14.6364, -12.9264]
				}
			}
		}
	},
	"geckolib_format_version": 2
}