{
	"credit": "MadewithBlockbench",
	"texture_size": [32, 32],
	"textures": {
		"2": "elitecreatures:block/scienceequipment02texture"
	},
	"elements": [
		{
			"from": [6.75, 2, 3.75],
			"to": [9.25, 10, 6.25],
			"rotation": {"angle": 0, "axis": "y", "origin": [0, 0, 16]},
			"faces": {
				"north": {"uv": [0, 0, 1.25, 4], "texture": "#2"},
				"east": {"uv": [0, 0, 1.25, 4], "texture": "#2"},
				"south": {"uv": [0, 0, 1.25, 4], "texture": "#2"},
				"west": {"uv": [0, 0, 1.25, 4], "texture": "#2"},
				"up": {"uv": [2.5, 1.25, 1.25, 0], "texture": "#2"},
				"down": {"uv": [2.5, 0, 1.25, 1.25], "texture": "#2"}
			}
		},
		{
			"from": [-2, 6, 2],
			"to": [18, 7, 14],
			"faces": {
				"north": {"uv": [3.25, 6, 13.25, 6.5], "texture": "#2"},
				"east": {"uv": [3.25, 6.5, 9.25, 7], "texture": "#2"},
				"south": {"uv": [3.25, 6, 13.25, 6.5], "texture": "#2"},
				"west": {"uv": [3.25, 6.5, 9.25, 7], "texture": "#2"},
				"up": {"uv": [13.25, 6, 3.25, 0], "texture": "#2"},
				"down": {"uv": [13.25, 0, 3.25, 6], "texture": "#2"}
			}
		},
		{
			"from": [-2, 0, 2],
			"to": [18, 1, 14],
			"faces": {
				"north": {"uv": [3, 15.5, 13, 16], "texture": "#2"},
				"east": {"uv": [3, 15.5, 9, 16], "texture": "#2"},
				"south": {"uv": [3, 15.5, 13, 16], "texture": "#2"},
				"west": {"uv": [3, 15.5, 9, 16], "texture": "#2"},
				"up": {"uv": [13, 15.5, 3, 9.5], "texture": "#2"},
				"down": {"uv": [13, 9.5, 3, 15.5], "texture": "#2"}
			}
		},
		{
			"from": [-2, 1, 2],
			"to": [-1, 6, 14],
			"rotation": {"angle": 0, "axis": "y", "origin": [16, 0, 0]},
			"faces": {
				"north": {"uv": [9.25, 7, 9.75, 9.5], "texture": "#2"},
				"east": {"uv": [3.25, 7, 9.25, 9.5], "texture": "#2"},
				"south": {"uv": [9.25, 7, 9.75, 9.5], "texture": "#2"},
				"west": {"uv": [3.25, 7, 9.25, 9.5], "texture": "#2"},
				"up": {"uv": [13.75, 6, 13.25, 0], "texture": "#2"},
				"down": {"uv": [13.75, 0, 13.25, 6], "texture": "#2"}
			}
		},
		{
			"from": [7.25, 1, 4.25],
			"to": [8.75, 2, 5.75],
			"rotation": {"angle": 0, "axis": "y", "origin": [0, 0, 16]},
			"faces": {
				"north": {"uv": [2.5, 0.75, 3.25, 1.25], "texture": "#2"},
				"east": {"uv": [2.5, 0.75, 3.25, 1.25], "texture": "#2"},
				"south": {"uv": [2.5, 0.75, 3.25, 1.25], "texture": "#2"},
				"west": {"uv": [2.5, 0.75, 3.25, 1.25], "texture": "#2"},
				"up": {"uv": [3.25, 0.75, 2.5, 0], "texture": "#2"},
				"down": {"uv": [3.25, 0, 2.5, 0.75], "texture": "#2"}
			}
		},
		{
			"from": [13.25, 1, 4.25],
			"to": [14.75, 2, 5.75],
			"rotation": {"angle": 0, "axis": "y", "origin": [0, 0, 16]},
			"faces": {
				"north": {"uv": [2.5, 0.75, 3.25, 1.25], "texture": "#2"},
				"east": {"uv": [2.5, 0.75, 3.25, 1.25], "texture": "#2"},
				"south": {"uv": [2.5, 0.75, 3.25, 1.25], "texture": "#2"},
				"west": {"uv": [2.5, 0.75, 3.25, 1.25], "texture": "#2"},
				"up": {"uv": [3.25, 0.75, 2.5, 0], "texture": "#2"},
				"down": {"uv": [3.25, 0, 2.5, 0.75], "texture": "#2"}
			}
		},
		{
			"from": [12.75, 2, 3.75],
			"to": [15.25, 10, 6.25],
			"rotation": {"angle": 0, "axis": "y", "origin": [0, 0, 16]},
			"faces": {
				"north": {"uv": [0, 0, 1.25, 4], "texture": "#2"},
				"east": {"uv": [0, 0, 1.25, 4], "texture": "#2"},
				"south": {"uv": [0, 0, 1.25, 4], "texture": "#2"},
				"west": {"uv": [0, 0, 1.25, 4], "texture": "#2"},
				"up": {"uv": [2.5, 1.25, 1.25, 0], "texture": "#2"},
				"down": {"uv": [2.5, 0, 1.25, 1.25], "texture": "#2"}
			}
		},
		{
			"from": [1.25, 1, 4.25],
			"to": [2.75, 2, 5.75],
			"rotation": {"angle": 0, "axis": "y", "origin": [16, 0, 16]},
			"faces": {
				"north": {"uv": [3.25, 0.75, 2.5, 1.25], "texture": "#2"},
				"east": {"uv": [3.25, 0.75, 2.5, 1.25], "texture": "#2"},
				"south": {"uv": [3.25, 0.75, 2.5, 1.25], "texture": "#2"},
				"west": {"uv": [3.25, 0.75, 2.5, 1.25], "texture": "#2"},
				"up": {"uv": [2.5, 0.75, 3.25, 0], "texture": "#2"},
				"down": {"uv": [2.5, 0, 3.25, 0.75], "texture": "#2"}
			}
		},
		{
			"from": [0.75, 2, 3.75],
			"to": [3.25, 10, 6.25],
			"rotation": {"angle": 0, "axis": "y", "origin": [16, 0, 16]},
			"faces": {
				"north": {"uv": [1.25, 0, 0, 4], "texture": "#2"},
				"east": {"uv": [1.25, 0, 0, 4], "texture": "#2"},
				"south": {"uv": [1.25, 0, 0, 4], "texture": "#2"},
				"west": {"uv": [1.25, 0, 0, 4], "texture": "#2"},
				"up": {"uv": [1.25, 1.25, 2.5, 0], "texture": "#2"},
				"down": {"uv": [1.25, 0, 2.5, 1.25], "texture": "#2"}
			}
		},
		{
			"from": [13.25, 1, 10.25],
			"to": [14.75, 2, 11.75],
			"faces": {
				"north": {"uv": [3.25, 0.75, 2.5, 1.25], "texture": "#2"},
				"east": {"uv": [3.25, 0.75, 2.5, 1.25], "texture": "#2"},
				"south": {"uv": [3.25, 0.75, 2.5, 1.25], "texture": "#2"},
				"west": {"uv": [3.25, 0.75, 2.5, 1.25], "texture": "#2"},
				"up": {"uv": [3.25, 0, 2.5, 0.75], "texture": "#2"},
				"down": {"uv": [3.25, 0.75, 2.5, 0], "texture": "#2"}
			}
		},
		{
			"from": [12.75, 2, 9.75],
			"to": [15.25, 10, 12.25],
			"faces": {
				"north": {"uv": [1.25, 0, 0, 4], "texture": "#2"},
				"east": {"uv": [1.25, 0, 0, 4], "texture": "#2"},
				"south": {"uv": [1.25, 0, 0, 4], "texture": "#2"},
				"west": {"uv": [1.25, 0, 0, 4], "texture": "#2"},
				"up": {"uv": [2.5, 0, 1.25, 1.25], "texture": "#2"},
				"down": {"uv": [2.5, 1.25, 1.25, 0], "texture": "#2"}
			}
		},
		{
			"from": [7.25, 1, 10.25],
			"to": [8.75, 2, 11.75],
			"faces": {
				"north": {"uv": [3.25, 0.75, 2.5, 1.25], "texture": "#2"},
				"east": {"uv": [3.25, 0.75, 2.5, 1.25], "texture": "#2"},
				"south": {"uv": [3.25, 0.75, 2.5, 1.25], "texture": "#2"},
				"west": {"uv": [3.25, 0.75, 2.5, 1.25], "texture": "#2"},
				"up": {"uv": [3.25, 0, 2.5, 0.75], "texture": "#2"},
				"down": {"uv": [3.25, 0.75, 2.5, 0], "texture": "#2"}
			}
		},
		{
			"from": [1.25, 1, 10.25],
			"to": [2.75, 2, 11.75],
			"rotation": {"angle": 0, "axis": "y", "origin": [16, 0, 0]},
			"faces": {
				"north": {"uv": [2.5, 0.75, 3.25, 1.25], "texture": "#2"},
				"east": {"uv": [2.5, 0.75, 3.25, 1.25], "texture": "#2"},
				"south": {"uv": [2.5, 0.75, 3.25, 1.25], "texture": "#2"},
				"west": {"uv": [2.5, 0.75, 3.25, 1.25], "texture": "#2"},
				"up": {"uv": [2.5, 0, 3.25, 0.75], "texture": "#2"},
				"down": {"uv": [2.5, 0.75, 3.25, 0], "texture": "#2"}
			}
		},
		{
			"from": [0.75, 2, 9.75],
			"to": [3.25, 10, 12.25],
			"rotation": {"angle": 0, "axis": "y", "origin": [16, 0, 0]},
			"faces": {
				"north": {"uv": [0, 0, 1.25, 4], "texture": "#2"},
				"east": {"uv": [0, 0, 1.25, 4], "texture": "#2"},
				"south": {"uv": [0, 0, 1.25, 4], "texture": "#2"},
				"west": {"uv": [0, 0, 1.25, 4], "texture": "#2"},
				"up": {"uv": [1.25, 0, 2.5, 1.25], "texture": "#2"},
				"down": {"uv": [1.25, 1.25, 2.5, 0], "texture": "#2"}
			}
		},
		{
			"from": [17, 1, 2],
			"to": [18, 6, 14],
			"faces": {
				"north": {"uv": [9.75, 7, 9.25, 9.5], "texture": "#2"},
				"east": {"uv": [9.25, 7, 3.25, 9.5], "texture": "#2"},
				"south": {"uv": [9.75, 7, 9.25, 9.5], "texture": "#2"},
				"west": {"uv": [9.25, 7, 3.25, 9.5], "texture": "#2"},
				"up": {"uv": [13.25, 6, 13.75, 0], "texture": "#2"},
				"down": {"uv": [13.25, 0, 13.75, 6], "texture": "#2"}
			}
		},
		{
			"from": [6.75, 2, 9.75],
			"to": [9.25, 10, 12.25],
			"faces": {
				"north": {"uv": [1.25, 0, 0, 4], "texture": "#2"},
				"east": {"uv": [1.25, 0, 0, 4], "texture": "#2"},
				"south": {"uv": [1.25, 0, 0, 4], "texture": "#2"},
				"west": {"uv": [1.25, 0, 0, 4], "texture": "#2"},
				"up": {"uv": [2.5, 0, 1.25, 1.25], "texture": "#2"},
				"down": {"uv": [2.5, 1.25, 1.25, 0], "texture": "#2"}
			}
		},
		{
			"from": [7.25, 2, 4.25],
			"to": [8.75, 8, 5.75],
			"rotation": {"angle": 0, "axis": "y", "origin": [0, 0, 16]},
			"faces": {
				"north": {"uv": [0, 4, 0.75, 7], "texture": "#2"},
				"east": {"uv": [0, 4, 0.75, 7], "texture": "#2"},
				"south": {"uv": [0, 4, 0.75, 7], "texture": "#2"},
				"west": {"uv": [0, 4, 0.75, 7], "texture": "#2"},
				"up": {"uv": [0.75, 0.75, 0, 0], "texture": "#2"},
				"down": {"uv": [0.75, 0, 0, 0.75], "texture": "#2"}
			}
		},
		{
			"from": [1.25, 2, 4.25],
			"to": [2.75, 8, 5.75],
			"rotation": {"angle": 0, "axis": "y", "origin": [0, 0, 16]},
			"faces": {
				"north": {"uv": [0, 7, 0.75, 10], "texture": "#2"},
				"east": {"uv": [0, 7, 0.75, 10], "texture": "#2"},
				"south": {"uv": [0, 7, 0.75, 10], "texture": "#2"},
				"west": {"uv": [0, 7, 0.75, 10], "texture": "#2"},
				"up": {"uv": [1.5, 0.75, 0.75, 0], "texture": "#2"},
				"down": {"uv": [1.5, 0, 0.75, 0.75], "texture": "#2"}
			}
		},
		{
			"from": [13.25, 2, 4.25],
			"to": [14.75, 8, 5.75],
			"rotation": {"angle": 0, "axis": "y", "origin": [16, 0, 16]},
			"faces": {
				"north": {"uv": [0.75, 10, 0, 13], "texture": "#2"},
				"east": {"uv": [0.75, 10, 0, 13], "texture": "#2"},
				"south": {"uv": [0.75, 10, 0, 13], "texture": "#2"},
				"west": {"uv": [0.75, 10, 0, 13], "texture": "#2"},
				"up": {"uv": [0, 1.5, 0.75, 0.75], "texture": "#2"},
				"down": {"uv": [0, 0.75, 0.75, 1.5], "texture": "#2"}
			}
		},
		{
			"from": [1.25, 2, 10.25],
			"to": [2.75, 8, 11.75],
			"faces": {
				"north": {"uv": [0.75, 10, 0, 13], "texture": "#2"},
				"east": {"uv": [0.75, 10, 0, 13], "texture": "#2"},
				"south": {"uv": [0.75, 10, 0, 13], "texture": "#2"},
				"west": {"uv": [0.75, 10, 0, 13], "texture": "#2"},
				"up": {"uv": [0.75, 0.75, 0, 1.5], "texture": "#2"},
				"down": {"uv": [0.75, 1.5, 0, 0.75], "texture": "#2"}
			}
		},
		{
			"from": [7.25, 2, 10.25],
			"to": [8.75, 8, 11.75],
			"rotation": {"angle": 0, "axis": "y", "origin": [16, 0, 0]},
			"faces": {
				"north": {"uv": [0, 7, 0.75, 10], "texture": "#2"},
				"east": {"uv": [0, 7, 0.75, 10], "texture": "#2"},
				"south": {"uv": [0, 7, 0.75, 10], "texture": "#2"},
				"west": {"uv": [0, 7, 0.75, 10], "texture": "#2"},
				"up": {"uv": [0.75, 0, 1.5, 0.75], "texture": "#2"},
				"down": {"uv": [0.75, 0.75, 1.5, 0], "texture": "#2"}
			}
		},
		{
			"from": [13.25, 2, 10.25],
			"to": [14.75, 8, 11.75],
			"rotation": {"angle": 0, "axis": "y", "origin": [16, 0, 0]},
			"faces": {
				"north": {"uv": [0, 4, 0.75, 7], "texture": "#2"},
				"east": {"uv": [0, 4, 0.75, 7], "texture": "#2"},
				"south": {"uv": [0, 4, 0.75, 7], "texture": "#2"},
				"west": {"uv": [0, 4, 0.75, 7], "texture": "#2"},
				"up": {"uv": [0, 0, 0.75, 0.75], "texture": "#2"},
				"down": {"uv": [0, 0.75, 0.75, 0], "texture": "#2"}
			}
		}
	],
	"gui_light": "front",
	"display": {
		"thirdperson_righthand": {
			"rotation": [67.5, 0, 0],
			"translation": [0, 1.5, 0.5],
			"scale": [0.31102, 0.31102, 0.31102]
		},
		"thirdperson_lefthand": {
			"rotation": [67.5, 0, 0],
			"translation": [0, 1.5, 0.5],
			"scale": [0.31102, 0.31102, 0.31102]
		},
		"firstperson_righthand": {
			"translation": [1.25, 3.75, 0],
			"scale": [0.47539, 0.47539, 0.47539]
		},
		"firstperson_lefthand": {
			"translation": [1.25, 3.75, 0],
			"scale": [0.47539, 0.47539, 0.47539]
		},
		"ground": {
			"translation": [0, 6, 0],
			"scale": [0.6, 0.6, 0.6]
		},
		"gui": {
			"rotation": [30, 135, 0],
			"translation": [0, 1.5, 0],
			"scale": [0.88836, 0.88836, 0.88836]
		},
		"head": {
			"rotation": [0, 180, 0],
			"translation": [0, -30.4, 0],
			"scale": [1.6, 1.6, 1.6]
		},
		"fixed": {
			"rotation": [-90, 0, 0],
			"translation": [0, 0, -16],
			"scale": [2, 2, 2]
		}
	},
	"groups": [
		{
			"name": "group",
			"origin": [0, 0, 0],
			"color": 0,
			"children": [0, 1, 2, 3, 4, 5, 6, 7, 8, 9, 10, 11, 12, 13, 14, 15, 16, 17, 18, 19, 20, 21]
		}
	]
}