{
	"format_version": "1.12.0",
	"minecraft:geometry": [
		{
			"description": {
				"identifier": "geometry.unknown",
				"texture_width": 64,
				"texture_height": 64,
				"visible_bounds_width": 6,
				"visible_bounds_height": 2.5,
				"visible_bounds_offset": [0, 0.75, 0]
			},
			"bones": [
				{
					"name": "scorpeg",
					"pivot": [0, 0, 0]
				},
				{
					"name": "body",
					"parent": "scorpeg",
					"pivot": [0, 0, 0],
					"cubes": [
						{"origin": [-4.5, 2, -2], "size": [9, 2, 7], "uv": [26, 1]}
					]
				},
				{
					"name": "bone",
					"parent": "body",
					"pivot": [0, 0, 0],
					"cubes": [
						{"origin": [-2.5, 2.5, -4], "size": [5, 2, 8], "uv": [0, 0]}
					]
				},
				{
					"name": "eye",
					"parent": "body",
					"pivot": [0, 3, 0],
					"cubes": [
						{"origin": [-2.2, 4, -3.5], "size": [2, 2, 2], "uv": [0, 18]},
						{"origin": [0.2, 4, -3.5], "size": [2, 2, 2], "uv": [0, 18], "mirror": true}
					]
				},
				{
					"name": "eye2",
					"parent": "eye",
					"pivot": [0, 3, 0],
					"cubes": [
						{"origin": [-2.3, 3.9, -3.4], "size": [2.2, 2.2, 2], "uv": [0, 22]},
						{"origin": [0.1, 3.9, -3.4], "size": [2.2, 2.2, 2], "uv": [0, 22]}
					]
				},
				{
					"name": "arm_left",
					"parent": "body",
					"pivot": [2, 3.5, -3.5],
					"rotation": [0, -5, 0],
					"mirror": true,
					"cubes": [
						{"origin": [1.35623, 3, -8.34091], "size": [1, 1, 5], "pivot": [1.85623, 3.5, -3.84091], "rotation": [-32.5, 0, 0], "uv": [16, 10]}
					]
				},
				{
					"name": "arm_left2",
					"parent": "arm_left",
					"pivot": [2, 6, -7.5],
					"mirror": true,
					"cubes": [
						{"origin": [1.35623, 7, -9.34091], "size": [1, 1, 4], "pivot": [2.35623, 5, -4.84091], "rotation": [50, 0, 0], "uv": [28, 11]}
					]
				},
				{
					"name": "arm_right",
					"parent": "body",
					"pivot": [-2, 3.5, -3.5],
					"rotation": [0, 5, 0],
					"cubes": [
						{"origin": [-2.34482, 3, -8.60238], "size": [1, 1, 5], "pivot": [-1.84482, 3.5, -4.10238], "rotation": [-32.5, 0, 0], "uv": [16, 10]}
					]
				},
				{
					"name": "arm_left3",
					"parent": "arm_right",
					"pivot": [-2, 6, -7.5],
					"cubes": [
						{"origin": [-2.34482, 7, -9.60238], "size": [1, 1, 4], "pivot": [1.65518, 5, -5.10238], "rotation": [50, 0, 0], "uv": [28, 11]}
					]
				},
				{
					"name": "tail",
					"parent": "body",
					"pivot": [0, 3, 5],
					"cubes": [
						{"origin": [-1.5, 1.5, 4], "size": [3, 3, 7], "uv": [0, 32]}
					]
				},
				{
					"name": "tail2",
					"parent": "tail",
					"pivot": [0, 3, 11],
					"cubes": [
						{"origin": [-1, 2, 9], "size": [2, 2, 7], "uv": [20, 33]}
					]
				},
				{
					"name": "tail3",
					"parent": "tail2",
					"pivot": [0, 3, 15],
					"cubes": [
						{"origin": [-1, 2, 14], "size": [2, 2, 7], "uv": [20, 33]}
					]
				},
				{
					"name": "tail4",
					"parent": "tail3",
					"pivot": [0, 3, 21],
					"cubes": [
						{"origin": [-0.5, 2.5, 19.75], "size": [1, 1, 6], "uv": [38, 35]}
					]
				},
				{
					"name": "tail5",
					"parent": "tail4",
					"pivot": [0, 3, 25],
					"cubes": [
						{"origin": [-0.5, 2.5, 25.75], "size": [1, 1, 6], "uv": [38, 35]}
					]
				},
				{
					"name": "tail6",
					"parent": "tail5",
					"pivot": [0, 3, 31],
					"cubes": [
						{"origin": [-0.5, 2.5, 30.75], "size": [1, 1, 5], "uv": [52, 36]}
					]
				},
				{
					"name": "tail7",
					"parent": "tail6",
					"pivot": [0, 3, 35],
					"cubes": [
						{"origin": [-0.5, 2.5, 34.75], "size": [1, 1, 5], "uv": [52, 36]}
					]
				},
				{
					"name": "leg_right1",
					"parent": "body",
					"pivot": [0, 0, 0],
					"rotation": [-2.5, -17.5, 17.5],
					"cubes": [
						{"origin": [-11, 1, 0], "size": [6, 1, 1], "uv": [0, 10]}
					]
				},
				{
					"name": "leg_right1_2",
					"parent": "leg_right1",
					"pivot": [-10.5, 1.5, 0.5],
					"cubes": [
						{"origin": [-11, -3, 0], "size": [1, 5, 1], "uv": [0, 12]}
					]
				},
				{
					"name": "leg_right2",
					"parent": "body",
					"pivot": [0, 0, 0],
					"rotation": [2.5, 17.5, 17.5],
					"cubes": [
						{"origin": [-11, 1, 1], "size": [6, 1, 1], "uv": [0, 10]}
					]
				},
				{
					"name": "leg_right1_3",
					"parent": "leg_right2",
					"pivot": [-10.5, 1.5, 1.5],
					"mirror": true,
					"cubes": [
						{"origin": [-11, -3, 1], "size": [1, 5, 1], "uv": [0, 12]}
					]
				},
				{
					"name": "leg_left1",
					"parent": "body",
					"pivot": [0, 0, 0],
					"rotation": [-2.5, 17.5, -17.5],
					"cubes": [
						{"origin": [4, 1, 0], "size": [6, 1, 1], "uv": [0, 10]}
					]
				},
				{
					"name": "leg_right1_4",
					"parent": "leg_left1",
					"pivot": [9.5, 1.5, 0.5],
					"mirror": true,
					"cubes": [
						{"origin": [9, -3, 0], "size": [1, 5, 1], "uv": [0, 12]}
					]
				},
				{
					"name": "leg_left2",
					"parent": "body",
					"pivot": [0, 0, 0],
					"rotation": [2.5, -17.5, -17.5],
					"cubes": [
						{"origin": [4, 1, 1], "size": [6, 1, 1], "uv": [0, 10]}
					]
				},
				{
					"name": "leg_right1_5",
					"parent": "leg_left2",
					"pivot": [9.5, 1.5, 1.5],
					"cubes": [
						{"origin": [9, -3, 1], "size": [1, 5, 1], "uv": [0, 12]}
					]
				},
				{
					"name": "egg",
					"parent": "body",
					"pivot": [0, 4, 4],
					"cubes": [
						{"origin": [-5, 4, -1], "size": [10, 12, 10], "pivot": [0, 4, 4], "rotation": [-7.5, 0, 0], "uv": [0, 42]}
					]
				},
				{
					"name": "wing1",
					"parent": "egg",
					"pivot": [-5, 4, 4],
					"cubes": [
						{"origin": [-5, 5, 0.5], "size": [1, 4, 6], "pivot": [0, 0, 0], "rotation": [-7.5, 0, -10], "uv": [40, 54]}
					]
				},
				{
					"name": "wing1_2",
					"parent": "wing1",
					"pivot": [0, 0, 0],
					"cubes": [
						{"origin": [-6.5, 8, 2.2], "size": [1, 2, 3], "pivot": [0, 0, 0], "rotation": [-7.5, 0, 0], "uv": [54, 59]}
					]
				},
				{
					"name": "wing2",
					"parent": "egg",
					"pivot": [5, 4, 4],
					"cubes": [
						{"origin": [-5, 5, -6.5], "size": [1, 4, 6], "pivot": [0, 0, 0], "rotation": [7.5, 180, 10], "uv": [40, 54]}
					]
				},
				{
					"name": "wing2_2",
					"parent": "wing2",
					"pivot": [0, 0, 0],
					"cubes": [
						{"origin": [5.5, 8, 2.2], "size": [1, 2, 3], "pivot": [0, 0, 0], "rotation": [-7.5, 0, 0], "uv": [54, 59]}
					]
				},
				{
					"name": "wing3",
					"parent": "egg",
					"pivot": [0, 4.5, -1],
					"cubes": [
						{"origin": [-3, 4.5, -1.5], "size": [6, 4, 1], "pivot": [0, 0, 0], "rotation": [2.5, 0, 0], "uv": [40, 49]}
					]
				},
				{
					"name": "wing3_2",
					"parent": "wing3",
					"pivot": [0, 0, 0],
					"cubes": [
						{"origin": [-1.5, 8.2, -2.3], "size": [3, 2, 1], "pivot": [0, 0, 0], "rotation": [-2.5, 0, 0], "uv": [54, 51]}
					]
				},
				{
					"name": "wing4",
					"parent": "egg",
					"pivot": [0, 4, 9],
					"rotation": [-15, 0, 0],
					"cubes": [
						{"origin": [-3, 3, 9], "size": [6, 4, 1], "pivot": [0, 0, 0], "rotation": [2.5, 0, 0], "uv": [40, 44]}
					]
				},
				{
					"name": "wing4_2",
					"parent": "wing4",
					"pivot": [0, 0, 0],
					"rotation": [7.5, 0, 0],
					"cubes": [
						{"origin": [-1.5, 6, 9.7], "size": [3, 2, 1], "uv": [54, 46]}
					]
				}
			]
		}
	]
}