{
  "species": "cobblemon:banette",
  "order": 0,
  "variations": [
    {
      "aspects": [],
      "poser": "cobblemon:banette",
      "model": "cobblemon:banette.geo",
      "texture": "cobblemon:textures/pokemon/0354_banette/banette.png",
      "layers": [
        {
          "name": "glow",
          "texture": "cobblemon:textures/pokemon/0354_banette/banette_emissive.png",
          "emissive": true
        }
      ]
    },
    {
      "aspects": [
        "shiny"
      ],
      "texture": "cobblemon:textures/pokemon/0354_banette/banette_shiny.png",
      "layers": [
        {
          "name": "glow",
          "texture": "cobblemon:textures/pokemon/0354_banette/banette_emissive.png",
          "emissive": true
        }
      ]
    }
  ]
}
