{
	"credit": "Made with Blockbench",
	"textures": {
		"1": "block/burger_diner_2",
		"2": "block/burger"
	},
	"elements": [
		{
			"from": [2, 0, 0],
			"to": [18, 1, 12],
			"rotation": {"angle": 22.5, "axis": "y", "origin": [9.44798, 3.17125, 5.73394]},
			"faces": {
				"north": {"uv": [7.75, 0, 7.875, 2], "rotation": 270, "texture": "#1"},
				"east": {"uv": [7.875, 0, 9.375, 0.125], "texture": "#1"},
				"south": {"uv": [7.75, 0, 7.875, 2], "rotation": 270, "texture": "#1"},
				"west": {"uv": [7.875, 0, 9.375, 0.125], "texture": "#1"},
				"up": {"uv": [6.25, 0, 7.75, 2], "rotation": 270, "texture": "#1"},
				"down": {"uv": [7.75, 2, 6.25, 0], "rotation": 270, "texture": "#1"}
			}
		},
		{
			"from": [3, 1.25, 1],
			"to": [17, 1.25, 11],
			"rotation": {"angle": 22.5, "axis": "y", "origin": [9.44798, 3.17125, 5.73394]},
			"faces": {
				"north": {"uv": [7.75, 0, 7.875, 2], "rotation": 270, "texture": "#1"},
				"east": {"uv": [7.875, 0, 9.375, 0.125], "texture": "#1"},
				"south": {"uv": [7.75, 0, 7.875, 2], "rotation": 270, "texture": "#1"},
				"west": {"uv": [7.875, 0, 9.375, 0.125], "texture": "#1"},
				"up": {"uv": [10.375, 0, 12.125, 1.25], "texture": "#1"},
				"down": {"uv": [10.375, 0, 12.125, 1.25], "texture": "#1"}
			}
		},
		{
			"from": [2, 1, 0],
			"to": [18, 2, 12],
			"rotation": {"angle": 22.5, "axis": "y", "origin": [9.44798, 3.17125, 5.73394]},
			"faces": {
				"north": {"uv": [7.625, 0, 7.75, 2], "rotation": 270, "texture": "#1"},
				"east": {"uv": [6.25, 0, 7.75, 0.125], "texture": "#1"},
				"south": {"uv": [6.25, 0, 6.375, 2], "rotation": 270, "texture": "#1"},
				"west": {"uv": [6.25, 0, 7.75, 0.125], "texture": "#1"},
				"up": {"uv": [6, 0.375, 6.125, 0.5], "rotation": 270, "texture": "#1"},
				"down": {"uv": [6, 0.375, 6.125, 0.5], "rotation": 270, "texture": "#1"}
			}
		},
		{
			"from": [5.16249, 1, 6.27437],
			"to": [10.16249, 3, 12.27437],
			"rotation": {"angle": -22.5, "axis": "y", "origin": [9.44798, 3.17125, 5.73394]},
			"faces": {
				"north": {"uv": [5.5, 1.625, 5.75, 2.25], "rotation": 270, "texture": "#1"},
				"east": {"uv": [5.25, 2.125, 5.5, 1.375], "rotation": 270, "texture": "#1"},
				"south": {"uv": [5.5, 1.375, 6.125, 1.625], "texture": "#1"},
				"west": {"uv": [5.25, 1.375, 5.5, 2.125], "rotation": 270, "texture": "#1"},
				"up": {"uv": [5.25, 0.75, 6, 1.375], "rotation": 270, "texture": "#1"},
				"down": {"uv": [5.25, 0.75, 6, 1.375], "rotation": 90, "texture": "#1"}
			}
		},
		{
			"from": [5.16249, 1.5, 0.27437],
			"to": [10.16249, 1.5, 6.27437],
			"rotation": {"angle": -22.5, "axis": "y", "origin": [9.44798, 3.17125, 5.73394]},
			"faces": {
				"up": {"uv": [5.25, 0, 6, 0.625], "rotation": 270, "texture": "#1"},
				"down": {"uv": [6, 0, 5.25, 0.625], "rotation": 270, "texture": "#1"}
			}
		},
		{
			"from": [18, 2, 12],
			"to": [2, 1, 0],
			"rotation": {"angle": 22.5, "axis": "y", "origin": [9.44798, 3.17125, 5.73394]},
			"faces": {
				"north": {"uv": [6.375, 0, 6.25, 2], "rotation": 270, "texture": "#1"},
				"east": {"uv": [6.25, 0.125, 7.75, 0], "texture": "#1"},
				"south": {"uv": [7.75, 0, 7.625, 2], "rotation": 270, "texture": "#1"},
				"west": {"uv": [6.25, 0.125, 7.75, 0], "texture": "#1"},
				"up": {"uv": [6, 0.5, 6.125, 0.375], "rotation": 270, "texture": "#1"},
				"down": {"uv": [6, 0.5, 6.125, 0.375], "rotation": 270, "texture": "#1"}
			}
		},
		{
			"from": [-3, 0, 11],
			"to": [1, 7, 15],
			"faces": {
				"north": {"uv": [8, 0.25, 8.5, 1.125], "texture": "#1"},
				"east": {"uv": [9.5, 0.25, 10, 1.125], "texture": "#1"},
				"south": {"uv": [9, 0.25, 9.5, 1.125], "texture": "#1"},
				"west": {"uv": [9, 0.25, 8.5, 1.125], "texture": "#1"},
				"up": {"uv": [8, 1.25, 8.5, 1.75], "texture": "#1"},
				"down": {"uv": [8.625, 1.25, 9.125, 1.75], "texture": "#1"}
			}
		},
		{
			"from": [-3.2, 5.8, 10.8],
			"to": [1.2, 7.2, 15.2],
			"faces": {
				"north": {"uv": [9, 0.25, 8.5, 0.375], "texture": "#1"},
				"east": {"uv": [9, 0.25, 8.5, 0.375], "texture": "#1"},
				"south": {"uv": [9, 0.25, 8.5, 0.375], "texture": "#1"},
				"west": {"uv": [9, 0.25, 8.5, 0.375], "texture": "#1"},
				"up": {"uv": [8, 1.25, 8.5, 1.75], "texture": "#1"},
				"down": {"uv": [9.125, 0.125, 9.25, 0.25], "texture": "#1"}
			}
		},
		{
			"from": [-1.5, 5, 12.5],
			"to": [-0.5, 12, 13.5],
			"rotation": {"angle": 0, "axis": "y", "origin": [0.5, 10.5, 11.5]},
			"faces": {
				"north": {"uv": [10.25, 0.25, 10.125, 1.125], "texture": "#1"},
				"east": {"uv": [10.25, 0.25, 10.125, 1.125], "texture": "#1"},
				"south": {"uv": [10.25, 0.25, 10.125, 1.125], "texture": "#1"},
				"west": {"uv": [10.25, 0.25, 10.125, 1.125], "texture": "#1"},
				"up": {"uv": [10, 0.25, 10.125, 0.375], "texture": "#1"},
				"down": {"uv": [10, 0.25, 10.125, 0.375], "texture": "#1"}
			}
		},
		{
			"from": [-0.5, 12, 13.5],
			"to": [-1.5, 5, 12.5],
			"rotation": {"angle": 0, "axis": "y", "origin": [0.5, 10.5, 11.5]},
			"faces": {
				"north": {"uv": [10.25, 1.125, 10.125, 0.25], "texture": "#1"},
				"east": {"uv": [10.25, 1.125, 10.125, 0.25], "texture": "#1"},
				"south": {"uv": [10.25, 1.125, 10.125, 0.25], "texture": "#1"},
				"west": {"uv": [10.25, 1.125, 10.125, 0.25], "texture": "#1"},
				"up": {"uv": [10.125, 0.25, 10, 0.375], "texture": "#1"},
				"down": {"uv": [10.125, 0.25, 10, 0.375], "texture": "#1"}
			}
		},
		{
			"from": [1.2, 7.2, 15.2],
			"to": [-3.2, 5.8, 10.8],
			"faces": {
				"north": {"uv": [9, 0.375, 8.5, 0.25], "texture": "#1"},
				"east": {"uv": [9, 0.375, 8.5, 0.25], "texture": "#1"},
				"south": {"uv": [9, 0.375, 8.5, 0.25], "texture": "#1"},
				"west": {"uv": [9, 0.375, 8.5, 0.25], "texture": "#1"},
				"up": {"uv": [9.25, 0.125, 9.125, 0.25], "texture": "#1"},
				"down": {"uv": [8.5, 1.25, 8, 1.75], "texture": "#1"}
			}
		},
		{
			"from": [10.96754, 4.62125, 3.45477],
			"to": [17.05754, 7.23125, 9.54477],
			"rotation": {"angle": -22.5, "axis": "y", "origin": [14.11524, 3.69688, 6.62868]},
			"faces": {
				"north": {"uv": [0, 4.5, 1.5, 8], "rotation": 90, "texture": "#2"},
				"east": {"uv": [0, 4.5, 1.5, 8], "rotation": 90, "texture": "#2"},
				"south": {"uv": [0, 4.5, 1.5, 8], "rotation": 90, "texture": "#2"},
				"west": {"uv": [0, 4.5, 1.5, 8], "rotation": 90, "texture": "#2"},
				"up": {"uv": [0, 1, 3.5, 4.5], "texture": "#2"},
				"down": {"uv": [5, 4.5, 8.5, 8], "rotation": 90, "texture": "#2"}
			}
		},
		{
			"from": [10.96754, 0.5975, 3.45477],
			"to": [17.05754, 2.3375, 9.54477],
			"rotation": {"angle": -22.5, "axis": "y", "origin": [14.11524, 3.69688, 6.62868]},
			"faces": {
				"north": {"uv": [0, 0, 3.5, 1], "texture": "#2"},
				"east": {"uv": [0, 0, 3.5, 1], "texture": "#2"},
				"south": {"uv": [0, 0, 3.5, 1], "texture": "#2"},
				"west": {"uv": [0, 0, 3.5, 1], "texture": "#2"},
				"up": {"uv": [5, 4.5, 8.5, 8], "rotation": 270, "texture": "#2"},
				"down": {"uv": [5, 4.5, 8.5, 8], "rotation": 90, "texture": "#2"}
			}
		},
		{
			"from": [10.88054, 1.81985, 3.36777],
			"to": [17.14454, 2.86385, 9.63177],
			"rotation": {"angle": -22.5, "axis": "y", "origin": [14.11524, 3.69688, 6.62868]},
			"faces": {
				"north": {"uv": [0, 8, 3.5, 8.5], "texture": "#2"},
				"east": {"uv": [0, 8, 3.5, 8.5], "texture": "#2"},
				"south": {"uv": [0, 8, 3.5, 8.5], "texture": "#2"},
				"west": {"uv": [0, 8, 3.5, 8.5], "texture": "#2"},
				"up": {"uv": [3.5, 8, 7, 11.5], "rotation": 270, "texture": "#2"},
				"down": {"uv": [3.5, 8, 7, 11.5], "rotation": 90, "texture": "#2"}
			}
		},
		{
			"from": [11.07983, 2.5463, 3.65768],
			"to": [17.16983, 3.4163, 9.74768],
			"rotation": {"angle": -45, "axis": "y", "origin": [14.11524, 3.69688, 6.62868]},
			"faces": {
				"north": {"uv": [1.5, 4.5, 5, 5], "texture": "#2"},
				"east": {"uv": [1.5, 4.5, 5, 5], "texture": "#2"},
				"south": {"uv": [1.5, 4.5, 5, 5], "texture": "#2"},
				"west": {"uv": [1.5, 4.5, 5, 5], "texture": "#2"},
				"up": {"uv": [1.5, 4.5, 5, 8], "rotation": 180, "texture": "#2"},
				"down": {"uv": [1.5, 4.5, 5, 8], "rotation": 180, "texture": "#2"}
			}
		},
		{
			"from": [11.24631, 4.0688, 3.58657],
			"to": [17.33631, 4.9388, 9.67657],
			"rotation": {"angle": -45, "axis": "y", "origin": [14.11524, 3.69688, 6.62868]},
			"faces": {
				"north": {"uv": [7, 4, 10.5, 4.5], "texture": "#2"},
				"east": {"uv": [7, 4, 10.5, 4.5], "texture": "#2"},
				"south": {"uv": [7, 4, 10.5, 4.5], "texture": "#2"},
				"west": {"uv": [7, 4, 10.5, 4.5], "texture": "#2"},
				"up": {"uv": [7, 0.5, 10.5, 4], "rotation": 270, "texture": "#2"},
				"down": {"uv": [7, 0.5, 10.5, 4], "rotation": 90, "texture": "#2"}
			}
		},
		{
			"from": [11.24631, 3.1988, 3.58657],
			"to": [17.33631, 4.0688, 9.67657],
			"rotation": {"angle": -45, "axis": "y", "origin": [14.11524, 3.69688, 6.62868]},
			"faces": {
				"north": {"uv": [7, 0, 3.5, 0.5], "texture": "#2"},
				"east": {"uv": [3.5, 0, 7, 0.5], "texture": "#2"},
				"south": {"uv": [3.5, 0, 7, 0.5], "texture": "#2"},
				"west": {"uv": [3.5, 0, 7, 0.5], "texture": "#2"},
				"up": {"uv": [0, 0, 0, 0], "rotation": 270, "texture": "#2"},
				"down": {"uv": [0, 0, 0, 0], "rotation": 90, "texture": "#2"}
			}
		},
		{
			"from": [10.99449, 3.23795, 3.44919],
			"to": [17.08449, 4.10795, 9.53919],
			"rotation": {"angle": 0, "axis": "y", "origin": [14.11524, 3.69688, 6.62868]},
			"faces": {
				"north": {"uv": [3.5, 4, 7, 4.5], "texture": "#2"},
				"east": {"uv": [3.5, 4, 7, 4.5], "texture": "#2"},
				"south": {"uv": [3.5, 4, 7, 4.5], "texture": "#2"},
				"west": {"uv": [3.5, 4, 7, 4.5], "texture": "#2"},
				"up": {"uv": [3.5, 0.5, 7, 4], "texture": "#2"},
				"down": {"uv": [3.5, 0.5, 7, 4], "texture": "#2"}
			}
		}
	],
	"gui_light": "front",
	"display": {
		"thirdperson_righthand": {
			"rotation": [63, 34, 0],
			"translation": [0, 1, -1],
			"scale": [0.37891, 0.37891, 0.37891]
		},
		"thirdperson_lefthand": {
			"rotation": [63, 34, 0],
			"translation": [0, 1, -1],
			"scale": [0.37891, 0.37891, 0.37891]
		},
		"firstperson_righthand": {
			"rotation": [3, 112, -13],
			"translation": [9.5, 0, -5.75],
			"scale": [0.35547, 0.35547, 0.35547]
		},
		"firstperson_lefthand": {
			"rotation": [3, 112, -13],
			"translation": [9.5, 0, -5.75],
			"scale": [0.35547, 0.35547, 0.35547]
		},
		"ground": {
			"translation": [0, 4.25, 0],
			"scale": [0.28906, 0.28906, 0.28906]
		},
		"gui": {
			"rotation": [30, -158, 0],
			"translation": [-0.25, -0.25, 0],
			"scale": [0.56992, 0.56992, 0.56992]
		},
		"head": {
			"translation": [0, -30.5, 0],
			"scale": [1.6, 1.6, 1.6]
		},
		"fixed": {
			"rotation": [-90, 0, 0],
			"translation": [0, 2.25, -16],
			"scale": [2, 2, 2]
		}
	}
}