{
	"credit": "Made with Blockbench",
	"textures": {
		"0": "block/jigglypuff_shiny",
		"1": "simplehats:block/chefs_hat",
		"2": "item/spatula"
	},
	"elements": [
		{
			"from": [8.8, 23.32, 5.36],
			"to": [20.56, 28.36, 17.12],
			"rotation": {"angle": -22.5, "axis": "z", "origin": [7.96, 19.96, 4.52]},
			"faces": {
				"north": {"uv": [0, 0, 7, 3], "texture": "#1"},
				"east": {"uv": [0, 0, 7, 3], "texture": "#1"},
				"south": {"uv": [0, 0, 7, 3], "texture": "#1"},
				"west": {"uv": [0, 0, 7, 3], "texture": "#1"},
				"up": {"uv": [7, 0, 14, 7], "texture": "#1"},
				"down": {"uv": [4, 7, 11, 14], "texture": "#1"}
			}
		},
		{
			"from": [10.48, 21.64, 7.04],
			"to": [18.88, 23.32, 15.44],
			"rotation": {"angle": -22.5, "axis": "z", "origin": [7.96, 19.96, 4.52]},
			"faces": {
				"north": {"uv": [0, 3, 5, 4], "texture": "#1", "tintindex": 0},
				"east": {"uv": [0, 3, 5, 4], "texture": "#1", "tintindex": 0},
				"south": {"uv": [0, 3, 5, 4], "texture": "#1", "tintindex": 0},
				"west": {"uv": [0, 3, 5, 4], "texture": "#1", "tintindex": 0}
			}
		},
		{
			"from": [10.48, 19.96, 7.04],
			"to": [18.88, 21.64, 15.44],
			"rotation": {"angle": -22.5, "axis": "z", "origin": [7.96, 19.96, 4.52]},
			"faces": {
				"north": {"uv": [0, 4, 5, 5], "texture": "#1"},
				"east": {"uv": [0, 4, 5, 5], "texture": "#1"},
				"south": {"uv": [0, 4, 5, 5], "texture": "#1"},
				"west": {"uv": [0, 4, 5, 5], "texture": "#1"},
				"down": {"uv": [11, 7, 16, 12], "texture": "#1"}
			}
		},
		{
			"name": "torso",
			"from": [4.135, 4.8375, 5.12],
			"to": [17.365, 18.0675, 16.88],
			"rotation": {"angle": 0, "axis": "y", "origin": [10.75, 3, 11]},
			"faces": {
				"north": {"uv": [2, 4, 4.25, 8.5], "texture": "#0"},
				"east": {"uv": [0, 4, 2, 8.5], "texture": "#0"},
				"south": {"uv": [6.25, 4, 8.5, 8.5], "texture": "#0"},
				"west": {"uv": [4.25, 4, 6.25, 8.5], "texture": "#0"},
				"up": {"uv": [4.25, 4, 2, 0], "texture": "#0"},
				"down": {"uv": [6.5, 0, 4.25, 4], "texture": "#0"}
			}
		},
		{
			"name": "mouth_closed",
			"from": [9.28, 8.145, 5.1053],
			"to": [12.22, 9.615, 5.1053],
			"rotation": {"angle": 0, "axis": "y", "origin": [10.75, 3, 11]},
			"faces": {
				"north": {"uv": [13.75, 2, 14.25, 2.5], "texture": "#0"},
				"east": {"uv": [13.75, 2, 13.75, 2.5], "texture": "#0"},
				"south": {"uv": [14.25, 2, 14.75, 2.5], "texture": "#0"},
				"west": {"uv": [14.25, 2, 14.25, 2.5], "texture": "#0"},
				"up": {"uv": [14.25, 2, 13.75, 2], "texture": "#0"},
				"down": {"uv": [14.75, 2, 14.25, 2], "texture": "#0"}
			}
		},
		{
			"name": "mouth_open",
			"from": [9.28, 7.41, 5.2523],
			"to": [12.22, 10.35, 5.2523],
			"rotation": {"angle": 0, "axis": "y", "origin": [10.75, 3, 11]},
			"faces": {
				"north": {"uv": [15, 2, 15.5, 3], "texture": "#0"},
				"east": {"uv": [15, 2, 15, 3], "texture": "#0"},
				"south": {"uv": [15.5, 2, 16, 3], "texture": "#0"},
				"west": {"uv": [15.5, 2, 15.5, 3], "texture": "#0"},
				"up": {"uv": [15.5, 2, 15, 2], "texture": "#0"},
				"down": {"uv": [16, 2, 15.5, 2], "texture": "#0"}
			}
		},
		{
			"name": "eye_right",
			"from": [12.22, 10.35, 5.1053],
			"to": [16.63, 14.76, 5.1053],
			"faces": {
				"north": {"uv": [15.25, 0, 14.5, 1.5], "texture": "#0"},
				"east": {"uv": [15.25, 0, 15.25, 1.5], "texture": "#0"},
				"south": {"uv": [16, 0, 15.25, 1.5], "texture": "#0"},
				"west": {"uv": [14.5, 0, 14.5, 1.5], "texture": "#0"},
				"up": {"uv": [14.5, 0, 15.25, 0], "texture": "#0"},
				"down": {"uv": [15.25, 0, 16, 0], "texture": "#0"}
			}
		},
		{
			"name": "eyelid_right",
			"from": [12.2053, 10.3353, 5.2376],
			"to": [16.6447, 14.7747, 6.737],
			"faces": {
				"north": {"uv": [14.25, 6.5, 15, 8], "texture": "#0"},
				"east": {"uv": [14, 6.5, 14.25, 8], "texture": "#0"},
				"south": {"uv": [15.25, 6.5, 16, 8], "texture": "#0"},
				"west": {"uv": [15, 6.5, 15.25, 8], "texture": "#0"},
				"up": {"uv": [15, 6.5, 14.25, 6], "texture": "#0"},
				"down": {"uv": [15.75, 6, 15, 6.5], "texture": "#0"}
			}
		},
		{
			"name": "eye_left",
			"from": [4.87, 10.35, 5.1053],
			"to": [9.28, 14.76, 5.1053],
			"faces": {
				"north": {"uv": [13, 0, 13.75, 1.5], "texture": "#0"},
				"east": {"uv": [13, 0, 13, 1.5], "texture": "#0"},
				"south": {"uv": [13.75, 0, 14.5, 1.5], "texture": "#0"},
				"west": {"uv": [13.75, 0, 13.75, 1.5], "texture": "#0"},
				"up": {"uv": [13.75, 0, 13, 0], "texture": "#0"},
				"down": {"uv": [14.5, 0, 13.75, 0], "texture": "#0"}
			}
		},
		{
			"name": "eyelid_left",
			"from": [4.8553, 10.3353, 5.2376],
			"to": [9.2947, 14.7747, 6.737],
			"faces": {
				"north": {"uv": [14.25, 4, 15, 5.5], "texture": "#0"},
				"east": {"uv": [14, 4, 14.25, 5.5], "texture": "#0"},
				"south": {"uv": [15.25, 4, 16, 5.5], "texture": "#0"},
				"west": {"uv": [15, 4, 15.25, 5.5], "texture": "#0"},
				"up": {"uv": [15, 4, 14.25, 3.5], "texture": "#0"},
				"down": {"uv": [15.75, 3.5, 15, 4], "texture": "#0"}
			}
		},
		{
			"name": "ear_right",
			"from": [11.4904, 18.16106, 10.6325],
			"to": [17.3704, 24.04106, 13.5725],
			"rotation": {"angle": -22.5, "axis": "z", "origin": [7, 17, 13]},
			"faces": {
				"north": {"uv": [10, 1, 11, 3], "texture": "#0"},
				"east": {"uv": [9.5, 1, 10, 3], "texture": "#0"},
				"south": {"uv": [11.5, 1, 12.5, 3], "texture": "#0"},
				"west": {"uv": [11, 1, 11.5, 3], "texture": "#0"},
				"up": {"uv": [11, 1, 10, 0], "texture": "#0"},
				"down": {"uv": [12, 0, 11, 1], "texture": "#0"}
			}
		},
		{
			"name": "ear_left",
			"from": [3.75494, 16.50651, 10.6325],
			"to": [9.63494, 22.38651, 13.5725],
			"rotation": {"angle": 0, "axis": "z", "origin": [-2, 18, 0]},
			"faces": {
				"north": {"uv": [7, 1, 8, 3], "texture": "#0"},
				"east": {"uv": [6.5, 1, 7, 3], "texture": "#0"},
				"south": {"uv": [8.5, 1, 9.5, 3], "texture": "#0"},
				"west": {"uv": [8, 1, 8.5, 3], "texture": "#0"},
				"up": {"uv": [8, 1, 7, 0], "texture": "#0"},
				"down": {"uv": [9, 0, 8, 1], "texture": "#0"}
			}
		},
		{
			"name": "tuft",
			"from": [7.81, 13.6575, 3.65],
			"to": [13.69, 19.5375, 8.06],
			"faces": {
				"north": {"uv": [0.75, 10, 1.75, 12], "texture": "#0"},
				"east": {"uv": [0, 10, 0.75, 12], "texture": "#0"},
				"south": {"uv": [2.5, 10, 3.5, 12], "texture": "#0"},
				"west": {"uv": [1.75, 10, 2.5, 12], "texture": "#0"},
				"up": {"uv": [1.75, 10, 0.75, 8.5], "texture": "#0"},
				"down": {"uv": [2.75, 8.5, 1.75, 10], "texture": "#0"}
			}
		},
		{
			"name": "arm_right",
			"from": [16.9828, 8.1303, 5.8553],
			"to": [21.4222, 11.0997, 7.3547],
			"rotation": {"angle": -22.5, "axis": "y", "origin": [17.75, 9, 5.75]},
			"faces": {
				"north": {"uv": [0.25, 2, 1, 3], "texture": "#0"},
				"east": {"uv": [0, 2, 0.25, 3], "texture": "#0"},
				"south": {"uv": [1.25, 2, 2, 3], "texture": "#0"},
				"west": {"uv": [1, 2, 1.25, 3], "texture": "#0"},
				"up": {"uv": [1, 2, 0.25, 1.5], "texture": "#0"},
				"down": {"uv": [1.75, 1.5, 1, 2], "texture": "#0"}
			}
		},
		{
			"name": "arm_left",
			"from": [0.0778, 8.1303, 5.8553],
			"to": [4.5172, 11.0997, 7.3547],
			"rotation": {"angle": -22.5, "axis": "y", "origin": [4.75, 10, 5.75]},
			"faces": {
				"north": {"uv": [0.25, 0.5, 1, 1.5], "texture": "#0"},
				"east": {"uv": [0, 0.5, 0.25, 1.5], "texture": "#0"},
				"south": {"uv": [1.25, 0.5, 2, 1.5], "texture": "#0"},
				"west": {"uv": [1, 0.5, 1.25, 1.5], "texture": "#0"},
				"up": {"uv": [1, 0.5, 0.25, 0], "texture": "#0"},
				"down": {"uv": [1.75, 0, 1, 0.5], "texture": "#0"}
			}
		},
		{
			"name": "leg_right",
			"from": [15.8045, 1.57237, 9.10843],
			"to": [18.7445, 4.51237, 12.04843],
			"rotation": {"angle": 22.5, "axis": "z", "origin": [12, 1, 10]},
			"faces": {
				"north": {"uv": [9, 8, 9.5, 9], "texture": "#0"},
				"east": {"uv": [8.5, 8, 9, 9], "texture": "#0"},
				"south": {"uv": [10, 8, 10.5, 9], "texture": "#0"},
				"west": {"uv": [9.5, 8, 10, 9], "texture": "#0"},
				"up": {"uv": [9.5, 8, 9, 7], "texture": "#0"},
				"down": {"uv": [10, 7, 9.5, 8], "texture": "#0"}
			}
		},
		{
			"name": "foot_right",
			"from": [15.0695, 0.83737, 8.37343],
			"to": [19.4795, 2.30737, 12.78343],
			"rotation": {"angle": 22.5, "axis": "z", "origin": [12, 1, 10]},
			"faces": {
				"north": {"uv": [9.25, 6.5, 10, 7], "texture": "#0"},
				"east": {"uv": [8.5, 6.5, 9.25, 7], "texture": "#0"},
				"south": {"uv": [10.75, 6.5, 11.5, 7], "texture": "#0"},
				"west": {"uv": [10, 6.5, 10.75, 7], "texture": "#0"},
				"up": {"uv": [10, 6.5, 9.25, 5], "texture": "#0"},
				"down": {"uv": [10.75, 5, 10, 6.5], "texture": "#0"}
			}
		},
		{
			"name": "foot_right2",
			"from": [15.0548, 0.82267, 5.41873],
			"to": [19.4942, 2.32207, 8.38813],
			"rotation": {"angle": 22.5, "axis": "z", "origin": [12, 1, 10]},
			"faces": {
				"north": {"uv": [11.25, 6, 12, 6.5], "texture": "#0"},
				"east": {"uv": [10.75, 6, 11.25, 6.5], "texture": "#0"},
				"south": {"uv": [12.5, 6, 13.25, 6.5], "texture": "#0"},
				"west": {"uv": [12, 6, 12.5, 6.5], "texture": "#0"},
				"up": {"uv": [12, 6, 11.25, 5], "texture": "#0"},
				"down": {"uv": [12.75, 5, 12, 6], "texture": "#0"}
			}
		},
		{
			"name": "leg_left",
			"from": [5.54617, 2.2712, 11.29777],
			"to": [8.48617, 5.2112, 14.23777],
			"rotation": {"angle": -45, "axis": "x", "origin": [4, 1, 10]},
			"faces": {
				"north": {"uv": [11, 8, 11.5, 9], "texture": "#0"},
				"east": {"uv": [10.5, 8, 11, 9], "texture": "#0"},
				"south": {"uv": [12, 8, 12.5, 9], "texture": "#0"},
				"west": {"uv": [11.5, 8, 12, 9], "texture": "#0"},
				"up": {"uv": [11.5, 8, 11, 7], "texture": "#0"},
				"down": {"uv": [12, 7, 11.5, 8], "texture": "#0"}
			}
		},
		{
			"name": "foot_left",
			"from": [4.81117, 1.5362, 10.56277],
			"to": [9.22117, 3.0062, 14.97277],
			"rotation": {"angle": -45, "axis": "x", "origin": [4, 1, 10]},
			"faces": {
				"north": {"uv": [9.25, 4.5, 10, 5], "texture": "#0"},
				"east": {"uv": [8.5, 4.5, 9.25, 5], "texture": "#0"},
				"south": {"uv": [10.75, 4.5, 11.5, 5], "texture": "#0"},
				"west": {"uv": [10, 4.5, 10.75, 5], "texture": "#0"},
				"up": {"uv": [10, 4.5, 9.25, 3], "texture": "#0"},
				"down": {"uv": [10.75, 3, 10, 4.5], "texture": "#0"}
			}
		},
		{
			"name": "foot_left2",
			"from": [4.79647, 1.5215, 7.60807],
			"to": [9.23587, 3.0209, 10.57747],
			"rotation": {"angle": -45, "axis": "x", "origin": [4, 1, 10]},
			"faces": {
				"north": {"uv": [11.25, 4, 12, 4.5], "texture": "#0"},
				"east": {"uv": [10.75, 4, 11.25, 4.5], "texture": "#0"},
				"south": {"uv": [12.5, 4, 13.25, 4.5], "texture": "#0"},
				"west": {"uv": [12, 4, 12.5, 4.5], "texture": "#0"},
				"up": {"uv": [12, 4, 11.25, 3], "texture": "#0"},
				"down": {"uv": [12.75, 3, 12, 4], "texture": "#0"}
			}
		},
		{
			"from": [-0.5, 6.75, 2.71875],
			"to": [1, 12.75, 4.21875],
			"rotation": {"angle": 0, "axis": "y", "origin": [1, 18, 2.625]},
			"faces": {
				"north": {"uv": [10, 0, 12, 8], "texture": "#2", "tintindex": 0},
				"east": {"uv": [12, 0, 10, 8], "texture": "#2", "tintindex": 0},
				"south": {"uv": [10, 0, 12, 8], "texture": "#2", "tintindex": 0},
				"west": {"uv": [12, 0, 10, 8], "texture": "#2", "tintindex": 0},
				"up": {"uv": [6.625, 7, 6.75, 7.125], "texture": "#2", "tintindex": 0},
				"down": {"uv": [10, 6, 12, 8], "texture": "#2", "tintindex": 0}
			}
		},
		{
			"from": [-0.65, 6.6, 2.56875],
			"to": [1.15, 12.9, 4.36875],
			"rotation": {"angle": 0, "axis": "y", "origin": [1, 18, 2.625]},
			"faces": {
				"north": {"uv": [14, 0, 12, 8], "texture": "#2", "tintindex": 0},
				"east": {"uv": [14, 0, 12, 8], "texture": "#2", "tintindex": 0},
				"south": {"uv": [14, 0, 12, 8], "texture": "#2", "tintindex": 0},
				"west": {"uv": [14, 0, 12, 8], "texture": "#2", "tintindex": 0}
			}
		},
		{
			"from": [-0.5, 12.75, 3.09375],
			"to": [1, 18, 3.84375],
			"rotation": {"angle": 0, "axis": "y", "origin": [1, 18, 2.625]},
			"faces": {
				"north": {"uv": [8, 0, 10, 7], "texture": "#2"},
				"east": {"uv": [8, 0, 9, 7], "texture": "#2"},
				"south": {"uv": [10, 0, 8, 7], "texture": "#2"},
				"west": {"uv": [9, 0, 10, 7], "texture": "#2"},
				"up": {"uv": [9, 0, 10, 1], "texture": "#2"},
				"down": {"uv": [9, 0, 10, 1], "texture": "#2"}
			}
		},
		{
			"from": [-2.375, 18, 1.96875],
			"to": [2.875, 24.75, 1.96875],
			"rotation": {"angle": -22.5, "axis": "x", "origin": [0.25, 22.5, 3.46875]},
			"faces": {
				"north": {"uv": [0, 0, 7, 9], "texture": "#2"},
				"south": {"uv": [0, 0, 7, 9], "texture": "#2"}
			}
		},
		{
			"from": [1.15, 12.9, 4.36875],
			"to": [-0.65, 6.6, 2.56875],
			"rotation": {"angle": 0, "axis": "y", "origin": [1, 18, 2.625]},
			"faces": {
				"north": {"uv": [14, 8, 12, 0], "texture": "#2", "tintindex": 0},
				"east": {"uv": [14, 8, 12, 0], "texture": "#2", "tintindex": 0},
				"south": {"uv": [14, 8, 12, 0], "texture": "#2", "tintindex": 0},
				"west": {"uv": [14, 8, 12, 0], "texture": "#2", "tintindex": 0}
			}
		}
	],
	"gui_light": "front",
	"display": {
		"thirdperson_righthand": {
			"rotation": [75, 45, 0],
			"translation": [-2.5, 2.5, 0],
			"scale": [0.375, 0.375, 0.375]
		},
		"thirdperson_lefthand": {
			"rotation": [75, 45, 0],
			"translation": [-4.25, 2.5, 0],
			"scale": [0.375, 0.375, 0.375]
		},
		"firstperson_righthand": {
			"rotation": [0, 116, 0],
			"translation": [0, 1.25, 0],
			"scale": [0.4, 0.4, 0.4]
		},
		"firstperson_lefthand": {
			"rotation": [0, 125, 0],
			"translation": [0.75, 0, 0],
			"scale": [0.4, 0.4, 0.4]
		},
		"ground": {
			"rotation": [0, 0, 27],
			"translation": [0, 14.45, 0],
			"scale": [1.9, 1.9, 1.9]
		},
		"gui": {
			"rotation": [30, 148, 0],
			"translation": [-1.75, -2.75, 0],
			"scale": [0.49, 0.49, 0.49]
		},
		"head": {
			"rotation": [0, 3.25, 0],
			"translation": [6.75, 11.75, -6],
			"scale": [1.6, 1.6, 1.6]
		},
		"fixed": {
			"rotation": [-90, -11, 27],
			"translation": [-3.25, 0, -13.5],
			"scale": [1.6, 1.6, 1.6]
		}
	},
	"groups": [
		{
			"name": "group",
			"origin": [0, 0, 0],
			"color": 0,
			"children": [0, 1, 2]
		},
		{
			"name": "jigglypuff",
			"origin": [0, 0, 0],
			"color": 0,
			"children": [
				{
					"name": "body",
					"origin": [0, 5.5, 0],
					"color": 1,
					"children": [
						{
							"name": "torso",
							"origin": [0, 1.25, 0],
							"color": 2,
							"children": [
								3,
								{
									"name": "mouth",
									"origin": [0, 4, -4],
									"color": 3,
									"children": [
										{
											"name": "mouth_closed",
											"origin": [0, 4, -4.01],
											"color": 4,
											"children": [4]
										},
										{
											"name": "mouth_open",
											"origin": [0, 4, -3.91],
											"color": 5,
											"children": [5]
										}
									]
								},
								{
									"name": "eyes",
									"origin": [0, 6.5, -4.025],
									"color": 6,
									"children": [
										{
											"name": "eye_right",
											"origin": [2.5, 6.5, -4.01],
											"rotation": [0, 0, 2.5],
											"color": 7,
											"children": [
												6,
												{
													"name": "eyelid_right",
													"origin": [2.5, 6.5, -3.41],
													"color": 8,
													"children": [7]
												}
											]
										},
										{
											"name": "eye_left",
											"origin": [-2.5, 6.5, -4.01],
											"rotation": [0, 0, -2.5],
											"color": 9,
											"children": [
												8,
												{
													"name": "eyelid_left",
													"origin": [-2.5, 6.5, -3.41],
													"color": 0,
													"children": [9]
												}
											]
										}
									]
								},
								{
									"name": "ear_right",
									"origin": [2.75, 9.25, 0.75],
									"rotation": [5, -10, -30],
									"color": 1,
									"children": [10]
								},
								{
									"name": "ear_left",
									"origin": [-2.75, 9.25, 0.75],
									"rotation": [5, 10, 30],
									"color": 2,
									"children": [11]
								},
								{
									"name": "tuft",
									"origin": [0, 9.75, -2.5],
									"rotation": [15, -2.5, 25],
									"color": 3,
									"children": [12]
								},
								{
									"name": "arm_right",
									"origin": [4.5, 5.5, -3],
									"color": 4,
									"children": [13]
								},
								{
									"name": "arm_left",
									"origin": [-4.5, 5.5, -3],
									"color": 5,
									"children": [14]
								}
							]
						},
						{
							"name": "leg_right",
							"origin": [2.75, 2.5, 0],
							"rotation": [0, -5, 0],
							"color": 6,
							"children": [
								15,
								{
									"name": "foot_right",
									"origin": [2.75, 1, 0],
									"color": 7,
									"children": [
										16,
										{
											"name": "foot_right2",
											"origin": [2.75, 0, -1.5],
											"color": 8,
											"children": [17]
										}
									]
								}
							]
						},
						{
							"name": "leg_left",
							"origin": [-2.75, 2.5, 0],
							"rotation": [0, 5, 0],
							"color": 9,
							"children": [
								18,
								{
									"name": "foot_left",
									"origin": [-2.75, 1, 0],
									"color": 0,
									"children": [
										19,
										{
											"name": "foot_left2",
											"origin": [-2.75, 0, -1.5],
											"color": 1,
											"children": [20]
										}
									]
								}
							]
						}
					]
				}
			]
		},
		{
			"name": "group",
			"origin": [9, 17, 6.875],
			"color": 0,
			"children": [21, 22, 23, 24, 25]
		}
	]
}