{
	"credit": "Made with Blockbench",
	"textures": {
		"1": "block/burger_diner_2"
	},
	"elements": [
		{
			"from": [1.0598, 1.25, 2.7685],
			"to": [15.0598, 1.25, 12.7685],
			"rotation": {"angle": 0, "axis": "y", "origin": [10.0598, 1.25, 5.7685]},
			"faces": {
				"north": {"uv": [7.75, 0, 7.875, 2], "rotation": 270, "texture": "#1"},
				"east": {"uv": [7.875, 0, 9.375, 0.125], "texture": "#1"},
				"south": {"uv": [7.75, 0, 7.875, 2], "rotation": 270, "texture": "#1"},
				"west": {"uv": [7.875, 0, 9.375, 0.125], "texture": "#1"},
				"up": {"uv": [10.375, 0, 12.125, 1.25], "texture": "#1"},
				"down": {"uv": [10.375, 0, 12.125, 1.25], "texture": "#1"}
			}
		},
		{
			"from": [0, 0, 2],
			"to": [16, 1, 14],
			"faces": {
				"north": {"uv": [7.75, 0, 7.875, 2], "rotation": 270, "texture": "#1"},
				"east": {"uv": [7.875, 0, 9.375, 0.125], "texture": "#1"},
				"south": {"uv": [7.75, 0, 7.875, 2], "rotation": 270, "texture": "#1"},
				"west": {"uv": [7.875, 0, 9.375, 0.125], "texture": "#1"},
				"up": {"uv": [6.25, 0, 7.75, 2], "rotation": 270, "texture": "#1"},
				"down": {"uv": [7.75, 2, 6.25, 0], "rotation": 270, "texture": "#1"}
			}
		},
		{
			"from": [0, 1, 2],
			"to": [16, 2, 14],
			"faces": {
				"north": {"uv": [7.625, 0, 7.75, 2], "rotation": 270, "texture": "#1"},
				"east": {"uv": [6.25, 0, 7.75, 0.125], "texture": "#1"},
				"south": {"uv": [6.25, 0, 6.375, 2], "rotation": 270, "texture": "#1"},
				"west": {"uv": [6.25, 0, 7.75, 0.125], "texture": "#1"},
				"up": {"uv": [6, 0.375, 6.125, 0.5], "rotation": 270, "texture": "#1"},
				"down": {"uv": [6, 0.375, 6.125, 0.5], "rotation": 270, "texture": "#1"}
			}
		},
		{
			"from": [16, 2, 14],
			"to": [0, 1, 2],
			"faces": {
				"north": {"uv": [6.375, 0, 6.25, 2], "rotation": 270, "texture": "#1"},
				"east": {"uv": [6.25, 0.125, 7.75, 0], "texture": "#1"},
				"south": {"uv": [7.75, 0, 7.625, 2], "rotation": 270, "texture": "#1"},
				"west": {"uv": [6.25, 0.125, 7.75, 0], "texture": "#1"},
				"up": {"uv": [6, 0.5, 6.125, 0.375], "rotation": 270, "texture": "#1"},
				"down": {"uv": [6, 0.5, 6.125, 0.375], "rotation": 270, "texture": "#1"}
			}
		},
		{
			"from": [1.0598, 5.25, 2.7685],
			"to": [15.0598, 5.25, 12.7685],
			"rotation": {"angle": 0, "axis": "y", "origin": [10.0598, 5.25, 5.7685]},
			"faces": {
				"north": {"uv": [7.75, 0, 7.875, 2], "rotation": 270, "texture": "#1"},
				"east": {"uv": [7.875, 0, 9.375, 0.125], "texture": "#1"},
				"south": {"uv": [7.75, 0, 7.875, 2], "rotation": 270, "texture": "#1"},
				"west": {"uv": [7.875, 0, 9.375, 0.125], "texture": "#1"},
				"up": {"uv": [10.375, 0, 12.125, 1.25], "texture": "#1"},
				"down": {"uv": [10.375, 0, 12.125, 1.25], "texture": "#1"}
			}
		},
		{
			"from": [0, 4, 2],
			"to": [16, 5, 14],
			"rotation": {"angle": 0, "axis": "y", "origin": [0, 4, 0]},
			"faces": {
				"north": {"uv": [7.75, 0, 7.875, 2], "rotation": 270, "texture": "#1"},
				"east": {"uv": [7.875, 0, 9.375, 0.125], "texture": "#1"},
				"south": {"uv": [7.75, 0, 7.875, 2], "rotation": 270, "texture": "#1"},
				"west": {"uv": [7.875, 0, 9.375, 0.125], "texture": "#1"},
				"up": {"uv": [6.25, 0, 7.75, 2], "rotation": 270, "texture": "#1"},
				"down": {"uv": [7.75, 2, 6.25, 0], "rotation": 270, "texture": "#1"}
			}
		},
		{
			"from": [0, 5, 2],
			"to": [16, 6, 14],
			"rotation": {"angle": 0, "axis": "y", "origin": [0, 4, 0]},
			"faces": {
				"north": {"uv": [7.625, 0, 7.75, 2], "rotation": 270, "texture": "#1"},
				"east": {"uv": [6.25, 0, 7.75, 0.125], "texture": "#1"},
				"south": {"uv": [6.25, 0, 6.375, 2], "rotation": 270, "texture": "#1"},
				"west": {"uv": [6.25, 0, 7.75, 0.125], "texture": "#1"},
				"up": {"uv": [6, 0.375, 6.125, 0.5], "rotation": 270, "texture": "#1"},
				"down": {"uv": [6, 0.375, 6.125, 0.5], "rotation": 270, "texture": "#1"}
			}
		},
		{
			"from": [16, 6, 14],
			"to": [0, 5, 2],
			"rotation": {"angle": 0, "axis": "y", "origin": [0, 4, 0]},
			"faces": {
				"north": {"uv": [6.375, 0, 6.25, 2], "rotation": 270, "texture": "#1"},
				"east": {"uv": [6.25, 0.125, 7.75, 0], "texture": "#1"},
				"south": {"uv": [7.75, 0, 7.625, 2], "rotation": 270, "texture": "#1"},
				"west": {"uv": [6.25, 0.125, 7.75, 0], "texture": "#1"},
				"up": {"uv": [6, 0.5, 6.125, 0.375], "rotation": 270, "texture": "#1"},
				"down": {"uv": [6, 0.5, 6.125, 0.375], "rotation": 270, "texture": "#1"}
			}
		},
		{
			"from": [-0.1902, 3.25, 4.2685],
			"to": [13.8098, 3.25, 14.2685],
			"rotation": {"angle": -22.5, "axis": "y", "origin": [8.8098, 3.25, 7.2685]},
			"faces": {
				"north": {"uv": [7.75, 0, 7.875, 2], "rotation": 270, "texture": "#1"},
				"east": {"uv": [7.875, 0, 9.375, 0.125], "texture": "#1"},
				"south": {"uv": [7.75, 0, 7.875, 2], "rotation": 270, "texture": "#1"},
				"west": {"uv": [7.875, 0, 9.375, 0.125], "texture": "#1"},
				"up": {"uv": [10.375, 0, 12.125, 1.25], "texture": "#1"},
				"down": {"uv": [10.375, 0, 12.125, 1.25], "texture": "#1"}
			}
		},
		{
			"from": [18, 4, 12],
			"to": [2, 3, 0],
			"rotation": {"angle": -22.5, "axis": "y", "origin": [2, 2, -2]},
			"faces": {
				"north": {"uv": [6.375, 0, 6.25, 2], "rotation": 270, "texture": "#1"},
				"east": {"uv": [6.25, 0.125, 7.75, 0], "texture": "#1"},
				"south": {"uv": [7.75, 0, 7.625, 2], "rotation": 270, "texture": "#1"},
				"west": {"uv": [6.25, 0.125, 7.75, 0], "texture": "#1"},
				"up": {"uv": [6, 0.5, 6.125, 0.375], "rotation": 270, "texture": "#1"},
				"down": {"uv": [6, 0.5, 6.125, 0.375], "rotation": 270, "texture": "#1"}
			}
		},
		{
			"from": [2, 3, 0],
			"to": [18, 4, 12],
			"rotation": {"angle": -22.5, "axis": "y", "origin": [2, 2, -2]},
			"faces": {
				"north": {"uv": [7.625, 0, 7.75, 2], "rotation": 270, "texture": "#1"},
				"east": {"uv": [6.25, 0, 7.75, 0.125], "texture": "#1"},
				"south": {"uv": [6.25, 0, 6.375, 2], "rotation": 270, "texture": "#1"},
				"west": {"uv": [6.25, 0, 7.75, 0.125], "texture": "#1"},
				"up": {"uv": [6, 0.375, 6.125, 0.5], "rotation": 270, "texture": "#1"},
				"down": {"uv": [6, 0.375, 6.125, 0.5], "rotation": 270, "texture": "#1"}
			}
		},
		{
			"from": [2, 2, 0],
			"to": [18, 3, 12],
			"rotation": {"angle": -22.5, "axis": "y", "origin": [2, 2, -2]},
			"faces": {
				"north": {"uv": [7.75, 0, 7.875, 2], "rotation": 270, "texture": "#1"},
				"east": {"uv": [7.875, 0, 9.375, 0.125], "texture": "#1"},
				"south": {"uv": [7.75, 0, 7.875, 2], "rotation": 270, "texture": "#1"},
				"west": {"uv": [7.875, 0, 9.375, 0.125], "texture": "#1"},
				"up": {"uv": [6.25, 0, 7.75, 2], "rotation": 270, "texture": "#1"},
				"down": {"uv": [7.75, 2, 6.25, 0], "rotation": 270, "texture": "#1"}
			}
		}
	],
	"gui_light": "front",
	"display": {
		"thirdperson_righthand": {
			"rotation": [63, 34, 0],
			"translation": [0, 1, -1],
			"scale": [0.37891, 0.37891, 0.37891]
		},
		"thirdperson_lefthand": {
			"rotation": [63, 34, 0],
			"translation": [0, 1, -1],
			"scale": [0.37891, 0.37891, 0.37891]
		},
		"firstperson_righthand": {
			"rotation": [3, 112, -13],
			"translation": [9.5, 0, -5.75],
			"scale": [0.35547, 0.35547, 0.35547]
		},
		"firstperson_lefthand": {
			"rotation": [3, 112, -13],
			"translation": [9.5, 0, -5.75],
			"scale": [0.35547, 0.35547, 0.35547]
		},
		"ground": {
			"translation": [0, 4.25, 0],
			"scale": [0.28906, 0.28906, 0.28906]
		},
		"gui": {
			"rotation": [30, -158, 0],
			"translation": [-0.25, -0.25, 0],
			"scale": [0.56992, 0.56992, 0.56992]
		},
		"head": {
			"translation": [0, -30.5, 0],
			"scale": [1.6, 1.6, 1.6]
		},
		"fixed": {
			"rotation": [-90, 0, 0],
			"translation": [0, 0, -16],
			"scale": [2, 2, 2]
		}
	},
	"groups": [
		{
			"name": "group",
			"origin": [0, 0, 0],
			"color": 0,
			"children": [0, 1, 2, 3]
		},
		{
			"name": "group",
			"origin": [0, 0, 0],
			"color": 0,
			"children": [4, 5, 6, 7]
		},
		{
			"name": "group",
			"origin": [2, 2, -2],
			"color": 0,
			"children": [8, 9, 10, 11]
		}
	]
}