{
	"credit": "Made with Blockbench",
	"texture_size": [64, 64],
	"textures": {
		"14": "block/psyduck_hat"
	},
	"elements": [
		{
			"from": [3.05, 22.7, 2.95],
			"to": [12.95, 26.7, 13.75],
			"rotation": {"angle": 22.5, "axis": "x", "origin": [8, 24.2, 8.5]},
			"faces": {
				"north": {"uv": [2.75, 5.5, 5.25, 6.5], "texture": "#14"},
				"east": {"uv": [5, 4.5, 7.75, 5.5], "texture": "#14"},
				"south": {"uv": [5.25, 5.5, 7.75, 6.5], "texture": "#14"},
				"west": {"uv": [0, 5.25, 2.75, 6.25], "texture": "#14"},
				"up": {"uv": [2.5, 2.75, 0, 0], "texture": "#14"},
				"down": {"uv": [5, 0, 2.5, 2.75], "texture": "#14"}
			}
		},
		{
			"from": [7.55, 26.7, 8.45],
			"to": [8.45, 28.7, 8.45],
			"rotation": {"angle": 22.5, "axis": "x", "origin": [7.5, 24.2, 8.5]},
			"faces": {
				"north": {"uv": [4.5, 8, 4.75, 8.5], "texture": "#14"},
				"east": {"uv": [0, 0, 0, 0.5], "texture": "#14"},
				"south": {"uv": [4.75, 8, 5, 8.5], "texture": "#14"},
				"west": {"uv": [0, 0, 0, 0.5], "texture": "#14"},
				"up": {"uv": [0.25, 0, 0, 0], "texture": "#14"},
				"down": {"uv": [0.25, 0, 0, 0], "texture": "#14"}
			}
		},
		{
			"from": [6.55, 26.65271, 9.3932],
			"to": [7.45, 28.65271, 9.3932],
			"rotation": {"angle": 22.5, "axis": "z", "origin": [8, 27.45271, 9.7932]},
			"faces": {
				"north": {"uv": [4.5, 8, 4.75, 8.5], "texture": "#14"},
				"east": {"uv": [0, 0, 0, 0.5], "texture": "#14"},
				"south": {"uv": [4.75, 8, 5, 8.5], "texture": "#14"},
				"west": {"uv": [0, 0, 0, 0.5], "texture": "#14"},
				"up": {"uv": [0.25, 0, 0, 0], "texture": "#14"},
				"down": {"uv": [0.25, 0, 0, 0], "texture": "#14"}
			}
		},
		{
			"from": [8.55, 26.65271, 9.3932],
			"to": [9.45, 28.65271, 9.3932],
			"rotation": {"angle": -22.5, "axis": "z", "origin": [8, 27.45271, 9.7932]},
			"faces": {
				"north": {"uv": [4.5, 8, 4.75, 8.5], "texture": "#14"},
				"east": {"uv": [0, 0, 0, 0.5], "texture": "#14"},
				"south": {"uv": [4.75, 8, 5, 8.5], "texture": "#14"},
				"west": {"uv": [0, 0, 0, 0.5], "texture": "#14"},
				"up": {"uv": [0.25, 0, 0, 0], "texture": "#14"},
				"down": {"uv": [0.25, 0, 0, 0], "texture": "#14"}
			}
		},
		{
			"from": [3.35, 23.1, 2.94],
			"to": [6.25, 25.1, 2.94],
			"rotation": {"angle": 22.5, "axis": "x", "origin": [8, 24.2, 8.5]},
			"faces": {
				"north": {"uv": [1, 7.75, 1.75, 8.25], "texture": "#14"},
				"east": {"uv": [0, 0, 0, 0.5], "texture": "#14"},
				"south": {"uv": [7.75, 5.75, 8.5, 6.25], "texture": "#14"},
				"west": {"uv": [0, 0, 0, 0.5], "texture": "#14"},
				"up": {"uv": [0.75, 0, 0, 0], "texture": "#14"},
				"down": {"uv": [0.75, 0, 0, 0], "texture": "#14"}
			}
		},
		{
			"from": [4.05, 23.4, 2.93],
			"to": [4.95, 24.4, 2.93],
			"rotation": {"angle": 22.5, "axis": "x", "origin": [8, 24.2, 8.5]},
			"faces": {
				"north": {"uv": [4.75, 5.25, 5, 5.5], "texture": "#14"},
				"east": {"uv": [0, 0, 0, 0.25], "texture": "#14"},
				"south": {"uv": [2.5, 6.25, 2.75, 6.5], "texture": "#14"},
				"west": {"uv": [0, 0, 0, 0.25], "texture": "#14"},
				"up": {"uv": [0.25, 0, 0, 0], "texture": "#14"},
				"down": {"uv": [0.25, 0, 0, 0], "texture": "#14"}
			}
		},
		{
			"from": [9.75, 23.1, 2.94],
			"to": [12.65, 25.1, 2.94],
			"rotation": {"angle": 22.5, "axis": "x", "origin": [8, 24.2, 8.5]},
			"faces": {
				"north": {"uv": [7.75, 7.5, 8.5, 8], "texture": "#14"},
				"east": {"uv": [0, 0, 0, 0.5], "texture": "#14"},
				"south": {"uv": [1.75, 8, 2.5, 8.5], "texture": "#14"},
				"west": {"uv": [0, 0, 0, 0.5], "texture": "#14"},
				"up": {"uv": [0.75, 0, 0, 0], "texture": "#14"},
				"down": {"uv": [0.75, 0, 0, 0], "texture": "#14"}
			}
		},
		{
			"from": [11.05, 23.4, 2.93],
			"to": [11.95, 24.4, 2.93],
			"rotation": {"angle": 22.5, "axis": "x", "origin": [8, 24.2, 8.5]},
			"faces": {
				"north": {"uv": [5, 8, 5.25, 8.25], "texture": "#14"},
				"east": {"uv": [0, 0, 0, 0.25], "texture": "#14"},
				"south": {"uv": [5.25, 8, 5.5, 8.25], "texture": "#14"},
				"west": {"uv": [0, 0, 0, 0.25], "texture": "#14"},
				"up": {"uv": [0.25, 0, 0, 0], "texture": "#14"},
				"down": {"uv": [0.25, 0, 0, 0], "texture": "#14"}
			}
		},
		{
			"from": [3.3, 22.9, 3.25],
			"to": [12.7, 24.9, 11.75],
			"rotation": {"angle": 0, "axis": "y", "origin": [7.95, 24.6, 8.5]},
			"faces": {
				"north": {"uv": [7.5, 0, 9.875, 0.5], "texture": "#14"},
				"east": {"uv": [7.5, 1, 9.625, 1.5], "texture": "#14"},
				"south": {"uv": [7.5, 0.5, 9.875, 1], "texture": "#14"},
				"west": {"uv": [7.5, 1.5, 9.625, 2], "texture": "#14"},
				"up": {"uv": [7.375, 2.125, 5, 0], "texture": "#14"},
				"down": {"uv": [7.375, 2.25, 5, 4.375], "texture": "#14"}
			}
		},
		{
			"from": [3.2, 22.4, 2.15],
			"to": [12.8, 23.9, 11.75],
			"rotation": {"angle": 0, "axis": "y", "origin": [7.95, 24.6, 8.5]},
			"faces": {
				"north": {"uv": [7.5, 2, 9.875, 2.375], "texture": "#14"},
				"east": {"uv": [7.5, 2.5, 9.875, 2.875], "texture": "#14"},
				"south": {"uv": [7.5, 3, 9.875, 3.375], "texture": "#14"},
				"west": {"uv": [3.5, 7.5, 5.875, 7.875], "texture": "#14"},
				"up": {"uv": [2.375, 5.125, 0, 2.75], "texture": "#14"},
				"down": {"uv": [4.875, 2.75, 2.5, 5.125], "texture": "#14"}
			}
		},
		{
			"from": [4.8, 22.5, -0.95],
			"to": [11.2, 23.91, 4.65],
			"rotation": {"angle": 0, "axis": "y", "origin": [7.45, 24.6, 8.5]},
			"faces": {
				"north": {"uv": [6, 7.5, 7.625, 7.875], "texture": "#14"},
				"east": {"uv": [7.5, 7, 8.875, 7.375], "texture": "#14"},
				"south": {"uv": [7.5, 6.5, 9.125, 6.875], "texture": "#14"},
				"west": {"uv": [7.75, 5.25, 9.125, 5.625], "texture": "#14"},
				"up": {"uv": [1.625, 7.625, 0, 6.25], "texture": "#14"},
				"down": {"uv": [3.375, 6.5, 1.75, 7.875], "texture": "#14"}
			}
		},
		{
			"from": [4.3, 25.4, 1.05],
			"to": [11.7, 26.81, 4.65],
			"rotation": {"angle": -22.5, "axis": "x", "origin": [7.95, 24.6, 8.5]},
			"faces": {
				"north": {"uv": [7.5, 3.5, 9.375, 3.875], "texture": "#14"},
				"east": {"uv": [2.5, 8, 3.375, 8.375], "texture": "#14"},
				"south": {"uv": [7.5, 4, 9.375, 4.375], "texture": "#14"},
				"west": {"uv": [3.5, 8, 4.375, 8.375], "texture": "#14"},
				"up": {"uv": [5.375, 7.375, 3.5, 6.5], "texture": "#14"},
				"down": {"uv": [7.375, 6.5, 5.5, 7.375], "texture": "#14"}
			}
		},
		{
			"from": [6.3, 28.6, 3.15],
			"to": [9.7, 29.11, 5.75],
			"rotation": {"angle": -45, "axis": "x", "origin": [7.95, 24.6, 8.5]},
			"faces": {
				"north": {"uv": [2.75, 5.25, 3.625, 5.375], "texture": "#14"},
				"east": {"uv": [1.75, 6.25, 2.375, 6.375], "texture": "#14"},
				"south": {"uv": [3.75, 5.25, 4.625, 5.375], "texture": "#14"},
				"west": {"uv": [7.75, 6.25, 8.375, 6.375], "texture": "#14"},
				"up": {"uv": [0.875, 8.375, 0, 7.75], "texture": "#14"},
				"down": {"uv": [8.625, 4.5, 7.75, 5.125], "texture": "#14"}
			}
		}
	],
	"display": {
		"thirdperson_righthand": {
			"rotation": [75, 45, 0],
			"translation": [0, 0.25, -5.5],
			"scale": [0.375, 0.375, 0.375]
		},
		"thirdperson_lefthand": {
			"rotation": [75, 45, 0],
			"translation": [0, 0.75, -5.5],
			"scale": [0.375, 0.375, 0.375]
		},
		"firstperson_righthand": {
			"rotation": [0, 107, 0],
			"translation": [0, -2.75, 1.75],
			"scale": [0.4, 0.4, 0.4]
		},
		"firstperson_lefthand": {
			"rotation": [0, 102, 0],
			"translation": [1.25, -3.75, 0],
			"scale": [0.4, 0.4, 0.4]
		},
		"ground": {
			"translation": [0, -12.25, 0]
		},
		"gui": {
			"rotation": [-159.75, 30.5, -180],
			"translation": [0, -15.25, 0]
		},
		"head": {
			"translation": [0, -20.4, 0],
			"scale": [1.6, 1.6, 1.6]
		},
		"fixed": {
			"rotation": [-98, 0, 0],
			"translation": [0, 4.25, 14.25]
		}
	},
	"groups": [
		{
			"name": "hat",
			"origin": [8, 24, 8],
			"color": 0,
			"children": [0, 1, 2, 3, 4, 5, 6, 7, 8, 9, 10, 11, 12]
		}
	]
}