{
	"format_version": "1.8.0",
	"animations": {
		"animation.chickatrice.ground_idle": {
			"loop": true,
			"animation_length": 2.5,
			"bones": {
				"head": {
					"position": {
						"0.0": {
							"post": [0, 0, 0],
							"lerp_mode": "catmullrom"
						},
						"1.25": {
							"post": [0, -0.75, -1.5],
							"lerp_mode": "catmullrom"
						},
						"2.5": {
							"post": [0, 0, 0],
							"lerp_mode": "catmullrom"
						}
					}
				},
				"neck": {
					"rotation": {
						"0.0": {
							"post": [0, 0, 0],
							"lerp_mode": "catmullrom"
						},
						"1.25": {
							"post": [10, 0, 0],
							"lerp_mode": "catmullrom"
						},
						"2.5": {
							"post": [0, 0, 0],
							"lerp_mode": "catmullrom"
						}
					}
				},
				"base": {
					"rotation": {
						"0.0": {
							"post": [-15, 0, 0],
							"lerp_mode": "catmullrom"
						},
						"1.25": {
							"post": [7.5, 0, 0],
							"lerp_mode": "catmullrom"
						},
						"2.5": {
							"post": [-15, 0, 0],
							"lerp_mode": "catmullrom"
						}
					}
				},
				"mid": {
					"rotation": {
						"0.0": {
							"post": [-15, 0, 0],
							"lerp_mode": "catmullrom"
						},
						"1.25": {
							"post": [17.5, 0, 0],
							"lerp_mode": "catmullrom"
						},
						"2.5": {
							"post": [-15, 0, 0],
							"lerp_mode": "catmullrom"
						}
					}
				},
				"end": {
					"rotation": {
						"0.0": {
							"post": [-15, 0, 0],
							"lerp_mode": "catmullrom"
						},
						"1.25": {
							"post": [22.5, 0, 0],
							"lerp_mode": "catmullrom"
						},
						"2.5": {
							"post": [-15, 0, 0],
							"lerp_mode": "catmullrom"
						}
					}
				},
				"tertiariesleft": {
					"rotation": {
						"0.0": {
							"post": [0, -30, 87.5],
							"lerp_mode": "catmullrom"
						}
					},
					"position": {
						"0.0": {
							"post": [-3, 0, 0],
							"lerp_mode": "catmullrom"
						}
					}
				},
				"secondariesleft": {
					"rotation": {
						"0.0": {
							"post": [0, -40, 0],
							"lerp_mode": "catmullrom"
						}
					}
				},
				"primariesleft": {
					"rotation": {
						"0.0": {
							"post": [0, 0, 22.5],
							"lerp_mode": "catmullrom"
						}
					}
				},
				"tertiariesright": {
					"rotation": {
						"0.0": {
							"post": [0, 27.5, -87.5],
							"lerp_mode": "catmullrom"
						}
					},
					"position": {
						"0.0": {
							"post": [3, -1, 0],
							"lerp_mode": "catmullrom"
						}
					}
				},
				"secondariesright": {
					"rotation": {
						"0.0": {
							"post": [0, 45, 0],
							"lerp_mode": "catmullrom"
						}
					}
				},
				"primariesright": {
					"rotation": {
						"0.0": {
							"post": [0, 0, -10],
							"lerp_mode": "catmullrom"
						}
					}
				}
			}
		},
		"animation.chickatrice.ground_walk": {
			"loop": true,
			"animation_length": 1,
			"bones": {
				"head": {
					"position": {
						"0.0": {
							"post": [-1.65, -2, -2],
							"lerp_mode": "catmullrom"
						},
						"0.5": {
							"post": [1.6, -2, -2],
							"lerp_mode": "catmullrom"
						},
						"1.0": {
							"post": [-1.65, -2, -2],
							"lerp_mode": "catmullrom"
						}
					}
				},
				"neck": {
					"rotation": {
						"0.0": {
							"post": [15, 0, -15],
							"lerp_mode": "catmullrom"
						},
						"0.5": {
							"post": [15, 0, 15],
							"lerp_mode": "catmullrom"
						},
						"1.0": {
							"post": [15, 0, -15],
							"lerp_mode": "catmullrom"
						}
					}
				},
				"base": {
					"rotation": {
						"0.0": {
							"post": [0, 17.5, 0],
							"lerp_mode": "catmullrom"
						},
						"0.5": {
							"post": [0, -17.5, 0],
							"lerp_mode": "catmullrom"
						},
						"1.0": {
							"post": [0, 17.5, 0],
							"lerp_mode": "catmullrom"
						}
					}
				},
				"mid": {
					"rotation": {
						"0.0": {
							"post": [-15, 25, 0],
							"lerp_mode": "catmullrom"
						},
						"0.5": {
							"post": [-15, -25, 0],
							"lerp_mode": "catmullrom"
						},
						"1.0": {
							"post": [-15, 25, 0],
							"lerp_mode": "catmullrom"
						}
					}
				},
				"end": {
					"rotation": {
						"0.0": {
							"post": [-9.68821, 9.23186, 3.86032],
							"lerp_mode": "catmullrom"
						},
						"0.5": {
							"post": [-8.84303, -29.76212, -13.70122],
							"lerp_mode": "catmullrom"
						},
						"1.0": {
							"post": [-9.68821, 9.23186, 3.86032],
							"lerp_mode": "catmullrom"
						}
					}
				},
				"tertiariesleft": {
					"rotation": {
						"0.0": {
							"post": [0, -30, 87.5],
							"lerp_mode": "catmullrom"
						}
					},
					"position": {
						"0.0": {
							"post": [-3, 0, 0],
							"lerp_mode": "catmullrom"
						}
					}
				},
				"secondariesleft": {
					"rotation": {
						"0.0": {
							"post": [0, -40, 0],
							"lerp_mode": "catmullrom"
						}
					}
				},
				"primariesleft": {
					"rotation": {
						"0.0": {
							"post": [0, 0, 22.5],
							"lerp_mode": "catmullrom"
						}
					}
				},
				"tertiariesright": {
					"rotation": {
						"0.0": {
							"post": [0, 27.5, -87.5],
							"lerp_mode": "catmullrom"
						}
					},
					"position": {
						"0.0": {
							"post": [3, -1, 0],
							"lerp_mode": "catmullrom"
						}
					}
				},
				"secondariesright": {
					"rotation": {
						"0.0": {
							"post": [0, 45, 0],
							"lerp_mode": "catmullrom"
						}
					}
				},
				"primariesright": {
					"rotation": {
						"0.0": {
							"post": [0, 0, -10],
							"lerp_mode": "catmullrom"
						}
					}
				},
				"body": {
					"rotation": {
						"0.0": {
							"post": [7.43656, -0.9762, 7.43656],
							"lerp_mode": "catmullrom"
						},
						"0.5": {
							"post": [7.38733, 1.29876, -9.91615],
							"lerp_mode": "catmullrom"
						},
						"1.0": {
							"post": [7.43656, -0.9762, 7.43656],
							"lerp_mode": "catmullrom"
						}
					}
				},
				"rightleg": {
					"rotation": {
						"0.0": {
							"post": [-35, 0, 0],
							"lerp_mode": "catmullrom"
						},
						"0.5": {
							"post": [55, 0, 0],
							"lerp_mode": "catmullrom"
						},
						"1.0": {
							"post": [-35, 0, 0],
							"lerp_mode": "catmullrom"
						}
					},
					"position": {
						"0.0": {
							"post": [0, 0, 0],
							"lerp_mode": "catmullrom"
						},
						"0.5": {
							"post": [0, 0, 0],
							"lerp_mode": "catmullrom"
						},
						"0.75": {
							"post": [0, 3, 0],
							"lerp_mode": "catmullrom"
						},
						"1.0": {
							"post": [0, 0, 0],
							"lerp_mode": "catmullrom"
						}
					}
				},
				"rightthigh": {
					"rotation": {
						"0.0": {
							"post": [-7.5, 0, 0],
							"lerp_mode": "catmullrom"
						}
					}
				},
				"rightleggypoo": {
					"rotation": {
						"0.0": {
							"post": [10, 0, 0],
							"lerp_mode": "catmullrom"
						},
						"0.25": {
							"post": [0, 0, 0],
							"lerp_mode": "catmullrom"
						},
						"0.5": {
							"post": [15, 0, 0],
							"lerp_mode": "catmullrom"
						},
						"1.0": {
							"post": [10, 0, 0],
							"lerp_mode": "catmullrom"
						}
					}
				},
				"leftthigh": {
					"rotation": {
						"0.0": {
							"post": [52.5, 0, 0],
							"lerp_mode": "catmullrom"
						},
						"0.5": {
							"post": [-35, 0, 0],
							"lerp_mode": "catmullrom"
						},
						"1.0": {
							"post": [52.5, 0, 0],
							"lerp_mode": "catmullrom"
						}
					},
					"position": {
						"0.0": {
							"post": [0, 1, 0],
							"lerp_mode": "catmullrom"
						},
						"0.25": {
							"post": [0, 2, 0],
							"lerp_mode": "catmullrom"
						},
						"0.5": {
							"post": [0, 0, 0],
							"lerp_mode": "catmullrom"
						},
						"1.0": {
							"post": [0, 1, 0],
							"lerp_mode": "catmullrom"
						}
					}
				},
				"leftleggypoo": {
					"rotation": {
						"0.0": {
							"post": [5, 0, 0],
							"lerp_mode": "catmullrom"
						},
						"0.5": {
							"post": [-17.5, 0, 0],
							"lerp_mode": "catmullrom"
						},
						"0.75": {
							"post": [2.5, 0, 0],
							"lerp_mode": "catmullrom"
						},
						"1.0": {
							"post": [5, 0, 0],
							"lerp_mode": "catmullrom"
						}
					}
				},
				"wings": {
					"position": {
						"0.0": {
							"post": [1, 0, 0],
							"lerp_mode": "catmullrom"
						},
						"0.5": {
							"post": [-1, 0, 0],
							"lerp_mode": "catmullrom"
						},
						"1.0": {
							"post": [1, 0, 0],
							"lerp_mode": "catmullrom"
						}
					}
				}
			}
		}
	}
}