{
	"credit": "MadewithBlockbench",
	"texture_size": [64, 64],
	"textures": {
		"0": "elitecreatures:block/scienceequipment05texture",
		"particle": "elitecreatures:block/scienceequipment05texture"
	},
	"elements": [
		{
			"from": [2, 0, 0],
			"to": [14, 3, 16],
			"rotation": {"angle": 0, "axis": "y", "origin": [0, 1, -0.5]},
			"faces": {
				"north": {"uv": [0, 4, 3, 4.75], "texture": "#0"},
				"east": {"uv": [6, 0, 10, 0.75], "texture": "#0"},
				"south": {"uv": [3, 4, 6, 4.75], "texture": "#0"},
				"west": {"uv": [6, 0.75, 10, 1.5], "texture": "#0"},
				"up": {"uv": [3, 4, 0, 0], "texture": "#0"},
				"down": {"uv": [6, 0, 3, 4], "texture": "#0"}
			}
		},
		{
			"from": [3.5, 3, 5.875],
			"to": [12.5, 7.5, 14.875],
			"rotation": {"angle": 0, "axis": "y", "origin": [0, 0.5, -2.25]},
			"faces": {
				"north": {"uv": [2.25, 9.625, 4.5, 10.75], "texture": "#0"},
				"east": {"uv": [0, 9.625, 2.25, 10.75], "texture": "#0"},
				"south": {"uv": [0, 6.25, 2.25, 7.375], "texture": "#0"},
				"west": {"uv": [2.25, 6.25, 4.5, 7.375], "texture": "#0"},
				"up": {"uv": [4.5, 9.625, 2.25, 7.375], "texture": "#0"},
				"down": {"uv": [2.25, 7.375, 0, 9.625], "texture": "#0"}
			}
		},
		{
			"from": [2.025, 2.5, -0.25],
			"to": [13.975, 4.5, 3.75],
			"rotation": {"angle": -22.5, "axis": "x", "origin": [8, 4.5, 3.75]},
			"faces": {
				"north": {"uv": [0, 5.75, 3, 6.25], "texture": "#0"},
				"east": {"uv": [6, 1.5, 7, 2], "texture": "#0"},
				"south": {"uv": [3, 5.75, 6, 6.25], "texture": "#0"},
				"west": {"uv": [6, 2, 7, 2.5], "texture": "#0"},
				"up": {"uv": [6, 5.75, 3, 4.75], "texture": "#0"},
				"down": {"uv": [3, 4.75, 0, 5.75], "texture": "#0"}
			}
		},
		{
			"from": [10.5, 7.5, 5.875],
			"to": [12.5, 9, 14.875],
			"rotation": {"angle": 0, "axis": "y", "origin": [0, 0.5, -2.25]},
			"faces": {
				"north": {"uv": [5, 8.5, 5.5, 8.875], "texture": "#0"},
				"east": {"uv": [2.25, 10.75, 4.5, 11.125], "texture": "#0"},
				"south": {"uv": [4.5, 8.5, 5, 8.875], "texture": "#0"},
				"west": {"uv": [0, 10.75, 2.25, 11.125], "texture": "#0"},
				"up": {"uv": [5, 8.5, 4.5, 6.25], "texture": "#0"},
				"down": {"uv": [5.5, 6.25, 5, 8.5], "texture": "#0"}
			}
		},
		{
			"from": [5.5, 7.5, 5.875],
			"to": [10.5, 9, 7.875],
			"rotation": {"angle": 0, "axis": "y", "origin": [16, 0.5, -2.25]},
			"faces": {
				"north": {"uv": [7, 2.5, 8.25, 2.875], "texture": "#0"},
				"east": {"uv": [6, 2.5, 6.5, 2.875], "texture": "#0"},
				"south": {"uv": [7, 2.875, 8.25, 3.25], "texture": "#0"},
				"west": {"uv": [6.5, 2.5, 7, 2.875], "texture": "#0"},
				"up": {"uv": [8.25, 2, 7, 1.5], "texture": "#0"},
				"down": {"uv": [8.25, 2, 7, 2.5], "texture": "#0"}
			}
		},
		{
			"from": [6, 8, 8.375],
			"to": [10, 12, 12.375],
			"rotation": {"angle": 0, "axis": "y", "origin": [0, 0.5, -2.25]},
			"faces": {
				"north": {"uv": [7, 3.25, 8, 4.25], "texture": "#0"},
				"east": {"uv": [7, 3.25, 8, 4.25], "texture": "#0"},
				"south": {"uv": [7, 3.25, 8, 4.25], "texture": "#0"},
				"west": {"uv": [7, 3.25, 8, 4.25], "texture": "#0"},
				"up": {"uv": [8, 4.25, 7, 3.25], "texture": "#0"},
				"down": {"uv": [8, 3.25, 7, 4.25], "texture": "#0"}
			}
		},
		{
			"from": [7, 12, 9.375],
			"to": [9, 15.5, 11.375],
			"rotation": {"angle": 0, "axis": "y", "origin": [0, 0.5, -2.25]},
			"faces": {
				"north": {"uv": [6, 4.25, 6.5, 5.125], "texture": "#0"},
				"east": {"uv": [6, 4.25, 6.5, 5.125], "texture": "#0"},
				"south": {"uv": [6, 4.25, 6.5, 5.125], "texture": "#0"},
				"west": {"uv": [6, 4.25, 6.5, 5.125], "texture": "#0"},
				"up": {"uv": [6.5, 5.625, 6, 5.125], "texture": "#0"},
				"down": {"uv": [6.5, 5.125, 6, 5.625], "texture": "#0"}
			}
		},
		{
			"from": [11, 4.5, 0.75],
			"to": [13, 5.5, 2.75],
			"rotation": {"angle": -22.5, "axis": "x", "origin": [8, 4.5, 3.75]},
			"faces": {
				"north": {"uv": [6.5, 3.75, 7, 4], "texture": "#0"},
				"east": {"uv": [6, 4, 6.5, 4.25], "texture": "#0"},
				"south": {"uv": [6, 3.75, 6.5, 4], "texture": "#0"},
				"west": {"uv": [6.5, 4, 7, 4.25], "texture": "#0"},
				"up": {"uv": [6.5, 3.75, 6, 3.25], "texture": "#0"},
				"down": {"uv": [7, 3.25, 6.5, 3.75], "texture": "#0"}
			}
		},
		{
			"from": [3.5, 7.5, 5.875],
			"to": [5.5, 9, 14.875],
			"rotation": {"angle": 0, "axis": "y", "origin": [16, 0.5, -2.25]},
			"faces": {
				"north": {"uv": [5.5, 11.125, 5, 11.5], "texture": "#0"},
				"east": {"uv": [2.25, 11.125, 0, 11.5], "texture": "#0"},
				"south": {"uv": [5, 11.125, 4.5, 11.5], "texture": "#0"},
				"west": {"uv": [4.5, 11.125, 2.25, 11.5], "texture": "#0"},
				"up": {"uv": [4.5, 11.125, 5, 8.875], "texture": "#0"},
				"down": {"uv": [5, 8.875, 5.5, 11.125], "texture": "#0"}
			}
		},
		{
			"from": [5.5, 7.5, 12.875],
			"to": [10.5, 9, 14.875],
			"rotation": {"angle": 0, "axis": "y", "origin": [16, 0.5, 18.25]},
			"faces": {
				"north": {"uv": [9.5, 2.875, 8.25, 3.25], "texture": "#0"},
				"east": {"uv": [6.5, 2.875, 6, 3.25], "texture": "#0"},
				"south": {"uv": [9.5, 2.5, 8.25, 2.875], "texture": "#0"},
				"west": {"uv": [7, 2.875, 6.5, 3.25], "texture": "#0"},
				"up": {"uv": [9.5, 1.5, 8.25, 2], "texture": "#0"},
				"down": {"uv": [9.5, 2.5, 8.25, 2], "texture": "#0"}
			}
		},
		{
			"from": [6.5, 8, 8.875],
			"to": [9.5, 11.5, 11.875],
			"rotation": {"angle": 0, "axis": "y", "origin": [0, 0.5, -2.25]},
			"faces": {
				"north": {"uv": [8.75, 3.25, 9.5, 4.125], "texture": "#0"},
				"east": {"uv": [8.75, 3.25, 9.5, 4.125], "texture": "#0"},
				"south": {"uv": [8.75, 3.25, 9.5, 4.125], "texture": "#0"},
				"west": {"uv": [8.75, 3.25, 9.5, 4.125], "texture": "#0"},
				"up": {"uv": [8.75, 4, 8, 3.25], "texture": "#0"},
				"down": {"uv": [8.75, 3.25, 8, 4], "texture": "#0"}
			}
		}
	],
	"gui_light": "front",
	"display": {
		"thirdperson_righthand": {
			"rotation": [67.5, 0, 0],
			"translation": [0, 2.5, 0.25],
			"scale": [0.32258, 0.32258, 0.32258]
		},
		"thirdperson_lefthand": {
			"rotation": [67.5, 0, 0],
			"translation": [0, 2.5, 0.25],
			"scale": [0.32258, 0.32258, 0.32258]
		},
		"firstperson_righthand": {
			"translation": [1.25, 4.5, 0],
			"scale": [0.35188, 0.35188, 0.35188]
		},
		"firstperson_lefthand": {
			"translation": [1.25, 4.5, 0],
			"scale": [0.35188, 0.35188, 0.35188]
		},
		"ground": {
			"translation": [0, 6, 0],
			"scale": [0.55, 0.55, 0.55]
		},
		"gui": {
			"rotation": [30, 135, 0],
			"translation": [0, 1.25, 0],
			"scale": [0.72398, 0.72398, 0.72398]
		},
		"head": {
			"rotation": [0, 180, 0],
			"translation": [0, -30.4, 0],
			"scale": [1.6, 1.6, 1.6]
		},
		"fixed": {
			"rotation": [-90, 0, 0],
			"translation": [0, 0, -16],
			"scale": [2, 2, 2]
		}
	},
	"groups": [
		{
			"name": "group",
			"origin": [0, 0.5, -2.25],
			"color": 0,
			"children": [0, 1, 2, 3, 4, 5, 6, 7, 8, 9, 10]
		}
	]
}