{
	"credit": "MadewithBlockbench",
	"texture_size": [64, 64],
	"textures": {
		"1": "elitecreatures:block/trolleytexture"
	},
	"elements": [
		{
			"from": [2.44, 6.755, 1.78],
			"to": [13.64, 8.435, 14.1],
			"rotation": {"angle": 0, "axis": "y", "origin": [-0.92, 0.875, -2.7]},
			"faces": {
				"north": {"uv": [13, 0, 15.5, 0.375], "texture": "#1"},
				"east": {"uv": [10.25, 0, 13, 0.375], "texture": "#1"},
				"south": {"uv": [13, 0.375, 15.5, 0.75], "texture": "#1"},
				"west": {"uv": [10.25, 0.375, 13, 0.75], "texture": "#1"},
				"up": {"uv": [7.5, 2.75, 5, 0], "texture": "#1"},
				"down": {"uv": [5, 2.75, 2.5, 5.5], "texture": "#1"}
			}
		},
		{
			"from": [2.44, 9.895, 1.78],
			"to": [13.64, 12.135, 14.1],
			"rotation": {"angle": 0, "axis": "y", "origin": [-0.92, 0.375, -2.7]},
			"faces": {
				"north": {"uv": [5.5, 5.5, 8, 6], "texture": "#1"},
				"east": {"uv": [0, 5.5, 2.75, 6], "texture": "#1"},
				"south": {"uv": [0, 6, 2.5, 6.5], "texture": "#1"},
				"west": {"uv": [2.75, 5.5, 5.5, 6], "texture": "#1"},
				"up": {"uv": [7.5, 2.75, 5, 0], "texture": "#1"},
				"down": {"uv": [7.5, 2.75, 5, 5.5], "texture": "#1"}
			}
		},
		{
			"from": [3.56, 13.755, 0.66],
			"to": [12.52, 14.875, 1.78],
			"rotation": {"angle": 0, "axis": "y", "origin": [17, 1.995, 0.66]},
			"faces": {
				"north": {"uv": [0, 6.5, 2, 6.75], "texture": "#1"},
				"east": {"uv": [8.5, 2.75, 8.75, 3], "texture": "#1"},
				"south": {"uv": [6.5, 6, 8.5, 6.25], "texture": "#1"},
				"west": {"uv": [8.5, 4, 8.75, 4.25], "texture": "#1"},
				"up": {"uv": [8.5, 6.5, 6.5, 6.25], "texture": "#1"},
				"down": {"uv": [8.5, 6.5, 6.5, 6.75], "texture": "#1"}
			}
		},
		{
			"from": [3.532, 18.235, 14.1],
			"to": [12.548, 19.355, 15.22],
			"rotation": {"angle": 45, "axis": "x", "origin": [13.08, 14.875, 14.1]},
			"faces": {
				"north": {"uv": [0, 6.75, 2, 7], "texture": "#1"},
				"east": {"uv": [5.5, 8.5, 5.75, 8.75], "texture": "#1"},
				"south": {"uv": [6.5, 6.75, 8.5, 7], "texture": "#1"},
				"west": {"uv": [8.5, 5.5, 8.75, 5.75], "texture": "#1"},
				"up": {"uv": [2, 7.25, 0, 7], "texture": "#1"},
				"down": {"uv": [8.5, 7, 6.5, 7.25], "texture": "#1"}
			}
		},
		{
			"from": [2.44, 0.035, 13.82],
			"to": [3.56, 1.715, 15.5],
			"rotation": {"angle": 0, "axis": "y", "origin": [-0.92, 0.875, 15.22]},
			"faces": {
				"north": {"uv": [2, 8.25, 2.25, 8.625], "texture": "#1"},
				"east": {"uv": [2, 7.75, 2.375, 8.125], "texture": "#1"},
				"south": {"uv": [8.25, 2, 8.5, 2.375], "texture": "#1"},
				"west": {"uv": [7.75, 2.25, 8.125, 2.625], "texture": "#1"},
				"up": {"uv": [2.5, 8.625, 2.25, 8.25], "texture": "#1"},
				"down": {"uv": [8.5, 2.5, 8.25, 2.875], "texture": "#1"}
			}
		},
		{
			"from": [2.16, 1.715, 13.82],
			"to": [3.84, 2.835, 15.5],
			"rotation": {"angle": 0, "axis": "y", "origin": [-0.92, 0.875, 15.22]},
			"faces": {
				"north": {"uv": [8.25, 3, 8.625, 3.25], "texture": "#1"},
				"east": {"uv": [8.25, 3.25, 8.625, 3.5], "texture": "#1"},
				"south": {"uv": [8.25, 3.5, 8.625, 3.75], "texture": "#1"},
				"west": {"uv": [8.25, 3.75, 8.625, 4], "texture": "#1"},
				"up": {"uv": [8.125, 3.125, 7.75, 2.75], "texture": "#1"},
				"down": {"uv": [8.125, 3.25, 7.75, 3.625], "texture": "#1"}
			}
		},
		{
			"from": [2.44, 3.115, 1.78],
			"to": [13.64, 4.795, 14.1],
			"rotation": {"angle": 0, "axis": "y", "origin": [-0.92, 0.875, -2.7]},
			"faces": {
				"north": {"uv": [13, 0, 15.5, 0.375], "texture": "#1"},
				"east": {"uv": [10.25, 0, 13, 0.375], "texture": "#1"},
				"south": {"uv": [13, 0.375, 15.5, 0.75], "texture": "#1"},
				"west": {"uv": [10.25, 0.375, 13, 0.75], "texture": "#1"},
				"up": {"uv": [7.5, 2.75, 5, 0], "texture": "#1"},
				"down": {"uv": [5, 2.75, 2.5, 5.5], "texture": "#1"}
			}
		},
		{
			"from": [12.52, 2.555, 14.1],
			"to": [13.64, 14.875, 15.22],
			"rotation": {"angle": 0, "axis": "y", "origin": [17, 1.995, 15.22]},
			"faces": {
				"north": {"uv": [15.75, 0, 16, 2.75], "texture": "#1"},
				"east": {"uv": [16, 0, 15.75, 2.75], "texture": "#1"},
				"south": {"uv": [15.75, 0, 16, 2.75], "texture": "#1"},
				"west": {"uv": [16, 0, 15.75, 2.75], "texture": "#1"},
				"up": {"uv": [8.5, 4.5, 8.75, 4.25], "texture": "#1"},
				"down": {"uv": [4.5, 8.5, 4.75, 8.75], "texture": "#1"}
			}
		},
		{
			"from": [2.44, 2.555, 0.66],
			"to": [3.56, 14.875, 1.78],
			"rotation": {"angle": 0, "axis": "y", "origin": [-0.92, 1.995, 0.66]},
			"faces": {
				"north": {"uv": [15.5, 0, 15.75, 2.75], "texture": "#1"},
				"east": {"uv": [16, 0, 15.75, 2.75], "texture": "#1"},
				"south": {"uv": [15.75, 2.75, 16, 5.5], "texture": "#1"},
				"west": {"uv": [16, 0, 15.75, 2.75], "texture": "#1"},
				"up": {"uv": [8.75, 4.25, 8.5, 4.5], "texture": "#1"},
				"down": {"uv": [4.75, 8.75, 4.5, 8.5], "texture": "#1"}
			}
		},
		{
			"from": [12.52, 2.555, 0.66],
			"to": [13.64, 14.875, 1.78],
			"rotation": {"angle": 0, "axis": "y", "origin": [17, 1.995, 0.66]},
			"faces": {
				"north": {"uv": [15.75, 0, 15.5, 2.75], "texture": "#1"},
				"east": {"uv": [15.75, 0, 16, 2.75], "texture": "#1"},
				"south": {"uv": [16, 2.75, 15.75, 5.5], "texture": "#1"},
				"west": {"uv": [15.75, 0, 16, 2.75], "texture": "#1"},
				"up": {"uv": [8.5, 4.25, 8.75, 4.5], "texture": "#1"},
				"down": {"uv": [4.5, 8.75, 4.75, 8.5], "texture": "#1"}
			}
		},
		{
			"from": [2.44, 2.555, 14.1],
			"to": [3.56, 14.875, 15.22],
			"rotation": {"angle": 0, "axis": "y", "origin": [-0.92, 1.995, 15.22]},
			"faces": {
				"north": {"uv": [16, 0, 15.75, 2.75], "texture": "#1"},
				"east": {"uv": [15.75, 0, 16, 2.75], "texture": "#1"},
				"south": {"uv": [16, 0, 15.75, 2.75], "texture": "#1"},
				"west": {"uv": [15.75, 0, 16, 2.75], "texture": "#1"},
				"up": {"uv": [8.75, 4.5, 8.5, 4.25], "texture": "#1"},
				"down": {"uv": [4.75, 8.5, 4.5, 8.75], "texture": "#1"}
			}
		},
		{
			"from": [12.548, 14.875, 14.1],
			"to": [13.612, 19.355, 15.22],
			"rotation": {"angle": 45, "axis": "x", "origin": [13.08, 14.875, 14.1]},
			"faces": {
				"north": {"uv": [6.75, 7.5, 6.5, 8.5], "texture": "#1"},
				"east": {"uv": [7.5, 7.5, 7.25, 8.5], "texture": "#1"},
				"south": {"uv": [7.25, 7.5, 7, 8.5], "texture": "#1"},
				"west": {"uv": [7, 7.5, 6.75, 8.5], "texture": "#1"},
				"up": {"uv": [5.25, 8.75, 5.5, 8.5], "texture": "#1"},
				"down": {"uv": [8.5, 5.25, 8.75, 5.5], "texture": "#1"}
			}
		},
		{
			"from": [12.24, 1.715, 13.82],
			"to": [13.92, 2.835, 15.5],
			"rotation": {"angle": 0, "axis": "y", "origin": [17, 0.875, 15.22]},
			"faces": {
				"north": {"uv": [8.625, 3, 8.25, 3.25], "texture": "#1"},
				"east": {"uv": [8.625, 3.75, 8.25, 4], "texture": "#1"},
				"south": {"uv": [8.625, 3.5, 8.25, 3.75], "texture": "#1"},
				"west": {"uv": [8.625, 3.25, 8.25, 3.5], "texture": "#1"},
				"up": {"uv": [7.75, 3.125, 8.125, 2.75], "texture": "#1"},
				"down": {"uv": [7.75, 3.25, 8.125, 3.625], "texture": "#1"}
			}
		},
		{
			"from": [2.16, 1.715, 0.38],
			"to": [3.84, 2.835, 2.06],
			"rotation": {"angle": 0, "axis": "y", "origin": [-0.92, 0.875, 0.66]},
			"faces": {
				"north": {"uv": [8.625, 3.5, 8.25, 3.75], "texture": "#1"},
				"east": {"uv": [8.625, 3.25, 8.25, 3.5], "texture": "#1"},
				"south": {"uv": [8.625, 3, 8.25, 3.25], "texture": "#1"},
				"west": {"uv": [8.625, 3.75, 8.25, 4], "texture": "#1"},
				"up": {"uv": [8.125, 2.75, 7.75, 3.125], "texture": "#1"},
				"down": {"uv": [8.125, 3.625, 7.75, 3.25], "texture": "#1"}
			}
		},
		{
			"from": [12.24, 1.715, 0.38],
			"to": [13.92, 2.835, 2.06],
			"rotation": {"angle": 0, "axis": "y", "origin": [17, 0.875, 0.66]},
			"faces": {
				"north": {"uv": [8.25, 3.5, 8.625, 3.75], "texture": "#1"},
				"east": {"uv": [8.25, 3.75, 8.625, 4], "texture": "#1"},
				"south": {"uv": [8.25, 3, 8.625, 3.25], "texture": "#1"},
				"west": {"uv": [8.25, 3.25, 8.625, 3.5], "texture": "#1"},
				"up": {"uv": [7.75, 2.75, 8.125, 3.125], "texture": "#1"},
				"down": {"uv": [7.75, 3.625, 8.125, 3.25], "texture": "#1"}
			}
		},
		{
			"from": [12.52, 0.035, 13.82],
			"to": [13.64, 1.715, 15.5],
			"rotation": {"angle": 0, "axis": "y", "origin": [17, 0.875, 15.22]},
			"faces": {
				"north": {"uv": [2.25, 8.25, 2, 8.625], "texture": "#1"},
				"east": {"uv": [8.125, 2.25, 7.75, 2.625], "texture": "#1"},
				"south": {"uv": [8.5, 2, 8.25, 2.375], "texture": "#1"},
				"west": {"uv": [2.375, 7.75, 2, 8.125], "texture": "#1"},
				"up": {"uv": [2.25, 8.625, 2.5, 8.25], "texture": "#1"},
				"down": {"uv": [8.25, 2.5, 8.5, 2.875], "texture": "#1"}
			}
		},
		{
			"from": [2.44, 0.035, 0.38],
			"to": [3.56, 1.715, 2.06],
			"rotation": {"angle": 0, "axis": "y", "origin": [-0.92, 0.875, 0.66]},
			"faces": {
				"north": {"uv": [8.5, 2, 8.25, 2.375], "texture": "#1"},
				"east": {"uv": [2.375, 7.75, 2, 8.125], "texture": "#1"},
				"south": {"uv": [2.25, 8.25, 2, 8.625], "texture": "#1"},
				"west": {"uv": [8.125, 2.25, 7.75, 2.625], "texture": "#1"},
				"up": {"uv": [2.5, 8.25, 2.25, 8.625], "texture": "#1"},
				"down": {"uv": [8.5, 2.875, 8.25, 2.5], "texture": "#1"}
			}
		},
		{
			"from": [12.52, 0.035, 0.38],
			"to": [13.64, 1.715, 2.06],
			"rotation": {"angle": 0, "axis": "y", "origin": [17, 0.875, 0.66]},
			"faces": {
				"north": {"uv": [8.25, 2, 8.5, 2.375], "texture": "#1"},
				"east": {"uv": [7.75, 2.25, 8.125, 2.625], "texture": "#1"},
				"south": {"uv": [2, 8.25, 2.25, 8.625], "texture": "#1"},
				"west": {"uv": [2, 7.75, 2.375, 8.125], "texture": "#1"},
				"up": {"uv": [2.25, 8.25, 2.5, 8.625], "texture": "#1"},
				"down": {"uv": [8.25, 2.875, 8.5, 2.5], "texture": "#1"}
			}
		},
		{
			"from": [2.468, 14.875, 14.1],
			"to": [3.532, 19.355, 15.22],
			"rotation": {"angle": 45, "axis": "x", "origin": [3, 14.875, 14.1]},
			"faces": {
				"north": {"uv": [6.5, 7.5, 6.75, 8.5], "texture": "#1"},
				"east": {"uv": [6.75, 7.5, 7, 8.5], "texture": "#1"},
				"south": {"uv": [7, 7.5, 7.25, 8.5], "texture": "#1"},
				"west": {"uv": [7.25, 7.5, 7.5, 8.5], "texture": "#1"},
				"up": {"uv": [5.5, 8.75, 5.25, 8.5], "texture": "#1"},
				"down": {"uv": [8.75, 5.25, 8.5, 5.5], "texture": "#1"}
			}
		}
	],
	"gui_light": "front",
	"display": {
		"thirdperson_righthand": {
			"rotation": [67.5, 0, 0],
			"translation": [0, 2.25, 0],
			"scale": [0.28352, 0.28352, 0.28352]
		},
		"thirdperson_lefthand": {
			"rotation": [67.5, 0, 0],
			"translation": [0, 2.25, 0],
			"scale": [0.28352, 0.28352, 0.28352]
		},
		"firstperson_righthand": {
			"translation": [1, 4.25, 0],
			"scale": [0.37922, 0.37922, 0.37922]
		},
		"firstperson_lefthand": {
			"translation": [1, 4.25, 0],
			"scale": [0.37922, 0.37922, 0.37922]
		},
		"ground": {
			"translation": [0, 6, 0],
			"scale": [0.5, 0.5, 0.5]
		},
		"gui": {
			"rotation": [30, 135, 0],
			"translation": [-0.25, -0.75, 0],
			"scale": [0.59571, 0.59571, 0.59571]
		},
		"head": {
			"rotation": [0, 180, 0],
			"translation": [0, -30.4, 0],
			"scale": [1.6, 1.6, 1.6]
		},
		"fixed": {
			"rotation": [-90, 0, 0],
			"translation": [0, 0, -16],
			"scale": [2, 2, 2]
		}
	},
	"groups": [
		{
			"name": "group",
			"origin": [3.5, 13.375, 13.5],
			"color": 0,
			"children": [0, 1, 2, 3, 4, 5, 6, 7, 8, 9, 10, 11, 12, 13, 14, 15, 16, 17, 18]
		}
	]
}