
{
    "species": "cobblemon:creeplant",
    "order": 0,
    "variations": [
      {
        "aspects": [],
        "poser": "cobblemon:creeplant",
        "model": "cobblemon:creeplant.geo",
        "texture": "cobblemon:textures/pokemon/creeplant/creeplant.png",
        "layers": [ {
          "name": "emissive",
          "emissive": true,
          "texture": "cobblemon:textures/pokemon/creeplant/creeplant_emissive.png",
          "translucent": true
    }]
      },
      {
        "aspects": [ "shiny" ],
        "texture": "cobblemon:textures/pokemon/creeplant/creeplant_shiny.png",
        "layers": [ {
          "name": "emissive",
          "emissive": true,
          "texture": "cobblemon:textures/pokemon/creeplant/creeplant_emissive.png",
          "translucent": true
    }]
      }
    ]
  }
  