{
	"credit": "Made with Blockbench",
	"texture_size": [64, 64],
	"textures": {
		"0": "simplehats:block/lavachicken/piglin_head"
	},
	"elements": [
		{
			"name": "headHelmet",
			"from": [0.9, -0.1, 1.9],
			"to": [15.1, 12.1, 14.1],
			"rotation": {"angle": 0, "axis": "y", "origin": [8, 0, 8]},
			"faces": {
				"north": {"uv": [3, 3, 6.5, 6], "texture": "#0"},
				"east": {"uv": [0, 3, 3, 6], "texture": "#0"},
				"south": {"uv": [9.5, 3, 13, 6], "texture": "#0"},
				"west": {"uv": [6.5, 3, 9.5, 6], "texture": "#0"},
				"up": {"uv": [6.5, 3, 3, 0], "texture": "#0"},
				"down": {"uv": [10, 0, 6.5, 3], "texture": "#0"}
			}
		},
		{
			"name": "headHelmet",
			"from": [5, 0, 0],
			"to": [11, 6, 2],
			"rotation": {"angle": 0, "axis": "y", "origin": [8, 0, 8]},
			"faces": {
				"north": {"uv": [8.75, 6.75, 10.25, 8.25], "texture": "#0"},
				"east": {"uv": [8.25, 6.75, 8.75, 8.25], "texture": "#0"},
				"south": {"uv": [10.75, 6.75, 12.25, 8.25], "texture": "#0"},
				"west": {"uv": [10.25, 6.75, 10.75, 8.25], "texture": "#0"},
				"up": {"uv": [10.25, 6.75, 8.75, 6.25], "texture": "#0"},
				"down": {"uv": [11.75, 6.25, 10.25, 6.75], "texture": "#0"}
			}
		},
		{
			"name": "headHelmet",
			"from": [3, 0, 0],
			"to": [5, 4, 2],
			"rotation": {"angle": 0, "axis": "y", "origin": [8, 0, 8]},
			"faces": {
				"north": {"uv": [0.5, 2, 1, 3], "texture": "#0"},
				"east": {"uv": [0, 2, 0.5, 3], "texture": "#0"},
				"south": {"uv": [1.5, 2, 2, 3], "texture": "#0"},
				"west": {"uv": [1, 2, 1.5, 3], "texture": "#0"},
				"up": {"uv": [1, 2, 0.5, 1.5], "texture": "#0"},
				"down": {"uv": [1.5, 1.5, 1, 2], "texture": "#0"}
			}
		},
		{
			"name": "headHelmet",
			"from": [11, 0, 0],
			"to": [13, 4, 2],
			"rotation": {"angle": 0, "axis": "y", "origin": [8, 0, 8]},
			"faces": {
				"north": {"uv": [0.5, 0.5, 1, 1.5], "texture": "#0"},
				"east": {"uv": [0, 0.5, 0.5, 1.5], "texture": "#0"},
				"south": {"uv": [1.5, 0.5, 2, 1.5], "texture": "#0"},
				"west": {"uv": [1, 0.5, 1.5, 1.5], "texture": "#0"},
				"up": {"uv": [1, 0.5, 0.5, 0], "texture": "#0"},
				"down": {"uv": [1.5, 0, 1, 0.5], "texture": "#0"}
			}
		},
		{
			"name": "ear_left",
			"from": [0.5, 2.5, 5],
			"to": [2.5, 9.5, 11],
			"rotation": {"angle": -45, "axis": "z", "origin": [1, 8, 8]},
			"faces": {
				"north": {"uv": [5.5, 7.5, 6, 9.25], "texture": "#0"},
				"east": {"uv": [4, 7.5, 5.5, 9.25], "texture": "#0"},
				"south": {"uv": [7.5, 7.5, 8, 9.25], "texture": "#0"},
				"west": {"uv": [6, 7.5, 7.5, 9.25], "texture": "#0"},
				"up": {"uv": [6, 7.5, 5.5, 6], "texture": "#0"},
				"down": {"uv": [6.5, 6, 6, 7.5], "texture": "#0"}
			}
		},
		{
			"name": "ear_right",
			"from": [13.5, 2.5, 5],
			"to": [15.5, 9.5, 11],
			"rotation": {"angle": 45, "axis": "z", "origin": [14, 9, 8]},
			"faces": {
				"north": {"uv": [1.5, 7.5, 2, 9.25], "texture": "#0"},
				"east": {"uv": [0, 7.5, 1.5, 9.25], "texture": "#0"},
				"south": {"uv": [3.5, 7.5, 4, 9.25], "texture": "#0"},
				"west": {"uv": [2, 7.5, 3.5, 9.25], "texture": "#0"},
				"up": {"uv": [2, 7.5, 1.5, 6], "texture": "#0"},
				"down": {"uv": [2.5, 6, 2, 7.5], "texture": "#0"}
			}
		}
	],
	"display": {
		"thirdperson_righthand": {
			"rotation": [75, 45, 0],
			"translation": [0, 2.5, 0],
			"scale": [0.375, 0.375, 0.375]
		},
		"thirdperson_lefthand": {
			"rotation": [75, 45, 0],
			"translation": [0, 2.5, 0],
			"scale": [0.375, 0.375, 0.375]
		},
		"firstperson_righthand": {
			"rotation": [0, 45, 0],
			"scale": [0.4, 0.4, 0.4]
		},
		"firstperson_lefthand": {
			"rotation": [0, 225, 0],
			"scale": [0.4, 0.4, 0.4]
		},
		"ground": {
			"translation": [0, 4.75, 0],
			"scale": [0.5, 0.5, 0.5]
		},
		"gui": {
			"rotation": [30, 225, 0],
			"translation": [0.25, 1, 0],
			"scale": [0.625, 0.625, 0.625]
		},
		"head": {
			"translation": [0, 3.5, 0],
			"scale": [1.34, 1.34, 1.34]
		},
		"fixed": {
			"translation": [0, 2.5, -6.5],
			"scale": [1.2, 1.2, 1.2]
		}
	},
	"groups": [
		{
			"name": "head",
			"origin": [8, 0, 8],
			"color": 0,
			"children": [
				{
					"name": "headHelmet",
					"origin": [8, 0, 8],
					"color": 1,
					"children": [
						0,
						1,
						2,
						3,
						{
							"name": "ears",
							"origin": [8, 6, 8],
							"color": 2,
							"children": [
								{
									"name": "ear_left",
									"origin": [1.5, 9.5, 9],
									"color": 3,
									"children": [4]
								},
								{
									"name": "ear_right",
									"origin": [14.5, 9.5, 8],
									"color": 4,
									"children": [5]
								}
							]
						}
					]
				}
			]
		}
	]
}