{
	"credit": "Made with Blockbench",
	"texture_size": [64, 64],
	"textures": {
		"0": "simplehats:block/lavachicken/villager_head"
	},
	"elements": [
		{
			"name": "headHelmet",
			"from": [1.9, -0.1, 1.9],
			"to": [14.1, 16.1, 14.1],
			"rotation": {"angle": 0, "axis": "y", "origin": [8, 0, 8]},
			"faces": {
				"north": {"uv": [4, 3, 7, 7], "texture": "#0"},
				"east": {"uv": [1, 3, 4, 7], "texture": "#0"},
				"south": {"uv": [10, 3, 13, 7], "texture": "#0"},
				"west": {"uv": [7, 3, 10, 7], "texture": "#0"},
				"up": {"uv": [7, 3, 4, 0], "texture": "#0"},
				"down": {"uv": [10, 0, 7, 3], "texture": "#0"}
			}
		},
		{
			"name": "nose",
			"from": [6, -1, 0],
			"to": [10, 5, 2],
			"rotation": {"angle": 0, "axis": "y", "origin": [8, 0, 8]},
			"faces": {
				"north": {"uv": [1, 1, 2, 2.5], "texture": "#0"},
				"east": {"uv": [0.5, 1, 1, 2.5], "texture": "#0"},
				"south": {"uv": [2.5, 1, 3.5, 2.5], "texture": "#0"},
				"west": {"uv": [2, 1, 2.5, 2.5], "texture": "#0"},
				"up": {"uv": [2, 1, 1, 0.5], "texture": "#0"},
				"down": {"uv": [3, 0.5, 2, 1], "texture": "#0"}
			}
		}
	],
	"display": {
		"thirdperson_righthand": {
			"rotation": [75, 45, 0],
			"translation": [0, 2.5, 0],
			"scale": [0.375, 0.375, 0.375]
		},
		"thirdperson_lefthand": {
			"rotation": [75, 45, 0],
			"translation": [0, 2.5, 0],
			"scale": [0.375, 0.375, 0.375]
		},
		"firstperson_righthand": {
			"rotation": [0, 45, 0],
			"scale": [0.4, 0.4, 0.4]
		},
		"firstperson_lefthand": {
			"rotation": [0, 225, 0],
			"scale": [0.4, 0.4, 0.4]
		},
		"ground": {
			"translation": [0, 4.5, 0],
			"scale": [0.5, 0.5, 0.5]
		},
		"gui": {
			"rotation": [30, 225, 0],
			"scale": [0.625, 0.625, 0.625]
		},
		"head": {
			"translation": [0, 2.75, 0],
			"scale": [1.25, 1.25, 1.25]
		},
		"fixed": {
			"translation": [0, 0, -6.5],
			"scale": [1.2, 1.2, 1.2]
		}
	},
	"groups": [
		{
			"name": "head",
			"origin": [8, 0, 8],
			"color": 0,
			"children": [
				{
					"name": "headHelmet",
					"origin": [8, -7, 8],
					"color": 1,
					"children": [
						0,
						{
							"name": "nose",
							"origin": [8, 3, 4],
							"color": 2,
							"children": [1]
						}
					]
				}
			]
		}
	]
}