{
    "species": "cobblemon:genesect",
    "order": 0,
    "variations": [
      {
        "aspects": [],
        "poser": "cobblemon:genesect",
        "model": "cobblemon:genesect.geo",
        "texture": "cobblemon:textures/pokemon/genesect/genesect.png",
        "layers": [
          {
            "name": "emissive",
            "emissive": true,
            "texture": "cobblemon:textures/pokemon/genesect/genesect_emissive.png",
            "translucent": true
      }
        ]
      },
      {
        "aspects": [
          "shiny"
        ],
        "texture": "cobblemon:textures/pokemon/genesect/genesect_shiny.png",
        "layers": [
          {
            "name": "emissive",
            "emissive": true,
            "texture": "cobblemon:textures/pokemon/genesect/genesect_shiny_emissive.png",
            "translucent": true
      }
        ]
      }
    ]
   }