{
  "implemented": true,
  "name": "Shelgon",
  "nationalPokedexNumber": 372,
  "primaryType": "dragon",
  "abilities": [
    "rockhead",
    "h:overcoat"
  ],
  "baseStats": {
    "hp": 65,
    "attack": 95,
    "defence": 100,
    "special_attack": 60,
    "special_defence": 50,
    "speed": 50
  },
  "catchRate": 45,
  "maleRatio": 0.5,
  "shoulderMountable": false,
  "baseExperienceYield": 147,
  "experienceGroup": "slow",
  "eggCycles": 40,
  "eggGroups": [
    "dragon"
  ],
  "moves": [
    "1:bite",
    "1:dragonbreath",
    "1:ember",
    "1:leer",
    "1:protect",
    "1:rage",
    "15:headbutt",
    "20:scaryface",
    "25:crunch",
    "33:dragonclaw",
    "39:zenheadbutt",
    "46:focusenergy",
    "53:flamethrower",
    "60:outrage",
    "67:doubleedge",
    "tm:aerialace",
    "tm:attract",
    "tm:bodyslam",
    "tm:brickbreak",
    "tm:captivate",
    "tm:confide",
    "tm:crunch",
    "tm:cut",
    "tm:doubleteam",
    "tm:dracometeor",
    "tm:dragonclaw",
    "tm:dragondance",
    "tm:dragonpulse",
    "tm:dragontail",
    "tm:endure",
    "tm:facade",
    "tm:fireblast",
    "tm:firefang",
    "tm:firespin",
    "tm:flamethrower",
    "tm:focusenergy",
    "tm:frustration",
    "tm:helpinghand",
    "tm:hiddenpower",
    "tm:honeclaws",
    "tm:hydropump",
    "tm:hypervoice",
    "tm:incinerate",
    "tm:irondefense",
    "tm:ironhead",
    "tm:mudslap",
    "tm:naturalgift",
    "tm:outrage",
    "tm:protect",
    "tm:raindance",
    "tm:rest",
    "tm:return",
    "tm:roar",
    "tm:rockslide",
    "tm:rocksmash",
    "tm:rocktomb",
    "tm:round",
    "tm:scaryface",
    "tm:secretpower",
    "tm:shadowclaw",
    "tm:sleeptalk",
    "tm:snore",
    "tm:strength",
    "tm:substitute",
    "tm:sunnyday",
    "tm:swagger",
    "tm:takedown",
    "tm:terablast",
    "tm:thunderfang",
    "tm:toxic",
    "tm:zenheadbutt",
    "tutor:bodyslam",
    "tutor:defensecurl",
    "tutor:doubleedge",
    "tutor:dracometeor",
    "tutor:dragonpulse",
    "tutor:endure",
    "tutor:furycutter",
    "tutor:headbutt",
    "tutor:hypervoice",
    "tutor:irondefense",
    "tutor:mimic",
    "tutor:mudslap",
    "tutor:outrage",
    "tutor:rockslide",
    "tutor:rollout",
    "tutor:sleeptalk",
    "tutor:snore",
    "tutor:substitute",
    "tutor:swagger",
    "tutor:twister",
    "tutor:zenheadbutt"
  ],
  "labels": [
    "gen3"
  ],
  "pokedex": [
    "cobblemon.species.shelgon.desc"
  ],
  "preEvolution": "bagon",
  "evolutions": [
    {
      "id": "shelgon_salamence",
      "variant": "level_up",
      "result": "salamence",
      "consumeHeldItem": false,
      "learnableMoves": [
        "fly"
      ],
      "requirements": [
        {
          "variant": "level",
          "minLevel": 50
        }
      ]
    }
  ],
  "baseScale": 1.2,
  "hitbox": {
    "width": 1,
    "height": 1,
    "fixed": false
  },
  "baseFriendship": 35,
  "evYield": {
    "hp": 0,
    "attack": 0,
    "defence": 2,
    "special_attack": 0,
    "special_defence": 0,
    "speed": 0
  },
  "height": 11,
  "weight": 1105,
  "aspects": [],
  "cannotDynamax": false
}