{
	"credit": "DemoProjects",
	"texture_size": [64, 64],
	"textures": {
		"0": "simplehats:block/eevee/flareon_hat",
		"particle": "simplehats:block/eevee/flareon_hat"
	},
	"elements": [
		{
			"from": [3, 0, 2],
			"to": [13, 5, 12],
			"rotation": {"angle": 0, "axis": "y", "origin": [8, 5, 7]},
			"faces": {
				"north": {"uv": [7.25, 6.75, 9.75, 8], "texture": "#0"},
				"east": {"uv": [11.25, 7, 13.75, 8.25], "texture": "#0"},
				"south": {"uv": [11.5, 6.75, 14, 8], "texture": "#0"},
				"west": {"uv": [11.75, 6.75, 14.25, 8], "texture": "#0"},
				"up": {"uv": [6.75, 7.75, 4.25, 5.25], "texture": "#0"},
				"down": {"uv": [7, 7.5, 5.5, 8.25], "texture": "#0"}
			}
		},
		{
			"from": [6, -0.75, 1],
			"to": [10, 2.25, 3],
			"rotation": {"angle": 0, "axis": "y", "origin": [8, -10, 15]},
			"faces": {
				"north": {"uv": [13, 5.75, 14, 6.5], "texture": "#0"},
				"east": {"uv": [12.5, 5.75, 13, 6.5], "texture": "#0"},
				"south": {"uv": [14.5, 5.75, 15.5, 6.5], "texture": "#0"},
				"west": {"uv": [14, 5.75, 14.5, 6.5], "texture": "#0"},
				"up": {"uv": [14, 5.75, 13, 5.25], "texture": "#0"},
				"down": {"uv": [15, 5.25, 14, 5.75], "texture": "#0"}
			}
		},
		{
			"from": [7.5, 1.25, 0.99],
			"to": [8.5, 2.25, 0.99],
			"rotation": {"angle": 0, "axis": "y", "origin": [8, -10, 15]},
			"faces": {
				"north": {"uv": [1.5, 0, 1.75, 0.25], "texture": "#0"},
				"east": {"uv": [1.5, 0, 1.5, 0.25], "texture": "#0"},
				"south": {"uv": [1.75, 0, 2, 0.25], "texture": "#0"},
				"west": {"uv": [1.75, 0, 1.75, 0.25], "texture": "#0"},
				"up": {"uv": [1.75, 0, 1.5, 0], "texture": "#0"},
				"down": {"uv": [2, 0, 1.75, 0], "texture": "#0"}
			}
		},
		{
			"from": [2.9, 2.58596, 4.05517],
			"to": [2.9, 13.58596, 9.05517],
			"rotation": {"angle": -45, "axis": "y", "origin": [3, 5, 6]},
			"faces": {
				"north": {"uv": [12.25, 8.5, 12.25, 11.25], "texture": "#0"},
				"east": {"uv": [13.5, 8.5, 12.25, 11.25], "texture": "#0"},
				"south": {"uv": [13.5, 8.5, 13.5, 11.25], "texture": "#0"},
				"west": {"uv": [12.25, 8.5, 11, 11.25], "texture": "#0"},
				"up": {"uv": [12.25, 8.5, 12.25, 7.25], "texture": "#0"},
				"down": {"uv": [12.25, 7.25, 12.25, 8.5], "texture": "#0"}
			}
		},
		{
			"from": [6, 4, 1.66506],
			"to": [10, 6, 5.66506],
			"rotation": {"angle": 0, "axis": "y", "origin": [8, -10, 15]},
			"faces": {
				"north": {"uv": [12.25, 15.5, 13.25, 16], "texture": "#0"},
				"east": {"uv": [11.25, 15.5, 12.25, 16], "texture": "#0"},
				"south": {"uv": [14.25, 15.5, 15.25, 16], "texture": "#0"},
				"west": {"uv": [13.25, 15.5, 14.25, 16], "texture": "#0"},
				"up": {"uv": [13.25, 15.5, 12.25, 14.5], "texture": "#0"},
				"down": {"uv": [14.25, 14.5, 13.25, 15.5], "texture": "#0"}
			}
		},
		{
			"from": [13, 2.82059, 5.20741],
			"to": [13, 13.82059, 10.20741],
			"rotation": {"angle": 45, "axis": "y", "origin": [13, 5, 8]},
			"faces": {
				"north": {"uv": [12.25, 8.5, 12.25, 11.25], "texture": "#0"},
				"east": {"uv": [11, 8.5, 12.25, 11.25], "texture": "#0"},
				"south": {"uv": [13.5, 8.5, 13.5, 11.25], "texture": "#0"},
				"west": {"uv": [12.25, 8.5, 13.5, 11.25], "texture": "#0"},
				"up": {"uv": [12.25, 8.5, 12.25, 7.25], "texture": "#0"},
				"down": {"uv": [12.25, 7.25, 12.25, 8.5], "texture": "#0"}
			}
		},
		{
			"from": [6, 9, 9.75],
			"to": [11, 9, 12.75],
			"rotation": {"angle": -22.5, "axis": "x", "origin": [8, -10, 14.4]},
			"faces": {
				"north": {"uv": [9, 2.5, 10.25, 2.5], "texture": "#0"},
				"east": {"uv": [8.25, 2.5, 9, 2.5], "texture": "#0"},
				"south": {"uv": [11, 2.5, 12.25, 2.5], "texture": "#0"},
				"west": {"uv": [10.25, 2.5, 11, 2.5], "texture": "#0"},
				"up": {"uv": [10.25, 2.5, 9, 1.75], "texture": "#0"},
				"down": {"uv": [11.5, 1.75, 10.25, 2.5], "texture": "#0"}
			}
		}
	],
	"display": {
		"ground": {
			"translation": [0, 5, 0],
			"scale": [0.65, 0.65, 0.65]
		},
		"gui": {
			"rotation": [180, -18, 180],
			"translation": [0, 2.5, 0]
		},
		"head": {
			"translation": [0, 14, 1.5],
			"scale": [1.6, 1.6, 1.6]
		}
	},
	"groups": [
		{
			"name": "flareon_hat",
			"origin": [0, 0, 0],
			"color": 0,
			"children": [0, 1, 2, 3, 4, 5, 6]
		}
	]
}