{
	"credit": "DemoProjects",
	"texture_size": [64, 64],
	"textures": {
		"0": "simplehats:block/eevee/sylveon_hat",
		"particle": "simplehats:block/eevee/sylveon_hat"
	},
	"elements": [
		{
			"from": [4, 0, 3],
			"to": [14, 5, 13],
			"rotation": {"angle": 0, "axis": "y", "origin": [9, 5, 8]},
			"faces": {
				"north": {"uv": [1.5, 6.75, 4, 8], "texture": "#0"},
				"east": {"uv": [0, 6.75, 2.5, 8], "texture": "#0"},
				"south": {"uv": [4.5, 6.75, 7, 8], "texture": "#0"},
				"west": {"uv": [2.5, 6.75, 5, 8], "texture": "#0"},
				"up": {"uv": [3.5, 6.75, 2, 5.25], "texture": "#0"},
				"down": {"uv": [6, 0, 4.75, 0.75], "texture": "#0"}
			}
		},
		{
			"from": [-6.68923, -2.30541, 6.5],
			"to": [-0.68923, 1.69459, 6.5],
			"rotation": {"angle": 45, "axis": "z", "origin": [-2, 1, 7]},
			"faces": {
				"north": {"uv": [11, 0, 12.5, 1], "texture": "#0"},
				"east": {"uv": [11, 0, 11, 1], "texture": "#0"},
				"south": {"uv": [12.5, 0, 14, 1], "texture": "#0"},
				"west": {"uv": [12.5, 0, 12.5, 1], "texture": "#0"},
				"up": {"uv": [12.5, 0, 11, 0], "texture": "#0"},
				"down": {"uv": [14, 0, 12.5, 0], "texture": "#0"}
			}
		},
		{
			"from": [-2.19459, 1.31077, 6.5],
			"to": [0.80541, 5.31077, 6.5],
			"rotation": {"angle": -22.5, "axis": "z", "origin": [-2, 1, 7]},
			"faces": {
				"north": {"uv": [12.25, 5, 13, 6], "texture": "#0"},
				"east": {"uv": [12.25, 5, 12.25, 6], "texture": "#0"},
				"south": {"uv": [13, 5, 13.75, 6], "texture": "#0"},
				"west": {"uv": [13, 5, 13, 6], "texture": "#0"},
				"up": {"uv": [13, 5, 12.25, 5], "texture": "#0"},
				"down": {"uv": [13.75, 5, 13, 5], "texture": "#0"}
			}
		},
		{
			"from": [5.17599, 6.60058, 6.5],
			"to": [9.17599, 9.60058, 6.5],
			"rotation": {"angle": 22.5, "axis": "z", "origin": [5, 8, 7]},
			"faces": {
				"north": {"uv": [2.5, 12.25, 3.5, 13], "texture": "#0"},
				"east": {"uv": [2.5, 12.25, 2.5, 13], "texture": "#0"},
				"south": {"uv": [3.5, 12.25, 4.5, 13], "texture": "#0"},
				"west": {"uv": [3.5, 12.25, 3.5, 13], "texture": "#0"},
				"up": {"uv": [3.5, 12.25, 2.5, 12.25], "texture": "#0"},
				"down": {"uv": [4.5, 12.25, 3.5, 12.25], "texture": "#0"}
			}
		},
		{
			"from": [7.6434, 7.12132, 6.5],
			"to": [13.6434, 11.12132, 6.5],
			"rotation": {"angle": 0, "axis": "z", "origin": [8, 10, 6]},
			"faces": {
				"north": {"uv": [0, 10.75, 1.5, 11.75], "texture": "#0"},
				"east": {"uv": [0, 10.75, 0, 11.75], "texture": "#0"},
				"south": {"uv": [1.5, 10.75, 3, 11.75], "texture": "#0"},
				"west": {"uv": [1.5, 10.75, 1.5, 11.75], "texture": "#0"},
				"up": {"uv": [1.5, 10.75, 0, 10.75], "texture": "#0"},
				"down": {"uv": [3, 10.75, 1.5, 10.75], "texture": "#0"}
			}
		},
		{
			"from": [1, 3, 7.25],
			"to": [6, 14, 7.25],
			"rotation": {"angle": 22.5, "axis": "z", "origin": [5, 5, 8]},
			"faces": {
				"north": {"uv": [3.5, 8.5, 4.75, 11.25], "texture": "#0"},
				"east": {"uv": [3.5, 8.5, 3.5, 11.25], "texture": "#0"},
				"south": {"uv": [4.75, 8.5, 6, 11.25], "texture": "#0"},
				"west": {"uv": [4.75, 8.5, 4.75, 11.25], "texture": "#0"},
				"up": {"uv": [4.75, 8.5, 3.5, 8.5], "texture": "#0"},
				"down": {"uv": [6, 8.5, 4.75, 8.5], "texture": "#0"}
			}
		},
		{
			"from": [12, 2, 7.25],
			"to": [17, 13, 7.25],
			"rotation": {"angle": -22.5, "axis": "z", "origin": [14, 6, 8]},
			"faces": {
				"north": {"uv": [6, 10, 7.25, 12.75], "texture": "#0"},
				"east": {"uv": [6, 10, 6, 12.75], "texture": "#0"},
				"south": {"uv": [7.25, 10, 8.5, 12.75], "texture": "#0"},
				"west": {"uv": [7.25, 10, 7.25, 12.75], "texture": "#0"},
				"up": {"uv": [7.25, 10, 6, 10], "texture": "#0"},
				"down": {"uv": [8.5, 10, 7.25, 10], "texture": "#0"}
			}
		},
		{
			"from": [8.5, 0.25, 2.49],
			"to": [9.5, 1.25, 2.49],
			"rotation": {"angle": 0, "axis": "y", "origin": [9, -11, 13]},
			"faces": {
				"north": {"uv": [14.75, 1, 15, 1.25], "texture": "#0"},
				"east": {"uv": [14.75, 1, 14.75, 1.25], "texture": "#0"},
				"south": {"uv": [15, 1, 15.25, 1.25], "texture": "#0"},
				"west": {"uv": [15, 1, 15, 1.25], "texture": "#0"},
				"up": {"uv": [15, 1, 14.75, 1], "texture": "#0"},
				"down": {"uv": [15.25, 1, 15, 1], "texture": "#0"}
			}
		},
		{
			"from": [6.5, -0.5, 2.5],
			"to": [11.5, 1.5, 3.5],
			"rotation": {"angle": 0, "axis": "y", "origin": [9, -11, 13]},
			"faces": {
				"north": {"uv": [12.5, 10.25, 13.75, 10.75], "texture": "#0"},
				"east": {"uv": [12.25, 10.25, 12.5, 10.75], "texture": "#0"},
				"south": {"uv": [14, 10.25, 15.25, 10.75], "texture": "#0"},
				"west": {"uv": [13.75, 10.25, 14, 10.75], "texture": "#0"},
				"up": {"uv": [13.75, 10.25, 12.5, 10], "texture": "#0"},
				"down": {"uv": [15, 10, 13.75, 10.25], "texture": "#0"}
			}
		},
		{
			"from": [5.485, 1, 2.985],
			"to": [7.485, 3, 3.985],
			"rotation": {"angle": 0, "axis": "y", "origin": [9, -11, 13]},
			"faces": {
				"north": {"uv": [14.75, 0.25, 15.25, 0.75], "texture": "#0"},
				"east": {"uv": [14.5, 0.25, 14.75, 0.75], "texture": "#0"},
				"south": {"uv": [15.5, 0.25, 16, 0.75], "texture": "#0"},
				"west": {"uv": [15.25, 0.25, 15.5, 0.75], "texture": "#0"},
				"up": {"uv": [15.25, 0.25, 14.75, 0], "texture": "#0"},
				"down": {"uv": [15.75, 0, 15.25, 0.25], "texture": "#0"}
			}
		},
		{
			"from": [10.515, 1, 2.985],
			"to": [12.515, 3, 3.985],
			"rotation": {"angle": 0, "axis": "y", "origin": [9, -11, 13]},
			"faces": {
				"north": {"uv": [15.25, 0.25, 14.75, 0.75], "texture": "#0"},
				"east": {"uv": [15.5, 0.25, 15.25, 0.75], "texture": "#0"},
				"south": {"uv": [16, 0.25, 15.5, 0.75], "texture": "#0"},
				"west": {"uv": [14.75, 0.25, 14.5, 0.75], "texture": "#0"},
				"up": {"uv": [14.75, 0.25, 15.25, 0], "texture": "#0"},
				"down": {"uv": [15.25, 0, 15.75, 0.25], "texture": "#0"}
			}
		},
		{
			"from": [12, 3, 4],
			"to": [16, 6, 4],
			"rotation": {"angle": 0, "axis": "z", "origin": [13.5, 7.5, 4]},
			"faces": {
				"north": {"uv": [12.25, 5.75, 13.25, 6.5], "texture": "#0"},
				"east": {"uv": [12.25, 5.75, 12.25, 6.5], "texture": "#0"},
				"south": {"uv": [13.25, 5.75, 14.25, 6.5], "texture": "#0"},
				"west": {"uv": [13.25, 5.75, 13.25, 6.5], "texture": "#0"},
				"up": {"uv": [13.25, 5.75, 12.25, 5.75], "texture": "#0"},
				"down": {"uv": [14.25, 5.75, 13.25, 5.75], "texture": "#0"}
			}
		},
		{
			"from": [3, 5, 6],
			"to": [5, 7, 7],
			"rotation": {"angle": 45, "axis": "z", "origin": [4, 5, 7]},
			"faces": {
				"north": {"uv": [2, 5.75, 2.5, 6.25], "texture": "#0"},
				"east": {"uv": [1.75, 5.75, 2, 6.25], "texture": "#0"},
				"south": {"uv": [2.75, 5.75, 3.25, 6.25], "texture": "#0"},
				"west": {"uv": [2.5, 5.75, 2.75, 6.25], "texture": "#0"},
				"up": {"uv": [2.5, 5.75, 2, 5.5], "texture": "#0"},
				"down": {"uv": [3, 5.5, 2.5, 5.75], "texture": "#0"}
			}
		},
		{
			"from": [0.23628, 3, 6.54232],
			"to": [8.23628, 9, 6.54232],
			"rotation": {"angle": 45, "axis": "z", "origin": [4, 5, 7]},
			"faces": {
				"north": {"uv": [8.25, 5, 10.25, 6.5], "texture": "#0"},
				"east": {"uv": [8.25, 5, 8.25, 6.5], "texture": "#0"},
				"south": {"uv": [10.25, 5, 12.25, 6.5], "texture": "#0"},
				"west": {"uv": [10.25, 5, 10.25, 6.5], "texture": "#0"},
				"up": {"uv": [10.25, 5, 8.25, 5], "texture": "#0"},
				"down": {"uv": [12.25, 5, 10.25, 5], "texture": "#0"}
			}
		}
	],
	"display": {
		"ground": {
			"translation": [0, 5, 0],
			"scale": [0.65, 0.65, 0.65]
		},
		"gui": {
			"rotation": [180, -51.75, 180],
			"translation": [-0.25, 2.25, 0],
			"scale": [0.8, 0.8, 0.8]
		},
		"head": {
			"translation": [-1.5, 14, 0],
			"scale": [1.6, 1.6, 1.6]
		}
	},
	"groups": [
		{
			"name": "sylveon_hat",
			"origin": [0, 0, 0],
			"color": 0,
			"children": [0, 1, 2, 3, 4, 5, 6, 7, 8, 9, 10, 11, 12, 13]
		}
	]
}