{
	"credit": "Made with Blockbench",
	"texture_size": [64, 64],
	"textures": {
		"2": "item/honedge_espada",
		"particle": "item/honedge_espada"
	},
	"elements": [
		{
			"name": "blade",
			"from": [5, 13.5, 7.5],
			"to": [8, 16.5, 8.5],
			"rotation": {"angle": 45, "axis": "z", "origin": [8, 16.5, 7]},
			"faces": {
				"north": {"uv": [5.75, 0, 6.5, 0.75], "texture": "#2"},
				"east": {"uv": [7, 7.5, 7.25, 8.25], "texture": "#2"},
				"south": {"uv": [5.75, 0.75, 6.5, 1.5], "texture": "#2"},
				"west": {"uv": [7.25, 7.5, 7.5, 8.25], "texture": "#2"},
				"up": {"uv": [8.25, 6.5, 7.5, 6.25], "texture": "#2"},
				"down": {"uv": [8.25, 6.5, 7.5, 6.75], "texture": "#2"}
			}
		},
		{
			"name": "blade",
			"from": [6, 14.5, 7.5],
			"to": [11, 19.5, 8.5],
			"rotation": {"angle": 45, "axis": "z", "origin": [8, 16.5, 8]},
			"faces": {
				"north": {"uv": [3.75, 0, 5, 1.25], "texture": "#2"},
				"east": {"uv": [2.5, 7.5, 2.75, 8.75], "texture": "#2"},
				"south": {"uv": [3.75, 1.25, 5, 2.5], "texture": "#2"},
				"west": {"uv": [2.75, 7.5, 3, 8.75], "texture": "#2"},
				"up": {"uv": [8.75, 3, 7.5, 2.75], "texture": "#2"},
				"down": {"uv": [8.75, 4, 7.5, 4.25], "texture": "#2"}
			}
		},
		{
			"name": "blade",
			"from": [-2, 6.5, 7.5],
			"to": [1, 9.5, 8.5],
			"rotation": {"angle": 45, "axis": "z", "origin": [8, 16.5, 7]},
			"faces": {
				"north": {"uv": [5.75, 1.5, 6.5, 2.25], "texture": "#2"},
				"east": {"uv": [7.5, 7.5, 7.75, 8.25], "texture": "#2"},
				"south": {"uv": [6, 5.25, 6.75, 6], "texture": "#2"},
				"west": {"uv": [7.75, 1, 8, 1.75], "texture": "#2"},
				"up": {"uv": [8.5, 3.25, 7.75, 3], "texture": "#2"},
				"down": {"uv": [8.5, 3.25, 7.75, 3.5], "texture": "#2"}
			}
		},
		{
			"name": "blade",
			"from": [-3, 5.5, 7.5],
			"to": [0, 8.5, 8.5],
			"rotation": {"angle": 45, "axis": "z", "origin": [8, 16.5, 7]},
			"faces": {
				"north": {"uv": [6, 6, 6.75, 6.75], "texture": "#2"},
				"east": {"uv": [3.75, 7.75, 4, 8.5], "texture": "#2"},
				"south": {"uv": [6.25, 2.25, 7, 3], "texture": "#2"},
				"west": {"uv": [4, 7.75, 4.25, 8.5], "texture": "#2"},
				"up": {"uv": [8.5, 3.75, 7.75, 3.5], "texture": "#2"},
				"down": {"uv": [8.5, 3.75, 7.75, 4], "texture": "#2"}
			}
		},
		{
			"name": "blade",
			"from": [-4, 4.5, 8],
			"to": [11, 19.5, 8],
			"rotation": {"angle": 45, "axis": "z", "origin": [8, 16.5, 6.5]},
			"faces": {
				"north": {"uv": [0, 0, 3.75, 3.75], "texture": "#2"},
				"east": {"uv": [0, 0, 0, 3.75], "texture": "#2"},
				"south": {"uv": [0, 3.75, 3.75, 7.5], "texture": "#2"},
				"west": {"uv": [0, 0, 0, 3.75], "texture": "#2"},
				"up": {"uv": [3.75, 0, 0, 0], "texture": "#2"},
				"down": {"uv": [3.75, 0, 0, 0], "texture": "#2"}
			}
		},
		{
			"name": "blade",
			"from": [-1, 7.5, 7.5],
			"to": [2, 10.5, 8.5],
			"rotation": {"angle": 45, "axis": "z", "origin": [8, 16.5, 7]},
			"faces": {
				"north": {"uv": [6.25, 3, 7, 3.75], "texture": "#2"},
				"east": {"uv": [7.75, 4.75, 8, 5.5], "texture": "#2"},
				"south": {"uv": [3.75, 6.25, 4.5, 7], "texture": "#2"},
				"west": {"uv": [5, 7.75, 5.25, 8.5], "texture": "#2"},
				"up": {"uv": [6, 8, 5.25, 7.75], "texture": "#2"},
				"down": {"uv": [8.5, 5.5, 7.75, 5.75], "texture": "#2"}
			}
		},
		{
			"name": "blade",
			"from": [0, 8.5, 7.5],
			"to": [3, 11.5, 8.5],
			"rotation": {"angle": 45, "axis": "z", "origin": [8, 16.5, 7]},
			"faces": {
				"north": {"uv": [6.25, 3.75, 7, 4.5], "texture": "#2"},
				"east": {"uv": [6.25, 7.75, 6.5, 8.5], "texture": "#2"},
				"south": {"uv": [4.5, 6.25, 5.25, 7], "texture": "#2"},
				"west": {"uv": [6.5, 7.75, 6.75, 8.5], "texture": "#2"},
				"up": {"uv": [8.5, 6, 7.75, 5.75], "texture": "#2"},
				"down": {"uv": [8.5, 6.75, 7.75, 7], "texture": "#2"}
			}
		},
		{
			"name": "blade",
			"from": [1, 9.5, 7.5],
			"to": [4, 12.5, 8.5],
			"rotation": {"angle": 45, "axis": "z", "origin": [8, 16.5, 7]},
			"faces": {
				"north": {"uv": [6.25, 4.5, 7, 5.25], "texture": "#2"},
				"east": {"uv": [6.75, 7.75, 7, 8.5], "texture": "#2"},
				"south": {"uv": [5.25, 6.25, 6, 7], "texture": "#2"},
				"west": {"uv": [7.75, 7, 8, 7.75], "texture": "#2"},
				"up": {"uv": [8.5, 8, 7.75, 7.75], "texture": "#2"},
				"down": {"uv": [0.75, 8, 0, 8.25], "texture": "#2"}
			}
		},
		{
			"name": "blade",
			"from": [2, 10.5, 7.5],
			"to": [5, 13.5, 8.5],
			"rotation": {"angle": 45, "axis": "z", "origin": [8, 16.5, 7]},
			"faces": {
				"north": {"uv": [6.5, 0, 7.25, 0.75], "texture": "#2"},
				"east": {"uv": [8, 0, 8.25, 0.75], "texture": "#2"},
				"south": {"uv": [6.5, 0.75, 7.25, 1.5], "texture": "#2"},
				"west": {"uv": [8, 0.75, 8.25, 1.5], "texture": "#2"},
				"up": {"uv": [8.75, 1.75, 8, 1.5], "texture": "#2"},
				"down": {"uv": [2.5, 8, 1.75, 8.25], "texture": "#2"}
			}
		},
		{
			"name": "blade",
			"from": [3, 11.5, 7.5],
			"to": [6, 14.5, 8.5],
			"rotation": {"angle": 45, "axis": "z", "origin": [8, 16.5, 7]},
			"faces": {
				"north": {"uv": [6.5, 1.5, 7.25, 2.25], "texture": "#2"},
				"east": {"uv": [3, 8, 3.25, 8.75], "texture": "#2"},
				"south": {"uv": [6.75, 5.25, 7.5, 6], "texture": "#2"},
				"west": {"uv": [3.25, 8, 3.5, 8.75], "texture": "#2"},
				"up": {"uv": [8.75, 2, 8, 1.75], "texture": "#2"},
				"down": {"uv": [8.75, 2, 8, 2.25], "texture": "#2"}
			}
		},
		{
			"name": "blade",
			"from": [4, 12.5, 7.5],
			"to": [7, 15.5, 8.5],
			"rotation": {"angle": 45, "axis": "z", "origin": [8, 16.5, 7]},
			"faces": {
				"north": {"uv": [6, 6.75, 6.75, 7.5], "texture": "#2"},
				"east": {"uv": [4.25, 8, 4.5, 8.75], "texture": "#2"},
				"south": {"uv": [6.75, 6, 7.5, 6.75], "texture": "#2"},
				"west": {"uv": [4.5, 8, 4.75, 8.75], "texture": "#2"},
				"up": {"uv": [8.75, 5, 8, 4.75], "texture": "#2"},
				"down": {"uv": [8.75, 5, 8, 5.25], "texture": "#2"}
			}
		},
		{
			"name": "eyelid",
			"from": [6.49, 16.24, 6.59],
			"to": [9.51, 19.26, 7.61],
			"rotation": {"angle": 0, "axis": "y", "origin": [8, -2, 8]},
			"faces": {
				"north": {"uv": [5.5, 4.5, 6.25, 5.25], "texture": "#2"},
				"east": {"uv": [7.5, 5.25, 7.75, 6], "texture": "#2"},
				"south": {"uv": [5.25, 5.5, 6, 6.25], "texture": "#2"},
				"west": {"uv": [6, 7.5, 6.25, 8.25], "texture": "#2"},
				"up": {"uv": [8.25, 6.25, 7.5, 6], "texture": "#2"},
				"down": {"uv": [7, 7.5, 6.25, 7.75], "texture": "#2"}
			}
		},
		{
			"name": "eye2",
			"from": [7.5, 16.75, 6.499],
			"to": [8.5, 18.75, 7.499],
			"rotation": {"angle": 0, "axis": "y", "origin": [8, -2, 8]},
			"faces": {
				"north": {"uv": [5.25, 8, 5.5, 8.5], "texture": "#2"},
				"east": {"uv": [5.5, 8, 5.75, 8.5], "texture": "#2"},
				"south": {"uv": [5.75, 8, 6, 8.5], "texture": "#2"},
				"west": {"uv": [8, 7, 8.25, 7.5], "texture": "#2"},
				"up": {"uv": [5.25, 2.5, 5, 2.25], "texture": "#2"},
				"down": {"uv": [5.5, 2.25, 5.25, 2.5], "texture": "#2"}
			}
		},
		{
			"name": "eye",
			"from": [6.5, 16.25, 6.5],
			"to": [9.5, 19.25, 7.5],
			"rotation": {"angle": 0, "axis": "y", "origin": [8, -2, 8]},
			"faces": {
				"north": {"uv": [5.5, 3.75, 6.25, 4.5], "texture": "#2"},
				"east": {"uv": [3.5, 7.5, 3.75, 8.25], "texture": "#2"},
				"south": {"uv": [4.5, 5.5, 5.25, 6.25], "texture": "#2"},
				"west": {"uv": [4.75, 7.5, 5, 8.25], "texture": "#2"},
				"up": {"uv": [8.25, 4.5, 7.5, 4.25], "texture": "#2"},
				"down": {"uv": [8.25, 4.5, 7.5, 4.75], "texture": "#2"}
			}
		},
		{
			"name": "guard_right",
			"from": [12.499, 16.999, 6.999],
			"to": [15.501, 20.001, 9.001],
			"rotation": {"angle": -22.5, "axis": "z", "origin": [12.5, 20, 8]},
			"faces": {
				"north": {"uv": [5.5, 3, 6.25, 3.75], "texture": "#2"},
				"east": {"uv": [0.75, 7.5, 1.25, 8.25], "texture": "#2"},
				"south": {"uv": [3.75, 5.5, 4.5, 6.25], "texture": "#2"},
				"west": {"uv": [1.25, 7.5, 1.75, 8.25], "texture": "#2"},
				"up": {"uv": [2.5, 8, 1.75, 7.5], "texture": "#2"},
				"down": {"uv": [8.25, 2.25, 7.5, 2.75], "texture": "#2"}
			}
		},
		{
			"name": "guard_right",
			"from": [9.498, 16.998, 6.998],
			"to": [12.502, 20.002, 9.002],
			"rotation": {"angle": 0, "axis": "y", "origin": [8, -2, 8]},
			"faces": {
				"north": {"uv": [5, 1.5, 5.75, 2.25], "texture": "#2"},
				"east": {"uv": [7.25, 1, 7.75, 1.75], "texture": "#2"},
				"south": {"uv": [5.5, 2.25, 6.25, 3], "texture": "#2"},
				"west": {"uv": [7.25, 6.75, 7.75, 7.5], "texture": "#2"},
				"up": {"uv": [8, 2.25, 7.25, 1.75], "texture": "#2"},
				"down": {"uv": [0.75, 7.5, 0, 8], "texture": "#2"}
			}
		},
		{
			"name": "guard_left",
			"from": [0.499, 16.999, 6.999],
			"to": [3.501, 20.001, 9.001],
			"rotation": {"angle": 22.5, "axis": "z", "origin": [3.5, 20, 8]},
			"faces": {
				"north": {"uv": [5, 0, 5.75, 0.75], "texture": "#2"},
				"east": {"uv": [5, 7, 5.5, 7.75], "texture": "#2"},
				"south": {"uv": [5, 0.75, 5.75, 1.5], "texture": "#2"},
				"west": {"uv": [5.5, 7, 6, 7.75], "texture": "#2"},
				"up": {"uv": [8, 0.5, 7.25, 0], "texture": "#2"},
				"down": {"uv": [8, 0.5, 7.25, 1], "texture": "#2"}
			}
		},
		{
			"name": "guard_left",
			"from": [3.498, 16.998, 6.998],
			"to": [6.502, 20.002, 9.002],
			"rotation": {"angle": 0, "axis": "y", "origin": [8, -2, 8]},
			"faces": {
				"north": {"uv": [4.75, 4, 5.5, 4.75], "texture": "#2"},
				"east": {"uv": [3.75, 7, 4.25, 7.75], "texture": "#2"},
				"south": {"uv": [4.75, 4.75, 5.5, 5.5], "texture": "#2"},
				"west": {"uv": [7, 4, 7.5, 4.75], "texture": "#2"},
				"up": {"uv": [5, 7.5, 4.25, 7], "texture": "#2"},
				"down": {"uv": [7.75, 4.75, 7, 5.25], "texture": "#2"}
			}
		},
		{
			"name": "body",
			"from": [6.497, 16.997, 6.997],
			"to": [9.503, 20.003, 9.003],
			"rotation": {"angle": 0, "axis": "y", "origin": [8, -2, 8]},
			"faces": {
				"north": {"uv": [4.75, 2.5, 5.5, 3.25], "texture": "#2"},
				"east": {"uv": [6.75, 6.75, 7.25, 7.5], "texture": "#2"},
				"south": {"uv": [4.75, 3.25, 5.5, 4], "texture": "#2"},
				"west": {"uv": [7, 2.25, 7.5, 3], "texture": "#2"},
				"up": {"uv": [7.75, 3.5, 7, 3], "texture": "#2"},
				"down": {"uv": [7.75, 3.5, 7, 4], "texture": "#2"}
			}
		},
		{
			"name": "body",
			"from": [7, 20, 7],
			"to": [9, 26, 9],
			"rotation": {"angle": 0, "axis": "y", "origin": [8, -2, 8]},
			"faces": {
				"north": {"uv": [3.75, 2.5, 4.25, 4], "texture": "#2"},
				"east": {"uv": [3.75, 4, 4.25, 5.5], "texture": "#2"},
				"south": {"uv": [4.25, 2.5, 4.75, 4], "texture": "#2"},
				"west": {"uv": [4.25, 4, 4.75, 5.5], "texture": "#2"},
				"up": {"uv": [3.5, 8, 3, 7.5], "texture": "#2"},
				"down": {"uv": [4.75, 7.5, 4.25, 8], "texture": "#2"}
			}
		}
	],
	"display": {
		"thirdperson_righthand": {
			"rotation": [-122, -90, 55],
			"translation": [0, 10.75, 0.75],
			"scale": [0.85, 0.85, 0.85]
		},
		"thirdperson_lefthand": {
			"rotation": [-122, 90, -55],
			"translation": [0, 10.75, 0.75],
			"scale": [0.85, 0.85, 0.85]
		},
		"firstperson_righthand": {
			"rotation": [154, -90, 25],
			"translation": [1.13, 3.2, 1.13],
			"scale": [0.68, 0.68, 0.68]
		},
		"firstperson_lefthand": {
			"rotation": [154, 90, -25],
			"translation": [1.13, 3.2, 1.13],
			"scale": [0.68, 0.68, 0.68]
		},
		"ground": {
			"rotation": [0, 0, -134],
			"translation": [0, 6, 0],
			"scale": [0.57, 0.57, 0.57]
		},
		"gui": {
			"rotation": [0, 0, 136],
			"translation": [2.75, 2.75, 0],
			"scale": [0.69, 0.69, 0.69]
		},
		"head": {
			"rotation": [0, 0, 56],
			"translation": [-4, 2.25, 0],
			"scale": [1.31, 1.31, 1.31]
		},
		"fixed": {
			"rotation": [0, 0, -134],
			"translation": [-3.25, 2.75, 0],
			"scale": [0.8, 0.8, 0.8]
		}
	}
}