{
  "parent": "minecraft:item/generated",
  "textures": {
    "layer0": "minecraft:item/iron_ingot"
  },
  "overrides": [
    {
      "predicate": {
        "custom_model_data": 100
      },
      "model": "cobblebadges:item/the_rainbow_badge"
    },
    {
      "predicate": {
        "custom_model_data": 101
      },
      "model": "cobblebadges:item/the_voltage_badge"
    },
    {
      "predicate": {
        "custom_model_data": 102
      },
      "model": "cobblebadges:item/the_glacier_badge"
    },
    {
      "predicate": {
        "custom_model_data": 103
      },
      "model": "cobblebadges:item/the_plant_badge"
    },
    {
      "predicate": {
        "custom_model_data": 104
      },
      "model": "cobblebadges:item/the_dragon_badge"
    },
    {
      "predicate": {
        "custom_model_data": 105
      },
      "model": "cobblebadges:item/the_jet_badge"
    },
    {
      "predicate": {
        "custom_model_data": 106
      },
      "model": "cobblebadges:item/the_heat_badge"
    },
    {
      "predicate": {
        "custom_model_data": 107
      },
      "model": "cobblebadges:item/the_relic_badge"
    },
    {
      "predicate": {
        "custom_model_data": 108
      },
      "model": "cobblebadges:item/the_bolt_badge"
    },
    {
      "predicate": {
        "custom_model_data": 109
      },
      "model": "cobblebadges:item/the_mind_badge"
    },
    {
      "predicate": {
        "custom_model_data": 110
      },
      "model": "cobblebadges:item/the_rock_badge"
    },
    {
      "predicate": {
        "custom_model_data": 111
      },
      "model": "cobblebadges:item/the_knuckle_badge"
    },
    {
      "predicate": {
        "custom_model_data": 3002
      },
      "model": "minecraft:block/food_truck"
    },
    {
      "predicate": {
        "custom_model_data": 3006
      },
      "model": "minecraft:item/spatula"
    },
    {
      "predicate": {
        "custom_model_data": 3021
      },
      "model": "minecraft:block/cocina_estufa"
    },
    {
      "predicate": {
        "custom_model_data": 3022
      },
      "model": "minecraft:block/cocina_freidora"
    },
    {
      "predicate": {
        "custom_model_data": 3023
      },
      "model": "minecraft:block/cocina_nevecon"
    },
    {
      "predicate": {
        "custom_model_data": 3024
      },
      "model": "minecraft:block/cocina_nevecon_stickers"
    },
    {
      "predicate": {
        "custom_model_data": 3025
      },
      "model": "minecraft:block/cocina_nevera"
    },
    {
      "predicate": {
        "custom_model_data": 3026
      },
      "model": "minecraft:block/cocina_nevera_stickers"
    },
    {
      "predicate": {
        "custom_model_data": 3027
      },
      "model": "minecraft:block/cocina_parrilla"
    }
  ]
}