{
	"format_version": "1.8.0",
	"animations": {
		"animation.miscreepant.ground_idle": {
			"loop": true,
			"animation_length": 6,
			"bones": {
				"head": {
					"position": {
						"0.0": {
							"post": [0, 0, 0],
							"lerp_mode": "catmullrom"
						},
						"3.0": {
							"post": [0, -1, 0],
							"lerp_mode": "catmullrom"
						},
						"6.0": {
							"post": [0, 0, 0],
							"lerp_mode": "catmullrom"
						}
					}
				},
				"leaf": {
					"rotation": {
						"0.0": {
							"post": [0, 0, 0],
							"lerp_mode": "catmullrom"
						},
						"0.75": {
							"post": [-5, 0, 0],
							"lerp_mode": "catmullrom"
						},
						"3.25": {
							"post": [0, 0, 0],
							"lerp_mode": "catmullrom"
						},
						"4.0": {
							"post": [5, 0, 0],
							"lerp_mode": "catmullrom"
						},
						"6.0": {
							"post": [0, 0, 0],
							"lerp_mode": "catmullrom"
						}
					}
				},
				"front": {
					"rotation": {
						"0.0": {
							"post": [0, 0, 0],
							"lerp_mode": "catmullrom"
						},
						"0.25": {
							"post": [0, 0, 0],
							"lerp_mode": "catmullrom"
						},
						"3.25": {
							"post": [0, 0, -10],
							"lerp_mode": "catmullrom"
						},
						"5.0833": {
							"post": [0, 0, 12.5],
							"lerp_mode": "catmullrom"
						},
						"6.0": {
							"post": [0, 0, 0],
							"lerp_mode": "catmullrom"
						}
					}
				},
				"back": {
					"rotation": {
						"0.0": {
							"post": [0, 0, 0],
							"lerp_mode": "catmullrom"
						},
						"0.25": {
							"post": [0, 0, 0],
							"lerp_mode": "catmullrom"
						},
						"3.25": {
							"post": [0, 0, -10],
							"lerp_mode": "catmullrom"
						},
						"5.0833": {
							"post": [0, 0, 12.5],
							"lerp_mode": "catmullrom"
						},
						"6.0": {
							"post": [0, 0, 0],
							"lerp_mode": "catmullrom"
						}
					}
				},
				"left": {
					"rotation": {
						"0.0": {
							"post": [0, 0, 0],
							"lerp_mode": "catmullrom"
						},
						"0.25": {
							"post": [0, 0, 0],
							"lerp_mode": "catmullrom"
						},
						"3.25": {
							"post": [0, 0, -10],
							"lerp_mode": "catmullrom"
						},
						"5.0833": {
							"post": [0, 0, 12.5],
							"lerp_mode": "catmullrom"
						},
						"6.0": {
							"post": [0, 0, 0],
							"lerp_mode": "catmullrom"
						}
					}
				},
				"right": {
					"rotation": {
						"0.0": {
							"post": [0, 0, 0],
							"lerp_mode": "catmullrom"
						},
						"0.25": {
							"post": [0, 0, 0],
							"lerp_mode": "catmullrom"
						},
						"3.25": {
							"post": [0, 0, -10],
							"lerp_mode": "catmullrom"
						},
						"5.0833": {
							"post": [0, 0, 12.5],
							"lerp_mode": "catmullrom"
						},
						"6.0": {
							"post": [0, 0, 0],
							"lerp_mode": "catmullrom"
						}
					}
				},
				"eyelid": {
					"position": {
						"0.0": {
							"post": [0, 0, 0],
							"lerp_mode": "catmullrom"
						},
						"2.75": {
							"post": [0, 0, 0],
							"lerp_mode": "catmullrom"
						},
						"3.0": {
							"post": [0, -2, 0],
							"lerp_mode": "catmullrom"
						},
						"3.0833": {
							"post": [0, -2, 0],
							"lerp_mode": "catmullrom"
						},
						"3.3333": {
							"post": [0, 0, 0],
							"lerp_mode": "catmullrom"
						}
					}
				},
				"eyelid2": {
					"position": {
						"2.75": {
							"pre": [0, 0, 0],
							"post": [0, 0, 0],
							"lerp_mode": "catmullrom"
						},
						"3.0": {
							"post": [0, -2, 0],
							"lerp_mode": "catmullrom"
						},
						"3.0833": {
							"post": [0, -2, 0],
							"lerp_mode": "catmullrom"
						},
						"3.3333": {
							"post": [0, 0, 0],
							"lerp_mode": "catmullrom"
						}
					}
				},
				"body": {
					"position": {
						"0.0": {
							"post": [0, 0, 0],
							"lerp_mode": "catmullrom"
						},
						"3.0": {
							"post": [0, -1, 0],
							"lerp_mode": "catmullrom"
						},
						"6.0": {
							"post": [0, 0, 0],
							"lerp_mode": "catmullrom"
						}
					}
				},
				"pupil": {
					"position": {
						"0.0": {
							"post": [0, 0, 0],
							"lerp_mode": "catmullrom"
						},
						"0.0417": {
							"post": [0, 0, 0.25],
							"lerp_mode": "catmullrom"
						},
						"0.0833": {
							"post": [0, 0, 0],
							"lerp_mode": "catmullrom"
						},
						"0.125": {
							"post": [0, 0, 0.25],
							"lerp_mode": "catmullrom"
						},
						"0.1667": {
							"post": [0, 0, 0],
							"lerp_mode": "catmullrom"
						},
						"0.2083": {
							"post": [0, 0, 0.25],
							"lerp_mode": "catmullrom"
						},
						"0.25": {
							"post": [0, 0, 0],
							"lerp_mode": "catmullrom"
						},
						"0.2917": {
							"post": [0, 0, 0.25],
							"lerp_mode": "catmullrom"
						},
						"0.3333": {
							"post": [0, 0, 0],
							"lerp_mode": "catmullrom"
						},
						"0.375": {
							"post": [0, 0, 0.25],
							"lerp_mode": "catmullrom"
						},
						"0.4167": {
							"post": [0, 0, 0],
							"lerp_mode": "catmullrom"
						},
						"0.4583": {
							"post": [0, 0, 0.25],
							"lerp_mode": "catmullrom"
						},
						"0.5": {
							"post": [0, 0, 0],
							"lerp_mode": "catmullrom"
						},
						"0.5417": {
							"post": [0, 0, 0.25],
							"lerp_mode": "catmullrom"
						},
						"0.5833": {
							"post": [0, 0, 0],
							"lerp_mode": "catmullrom"
						},
						"0.625": {
							"post": [0, 0, 0.25],
							"lerp_mode": "catmullrom"
						},
						"0.6667": {
							"post": [0, 0, 0],
							"lerp_mode": "catmullrom"
						},
						"0.7083": {
							"post": [0, 0, 0.25],
							"lerp_mode": "catmullrom"
						},
						"0.75": {
							"post": [0, 0, 0],
							"lerp_mode": "catmullrom"
						},
						"0.7917": {
							"post": [0, 0, 0.25],
							"lerp_mode": "catmullrom"
						},
						"0.8333": {
							"post": [0, 0, 0],
							"lerp_mode": "catmullrom"
						},
						"0.875": {
							"post": [0, 0, 0.25],
							"lerp_mode": "catmullrom"
						},
						"0.9167": {
							"post": [0, 0, 0],
							"lerp_mode": "catmullrom"
						},
						"0.9583": {
							"post": [0, 0, 0.25],
							"lerp_mode": "catmullrom"
						},
						"1.0": {
							"post": [0, 0, 0],
							"lerp_mode": "catmullrom"
						},
						"1.0417": {
							"post": [0, 0, 0.25],
							"lerp_mode": "catmullrom"
						},
						"1.0833": {
							"post": [0, 0, 0],
							"lerp_mode": "catmullrom"
						},
						"1.125": {
							"post": [0, 0, 0.25],
							"lerp_mode": "catmullrom"
						},
						"1.1667": {
							"post": [0, 0, 0],
							"lerp_mode": "catmullrom"
						},
						"1.2083": {
							"post": [0, 0, 0.25],
							"lerp_mode": "catmullrom"
						},
						"1.25": {
							"post": [0, 0, 0],
							"lerp_mode": "catmullrom"
						},
						"1.2917": {
							"post": [0, 0, 0.25],
							"lerp_mode": "catmullrom"
						},
						"1.3333": {
							"post": [0, 0, 0],
							"lerp_mode": "catmullrom"
						},
						"1.375": {
							"post": [0, 0, 0.25],
							"lerp_mode": "catmullrom"
						},
						"1.4167": {
							"post": [0, 0, 0],
							"lerp_mode": "catmullrom"
						},
						"1.4583": {
							"post": [0, 0, 0.25],
							"lerp_mode": "catmullrom"
						},
						"1.5": {
							"post": [0, 0, 0],
							"lerp_mode": "catmullrom"
						},
						"1.5417": {
							"post": [0, 0, 0.25],
							"lerp_mode": "catmullrom"
						},
						"1.5833": {
							"post": [0, 0, 0],
							"lerp_mode": "catmullrom"
						},
						"1.625": {
							"post": [0, 0, 0.25],
							"lerp_mode": "catmullrom"
						},
						"1.6667": {
							"post": [0, 0, 0],
							"lerp_mode": "catmullrom"
						},
						"1.7083": {
							"post": [0, 0, 0.25],
							"lerp_mode": "catmullrom"
						},
						"1.75": {
							"post": [0, 0, 0],
							"lerp_mode": "catmullrom"
						},
						"1.7917": {
							"post": [0, 0, 0.25],
							"lerp_mode": "catmullrom"
						},
						"1.8333": {
							"post": [0, 0, 0],
							"lerp_mode": "catmullrom"
						},
						"1.875": {
							"post": [0, 0, 0.25],
							"lerp_mode": "catmullrom"
						},
						"1.9167": {
							"post": [0, 0, 0],
							"lerp_mode": "catmullrom"
						},
						"1.9583": {
							"post": [0, 0, 0.25],
							"lerp_mode": "catmullrom"
						},
						"2.0": {
							"post": [0, 0, 0],
							"lerp_mode": "catmullrom"
						},
						"2.0417": {
							"post": [0, 0, 0.25],
							"lerp_mode": "catmullrom"
						},
						"2.0833": {
							"post": [0, 0, 0],
							"lerp_mode": "catmullrom"
						},
						"2.125": {
							"post": [0, 0, 0.25],
							"lerp_mode": "catmullrom"
						},
						"2.1667": {
							"post": [0, 0, 0],
							"lerp_mode": "catmullrom"
						},
						"2.2083": {
							"post": [0, 0, 0.25],
							"lerp_mode": "catmullrom"
						},
						"2.25": {
							"post": [0, 0, 0],
							"lerp_mode": "catmullrom"
						},
						"2.2917": {
							"post": [0, 0, 0.25],
							"lerp_mode": "catmullrom"
						},
						"2.3333": {
							"post": [0, 0, 0],
							"lerp_mode": "catmullrom"
						},
						"2.375": {
							"post": [0, 0, 0.25],
							"lerp_mode": "catmullrom"
						},
						"2.4167": {
							"post": [0, 0, 0],
							"lerp_mode": "catmullrom"
						},
						"2.4583": {
							"post": [0, 0, 0.25],
							"lerp_mode": "catmullrom"
						},
						"2.5": {
							"post": [0, 0, 0],
							"lerp_mode": "catmullrom"
						},
						"2.5417": {
							"post": [0, 0, 0.25],
							"lerp_mode": "catmullrom"
						},
						"2.5833": {
							"post": [0, 0, 0],
							"lerp_mode": "catmullrom"
						},
						"2.625": {
							"post": [0, 0, 0.25],
							"lerp_mode": "catmullrom"
						},
						"2.6667": {
							"post": [0, 0, 0],
							"lerp_mode": "catmullrom"
						},
						"2.7083": {
							"post": [0, 0, 0.25],
							"lerp_mode": "catmullrom"
						},
						"2.75": {
							"post": [0, 0, 0],
							"lerp_mode": "catmullrom"
						},
						"2.7917": {
							"post": [0, 0, 0.25],
							"lerp_mode": "catmullrom"
						},
						"2.8333": {
							"post": [0, 0, 0],
							"lerp_mode": "catmullrom"
						},
						"2.875": {
							"post": [0, 0, 0.25],
							"lerp_mode": "catmullrom"
						},
						"2.9167": {
							"post": [0, 0, 0],
							"lerp_mode": "catmullrom"
						},
						"2.9583": {
							"post": [0, 0, 0.25],
							"lerp_mode": "catmullrom"
						},
						"3.0": {
							"post": [0, 0, 0],
							"lerp_mode": "catmullrom"
						},
						"3.0417": {
							"post": [0, 0, 0.25],
							"lerp_mode": "catmullrom"
						},
						"3.0833": {
							"post": [0, 0, 0],
							"lerp_mode": "catmullrom"
						},
						"3.125": {
							"post": [0, 0, 0.25],
							"lerp_mode": "catmullrom"
						},
						"3.1667": {
							"post": [0, 0, 0],
							"lerp_mode": "catmullrom"
						},
						"3.2083": {
							"post": [0, 0, 0.25],
							"lerp_mode": "catmullrom"
						},
						"3.25": {
							"post": [0, 0, 0],
							"lerp_mode": "catmullrom"
						},
						"3.2917": {
							"post": [0, 0, 0.25],
							"lerp_mode": "catmullrom"
						},
						"3.3333": {
							"post": [0, 0, 0],
							"lerp_mode": "catmullrom"
						},
						"3.375": {
							"post": [0, 0, 0.25],
							"lerp_mode": "catmullrom"
						},
						"3.4167": {
							"post": [0, 0, 0],
							"lerp_mode": "catmullrom"
						},
						"3.4583": {
							"post": [0, 0, 0.25],
							"lerp_mode": "catmullrom"
						},
						"3.5": {
							"post": [0, 0, 0],
							"lerp_mode": "catmullrom"
						},
						"3.5417": {
							"post": [0, 0, 0.25],
							"lerp_mode": "catmullrom"
						},
						"3.5833": {
							"post": [0, 0, 0],
							"lerp_mode": "catmullrom"
						},
						"3.625": {
							"post": [0, 0, 0.25],
							"lerp_mode": "catmullrom"
						},
						"3.6667": {
							"post": [0, 0, 0],
							"lerp_mode": "catmullrom"
						},
						"3.7083": {
							"post": [0, 0, 0.25],
							"lerp_mode": "catmullrom"
						},
						"3.75": {
							"post": [0, 0, 0],
							"lerp_mode": "catmullrom"
						},
						"3.7917": {
							"post": [0, 0, 0.25],
							"lerp_mode": "catmullrom"
						},
						"3.8333": {
							"post": [0, 0, 0],
							"lerp_mode": "catmullrom"
						},
						"3.875": {
							"post": [0, 0, 0.25],
							"lerp_mode": "catmullrom"
						},
						"3.9167": {
							"post": [0, 0, 0],
							"lerp_mode": "catmullrom"
						},
						"3.9583": {
							"post": [0, 0, 0.25],
							"lerp_mode": "catmullrom"
						},
						"4.0": {
							"post": [0, 0, 0],
							"lerp_mode": "catmullrom"
						},
						"4.0417": {
							"post": [0, 0, 0.25],
							"lerp_mode": "catmullrom"
						},
						"4.0833": {
							"post": [0, 0, 0],
							"lerp_mode": "catmullrom"
						},
						"4.125": {
							"post": [0, 0, 0.25],
							"lerp_mode": "catmullrom"
						},
						"4.1667": {
							"post": [0, 0, 0],
							"lerp_mode": "catmullrom"
						},
						"4.2083": {
							"post": [0, 0, 0.25],
							"lerp_mode": "catmullrom"
						},
						"4.25": {
							"post": [0, 0, 0],
							"lerp_mode": "catmullrom"
						},
						"4.2917": {
							"post": [0, 0, 0.25],
							"lerp_mode": "catmullrom"
						},
						"4.3333": {
							"post": [0, 0, 0],
							"lerp_mode": "catmullrom"
						},
						"4.375": {
							"post": [0, 0, 0.25],
							"lerp_mode": "catmullrom"
						},
						"4.4167": {
							"post": [0, 0, 0],
							"lerp_mode": "catmullrom"
						},
						"4.4583": {
							"post": [0, 0, 0.25],
							"lerp_mode": "catmullrom"
						},
						"4.5": {
							"post": [0, 0, 0],
							"lerp_mode": "catmullrom"
						},
						"4.5417": {
							"post": [0, 0, 0.25],
							"lerp_mode": "catmullrom"
						},
						"4.5833": {
							"post": [0, 0, 0],
							"lerp_mode": "catmullrom"
						},
						"4.625": {
							"post": [0, 0, 0.25],
							"lerp_mode": "catmullrom"
						},
						"4.6667": {
							"post": [0, 0, 0],
							"lerp_mode": "catmullrom"
						},
						"4.7083": {
							"post": [0, 0, 0.25],
							"lerp_mode": "catmullrom"
						},
						"4.75": {
							"post": [0, 0, 0],
							"lerp_mode": "catmullrom"
						},
						"4.7917": {
							"post": [0, 0, 0.25],
							"lerp_mode": "catmullrom"
						},
						"4.8333": {
							"post": [0, 0, 0],
							"lerp_mode": "catmullrom"
						},
						"4.875": {
							"post": [0, 0, 0.25],
							"lerp_mode": "catmullrom"
						},
						"4.9167": {
							"post": [0, 0, 0],
							"lerp_mode": "catmullrom"
						},
						"4.9583": {
							"post": [0, 0, 0.25],
							"lerp_mode": "catmullrom"
						},
						"5.0": {
							"post": [0, 0, 0],
							"lerp_mode": "catmullrom"
						},
						"5.0417": {
							"post": [0, 0, 0.25],
							"lerp_mode": "catmullrom"
						},
						"5.0833": {
							"post": [0, 0, 0],
							"lerp_mode": "catmullrom"
						},
						"5.125": {
							"post": [0, 0, 0.25],
							"lerp_mode": "catmullrom"
						},
						"5.1667": {
							"post": [0, 0, 0],
							"lerp_mode": "catmullrom"
						},
						"5.2083": {
							"post": [0, 0, 0.25],
							"lerp_mode": "catmullrom"
						},
						"5.25": {
							"post": [0, 0, 0],
							"lerp_mode": "catmullrom"
						},
						"5.2917": {
							"post": [0, 0, 0.25],
							"lerp_mode": "catmullrom"
						},
						"5.3333": {
							"post": [0, 0, 0.25],
							"lerp_mode": "catmullrom"
						},
						"5.375": {
							"post": [0, 0, 0],
							"lerp_mode": "catmullrom"
						},
						"5.4167": {
							"post": [0, 0, 0.25],
							"lerp_mode": "catmullrom"
						},
						"5.4583": {
							"post": [0, 0, 0],
							"lerp_mode": "catmullrom"
						},
						"5.5": {
							"post": [0, 0, 0.25],
							"lerp_mode": "catmullrom"
						},
						"5.5417": {
							"post": [0, 0, 0],
							"lerp_mode": "catmullrom"
						},
						"5.5833": {
							"post": [0, 0, 0.25],
							"lerp_mode": "catmullrom"
						},
						"5.625": {
							"post": [0, 0, 0],
							"lerp_mode": "catmullrom"
						},
						"5.6667": {
							"post": [0, 0, 0.25],
							"lerp_mode": "catmullrom"
						},
						"5.7083": {
							"post": [0, 0, 0],
							"lerp_mode": "catmullrom"
						},
						"5.75": {
							"post": [0, 0, 0.25],
							"lerp_mode": "catmullrom"
						},
						"5.7917": {
							"post": [0, 0, 0],
							"lerp_mode": "catmullrom"
						},
						"5.8333": {
							"post": [0, 0, 0.25],
							"lerp_mode": "catmullrom"
						},
						"5.875": {
							"post": [0, 0, 0],
							"lerp_mode": "catmullrom"
						},
						"5.9167": {
							"post": [0, 0, 0.25],
							"lerp_mode": "catmullrom"
						},
						"5.9583": {
							"post": [0, 0, 0],
							"lerp_mode": "catmullrom"
						}
					}
				},
				"pupil2": {
					"position": {
						"0.0": {
							"post": [0, 0, 0],
							"lerp_mode": "catmullrom"
						},
						"0.0417": {
							"post": [0, 0, 0.25],
							"lerp_mode": "catmullrom"
						},
						"0.0833": {
							"post": [0, 0, 0],
							"lerp_mode": "catmullrom"
						},
						"0.125": {
							"post": [0, 0, 0.25],
							"lerp_mode": "catmullrom"
						},
						"0.1667": {
							"post": [0, 0, 0],
							"lerp_mode": "catmullrom"
						},
						"0.2083": {
							"post": [0, 0, 0.25],
							"lerp_mode": "catmullrom"
						},
						"0.25": {
							"post": [0, 0, 0],
							"lerp_mode": "catmullrom"
						},
						"0.2917": {
							"post": [0, 0, 0.25],
							"lerp_mode": "catmullrom"
						},
						"0.3333": {
							"post": [0, 0, 0],
							"lerp_mode": "catmullrom"
						},
						"0.375": {
							"post": [0, 0, 0.25],
							"lerp_mode": "catmullrom"
						},
						"0.4167": {
							"post": [0, 0, 0],
							"lerp_mode": "catmullrom"
						},
						"0.4583": {
							"post": [0, 0, 0.25],
							"lerp_mode": "catmullrom"
						},
						"0.5": {
							"post": [0, 0, 0],
							"lerp_mode": "catmullrom"
						},
						"0.5417": {
							"post": [0, 0, 0.25],
							"lerp_mode": "catmullrom"
						},
						"0.5833": {
							"post": [0, 0, 0],
							"lerp_mode": "catmullrom"
						},
						"0.625": {
							"post": [0, 0, 0.25],
							"lerp_mode": "catmullrom"
						},
						"0.6667": {
							"post": [0, 0, 0],
							"lerp_mode": "catmullrom"
						},
						"0.7083": {
							"post": [0, 0, 0.25],
							"lerp_mode": "catmullrom"
						},
						"0.75": {
							"post": [0, 0, 0],
							"lerp_mode": "catmullrom"
						},
						"0.7917": {
							"post": [0, 0, 0.25],
							"lerp_mode": "catmullrom"
						},
						"0.8333": {
							"post": [0, 0, 0],
							"lerp_mode": "catmullrom"
						},
						"0.875": {
							"post": [0, 0, 0.25],
							"lerp_mode": "catmullrom"
						},
						"0.9167": {
							"post": [0, 0, 0],
							"lerp_mode": "catmullrom"
						},
						"0.9583": {
							"post": [0, 0, 0.25],
							"lerp_mode": "catmullrom"
						},
						"1.0": {
							"post": [0, 0, 0],
							"lerp_mode": "catmullrom"
						},
						"1.0417": {
							"post": [0, 0, 0.25],
							"lerp_mode": "catmullrom"
						},
						"1.0833": {
							"post": [0, 0, 0],
							"lerp_mode": "catmullrom"
						},
						"1.125": {
							"post": [0, 0, 0.25],
							"lerp_mode": "catmullrom"
						},
						"1.1667": {
							"post": [0, 0, 0],
							"lerp_mode": "catmullrom"
						},
						"1.2083": {
							"post": [0, 0, 0.25],
							"lerp_mode": "catmullrom"
						},
						"1.25": {
							"post": [0, 0, 0],
							"lerp_mode": "catmullrom"
						},
						"1.2917": {
							"post": [0, 0, 0.25],
							"lerp_mode": "catmullrom"
						},
						"1.3333": {
							"post": [0, 0, 0],
							"lerp_mode": "catmullrom"
						},
						"1.375": {
							"post": [0, 0, 0.25],
							"lerp_mode": "catmullrom"
						},
						"1.4167": {
							"post": [0, 0, 0],
							"lerp_mode": "catmullrom"
						},
						"1.4583": {
							"post": [0, 0, 0.25],
							"lerp_mode": "catmullrom"
						},
						"1.5": {
							"post": [0, 0, 0],
							"lerp_mode": "catmullrom"
						},
						"1.5417": {
							"post": [0, 0, 0.25],
							"lerp_mode": "catmullrom"
						},
						"1.5833": {
							"post": [0, 0, 0],
							"lerp_mode": "catmullrom"
						},
						"1.625": {
							"post": [0, 0, 0.25],
							"lerp_mode": "catmullrom"
						},
						"1.6667": {
							"post": [0, 0, 0],
							"lerp_mode": "catmullrom"
						},
						"1.7083": {
							"post": [0, 0, 0.25],
							"lerp_mode": "catmullrom"
						},
						"1.75": {
							"post": [0, 0, 0],
							"lerp_mode": "catmullrom"
						},
						"1.7917": {
							"post": [0, 0, 0.25],
							"lerp_mode": "catmullrom"
						},
						"1.8333": {
							"post": [0, 0, 0],
							"lerp_mode": "catmullrom"
						},
						"1.875": {
							"post": [0, 0, 0.25],
							"lerp_mode": "catmullrom"
						},
						"1.9167": {
							"post": [0, 0, 0],
							"lerp_mode": "catmullrom"
						},
						"1.9583": {
							"post": [0, 0, 0.25],
							"lerp_mode": "catmullrom"
						},
						"2.0": {
							"post": [0, 0, 0],
							"lerp_mode": "catmullrom"
						},
						"2.0417": {
							"post": [0, 0, 0.25],
							"lerp_mode": "catmullrom"
						},
						"2.0833": {
							"post": [0, 0, 0],
							"lerp_mode": "catmullrom"
						},
						"2.125": {
							"post": [0, 0, 0.25],
							"lerp_mode": "catmullrom"
						},
						"2.1667": {
							"post": [0, 0, 0],
							"lerp_mode": "catmullrom"
						},
						"2.2083": {
							"post": [0, 0, 0.25],
							"lerp_mode": "catmullrom"
						},
						"2.25": {
							"post": [0, 0, 0],
							"lerp_mode": "catmullrom"
						},
						"2.2917": {
							"post": [0, 0, 0.25],
							"lerp_mode": "catmullrom"
						},
						"2.3333": {
							"post": [0, 0, 0],
							"lerp_mode": "catmullrom"
						},
						"2.375": {
							"post": [0, 0, 0.25],
							"lerp_mode": "catmullrom"
						},
						"2.4167": {
							"post": [0, 0, 0],
							"lerp_mode": "catmullrom"
						},
						"2.4583": {
							"post": [0, 0, 0.25],
							"lerp_mode": "catmullrom"
						},
						"2.5": {
							"post": [0, 0, 0],
							"lerp_mode": "catmullrom"
						},
						"2.5417": {
							"post": [0, 0, 0.25],
							"lerp_mode": "catmullrom"
						},
						"2.5833": {
							"post": [0, 0, 0],
							"lerp_mode": "catmullrom"
						},
						"2.625": {
							"post": [0, 0, 0.25],
							"lerp_mode": "catmullrom"
						},
						"2.6667": {
							"post": [0, 0, 0],
							"lerp_mode": "catmullrom"
						},
						"2.7083": {
							"post": [0, 0, 0.25],
							"lerp_mode": "catmullrom"
						},
						"2.75": {
							"post": [0, 0, 0],
							"lerp_mode": "catmullrom"
						},
						"2.7917": {
							"post": [0, 0, 0.25],
							"lerp_mode": "catmullrom"
						},
						"2.8333": {
							"post": [0, 0, 0],
							"lerp_mode": "catmullrom"
						},
						"2.875": {
							"post": [0, 0, 0.25],
							"lerp_mode": "catmullrom"
						},
						"2.9167": {
							"post": [0, 0, 0],
							"lerp_mode": "catmullrom"
						},
						"2.9583": {
							"post": [0, 0, 0.25],
							"lerp_mode": "catmullrom"
						},
						"3.0": {
							"post": [0, 0, 0],
							"lerp_mode": "catmullrom"
						},
						"3.0417": {
							"post": [0, 0, 0.25],
							"lerp_mode": "catmullrom"
						},
						"3.0833": {
							"post": [0, 0, 0],
							"lerp_mode": "catmullrom"
						},
						"3.125": {
							"post": [0, 0, 0.25],
							"lerp_mode": "catmullrom"
						},
						"3.1667": {
							"post": [0, 0, 0],
							"lerp_mode": "catmullrom"
						},
						"3.2083": {
							"post": [0, 0, 0.25],
							"lerp_mode": "catmullrom"
						},
						"3.25": {
							"post": [0, 0, 0],
							"lerp_mode": "catmullrom"
						},
						"3.2917": {
							"post": [0, 0, 0.25],
							"lerp_mode": "catmullrom"
						},
						"3.3333": {
							"post": [0, 0, 0],
							"lerp_mode": "catmullrom"
						},
						"3.375": {
							"post": [0, 0, 0.25],
							"lerp_mode": "catmullrom"
						},
						"3.4167": {
							"post": [0, 0, 0],
							"lerp_mode": "catmullrom"
						},
						"3.4583": {
							"post": [0, 0, 0.25],
							"lerp_mode": "catmullrom"
						},
						"3.5": {
							"post": [0, 0, 0],
							"lerp_mode": "catmullrom"
						},
						"3.5417": {
							"post": [0, 0, 0.25],
							"lerp_mode": "catmullrom"
						},
						"3.5833": {
							"post": [0, 0, 0],
							"lerp_mode": "catmullrom"
						},
						"3.625": {
							"post": [0, 0, 0.25],
							"lerp_mode": "catmullrom"
						},
						"3.6667": {
							"post": [0, 0, 0],
							"lerp_mode": "catmullrom"
						},
						"3.7083": {
							"post": [0, 0, 0.25],
							"lerp_mode": "catmullrom"
						},
						"3.75": {
							"post": [0, 0, 0],
							"lerp_mode": "catmullrom"
						},
						"3.7917": {
							"post": [0, 0, 0.25],
							"lerp_mode": "catmullrom"
						},
						"3.8333": {
							"post": [0, 0, 0],
							"lerp_mode": "catmullrom"
						},
						"3.875": {
							"post": [0, 0, 0.25],
							"lerp_mode": "catmullrom"
						},
						"3.9167": {
							"post": [0, 0, 0],
							"lerp_mode": "catmullrom"
						},
						"3.9583": {
							"post": [0, 0, 0.25],
							"lerp_mode": "catmullrom"
						},
						"4.0": {
							"post": [0, 0, 0],
							"lerp_mode": "catmullrom"
						},
						"4.0417": {
							"post": [0, 0, 0.25],
							"lerp_mode": "catmullrom"
						},
						"4.0833": {
							"post": [0, 0, 0],
							"lerp_mode": "catmullrom"
						},
						"4.125": {
							"post": [0, 0, 0.25],
							"lerp_mode": "catmullrom"
						},
						"4.1667": {
							"post": [0, 0, 0],
							"lerp_mode": "catmullrom"
						},
						"4.2083": {
							"post": [0, 0, 0.25],
							"lerp_mode": "catmullrom"
						},
						"4.25": {
							"post": [0, 0, 0],
							"lerp_mode": "catmullrom"
						},
						"4.2917": {
							"post": [0, 0, 0.25],
							"lerp_mode": "catmullrom"
						},
						"4.3333": {
							"post": [0, 0, 0],
							"lerp_mode": "catmullrom"
						},
						"4.375": {
							"post": [0, 0, 0.25],
							"lerp_mode": "catmullrom"
						},
						"4.4167": {
							"post": [0, 0, 0],
							"lerp_mode": "catmullrom"
						},
						"4.4583": {
							"post": [0, 0, 0.25],
							"lerp_mode": "catmullrom"
						},
						"4.5": {
							"post": [0, 0, 0],
							"lerp_mode": "catmullrom"
						},
						"4.5417": {
							"post": [0, 0, 0.25],
							"lerp_mode": "catmullrom"
						},
						"4.5833": {
							"post": [0, 0, 0],
							"lerp_mode": "catmullrom"
						},
						"4.625": {
							"post": [0, 0, 0.25],
							"lerp_mode": "catmullrom"
						},
						"4.6667": {
							"post": [0, 0, 0],
							"lerp_mode": "catmullrom"
						},
						"4.7083": {
							"post": [0, 0, 0.25],
							"lerp_mode": "catmullrom"
						},
						"4.75": {
							"post": [0, 0, 0],
							"lerp_mode": "catmullrom"
						},
						"4.7917": {
							"post": [0, 0, 0.25],
							"lerp_mode": "catmullrom"
						},
						"4.8333": {
							"post": [0, 0, 0],
							"lerp_mode": "catmullrom"
						},
						"4.875": {
							"post": [0, 0, 0.25],
							"lerp_mode": "catmullrom"
						},
						"4.9167": {
							"post": [0, 0, 0],
							"lerp_mode": "catmullrom"
						},
						"4.9583": {
							"post": [0, 0, 0.25],
							"lerp_mode": "catmullrom"
						},
						"5.0": {
							"post": [0, 0, 0],
							"lerp_mode": "catmullrom"
						},
						"5.0417": {
							"post": [0, 0, 0.25],
							"lerp_mode": "catmullrom"
						},
						"5.0833": {
							"post": [0, 0, 0],
							"lerp_mode": "catmullrom"
						},
						"5.125": {
							"post": [0, 0, 0.25],
							"lerp_mode": "catmullrom"
						},
						"5.1667": {
							"post": [0, 0, 0],
							"lerp_mode": "catmullrom"
						},
						"5.2083": {
							"post": [0, 0, 0.25],
							"lerp_mode": "catmullrom"
						},
						"5.25": {
							"post": [0, 0, 0],
							"lerp_mode": "catmullrom"
						},
						"5.2917": {
							"post": [0, 0, 0.25],
							"lerp_mode": "catmullrom"
						},
						"5.3333": {
							"post": [0, 0, 0.25],
							"lerp_mode": "catmullrom"
						},
						"5.375": {
							"post": [0, 0, 0],
							"lerp_mode": "catmullrom"
						},
						"5.4167": {
							"post": [0, 0, 0.25],
							"lerp_mode": "catmullrom"
						},
						"5.4583": {
							"post": [0, 0, 0],
							"lerp_mode": "catmullrom"
						},
						"5.5": {
							"post": [0, 0, 0.25],
							"lerp_mode": "catmullrom"
						},
						"5.5417": {
							"post": [0, 0, 0],
							"lerp_mode": "catmullrom"
						},
						"5.5833": {
							"post": [0, 0, 0.25],
							"lerp_mode": "catmullrom"
						},
						"5.625": {
							"post": [0, 0, 0],
							"lerp_mode": "catmullrom"
						},
						"5.6667": {
							"post": [0, 0, 0.25],
							"lerp_mode": "catmullrom"
						},
						"5.7083": {
							"post": [0, 0, 0],
							"lerp_mode": "catmullrom"
						},
						"5.75": {
							"post": [0, 0, 0.25],
							"lerp_mode": "catmullrom"
						},
						"5.7917": {
							"post": [0, 0, 0],
							"lerp_mode": "catmullrom"
						},
						"5.8333": {
							"post": [0, 0, 0.25],
							"lerp_mode": "catmullrom"
						},
						"5.875": {
							"post": [0, 0, 0],
							"lerp_mode": "catmullrom"
						},
						"5.9167": {
							"post": [0, 0, 0.25],
							"lerp_mode": "catmullrom"
						},
						"5.9583": {
							"post": [0, 0, 0],
							"lerp_mode": "catmullrom"
						}
					}
				}
			}
		},
		"animation.miscreepant.ground_walk": {
			"loop": true,
			"animation_length": 8,
			"bones": {
				"head": {
					"position": {
						"0.0": {
							"post": [0, 0, 0],
							"lerp_mode": "catmullrom"
						},
						"0.5": {
							"post": [2, 0, -2],
							"lerp_mode": "catmullrom"
						},
						"1.0": {
							"post": [0, 0, 0],
							"lerp_mode": "catmullrom"
						},
						"1.5": {
							"post": [2, 0, 2],
							"lerp_mode": "catmullrom"
						},
						"2.0": {
							"post": [0, 0, 0],
							"lerp_mode": "catmullrom"
						},
						"2.5": {
							"post": [2, 0, -2],
							"lerp_mode": "catmullrom"
						},
						"3.0": {
							"post": [0, 0, 0],
							"lerp_mode": "catmullrom"
						},
						"3.5": {
							"post": [2, 0, 2],
							"lerp_mode": "catmullrom"
						},
						"4.0": {
							"post": [0, 0, 0],
							"lerp_mode": "catmullrom"
						},
						"4.5": {
							"post": [2, 0, -2],
							"lerp_mode": "catmullrom"
						},
						"5.0": {
							"post": [0, 0, 0],
							"lerp_mode": "catmullrom"
						},
						"5.5": {
							"post": [2, 0, 2],
							"lerp_mode": "catmullrom"
						},
						"6.0": {
							"post": [0, 0, 0],
							"lerp_mode": "catmullrom"
						},
						"6.5": {
							"post": [2, 0, -2],
							"lerp_mode": "catmullrom"
						},
						"7.0": {
							"post": [0, 0, 0],
							"lerp_mode": "catmullrom"
						},
						"7.5": {
							"post": [2, 0, 2],
							"lerp_mode": "catmullrom"
						},
						"8.0": {
							"post": [0, 0, 0],
							"lerp_mode": "catmullrom"
						}
					}
				},
				"leaf": {
					"rotation": {
						"0.0": {
							"post": [0, 0, 0],
							"lerp_mode": "catmullrom"
						},
						"0.5": {
							"post": [-5, 0, 0],
							"lerp_mode": "catmullrom"
						},
						"1.0": {
							"post": [0, 0, 0],
							"lerp_mode": "catmullrom"
						},
						"1.5": {
							"post": [-5, 0, 0],
							"lerp_mode": "catmullrom"
						},
						"2.0": {
							"post": [0, 0, 0],
							"lerp_mode": "catmullrom"
						},
						"2.5": {
							"post": [-5, 0, 0],
							"lerp_mode": "catmullrom"
						},
						"3.0": {
							"post": [0, 0, 0],
							"lerp_mode": "catmullrom"
						},
						"3.5": {
							"post": [-5, 0, 0],
							"lerp_mode": "catmullrom"
						},
						"4.0": {
							"post": [0, 0, 0],
							"lerp_mode": "catmullrom"
						},
						"4.5": {
							"post": [-5, 0, 0],
							"lerp_mode": "catmullrom"
						},
						"5.0": {
							"post": [0, 0, 0],
							"lerp_mode": "catmullrom"
						},
						"5.5": {
							"post": [-5, 0, 0],
							"lerp_mode": "catmullrom"
						},
						"6.0": {
							"post": [0, 0, 0],
							"lerp_mode": "catmullrom"
						},
						"6.5": {
							"post": [-5, 0, 0],
							"lerp_mode": "catmullrom"
						},
						"7.0": {
							"post": [0, 0, 0],
							"lerp_mode": "catmullrom"
						},
						"7.5": {
							"post": [-5, 0, 0],
							"lerp_mode": "catmullrom"
						},
						"8.0": {
							"post": [0, 0, 0],
							"lerp_mode": "catmullrom"
						}
					}
				},
				"pupil": {
					"position": {
						"0.0": {
							"post": [0, 0, 0],
							"lerp_mode": "catmullrom"
						},
						"0.0417": {
							"post": [0, 0, 0.25],
							"lerp_mode": "catmullrom"
						},
						"0.0833": {
							"post": [0, 0, 0],
							"lerp_mode": "catmullrom"
						},
						"0.125": {
							"post": [0, 0, 0.25],
							"lerp_mode": "catmullrom"
						},
						"0.1667": {
							"post": [0, 0, 0],
							"lerp_mode": "catmullrom"
						},
						"0.2083": {
							"post": [0, 0, 0.25],
							"lerp_mode": "catmullrom"
						},
						"0.25": {
							"post": [0, 0, 0],
							"lerp_mode": "catmullrom"
						},
						"0.2917": {
							"post": [0, 0, 0.25],
							"lerp_mode": "catmullrom"
						},
						"0.3333": {
							"post": [0, 0, 0],
							"lerp_mode": "catmullrom"
						},
						"0.375": {
							"post": [0, 0, 0.25],
							"lerp_mode": "catmullrom"
						},
						"0.4167": {
							"post": [0, 0, 0],
							"lerp_mode": "catmullrom"
						},
						"0.4583": {
							"post": [0, 0, 0.25],
							"lerp_mode": "catmullrom"
						},
						"0.5": {
							"post": [0, 0, 0],
							"lerp_mode": "catmullrom"
						},
						"0.5417": {
							"post": [0, 0, 0.25],
							"lerp_mode": "catmullrom"
						},
						"0.5833": {
							"post": [0, 0, 0],
							"lerp_mode": "catmullrom"
						},
						"0.625": {
							"post": [0, 0, 0.25],
							"lerp_mode": "catmullrom"
						},
						"0.6667": {
							"post": [0, 0, 0],
							"lerp_mode": "catmullrom"
						},
						"0.7083": {
							"post": [0, 0, 0.25],
							"lerp_mode": "catmullrom"
						},
						"0.75": {
							"post": [0, 0, 0],
							"lerp_mode": "catmullrom"
						},
						"0.7917": {
							"post": [0, 0, 0.25],
							"lerp_mode": "catmullrom"
						},
						"0.8333": {
							"post": [0, 0, 0],
							"lerp_mode": "catmullrom"
						},
						"0.875": {
							"post": [0, 0, 0.25],
							"lerp_mode": "catmullrom"
						},
						"0.9167": {
							"post": [0, 0, 0],
							"lerp_mode": "catmullrom"
						},
						"0.9583": {
							"post": [0, 0, 0.25],
							"lerp_mode": "catmullrom"
						},
						"1.0": {
							"post": [0, 0, 0],
							"lerp_mode": "catmullrom"
						},
						"1.0417": {
							"post": [0, 0, 0.25],
							"lerp_mode": "catmullrom"
						},
						"1.0833": {
							"post": [0, 0, 0],
							"lerp_mode": "catmullrom"
						},
						"1.125": {
							"post": [0, 0, 0.25],
							"lerp_mode": "catmullrom"
						},
						"1.1667": {
							"post": [0, 0, 0],
							"lerp_mode": "catmullrom"
						},
						"1.2083": {
							"post": [0, 0, 0.25],
							"lerp_mode": "catmullrom"
						},
						"1.25": {
							"post": [0, 0, 0],
							"lerp_mode": "catmullrom"
						},
						"1.2917": {
							"post": [0, 0, 0.25],
							"lerp_mode": "catmullrom"
						},
						"1.3333": {
							"post": [0, 0, 0],
							"lerp_mode": "catmullrom"
						},
						"1.375": {
							"post": [0, 0, 0.25],
							"lerp_mode": "catmullrom"
						},
						"1.4167": {
							"post": [0, 0, 0],
							"lerp_mode": "catmullrom"
						},
						"1.4583": {
							"post": [0, 0, 0.25],
							"lerp_mode": "catmullrom"
						},
						"1.5": {
							"post": [0, 0, 0],
							"lerp_mode": "catmullrom"
						},
						"1.5417": {
							"post": [0, 0, 0.25],
							"lerp_mode": "catmullrom"
						},
						"1.5833": {
							"post": [0, 0, 0],
							"lerp_mode": "catmullrom"
						},
						"1.625": {
							"post": [0, 0, 0.25],
							"lerp_mode": "catmullrom"
						},
						"1.6667": {
							"post": [0, 0, 0],
							"lerp_mode": "catmullrom"
						},
						"1.7083": {
							"post": [0, 0, 0.25],
							"lerp_mode": "catmullrom"
						},
						"1.75": {
							"post": [0, 0, 0],
							"lerp_mode": "catmullrom"
						},
						"1.7917": {
							"post": [0, 0, 0.25],
							"lerp_mode": "catmullrom"
						},
						"1.8333": {
							"post": [0, 0, 0],
							"lerp_mode": "catmullrom"
						},
						"1.875": {
							"post": [0, 0, 0.25],
							"lerp_mode": "catmullrom"
						},
						"1.9167": {
							"post": [0, 0, 0],
							"lerp_mode": "catmullrom"
						},
						"1.9583": {
							"post": [0, 0, 0.25],
							"lerp_mode": "catmullrom"
						},
						"2.0": {
							"post": [0, 0, 0],
							"lerp_mode": "catmullrom"
						},
						"2.0417": {
							"post": [0, 0, 0.25],
							"lerp_mode": "catmullrom"
						},
						"2.0833": {
							"post": [0, 0, 0],
							"lerp_mode": "catmullrom"
						},
						"2.125": {
							"post": [0, 0, 0.25],
							"lerp_mode": "catmullrom"
						},
						"2.1667": {
							"post": [0, 0, 0],
							"lerp_mode": "catmullrom"
						},
						"2.2083": {
							"post": [0, 0, 0.25],
							"lerp_mode": "catmullrom"
						},
						"2.25": {
							"post": [0, 0, 0],
							"lerp_mode": "catmullrom"
						},
						"2.2917": {
							"post": [0, 0, 0.25],
							"lerp_mode": "catmullrom"
						},
						"2.3333": {
							"post": [0, 0, 0],
							"lerp_mode": "catmullrom"
						},
						"2.375": {
							"post": [0, 0, 0.25],
							"lerp_mode": "catmullrom"
						},
						"2.4167": {
							"post": [0, 0, 0],
							"lerp_mode": "catmullrom"
						},
						"2.4583": {
							"post": [0, 0, 0.25],
							"lerp_mode": "catmullrom"
						},
						"2.5": {
							"post": [0, 0, 0],
							"lerp_mode": "catmullrom"
						},
						"2.5417": {
							"post": [0, 0, 0.25],
							"lerp_mode": "catmullrom"
						},
						"2.5833": {
							"post": [0, 0, 0],
							"lerp_mode": "catmullrom"
						},
						"2.625": {
							"post": [0, 0, 0.25],
							"lerp_mode": "catmullrom"
						},
						"2.6667": {
							"post": [0, 0, 0],
							"lerp_mode": "catmullrom"
						},
						"2.7083": {
							"post": [0, 0, 0.25],
							"lerp_mode": "catmullrom"
						},
						"2.75": {
							"post": [0, 0, 0],
							"lerp_mode": "catmullrom"
						},
						"2.7917": {
							"post": [0, 0, 0.25],
							"lerp_mode": "catmullrom"
						},
						"2.8333": {
							"post": [0, 0, 0],
							"lerp_mode": "catmullrom"
						},
						"2.875": {
							"post": [0, 0, 0.25],
							"lerp_mode": "catmullrom"
						},
						"2.9167": {
							"post": [0, 0, 0],
							"lerp_mode": "catmullrom"
						},
						"2.9583": {
							"post": [0, 0, 0.25],
							"lerp_mode": "catmullrom"
						},
						"3.0": {
							"post": [0, 0, 0],
							"lerp_mode": "catmullrom"
						},
						"3.0417": {
							"post": [0, 0, 0.25],
							"lerp_mode": "catmullrom"
						},
						"3.0833": {
							"post": [0, 0, 0],
							"lerp_mode": "catmullrom"
						},
						"3.125": {
							"post": [0, 0, 0.25],
							"lerp_mode": "catmullrom"
						},
						"3.1667": {
							"post": [0, 0, 0],
							"lerp_mode": "catmullrom"
						},
						"3.2083": {
							"post": [0, 0, 0.25],
							"lerp_mode": "catmullrom"
						},
						"3.25": {
							"post": [0, 0, 0],
							"lerp_mode": "catmullrom"
						},
						"3.2917": {
							"post": [0, 0, 0.25],
							"lerp_mode": "catmullrom"
						},
						"3.3333": {
							"post": [0, 0, 0],
							"lerp_mode": "catmullrom"
						},
						"3.375": {
							"post": [0, 0, 0.25],
							"lerp_mode": "catmullrom"
						},
						"3.4167": {
							"post": [0, 0, 0],
							"lerp_mode": "catmullrom"
						},
						"3.4583": {
							"post": [0, 0, 0.25],
							"lerp_mode": "catmullrom"
						},
						"3.5": {
							"post": [0, 0, 0],
							"lerp_mode": "catmullrom"
						},
						"3.5417": {
							"post": [0, 0, 0.25],
							"lerp_mode": "catmullrom"
						},
						"3.5833": {
							"post": [0, 0, 0],
							"lerp_mode": "catmullrom"
						},
						"3.625": {
							"post": [0, 0, 0.25],
							"lerp_mode": "catmullrom"
						},
						"3.6667": {
							"post": [0, 0, 0],
							"lerp_mode": "catmullrom"
						},
						"3.7083": {
							"post": [0, 0, 0.25],
							"lerp_mode": "catmullrom"
						},
						"3.75": {
							"post": [0, 0, 0],
							"lerp_mode": "catmullrom"
						},
						"3.7917": {
							"post": [0, 0, 0.25],
							"lerp_mode": "catmullrom"
						},
						"3.8333": {
							"post": [0, 0, 0],
							"lerp_mode": "catmullrom"
						},
						"3.875": {
							"post": [0, 0, 0.25],
							"lerp_mode": "catmullrom"
						},
						"3.9167": {
							"post": [0, 0, 0],
							"lerp_mode": "catmullrom"
						},
						"3.9583": {
							"post": [0, 0, 0.25],
							"lerp_mode": "catmullrom"
						},
						"4.0": {
							"post": [0, 0, 0],
							"lerp_mode": "catmullrom"
						},
						"4.0417": {
							"post": [0, 0, 0.25],
							"lerp_mode": "catmullrom"
						},
						"4.0833": {
							"post": [0, 0, 0],
							"lerp_mode": "catmullrom"
						},
						"4.125": {
							"post": [0, 0, 0.25],
							"lerp_mode": "catmullrom"
						},
						"4.1667": {
							"post": [0, 0, 0],
							"lerp_mode": "catmullrom"
						},
						"4.2083": {
							"post": [0, 0, 0.25],
							"lerp_mode": "catmullrom"
						},
						"4.25": {
							"post": [0, 0, 0],
							"lerp_mode": "catmullrom"
						},
						"4.2917": {
							"post": [0, 0, 0.25],
							"lerp_mode": "catmullrom"
						},
						"4.3333": {
							"post": [0, 0, 0],
							"lerp_mode": "catmullrom"
						},
						"4.375": {
							"post": [0, 0, 0.25],
							"lerp_mode": "catmullrom"
						},
						"4.4167": {
							"post": [0, 0, 0],
							"lerp_mode": "catmullrom"
						},
						"4.4583": {
							"post": [0, 0, 0.25],
							"lerp_mode": "catmullrom"
						},
						"4.5": {
							"post": [0, 0, 0],
							"lerp_mode": "catmullrom"
						},
						"4.5417": {
							"post": [0, 0, 0.25],
							"lerp_mode": "catmullrom"
						},
						"4.5833": {
							"post": [0, 0, 0],
							"lerp_mode": "catmullrom"
						},
						"4.625": {
							"post": [0, 0, 0.25],
							"lerp_mode": "catmullrom"
						},
						"4.6667": {
							"post": [0, 0, 0],
							"lerp_mode": "catmullrom"
						},
						"4.7083": {
							"post": [0, 0, 0.25],
							"lerp_mode": "catmullrom"
						},
						"4.75": {
							"post": [0, 0, 0],
							"lerp_mode": "catmullrom"
						},
						"4.7917": {
							"post": [0, 0, 0.25],
							"lerp_mode": "catmullrom"
						},
						"4.8333": {
							"post": [0, 0, 0],
							"lerp_mode": "catmullrom"
						},
						"4.875": {
							"post": [0, 0, 0.25],
							"lerp_mode": "catmullrom"
						},
						"4.9167": {
							"post": [0, 0, 0],
							"lerp_mode": "catmullrom"
						},
						"4.9583": {
							"post": [0, 0, 0.25],
							"lerp_mode": "catmullrom"
						},
						"5.0": {
							"post": [0, 0, 0],
							"lerp_mode": "catmullrom"
						},
						"5.0417": {
							"post": [0, 0, 0.25],
							"lerp_mode": "catmullrom"
						},
						"5.0833": {
							"post": [0, 0, 0],
							"lerp_mode": "catmullrom"
						},
						"5.125": {
							"post": [0, 0, 0.25],
							"lerp_mode": "catmullrom"
						},
						"5.1667": {
							"post": [0, 0, 0],
							"lerp_mode": "catmullrom"
						},
						"5.2083": {
							"post": [0, 0, 0.25],
							"lerp_mode": "catmullrom"
						},
						"5.25": {
							"post": [0, 0, 0],
							"lerp_mode": "catmullrom"
						},
						"5.2917": {
							"post": [0, 0, 0.25],
							"lerp_mode": "catmullrom"
						},
						"5.3333": {
							"post": [0, 0, 0.25],
							"lerp_mode": "catmullrom"
						},
						"5.375": {
							"post": [0, 0, 0],
							"lerp_mode": "catmullrom"
						},
						"5.4167": {
							"post": [0, 0, 0.25],
							"lerp_mode": "catmullrom"
						},
						"5.4583": {
							"post": [0, 0, 0],
							"lerp_mode": "catmullrom"
						},
						"5.5": {
							"post": [0, 0, 0.25],
							"lerp_mode": "catmullrom"
						},
						"5.5417": {
							"post": [0, 0, 0],
							"lerp_mode": "catmullrom"
						},
						"5.5833": {
							"post": [0, 0, 0.25],
							"lerp_mode": "catmullrom"
						},
						"5.625": {
							"post": [0, 0, 0],
							"lerp_mode": "catmullrom"
						},
						"5.6667": {
							"post": [0, 0, 0.25],
							"lerp_mode": "catmullrom"
						},
						"5.7083": {
							"post": [0, 0, 0],
							"lerp_mode": "catmullrom"
						},
						"5.75": {
							"post": [0, 0, 0.25],
							"lerp_mode": "catmullrom"
						},
						"5.7917": {
							"post": [0, 0, 0],
							"lerp_mode": "catmullrom"
						},
						"5.8333": {
							"post": [0, 0, 0.25],
							"lerp_mode": "catmullrom"
						},
						"5.875": {
							"post": [0, 0, 0],
							"lerp_mode": "catmullrom"
						},
						"5.9167": {
							"post": [0, 0, 0.25],
							"lerp_mode": "catmullrom"
						},
						"5.9583": {
							"post": [0, 0, 0],
							"lerp_mode": "catmullrom"
						}
					}
				},
				"eyelid": {
					"position": {
						"0.0": {
							"post": [0, 0, 0],
							"lerp_mode": "catmullrom"
						},
						"3.0": {
							"post": [0, 0, 0],
							"lerp_mode": "catmullrom"
						},
						"3.25": {
							"post": [0, -2, 0],
							"lerp_mode": "catmullrom"
						},
						"3.5": {
							"post": [0, 0, 0],
							"lerp_mode": "catmullrom"
						}
					}
				},
				"pupil2": {
					"position": {
						"0.0": {
							"post": [0, 0, 0],
							"lerp_mode": "catmullrom"
						},
						"0.0417": {
							"post": [0, 0, 0.25],
							"lerp_mode": "catmullrom"
						},
						"0.0833": {
							"post": [0, 0, 0],
							"lerp_mode": "catmullrom"
						},
						"0.125": {
							"post": [0, 0, 0.25],
							"lerp_mode": "catmullrom"
						},
						"0.1667": {
							"post": [0, 0, 0],
							"lerp_mode": "catmullrom"
						},
						"0.2083": {
							"post": [0, 0, 0.25],
							"lerp_mode": "catmullrom"
						},
						"0.25": {
							"post": [0, 0, 0],
							"lerp_mode": "catmullrom"
						},
						"0.2917": {
							"post": [0, 0, 0.25],
							"lerp_mode": "catmullrom"
						},
						"0.3333": {
							"post": [0, 0, 0],
							"lerp_mode": "catmullrom"
						},
						"0.375": {
							"post": [0, 0, 0.25],
							"lerp_mode": "catmullrom"
						},
						"0.4167": {
							"post": [0, 0, 0],
							"lerp_mode": "catmullrom"
						},
						"0.4583": {
							"post": [0, 0, 0.25],
							"lerp_mode": "catmullrom"
						},
						"0.5": {
							"post": [0, 0, 0],
							"lerp_mode": "catmullrom"
						},
						"0.5417": {
							"post": [0, 0, 0.25],
							"lerp_mode": "catmullrom"
						},
						"0.5833": {
							"post": [0, 0, 0],
							"lerp_mode": "catmullrom"
						},
						"0.625": {
							"post": [0, 0, 0.25],
							"lerp_mode": "catmullrom"
						},
						"0.6667": {
							"post": [0, 0, 0],
							"lerp_mode": "catmullrom"
						},
						"0.7083": {
							"post": [0, 0, 0.25],
							"lerp_mode": "catmullrom"
						},
						"0.75": {
							"post": [0, 0, 0],
							"lerp_mode": "catmullrom"
						},
						"0.7917": {
							"post": [0, 0, 0.25],
							"lerp_mode": "catmullrom"
						},
						"0.8333": {
							"post": [0, 0, 0],
							"lerp_mode": "catmullrom"
						},
						"0.875": {
							"post": [0, 0, 0.25],
							"lerp_mode": "catmullrom"
						},
						"0.9167": {
							"post": [0, 0, 0],
							"lerp_mode": "catmullrom"
						},
						"0.9583": {
							"post": [0, 0, 0.25],
							"lerp_mode": "catmullrom"
						},
						"1.0": {
							"post": [0, 0, 0],
							"lerp_mode": "catmullrom"
						},
						"1.0417": {
							"post": [0, 0, 0.25],
							"lerp_mode": "catmullrom"
						},
						"1.0833": {
							"post": [0, 0, 0],
							"lerp_mode": "catmullrom"
						},
						"1.125": {
							"post": [0, 0, 0.25],
							"lerp_mode": "catmullrom"
						},
						"1.1667": {
							"post": [0, 0, 0],
							"lerp_mode": "catmullrom"
						},
						"1.2083": {
							"post": [0, 0, 0.25],
							"lerp_mode": "catmullrom"
						},
						"1.25": {
							"post": [0, 0, 0],
							"lerp_mode": "catmullrom"
						},
						"1.2917": {
							"post": [0, 0, 0.25],
							"lerp_mode": "catmullrom"
						},
						"1.3333": {
							"post": [0, 0, 0],
							"lerp_mode": "catmullrom"
						},
						"1.375": {
							"post": [0, 0, 0.25],
							"lerp_mode": "catmullrom"
						},
						"1.4167": {
							"post": [0, 0, 0],
							"lerp_mode": "catmullrom"
						},
						"1.4583": {
							"post": [0, 0, 0.25],
							"lerp_mode": "catmullrom"
						},
						"1.5": {
							"post": [0, 0, 0],
							"lerp_mode": "catmullrom"
						},
						"1.5417": {
							"post": [0, 0, 0.25],
							"lerp_mode": "catmullrom"
						},
						"1.5833": {
							"post": [0, 0, 0],
							"lerp_mode": "catmullrom"
						},
						"1.625": {
							"post": [0, 0, 0.25],
							"lerp_mode": "catmullrom"
						},
						"1.6667": {
							"post": [0, 0, 0],
							"lerp_mode": "catmullrom"
						},
						"1.7083": {
							"post": [0, 0, 0.25],
							"lerp_mode": "catmullrom"
						},
						"1.75": {
							"post": [0, 0, 0],
							"lerp_mode": "catmullrom"
						},
						"1.7917": {
							"post": [0, 0, 0.25],
							"lerp_mode": "catmullrom"
						},
						"1.8333": {
							"post": [0, 0, 0],
							"lerp_mode": "catmullrom"
						},
						"1.875": {
							"post": [0, 0, 0.25],
							"lerp_mode": "catmullrom"
						},
						"1.9167": {
							"post": [0, 0, 0],
							"lerp_mode": "catmullrom"
						},
						"1.9583": {
							"post": [0, 0, 0.25],
							"lerp_mode": "catmullrom"
						},
						"2.0": {
							"post": [0, 0, 0],
							"lerp_mode": "catmullrom"
						},
						"2.0417": {
							"post": [0, 0, 0.25],
							"lerp_mode": "catmullrom"
						},
						"2.0833": {
							"post": [0, 0, 0],
							"lerp_mode": "catmullrom"
						},
						"2.125": {
							"post": [0, 0, 0.25],
							"lerp_mode": "catmullrom"
						},
						"2.1667": {
							"post": [0, 0, 0],
							"lerp_mode": "catmullrom"
						},
						"2.2083": {
							"post": [0, 0, 0.25],
							"lerp_mode": "catmullrom"
						},
						"2.25": {
							"post": [0, 0, 0],
							"lerp_mode": "catmullrom"
						},
						"2.2917": {
							"post": [0, 0, 0.25],
							"lerp_mode": "catmullrom"
						},
						"2.3333": {
							"post": [0, 0, 0],
							"lerp_mode": "catmullrom"
						},
						"2.375": {
							"post": [0, 0, 0.25],
							"lerp_mode": "catmullrom"
						},
						"2.4167": {
							"post": [0, 0, 0],
							"lerp_mode": "catmullrom"
						},
						"2.4583": {
							"post": [0, 0, 0.25],
							"lerp_mode": "catmullrom"
						},
						"2.5": {
							"post": [0, 0, 0],
							"lerp_mode": "catmullrom"
						},
						"2.5417": {
							"post": [0, 0, 0.25],
							"lerp_mode": "catmullrom"
						},
						"2.5833": {
							"post": [0, 0, 0],
							"lerp_mode": "catmullrom"
						},
						"2.625": {
							"post": [0, 0, 0.25],
							"lerp_mode": "catmullrom"
						},
						"2.6667": {
							"post": [0, 0, 0],
							"lerp_mode": "catmullrom"
						},
						"2.7083": {
							"post": [0, 0, 0.25],
							"lerp_mode": "catmullrom"
						},
						"2.75": {
							"post": [0, 0, 0],
							"lerp_mode": "catmullrom"
						},
						"2.7917": {
							"post": [0, 0, 0.25],
							"lerp_mode": "catmullrom"
						},
						"2.8333": {
							"post": [0, 0, 0],
							"lerp_mode": "catmullrom"
						},
						"2.875": {
							"post": [0, 0, 0.25],
							"lerp_mode": "catmullrom"
						},
						"2.9167": {
							"post": [0, 0, 0],
							"lerp_mode": "catmullrom"
						},
						"2.9583": {
							"post": [0, 0, 0.25],
							"lerp_mode": "catmullrom"
						},
						"3.0": {
							"post": [0, 0, 0],
							"lerp_mode": "catmullrom"
						},
						"3.0417": {
							"post": [0, 0, 0.25],
							"lerp_mode": "catmullrom"
						},
						"3.0833": {
							"post": [0, 0, 0],
							"lerp_mode": "catmullrom"
						},
						"3.125": {
							"post": [0, 0, 0.25],
							"lerp_mode": "catmullrom"
						},
						"3.1667": {
							"post": [0, 0, 0],
							"lerp_mode": "catmullrom"
						},
						"3.2083": {
							"post": [0, 0, 0.25],
							"lerp_mode": "catmullrom"
						},
						"3.25": {
							"post": [0, 0, 0],
							"lerp_mode": "catmullrom"
						},
						"3.2917": {
							"post": [0, 0, 0.25],
							"lerp_mode": "catmullrom"
						},
						"3.3333": {
							"post": [0, 0, 0],
							"lerp_mode": "catmullrom"
						},
						"3.375": {
							"post": [0, 0, 0.25],
							"lerp_mode": "catmullrom"
						},
						"3.4167": {
							"post": [0, 0, 0],
							"lerp_mode": "catmullrom"
						},
						"3.4583": {
							"post": [0, 0, 0.25],
							"lerp_mode": "catmullrom"
						},
						"3.5": {
							"post": [0, 0, 0],
							"lerp_mode": "catmullrom"
						},
						"3.5417": {
							"post": [0, 0, 0.25],
							"lerp_mode": "catmullrom"
						},
						"3.5833": {
							"post": [0, 0, 0],
							"lerp_mode": "catmullrom"
						},
						"3.625": {
							"post": [0, 0, 0.25],
							"lerp_mode": "catmullrom"
						},
						"3.6667": {
							"post": [0, 0, 0],
							"lerp_mode": "catmullrom"
						},
						"3.7083": {
							"post": [0, 0, 0.25],
							"lerp_mode": "catmullrom"
						},
						"3.75": {
							"post": [0, 0, 0],
							"lerp_mode": "catmullrom"
						},
						"3.7917": {
							"post": [0, 0, 0.25],
							"lerp_mode": "catmullrom"
						},
						"3.8333": {
							"post": [0, 0, 0],
							"lerp_mode": "catmullrom"
						},
						"3.875": {
							"post": [0, 0, 0.25],
							"lerp_mode": "catmullrom"
						},
						"3.9167": {
							"post": [0, 0, 0],
							"lerp_mode": "catmullrom"
						},
						"3.9583": {
							"post": [0, 0, 0.25],
							"lerp_mode": "catmullrom"
						},
						"4.0": {
							"post": [0, 0, 0],
							"lerp_mode": "catmullrom"
						},
						"4.0417": {
							"post": [0, 0, 0.25],
							"lerp_mode": "catmullrom"
						},
						"4.0833": {
							"post": [0, 0, 0],
							"lerp_mode": "catmullrom"
						},
						"4.125": {
							"post": [0, 0, 0.25],
							"lerp_mode": "catmullrom"
						},
						"4.1667": {
							"post": [0, 0, 0],
							"lerp_mode": "catmullrom"
						},
						"4.2083": {
							"post": [0, 0, 0.25],
							"lerp_mode": "catmullrom"
						},
						"4.25": {
							"post": [0, 0, 0],
							"lerp_mode": "catmullrom"
						},
						"4.2917": {
							"post": [0, 0, 0.25],
							"lerp_mode": "catmullrom"
						},
						"4.3333": {
							"post": [0, 0, 0],
							"lerp_mode": "catmullrom"
						},
						"4.375": {
							"post": [0, 0, 0.25],
							"lerp_mode": "catmullrom"
						},
						"4.4167": {
							"post": [0, 0, 0],
							"lerp_mode": "catmullrom"
						},
						"4.4583": {
							"post": [0, 0, 0.25],
							"lerp_mode": "catmullrom"
						},
						"4.5": {
							"post": [0, 0, 0],
							"lerp_mode": "catmullrom"
						},
						"4.5417": {
							"post": [0, 0, 0.25],
							"lerp_mode": "catmullrom"
						},
						"4.5833": {
							"post": [0, 0, 0],
							"lerp_mode": "catmullrom"
						},
						"4.625": {
							"post": [0, 0, 0.25],
							"lerp_mode": "catmullrom"
						},
						"4.6667": {
							"post": [0, 0, 0],
							"lerp_mode": "catmullrom"
						},
						"4.7083": {
							"post": [0, 0, 0.25],
							"lerp_mode": "catmullrom"
						},
						"4.75": {
							"post": [0, 0, 0],
							"lerp_mode": "catmullrom"
						},
						"4.7917": {
							"post": [0, 0, 0.25],
							"lerp_mode": "catmullrom"
						},
						"4.8333": {
							"post": [0, 0, 0],
							"lerp_mode": "catmullrom"
						},
						"4.875": {
							"post": [0, 0, 0.25],
							"lerp_mode": "catmullrom"
						},
						"4.9167": {
							"post": [0, 0, 0],
							"lerp_mode": "catmullrom"
						},
						"4.9583": {
							"post": [0, 0, 0.25],
							"lerp_mode": "catmullrom"
						},
						"5.0": {
							"post": [0, 0, 0],
							"lerp_mode": "catmullrom"
						},
						"5.0417": {
							"post": [0, 0, 0.25],
							"lerp_mode": "catmullrom"
						},
						"5.0833": {
							"post": [0, 0, 0],
							"lerp_mode": "catmullrom"
						},
						"5.125": {
							"post": [0, 0, 0.25],
							"lerp_mode": "catmullrom"
						},
						"5.1667": {
							"post": [0, 0, 0],
							"lerp_mode": "catmullrom"
						},
						"5.2083": {
							"post": [0, 0, 0.25],
							"lerp_mode": "catmullrom"
						},
						"5.25": {
							"post": [0, 0, 0],
							"lerp_mode": "catmullrom"
						},
						"5.2917": {
							"post": [0, 0, 0.25],
							"lerp_mode": "catmullrom"
						},
						"5.3333": {
							"post": [0, 0, 0.25],
							"lerp_mode": "catmullrom"
						},
						"5.375": {
							"post": [0, 0, 0],
							"lerp_mode": "catmullrom"
						},
						"5.4167": {
							"post": [0, 0, 0.25],
							"lerp_mode": "catmullrom"
						},
						"5.4583": {
							"post": [0, 0, 0],
							"lerp_mode": "catmullrom"
						},
						"5.5": {
							"post": [0, 0, 0.25],
							"lerp_mode": "catmullrom"
						},
						"5.5417": {
							"post": [0, 0, 0],
							"lerp_mode": "catmullrom"
						},
						"5.5833": {
							"post": [0, 0, 0.25],
							"lerp_mode": "catmullrom"
						},
						"5.625": {
							"post": [0, 0, 0],
							"lerp_mode": "catmullrom"
						},
						"5.6667": {
							"post": [0, 0, 0.25],
							"lerp_mode": "catmullrom"
						},
						"5.7083": {
							"post": [0, 0, 0],
							"lerp_mode": "catmullrom"
						},
						"5.75": {
							"post": [0, 0, 0.25],
							"lerp_mode": "catmullrom"
						},
						"5.7917": {
							"post": [0, 0, 0],
							"lerp_mode": "catmullrom"
						},
						"5.8333": {
							"post": [0, 0, 0.25],
							"lerp_mode": "catmullrom"
						},
						"5.875": {
							"post": [0, 0, 0],
							"lerp_mode": "catmullrom"
						},
						"5.9167": {
							"post": [0, 0, 0.25],
							"lerp_mode": "catmullrom"
						},
						"5.9583": {
							"post": [0, 0, 0],
							"lerp_mode": "catmullrom"
						}
					}
				},
				"eyelid2": {
					"position": {
						"0.0": {
							"post": [0, 0, 0],
							"lerp_mode": "catmullrom"
						},
						"3.0": {
							"post": [0, 0, 0],
							"lerp_mode": "catmullrom"
						},
						"3.25": {
							"post": [0, -2, 0],
							"lerp_mode": "catmullrom"
						},
						"3.5": {
							"post": [0, 0, 0],
							"lerp_mode": "catmullrom"
						}
					}
				},
				"body": {
					"rotation": {
						"0.0": {
							"post": [0, 0, 0],
							"lerp_mode": "catmullrom"
						},
						"0.5": {
							"post": [7.38733, -1.29876, 9.91615],
							"lerp_mode": "catmullrom"
						},
						"1.0": {
							"post": [0, 0, 0],
							"lerp_mode": "catmullrom"
						},
						"1.5": {
							"post": [-7.38733, 1.29876, 9.91615],
							"lerp_mode": "catmullrom"
						},
						"2.0": {
							"post": [0, 0, 0],
							"lerp_mode": "catmullrom"
						},
						"2.5": {
							"post": [7.38733, -1.29876, 9.91615],
							"lerp_mode": "catmullrom"
						},
						"3.0": {
							"post": [0, 0, 0],
							"lerp_mode": "catmullrom"
						},
						"3.5": {
							"post": [-7.38733, 1.29876, 9.91615],
							"lerp_mode": "catmullrom"
						},
						"4.0": {
							"post": [0, 0, 0],
							"lerp_mode": "catmullrom"
						},
						"4.5": {
							"post": [7.38733, -1.29876, 9.91615],
							"lerp_mode": "catmullrom"
						},
						"5.0": {
							"post": [0, 0, 0],
							"lerp_mode": "catmullrom"
						},
						"5.5": {
							"post": [-7.38733, 1.29876, 9.91615],
							"lerp_mode": "catmullrom"
						},
						"6.0": {
							"post": [0, 0, 0],
							"lerp_mode": "catmullrom"
						},
						"6.5": {
							"post": [7.38733, -1.29876, 9.91615],
							"lerp_mode": "catmullrom"
						},
						"7.0": {
							"post": [0, 0, 0],
							"lerp_mode": "catmullrom"
						},
						"7.5": {
							"post": [-7.38733, 1.29876, 9.91615],
							"lerp_mode": "catmullrom"
						},
						"8.0": {
							"post": [0, 0, 0],
							"lerp_mode": "catmullrom"
						}
					}
				},
				"frontright": {
					"rotation": {
						"0.0": {
							"post": [0, 42.5, 0],
							"lerp_mode": "catmullrom"
						},
						"0.5": {
							"post": [-39.04363, -9.79186, -21.23325],
							"lerp_mode": "catmullrom"
						},
						"1.0": {
							"post": [0, -32.5, 0],
							"lerp_mode": "catmullrom"
						},
						"2.0": {
							"post": [0, 42.5, 0],
							"lerp_mode": "catmullrom"
						},
						"2.5": {
							"post": [-39.04363, -9.79186, -21.23325],
							"lerp_mode": "catmullrom"
						},
						"3.0": {
							"post": [0, -32.5, 0],
							"lerp_mode": "catmullrom"
						},
						"4.0": {
							"post": [0, 42.5, 0],
							"lerp_mode": "catmullrom"
						},
						"4.5": {
							"post": [-39.04363, -9.79186, -21.23325],
							"lerp_mode": "catmullrom"
						},
						"5.0": {
							"post": [0, -32.5, 0],
							"lerp_mode": "catmullrom"
						},
						"6.0": {
							"post": [0, 42.5, 0],
							"lerp_mode": "catmullrom"
						},
						"6.5": {
							"post": [-39.04363, -9.79186, -21.23325],
							"lerp_mode": "catmullrom"
						},
						"7.0": {
							"post": [0, -32.5, 0],
							"lerp_mode": "catmullrom"
						},
						"8.0": {
							"post": [0, 42.5, 0],
							"lerp_mode": "catmullrom"
						}
					}
				},
				"backright": {
					"rotation": {
						"0.0": {
							"post": [0, 30, 0],
							"lerp_mode": "catmullrom"
						},
						"1.0": {
							"post": [0, -15, 0],
							"lerp_mode": "catmullrom"
						},
						"1.5": {
							"post": [36.66127, 2.65894, -24.40175],
							"lerp_mode": "catmullrom"
						},
						"2.0": {
							"post": [0, 30, 0],
							"lerp_mode": "catmullrom"
						},
						"3.0": {
							"post": [0, -15, 0],
							"lerp_mode": "catmullrom"
						},
						"3.5": {
							"post": [36.66127, 2.65894, -24.40175],
							"lerp_mode": "catmullrom"
						},
						"4.0": {
							"post": [0, 30, 0],
							"lerp_mode": "catmullrom"
						},
						"5.0": {
							"post": [0, -15, 0],
							"lerp_mode": "catmullrom"
						},
						"5.5": {
							"post": [36.66127, 2.65894, -24.40175],
							"lerp_mode": "catmullrom"
						},
						"6.0": {
							"post": [0, 30, 0],
							"lerp_mode": "catmullrom"
						},
						"7.0": {
							"post": [0, -15, 0],
							"lerp_mode": "catmullrom"
						},
						"7.5": {
							"post": [36.66127, 2.65894, -24.40175],
							"lerp_mode": "catmullrom"
						},
						"8.0": {
							"post": [0, 30, 0],
							"lerp_mode": "catmullrom"
						}
					}
				},
				"backright2": {
					"rotation": {
						"0.0": {
							"post": [0, -25, 0],
							"lerp_mode": "catmullrom"
						},
						"1.0": {
							"post": [0, 12.5, 0],
							"lerp_mode": "catmullrom"
						},
						"1.5": {
							"post": [-34.99197, 7.795, 20.88156],
							"lerp_mode": "catmullrom"
						},
						"2.0": {
							"post": [0, -25, 0],
							"lerp_mode": "catmullrom"
						},
						"3.0": {
							"post": [0, 12.5, 0],
							"lerp_mode": "catmullrom"
						},
						"3.5": {
							"post": [-34.99197, 7.795, 20.88156],
							"lerp_mode": "catmullrom"
						},
						"4.0": {
							"post": [0, -25, 0],
							"lerp_mode": "catmullrom"
						},
						"5.0": {
							"post": [0, 12.5, 0],
							"lerp_mode": "catmullrom"
						},
						"5.5": {
							"post": [-34.99197, 7.795, 20.88156],
							"lerp_mode": "catmullrom"
						},
						"6.0": {
							"post": [0, -25, 0],
							"lerp_mode": "catmullrom"
						},
						"7.0": {
							"post": [0, 12.5, 0],
							"lerp_mode": "catmullrom"
						},
						"7.5": {
							"post": [-34.99197, 7.795, 20.88156],
							"lerp_mode": "catmullrom"
						},
						"8.0": {
							"post": [0, -25, 0],
							"lerp_mode": "catmullrom"
						}
					}
				},
				"backleft": {
					"rotation": {
						"0.0": {
							"post": [0, -20, 0],
							"lerp_mode": "catmullrom"
						},
						"0.5": {
							"post": [36.0943, -4.0106, 32.58462],
							"lerp_mode": "catmullrom"
						},
						"1.0": {
							"post": [0, 47.5, 0],
							"lerp_mode": "catmullrom"
						},
						"2.0": {
							"post": [0, -20, 0],
							"lerp_mode": "catmullrom"
						},
						"2.5": {
							"post": [36.0943, -4.0106, 32.58462],
							"lerp_mode": "catmullrom"
						},
						"3.0": {
							"post": [0, 47.5, 0],
							"lerp_mode": "catmullrom"
						},
						"4.0": {
							"post": [0, -20, 0],
							"lerp_mode": "catmullrom"
						},
						"4.5": {
							"post": [36.0943, -4.0106, 32.58462],
							"lerp_mode": "catmullrom"
						},
						"5.0": {
							"post": [0, 47.5, 0],
							"lerp_mode": "catmullrom"
						},
						"6.0": {
							"post": [0, -20, 0],
							"lerp_mode": "catmullrom"
						},
						"6.5": {
							"post": [36.0943, -4.0106, 32.58462],
							"lerp_mode": "catmullrom"
						},
						"7.0": {
							"post": [0, 47.5, 0],
							"lerp_mode": "catmullrom"
						},
						"8.0": {
							"post": [0, -20, 0],
							"lerp_mode": "catmullrom"
						}
					}
				}
			}
		},
		"animation.miscreepant.sleep": {
			"loop": true,
			"animation_length": 5.95833,
			"bones": {
				"head": {
					"rotation": {
						"0.0": {
							"post": [0, 0, 27.5],
							"lerp_mode": "catmullrom"
						}
					},
					"position": {
						"0.0": {
							"post": [2, -6, 0],
							"lerp_mode": "catmullrom"
						},
						"3.0": {
							"post": [1.5, -7.25, 0],
							"lerp_mode": "catmullrom"
						},
						"5.9583": {
							"post": [2, -6, 0],
							"lerp_mode": "catmullrom"
						}
					}
				},
				"leaf": {
					"rotation": {
						"0.0": {
							"post": [9.76758, 2.15393, -12.31594],
							"lerp_mode": "catmullrom"
						},
						"3.0": {
							"post": [9.25249, 3.81024, -22.19157],
							"lerp_mode": "catmullrom"
						},
						"5.9583": {
							"post": [9.76758, 2.15393, -12.31594],
							"lerp_mode": "catmullrom"
						}
					}
				},
				"eyelid": {
					"position": {
						"0.0": {
							"post": [0, -1.75, 0],
							"lerp_mode": "catmullrom"
						}
					}
				},
				"eyelid2": {
					"position": {
						"0.0": {
							"post": [0, -1.75, 0],
							"lerp_mode": "catmullrom"
						}
					}
				},
				"body": {
					"position": {
						"0.0": {
							"post": [0, -7, 0],
							"lerp_mode": "catmullrom"
						}
					}
				},
				"fur": {
					"position": {
						"0.0": {
							"post": [0, 0.25, 0],
							"lerp_mode": "catmullrom"
						}
					}
				},
				"frontright": {
					"rotation": {
						"0.0": {
							"post": [72.74363, -3.87548, -45.25002],
							"lerp_mode": "catmullrom"
						}
					},
					"position": {
						"0.0": {
							"post": [0, -8, 0],
							"lerp_mode": "catmullrom"
						}
					}
				},
				"leg": {
					"position": {
						"0.0": {
							"post": [0, 0, 0],
							"lerp_mode": "catmullrom"
						}
					}
				},
				"backright": {
					"rotation": {
						"0.0": {
							"post": [-8.36453, -25.11725, -83.94657],
							"lerp_mode": "catmullrom"
						}
					},
					"position": {
						"0.0": {
							"post": [0, -8, 0],
							"lerp_mode": "catmullrom"
						}
					}
				},
				"backright2": {
					"rotation": {
						"0.0": {
							"post": [-27.5, 0, 27.5],
							"lerp_mode": "catmullrom"
						}
					},
					"position": {
						"0.0": {
							"post": [-2, -8, 0],
							"lerp_mode": "catmullrom"
						}
					}
				},
				"backleft": {
					"rotation": {
						"0.0": {
							"post": [46.96481, 16.09822, 16.38739],
							"lerp_mode": "catmullrom"
						}
					},
					"position": {
						"0.0": {
							"post": [-1, -9, 0],
							"lerp_mode": "catmullrom"
						}
					}
				}
			}
		},
		"animation.miscreepant.faint": {
			"animation_length": 3,
			"bones": {
				"head": {
					"rotation": {
						"0.0": {
							"post": [0, 0, 0],
							"lerp_mode": "catmullrom"
						},
						"0.375": {
							"post": [0, 0, 30],
							"lerp_mode": "catmullrom"
						}
					},
					"position": {
						"0.0": {
							"post": [0, 0, 0],
							"lerp_mode": "catmullrom"
						},
						"0.375": {
							"post": [-2.725, -6.75, 0],
							"lerp_mode": "catmullrom"
						},
						"0.75": {
							"post": [-2.72, -6.75, 0],
							"lerp_mode": "catmullrom"
						},
						"0.7917": {
							"post": [-2.72, -7.75, 0],
							"lerp_mode": "catmullrom"
						},
						"0.8333": {
							"post": [-2.72, -6.75, 0],
							"lerp_mode": "catmullrom"
						},
						"0.875": {
							"post": [-2.72, -7.75, 0],
							"lerp_mode": "catmullrom"
						},
						"0.9167": {
							"post": [-2.72, -6.75, 0],
							"lerp_mode": "catmullrom"
						},
						"0.9583": {
							"post": [-2.72, -7.75, 0],
							"lerp_mode": "catmullrom"
						},
						"1.0": {
							"post": [-2.72, -6.75, 0],
							"lerp_mode": "catmullrom"
						},
						"1.0417": {
							"post": [-2.72, -7.75, 0],
							"lerp_mode": "catmullrom"
						},
						"1.0833": {
							"post": [-2.72, -6.75, 0],
							"lerp_mode": "catmullrom"
						},
						"1.125": {
							"post": [-2.72, -7.75, 0],
							"lerp_mode": "catmullrom"
						},
						"1.1667": {
							"post": [-2.72, -6.75, 0],
							"lerp_mode": "catmullrom"
						},
						"1.2083": {
							"post": [-2.72, -7.75, 0],
							"lerp_mode": "catmullrom"
						},
						"1.25": {
							"post": [-2.72, -6.75, 0],
							"lerp_mode": "catmullrom"
						},
						"1.2917": {
							"post": [-2.72, -7.75, 0],
							"lerp_mode": "catmullrom"
						},
						"1.3333": {
							"post": [-2.72, -6.75, 0],
							"lerp_mode": "catmullrom"
						},
						"1.375": {
							"post": [-2.72, -7.75, 0],
							"lerp_mode": "catmullrom"
						},
						"1.4167": {
							"post": [-2.72, -6.75, 0],
							"lerp_mode": "catmullrom"
						},
						"1.4583": {
							"post": [-2.72, -7.75, 0],
							"lerp_mode": "catmullrom"
						},
						"1.5": {
							"post": [-2.72, -6.75, 0],
							"lerp_mode": "catmullrom"
						},
						"1.5417": {
							"post": [-2.72, -7.75, 0],
							"lerp_mode": "catmullrom"
						},
						"1.5833": {
							"post": [-2.72, -6.75, 0],
							"lerp_mode": "catmullrom"
						},
						"1.625": {
							"post": [-2.72, -7.75, 0],
							"lerp_mode": "catmullrom"
						},
						"1.6667": {
							"post": [-2.72, -6.75, 0],
							"lerp_mode": "catmullrom"
						},
						"1.7083": {
							"post": [-2.72, -7.75, 0],
							"lerp_mode": "catmullrom"
						},
						"1.75": {
							"post": [-2.72, -6.75, 0],
							"lerp_mode": "catmullrom"
						},
						"1.7917": {
							"post": [-2.72, -7.75, 0],
							"lerp_mode": "catmullrom"
						},
						"1.8333": {
							"post": [-2.72, -6.75, 0],
							"lerp_mode": "catmullrom"
						},
						"1.875": {
							"post": [-2.72, -7.75, 0],
							"lerp_mode": "catmullrom"
						},
						"1.9167": {
							"post": [-2.72, -6.75, 0],
							"lerp_mode": "catmullrom"
						},
						"1.9583": {
							"post": [-2.72, -7.75, 0],
							"lerp_mode": "catmullrom"
						},
						"2.0": {
							"post": [-2.72, -6.75, 0],
							"lerp_mode": "catmullrom"
						},
						"2.0417": {
							"post": [-2.72, -7.75, 0],
							"lerp_mode": "catmullrom"
						},
						"2.0833": {
							"post": [-2.72, -6.75, 0],
							"lerp_mode": "catmullrom"
						},
						"2.125": {
							"post": [-2.72, -7.75, 0],
							"lerp_mode": "catmullrom"
						},
						"2.1667": {
							"post": [-2.72, -6.75, 0],
							"lerp_mode": "catmullrom"
						},
						"2.2083": {
							"post": [-2.72, -7.75, 0],
							"lerp_mode": "catmullrom"
						},
						"2.25": {
							"post": [-2.72, -6.75, 0],
							"lerp_mode": "catmullrom"
						},
						"2.2917": {
							"post": [-2.72, -7.75, 0],
							"lerp_mode": "catmullrom"
						},
						"2.3333": {
							"post": [-2.72, -6.75, 0],
							"lerp_mode": "catmullrom"
						},
						"2.375": {
							"post": [-2.72, -7.75, 0],
							"lerp_mode": "catmullrom"
						},
						"2.4167": {
							"post": [-2.72, -6.75, 0],
							"lerp_mode": "catmullrom"
						},
						"2.4583": {
							"post": [-2.72, -7.75, 0],
							"lerp_mode": "catmullrom"
						},
						"2.5": {
							"post": [-2.72, -6.75, 0],
							"lerp_mode": "catmullrom"
						},
						"2.5417": {
							"post": [-2.72, -7.75, 0],
							"lerp_mode": "catmullrom"
						},
						"2.5833": {
							"post": [-2.72, -6.75, 0],
							"lerp_mode": "catmullrom"
						},
						"2.625": {
							"post": [-2.72, -7.75, 0],
							"lerp_mode": "catmullrom"
						},
						"2.6667": {
							"post": [-2.72, -6.75, 0],
							"lerp_mode": "catmullrom"
						},
						"2.7083": {
							"post": [-2.72, -7.75, 0],
							"lerp_mode": "catmullrom"
						},
						"2.75": {
							"post": [-2.72, -7.75, 0],
							"lerp_mode": "catmullrom"
						},
						"2.7917": {
							"post": [-2.72, -6.75, 0],
							"lerp_mode": "catmullrom"
						},
						"2.8333": {
							"post": [-2.72, -7.75, 0],
							"lerp_mode": "catmullrom"
						},
						"2.875": {
							"post": [-2.72, -6.75, 0],
							"lerp_mode": "catmullrom"
						},
						"2.9167": {
							"post": [-2.72, -7.75, 0],
							"lerp_mode": "catmullrom"
						},
						"2.9583": {
							"post": [-2.72, -6.75, 0],
							"lerp_mode": "catmullrom"
						},
						"3.0": {
							"post": [-2.72, -7.75, 0],
							"lerp_mode": "catmullrom"
						}
					}
				},
				"leaf": {
					"rotation": {
						"0.0": {
							"post": [0, 0, 0],
							"lerp_mode": "catmullrom"
						},
						"0.0417": {
							"post": [-10, 0, 0],
							"lerp_mode": "catmullrom"
						},
						"0.0833": {
							"post": [-17.5, 0, 0],
							"lerp_mode": "catmullrom"
						},
						"0.1667": {
							"post": [-22.86, 0, 0],
							"lerp_mode": "catmullrom"
						},
						"0.375": {
							"post": [7.5, 0, 0],
							"lerp_mode": "catmullrom"
						}
					}
				},
				"eyelid": {
					"position": {
						"0.0": {
							"post": [0, -1, 0],
							"lerp_mode": "catmullrom"
						},
						"0.5": {
							"post": [0, -3, 0],
							"lerp_mode": "catmullrom"
						}
					}
				},
				"eyelid2": {
					"position": {
						"0.0": {
							"post": [0, 0, 0],
							"lerp_mode": "catmullrom"
						},
						"0.25": {
							"post": [0, -2, 0],
							"lerp_mode": "catmullrom"
						}
					}
				},
				"body": {
					"rotation": {
						"0.0": {
							"post": [0, 0, 0],
							"lerp_mode": "catmullrom"
						},
						"0.375": {
							"post": [0, 0, -12.5],
							"lerp_mode": "catmullrom"
						}
					},
					"position": {
						"0.0": {
							"post": [0, 0, 0],
							"lerp_mode": "catmullrom"
						},
						"0.375": {
							"post": [0, -5, 0],
							"lerp_mode": "catmullrom"
						},
						"1.5833": {
							"post": [0, -5, 0],
							"lerp_mode": "catmullrom"
						},
						"1.625": {
							"post": [0, -4, 0],
							"lerp_mode": "catmullrom"
						},
						"1.6667": {
							"post": [0, -5, 0],
							"lerp_mode": "catmullrom"
						},
						"1.7083": {
							"post": [0, -4, 0],
							"lerp_mode": "catmullrom"
						},
						"1.75": {
							"post": [0, -5, 0],
							"lerp_mode": "catmullrom"
						},
						"1.7917": {
							"post": [0, -4, 0],
							"lerp_mode": "catmullrom"
						},
						"1.8333": {
							"post": [0, -5, 0],
							"lerp_mode": "catmullrom"
						},
						"1.875": {
							"post": [0, -4, 0],
							"lerp_mode": "catmullrom"
						},
						"1.9167": {
							"post": [0, -5, 0],
							"lerp_mode": "catmullrom"
						},
						"1.9583": {
							"post": [0, -4, 0],
							"lerp_mode": "catmullrom"
						},
						"2.0": {
							"post": [0, -5, 0],
							"lerp_mode": "catmullrom"
						},
						"2.0417": {
							"post": [0, -4, 0],
							"lerp_mode": "catmullrom"
						},
						"2.0833": {
							"post": [0, -5, 0],
							"lerp_mode": "catmullrom"
						},
						"2.125": {
							"post": [0, -4, 0],
							"lerp_mode": "catmullrom"
						},
						"2.1667": {
							"post": [0, -5, 0],
							"lerp_mode": "catmullrom"
						},
						"2.2083": {
							"post": [0, -4, 0],
							"lerp_mode": "catmullrom"
						},
						"2.25": {
							"post": [0, -5, 0],
							"lerp_mode": "catmullrom"
						},
						"2.2917": {
							"post": [0, -4, 0],
							"lerp_mode": "catmullrom"
						},
						"2.3333": {
							"post": [0, -5, 0],
							"lerp_mode": "catmullrom"
						},
						"2.375": {
							"post": [0, -4, 0],
							"lerp_mode": "catmullrom"
						},
						"2.4167": {
							"post": [0, -5, 0],
							"lerp_mode": "catmullrom"
						},
						"2.4583": {
							"post": [0, -4, 0],
							"lerp_mode": "catmullrom"
						},
						"2.5": {
							"post": [0, -5, 0],
							"lerp_mode": "catmullrom"
						},
						"2.5417": {
							"post": [0, -4, 0],
							"lerp_mode": "catmullrom"
						},
						"2.5833": {
							"post": [0, -5, 0],
							"lerp_mode": "catmullrom"
						},
						"2.625": {
							"post": [0, -4, 0],
							"lerp_mode": "catmullrom"
						},
						"2.6667": {
							"post": [0, -5, 0],
							"lerp_mode": "catmullrom"
						},
						"2.7083": {
							"post": [0, -4, 0],
							"lerp_mode": "catmullrom"
						},
						"2.75": {
							"post": [0, -5, 0],
							"lerp_mode": "catmullrom"
						},
						"2.7917": {
							"post": [0, -4, 0],
							"lerp_mode": "catmullrom"
						},
						"2.8333": {
							"post": [0, -5, 0],
							"lerp_mode": "catmullrom"
						},
						"2.875": {
							"post": [0, -4, 0],
							"lerp_mode": "catmullrom"
						},
						"2.9167": {
							"post": [0, -4, 0],
							"lerp_mode": "catmullrom"
						},
						"2.9583": {
							"post": [0, -5, 0],
							"lerp_mode": "catmullrom"
						},
						"3.0": {
							"post": [0, -4, 0],
							"lerp_mode": "catmullrom"
						}
					}
				},
				"torsotop": {
					"rotation": {
						"0.0": {
							"post": [0, 0, 0],
							"lerp_mode": "catmullrom"
						},
						"0.375": {
							"post": [0, 0, 2.5],
							"lerp_mode": "catmullrom"
						}
					}
				},
				"front2": {
					"rotation": {
						"0.0": {
							"post": [0, 0, 0],
							"lerp_mode": "catmullrom"
						},
						"0.375": {
							"post": [0, 0, -90],
							"lerp_mode": "catmullrom"
						}
					},
					"position": {
						"0.0": {
							"post": [0, 0, 0],
							"lerp_mode": "catmullrom"
						},
						"0.375": {
							"post": [10, -1.75, 0],
							"lerp_mode": "catmullrom"
						}
					}
				},
				"thigh": {
					"rotation": {
						"0.0": {
							"post": [0, 0, 0],
							"lerp_mode": "catmullrom"
						},
						"0.375": {
							"post": [0, 25, 0],
							"lerp_mode": "catmullrom"
						}
					},
					"position": {
						"0.0": {
							"post": [0, 0, 0],
							"lerp_mode": "catmullrom"
						},
						"0.375": {
							"post": [-1.475, 0, -0.675],
							"lerp_mode": "catmullrom"
						}
					}
				},
				"leg": {
					"rotation": {
						"0.0": {
							"post": [0, 0, 0],
							"lerp_mode": "catmullrom"
						},
						"0.375": {
							"post": [0, 25, 0],
							"lerp_mode": "catmullrom"
						}
					},
					"position": {
						"0.0": {
							"post": [0, 0, 0],
							"lerp_mode": "catmullrom"
						},
						"0.375": {
							"post": [-5.4, -1.1, -1.775],
							"lerp_mode": "catmullrom"
						}
					}
				},
				"thigh2": {
					"rotation": {
						"0.0": {
							"post": [0, 0, 0],
							"lerp_mode": "catmullrom"
						},
						"0.375": {
							"post": [0, -25, 0],
							"lerp_mode": "catmullrom"
						}
					},
					"position": {
						"0.0": {
							"post": [0, 0, 0],
							"lerp_mode": "catmullrom"
						},
						"0.375": {
							"post": [1.725, 0, 1.025],
							"lerp_mode": "catmullrom"
						}
					}
				},
				"leg2": {
					"rotation": {
						"0.0": {
							"post": [0, 0, 0],
							"lerp_mode": "catmullrom"
						},
						"0.375": {
							"post": [0, -30, 0],
							"lerp_mode": "catmullrom"
						}
					},
					"position": {
						"0.0": {
							"post": [0, 0, 0],
							"lerp_mode": "catmullrom"
						},
						"0.375": {
							"post": [-5.4, -1, 1.725],
							"lerp_mode": "catmullrom"
						}
					}
				},
				"back2": {
					"rotation": {
						"0.0": {
							"post": [0, 0, 0],
							"lerp_mode": "catmullrom"
						},
						"0.375": {
							"post": [0, 0, 65],
							"lerp_mode": "catmullrom"
						}
					},
					"position": {
						"0.0": {
							"post": [0, 0, 0],
							"lerp_mode": "catmullrom"
						},
						"0.375": {
							"post": [-8, -5, 0],
							"lerp_mode": "catmullrom"
						}
					}
				},
				"backright2": {
					"rotation": {
						"0.0": {
							"post": [0, 0, 0],
							"lerp_mode": "catmullrom"
						},
						"0.375": {
							"post": [16.50958, -36.71745, 9.99321],
							"lerp_mode": "catmullrom"
						}
					}
				},
				"backleft": {
					"rotation": {
						"0.0": {
							"post": [0, 0, 0],
							"lerp_mode": "catmullrom"
						},
						"0.375": {
							"post": [-31.40556, 23.91552, -2.65507],
							"lerp_mode": "catmullrom"
						}
					}
				},
				"thigh4": {
					"rotation": {
						"0.0": {
							"post": [0, 0, 0],
							"lerp_mode": "catmullrom"
						},
						"0.375": {
							"post": [0, 5, 0],
							"lerp_mode": "catmullrom"
						}
					}
				},
				"leg4": {
					"rotation": {
						"0.0": {
							"post": [0, 0, 0],
							"lerp_mode": "catmullrom"
						},
						"0.375": {
							"post": [-2.54292, 7.4713, 9.3426],
							"lerp_mode": "catmullrom"
						}
					},
					"position": {
						"0.0": {
							"post": [0, 0, 0],
							"lerp_mode": "catmullrom"
						},
						"0.375": {
							"post": [0, 0, -0.425],
							"lerp_mode": "catmullrom"
						}
					}
				}
			}
		}
	}
}