{
	"credit": "Made with Blockbench",
	"texture_size": [64, 64],
	"textures": {
		"1": "simplehats:block/mimikyu_hat"
	},
	"elements": [
		{
			"from": [3.5, 9, 3.5],
			"to": [12.5, 18, 12.5],
			"rotation": {"angle": 0, "axis": "y", "origin": [0, 9, 0]},
			"faces": {
				"north": {"uv": [0, 0, 2.25, 2.25], "texture": "#1"},
				"east": {"uv": [0, 2.25, 2.25, 4.5], "texture": "#1"},
				"south": {"uv": [2.25, 0, 4.5, 2.25], "texture": "#1"},
				"west": {"uv": [2.25, 2.25, 4.5, 4.5], "texture": "#1"},
				"up": {"uv": [2.25, 6.75, 0, 4.5], "texture": "#1"},
				"down": {"uv": [6.75, 0, 4.5, 2.25], "texture": "#1"}
			}
		},
		{
			"from": [3.5, 0, 5.5],
			"to": [12.5, 9, 10.5],
			"rotation": {"angle": 0, "axis": "y", "origin": [0, 9, 0]},
			"faces": {
				"north": {"uv": [9.25, 0, 11.5, 2.25], "texture": "#1"},
				"east": {"uv": [9.25, 2.25, 10.5, 4.5], "texture": "#1"},
				"south": {"uv": [7, 2.5, 9.25, 4.75], "texture": "#1"},
				"west": {"uv": [10.5, 2.25, 11.75, 4.5], "texture": "#1"},
				"up": {"uv": [9.25, 2.5, 7, 1.25], "texture": "#1"},
				"down": {"uv": [9.25, 0, 7, 1.25], "texture": "#1"}
			}
		},
		{
			"name": "ear_right1",
			"from": [2.63604, 15.11396, 9.5],
			"to": [6.63604, 19.11396, 9.5],
			"rotation": {"angle": -45, "axis": "z", "origin": [9, 8.75, 0.25]},
			"faces": {
				"north": {"uv": [2, 7, 3, 8], "texture": "#1"},
				"east": {"uv": [2, 7, 2, 8], "texture": "#1"},
				"south": {"uv": [3, 7, 4, 8], "texture": "#1"},
				"west": {"uv": [3, 7, 3, 8], "texture": "#1"},
				"up": {"uv": [3, 7, 2, 7], "texture": "#1"},
				"down": {"uv": [4, 7, 3, 7], "texture": "#1"}
			}
		},
		{
			"name": "ear_right2",
			"from": [2.63604, 19.11396, 9.5],
			"to": [6.63604, 23.11396, 9.5],
			"rotation": {"angle": -45, "axis": "z", "origin": [9, 8.75, 0.25]},
			"faces": {
				"north": {"uv": [0, 7, 1, 8], "texture": "#1"},
				"east": {"uv": [0, 7, 0, 8], "texture": "#1"},
				"south": {"uv": [1, 7, 2, 8], "texture": "#1"},
				"west": {"uv": [1, 7, 1, 8], "texture": "#1"},
				"up": {"uv": [1, 7, 0, 7], "texture": "#1"},
				"down": {"uv": [2, 7, 1, 7], "texture": "#1"}
			}
		},
		{
			"name": "ear_right3",
			"from": [3.63604, 23.11396, 9.5],
			"to": [5.63604, 25.11396, 9.5],
			"rotation": {"angle": -45, "axis": "z", "origin": [9, 8.75, 0.25]},
			"faces": {
				"north": {"uv": [2.25, 6.5, 2.75, 7], "texture": "#1"},
				"east": {"uv": [2.25, 6.5, 2.25, 7], "texture": "#1"},
				"south": {"uv": [2.75, 6.5, 3.25, 7], "texture": "#1"},
				"west": {"uv": [2.75, 6.5, 2.75, 7], "texture": "#1"},
				"up": {"uv": [2.75, 6.5, 2.25, 6.5], "texture": "#1"},
				"down": {"uv": [3.25, 6.5, 2.75, 6.5], "texture": "#1"}
			}
		},
		{
			"name": "ear_left",
			"from": [-3.36396, 11.11396, 9.5],
			"to": [0.63604, 15.11396, 9.5],
			"rotation": {"angle": -45, "axis": "z", "origin": [7, 8.75, 0.25]},
			"faces": {
				"north": {"uv": [5, 7, 4, 8], "texture": "#1"},
				"east": {"uv": [5, 7, 5, 8], "texture": "#1"},
				"south": {"uv": [6, 7, 5, 8], "texture": "#1"},
				"west": {"uv": [4, 7, 4, 8], "texture": "#1"},
				"up": {"uv": [4, 7, 5, 7], "texture": "#1"},
				"down": {"uv": [5, 7, 6, 7], "texture": "#1"}
			}
		},
		{
			"name": "ear_left3",
			"from": [-7.36396, 11.11396, 9.5],
			"to": [-3.36396, 15.11396, 9.5],
			"rotation": {"angle": -45, "axis": "z", "origin": [7, 8.75, 0.25]},
			"faces": {
				"north": {"uv": [7, 7, 6, 8], "texture": "#1"},
				"east": {"uv": [7, 7, 7, 8], "texture": "#1"},
				"south": {"uv": [8, 7, 7, 8], "texture": "#1"},
				"west": {"uv": [6, 7, 6, 8], "texture": "#1"},
				"up": {"uv": [6, 7, 7, 7], "texture": "#1"},
				"down": {"uv": [7, 7, 8, 7], "texture": "#1"}
			}
		},
		{
			"name": "ear_left4",
			"from": [-9.36396, 12.11396, 9.5],
			"to": [-7.36396, 14.11396, 9.5],
			"rotation": {"angle": -45, "axis": "z", "origin": [7, 8.75, 0.25]},
			"faces": {
				"north": {"uv": [3.75, 6.5, 3.25, 7], "texture": "#1"},
				"east": {"uv": [3.75, 6.5, 3.75, 7], "texture": "#1"},
				"south": {"uv": [4.25, 6.5, 3.75, 7], "texture": "#1"},
				"west": {"uv": [3.25, 6.5, 3.25, 7], "texture": "#1"},
				"up": {"uv": [3.25, 6.5, 3.75, 6.5], "texture": "#1"},
				"down": {"uv": [3.75, 6.5, 4.25, 6.5], "texture": "#1"}
			}
		}
	],
	"display": {
		"thirdperson_righthand": {
			"rotation": [75, 45, 0],
			"translation": [0, 2.5, 0],
			"scale": [0.375, 0.375, 0.375]
		},
		"thirdperson_lefthand": {
			"rotation": [75, 45, 0],
			"translation": [0, 2.5, 0],
			"scale": [0.375, 0.375, 0.375]
		},
		"firstperson_righthand": {
			"rotation": [0, 45, 0],
			"scale": [0.4, 0.4, 0.4]
		},
		"firstperson_lefthand": {
			"rotation": [0, 225, 0],
			"scale": [0.4, 0.4, 0.4]
		},
		"ground": {
			"translation": [0, 1, 0],
			"scale": [0.53, 0.53, 0.53]
		},
		"gui": {
			"rotation": [30, 225, 0],
			"translation": [0, -2, 0],
			"scale": [0.56, 0.56, 0.56]
		},
		"head": {
			"translation": [0, -8, 0],
			"scale": [1.7, 1.7, 1.7]
		},
		"fixed": {
			"translation": [0, -2.25, -0.5],
			"scale": [0.73, 0.73, 0.73]
		}
	},
	"groups": [
		{
			"name": "mimikyu_hat",
			"origin": [8, 8, 8],
			"color": 0,
			"children": [
				0,
				1,
				{
					"name": "ear_right1",
					"origin": [3, 12.75, 0.5],
					"rotation": [0, 0, -40],
					"color": 0,
					"children": [
						2,
						{
							"name": "ear_right2",
							"origin": [1, 16.75, 0.5],
							"color": 0,
							"children": [
								3,
								{
									"name": "ear_right3",
									"origin": [2, 20.75, 0.5],
									"rotation": [0, 0, -5],
									"color": 0,
									"children": [4]
								}
							]
						}
					]
				},
				{
					"name": "ear_right1",
					"origin": [3, 12.75, 0.5],
					"rotation": [0, 0, -40],
					"color": 0,
					"children": [
						5,
						{
							"name": "ear_right2",
							"origin": [1, 16.75, 0.5],
							"color": 0,
							"children": [
								6,
								{
									"name": "ear_right3",
									"origin": [2, 20.75, 0.5],
									"rotation": [0, 0, -5],
									"color": 0,
									"children": [7]
								}
							]
						}
					]
				}
			]
		}
	]
}