{
	"credit": "Made with Blockbench",
	"textures": {
		"0": "simplehats:block/gorro_steelix"
	},
	"elements": [
		{
			"name": "dientes",
			"from": [4.84, 4.815, 2.515],
			"to": [11.16, 5.605, 4.995],
			"rotation": {"angle": 0, "axis": "y", "origin": [8.75, 1.25, 20.03]},
			"faces": {
				"north": {"uv": [3.6875, 10, 4.8125, 10.125], "texture": "#0"},
				"east": {"uv": [4.8125, 10, 5.1875, 10.125], "texture": "#0"},
				"south": {"uv": [7.125, 1.125, 8.5, 1.6875], "texture": "#0"},
				"west": {"uv": [5.1875, 10, 5.5625, 10.125], "texture": "#0"},
				"up": {"uv": [6.625, 1.125, 5.25, 0.625], "texture": "#0"},
				"down": {"uv": [8, 0.625, 6.625, 1.125], "texture": "#0"}
			}
		},
		{
			"name": "dientes",
			"from": [4.59, 4.815, 3.765],
			"to": [11.41, 5.605, 6.245],
			"rotation": {"angle": 0, "axis": "y", "origin": [9, 1.25, 21.28]},
			"faces": {
				"north": {"uv": [3.6875, 10, 4.8125, 10.125], "texture": "#0"},
				"east": {"uv": [4.8125, 10, 5.1875, 10.125], "texture": "#0"},
				"south": {"uv": [7.125, 1.125, 8.5, 1.6875], "texture": "#0"},
				"west": {"uv": [5.1875, 10, 5.5625, 10.125], "texture": "#0"},
				"up": {"uv": [6.625, 1.125, 5.25, 0.625], "texture": "#0"},
				"down": {"uv": [8, 0.625, 6.625, 1.125], "texture": "#0"}
			}
		},
		{
			"name": "dientes",
			"from": [4.34, 4.815, 4.765],
			"to": [11.66, 5.605, 7.245],
			"rotation": {"angle": 0, "axis": "y", "origin": [9.25, 1.25, 22.28]},
			"faces": {
				"north": {"uv": [3.6875, 10, 4.8125, 10.125], "texture": "#0"},
				"east": {"uv": [4.8125, 10, 5.1875, 10.125], "texture": "#0"},
				"south": {"uv": [7.125, 1.125, 8.5, 1.6875], "texture": "#0"},
				"west": {"uv": [5.1875, 10, 5.5625, 10.125], "texture": "#0"},
				"up": {"uv": [6.625, 1.125, 5.25, 0.625], "texture": "#0"},
				"down": {"uv": [8, 0.625, 6.625, 1.125], "texture": "#0"}
			}
		},
		{
			"name": "head",
			"from": [3.9638, 2.4588, 6.5988],
			"to": [12.0362, 8.3612, 10.3312],
			"rotation": {"angle": 0, "axis": "y", "origin": [8, 2, 19.78]},
			"faces": {
				"north": {"uv": [0.75, 0.75, 2.375, 1.9375], "texture": "#0"},
				"east": {"uv": [0, 0.75, 0.75, 1.9375], "texture": "#0"},
				"south": {"uv": [3.125, 0.75, 4.75, 1.9375], "texture": "#0"},
				"west": {"uv": [2.375, 0.75, 3.125, 1.9375], "texture": "#0"},
				"up": {"uv": [2.375, 0.75, 0.75, 0], "texture": "#0"},
				"down": {"uv": [4, 0, 2.375, 0.75], "texture": "#0"}
			}
		},
		{
			"name": "head",
			"from": [4.1219, 5.5619, 4.7419],
			"to": [11.8781, 8.3581, 6.6081],
			"rotation": {"angle": 0, "axis": "y", "origin": [8, 2, 19.78]},
			"faces": {
				"north": {"uv": [6.375, 3.125, 7.9375, 3.6875], "texture": "#0"},
				"east": {"uv": [6, 3.125, 6.375, 3.6875], "texture": "#0"},
				"south": {"uv": [8.3125, 3.125, 9.875, 3.6875], "texture": "#0"},
				"west": {"uv": [7.9375, 3.125, 8.3125, 3.6875], "texture": "#0"},
				"up": {"uv": [7.9375, 3.125, 6.375, 2.75], "texture": "#0"},
				"down": {"uv": [9.5, 2.75, 7.9375, 3.125], "texture": "#0"}
			}
		},
		{
			"name": "head",
			"from": [4.59, 5.565, 2.265],
			"to": [11.41, 8.355, 4.745],
			"rotation": {"angle": 0, "axis": "y", "origin": [8, 2, 19.78]},
			"faces": {
				"north": {"uv": [5.25, 1.125, 6.625, 1.6875], "texture": "#0"},
				"east": {"uv": [4.75, 1.125, 5.25, 1.6875], "texture": "#0"},
				"south": {"uv": [7.125, 1.125, 8.5, 1.6875], "texture": "#0"},
				"west": {"uv": [6.625, 1.125, 7.125, 1.6875], "texture": "#0"},
				"up": {"uv": [6.625, 1.125, 5.25, 0.625], "texture": "#0"},
				"down": {"uv": [8, 0.625, 6.625, 1.125], "texture": "#0"}
			}
		},
		{
			"name": "head",
			"from": [3.1919, 3.3919, 5.9819],
			"to": [12.8081, 4.9481, 6.6081],
			"rotation": {"angle": 0, "axis": "y", "origin": [8, 2, 19.78]},
			"faces": {
				"north": {"uv": [6.0625, 5, 8, 5.3125], "texture": "#0"},
				"east": {"uv": [5.9375, 5, 6.0625, 5.3125], "texture": "#0"},
				"south": {"uv": [8.125, 5, 10.0625, 5.3125], "texture": "#0"},
				"west": {"uv": [8, 5, 8.125, 5.3125], "texture": "#0"},
				"up": {"uv": [8, 5, 6.0625, 4.875], "texture": "#0"},
				"down": {"uv": [9.9375, 4.875, 8, 5], "texture": "#0"}
			}
		},
		{
			"name": "head",
			"from": [9.8569, 8.3519, 8.7719],
			"to": [12.0331, 9.2881, 10.3281],
			"rotation": {"angle": 0, "axis": "y", "origin": [8, 2, 19.78]},
			"faces": {
				"north": {"uv": [1.5625, 10.25, 2, 10.4375], "texture": "#0"},
				"east": {"uv": [1.25, 10.25, 1.5625, 10.4375], "texture": "#0"},
				"south": {"uv": [2.3125, 10.25, 2.75, 10.4375], "texture": "#0"},
				"west": {"uv": [2, 10.25, 2.3125, 10.4375], "texture": "#0"},
				"up": {"uv": [2, 10.25, 1.5625, 9.9375], "texture": "#0"},
				"down": {"uv": [2.4375, 9.9375, 2, 10.25], "texture": "#0"}
			}
		},
		{
			"name": "head",
			"from": [9.86, 8.045, 8.775],
			"to": [12.03, 9.285, 9.705],
			"rotation": {"angle": 45, "axis": "x", "origin": [11.1, 9.285, 8.775]},
			"faces": {
				"north": {"uv": [0.1875, 10.6875, 0.625, 10.9375], "texture": "#0"},
				"east": {"uv": [0, 10.6875, 0.1875, 10.9375], "texture": "#0"},
				"south": {"uv": [0.8125, 10.6875, 1.25, 10.9375], "texture": "#0"},
				"west": {"uv": [0.625, 10.6875, 0.8125, 10.9375], "texture": "#0"},
				"up": {"uv": [0.625, 10.6875, 0.1875, 10.5], "texture": "#0"},
				"down": {"uv": [1.0625, 10.5, 0.625, 10.6875], "texture": "#0"}
			}
		},
		{
			"name": "head",
			"from": [3.9669, 8.3519, 8.7719],
			"to": [6.1431, 9.2881, 10.3281],
			"rotation": {"angle": 0, "axis": "y", "origin": [8, 2, 19.78]},
			"faces": {
				"north": {"uv": [1.5625, 10.75, 2, 10.9375], "texture": "#0"},
				"east": {"uv": [1.25, 10.75, 1.5625, 10.9375], "texture": "#0"},
				"south": {"uv": [2.3125, 10.75, 2.75, 10.9375], "texture": "#0"},
				"west": {"uv": [2, 10.75, 2.3125, 10.9375], "texture": "#0"},
				"up": {"uv": [2, 10.75, 1.5625, 10.4375], "texture": "#0"},
				"down": {"uv": [2.4375, 10.4375, 2, 10.75], "texture": "#0"}
			}
		},
		{
			"name": "head",
			"from": [3.97, 8.045, 8.775],
			"to": [6.14, 9.285, 9.705],
			"rotation": {"angle": 45, "axis": "x", "origin": [4.9, 9.285, 8.775]},
			"faces": {
				"north": {"uv": [0.1875, 10.25, 0.625, 10.5], "texture": "#0"},
				"east": {"uv": [0, 10.25, 0.1875, 10.5], "texture": "#0"},
				"south": {"uv": [0.8125, 10.25, 1.25, 10.5], "texture": "#0"},
				"west": {"uv": [0.625, 10.25, 0.8125, 10.5], "texture": "#0"},
				"up": {"uv": [0.625, 10.25, 0.1875, 10.0625], "texture": "#0"},
				"down": {"uv": [1.0625, 10.0625, 0.625, 10.25], "texture": "#0"}
			}
		},
		{
			"name": "head",
			"from": [12.8019, 3.3919, 8.4619],
			"to": [14.6681, 4.9481, 10.3281],
			"rotation": {"angle": 0, "axis": "y", "origin": [8, 2, 19.78]},
			"faces": {
				"north": {"uv": [6.375, 9.25, 6.75, 9.5625], "texture": "#0"},
				"east": {"uv": [6, 9.25, 6.375, 9.5625], "texture": "#0"},
				"south": {"uv": [7.125, 9.25, 7.5, 9.5625], "texture": "#0"},
				"west": {"uv": [6.75, 9.25, 7.125, 9.5625], "texture": "#0"},
				"up": {"uv": [6.75, 9.25, 6.375, 8.875], "texture": "#0"},
				"down": {"uv": [7.125, 8.875, 6.75, 9.25], "texture": "#0"}
			}
		},
		{
			"name": "head",
			"from": [12.495, 3.395, 8.465],
			"to": [14.665, 4.945, 9.395],
			"rotation": {"angle": -22.5, "axis": "y", "origin": [14.665, 4.17, 8.465]},
			"faces": {
				"north": {"uv": [4.1875, 7.25, 4.625, 7.5625], "texture": "#0"},
				"east": {"uv": [4, 7.25, 4.1875, 7.5625], "texture": "#0"},
				"south": {"uv": [4.8125, 7.25, 5.25, 7.5625], "texture": "#0"},
				"west": {"uv": [4.625, 7.25, 4.8125, 7.5625], "texture": "#0"},
				"up": {"uv": [4.625, 7.25, 4.1875, 7.0625], "texture": "#0"},
				"down": {"uv": [5.0625, 7.0625, 4.625, 7.25], "texture": "#0"}
			}
		},
		{
			"name": "head",
			"from": [11.8719, 3.3919, 6.6019],
			"to": [12.8081, 4.9481, 10.3281],
			"rotation": {"angle": 0, "axis": "y", "origin": [8, 2, 19.78]},
			"faces": {
				"north": {"uv": [8.625, 8.875, 8.8125, 9.1875], "texture": "#0"},
				"east": {"uv": [7.875, 8.875, 8.625, 9.1875], "texture": "#0"},
				"south": {"uv": [9.5625, 8.875, 9.75, 9.1875], "texture": "#0"},
				"west": {"uv": [8.8125, 8.875, 9.5625, 9.1875], "texture": "#0"},
				"up": {"uv": [8.8125, 8.875, 8.625, 8.125], "texture": "#0"},
				"down": {"uv": [9, 8.125, 8.8125, 8.875], "texture": "#0"}
			}
		},
		{
			"name": "head",
			"from": [1.3319, 3.3919, 8.4619],
			"to": [3.1981, 4.9481, 10.3281],
			"rotation": {"angle": 0, "axis": "y", "origin": [8, 2, 19.78]},
			"faces": {
				"north": {"uv": [0.375, 9.25, 0.75, 9.5625], "texture": "#0"},
				"east": {"uv": [0, 9.25, 0.375, 9.5625], "texture": "#0"},
				"south": {"uv": [1.125, 9.25, 1.5, 9.5625], "texture": "#0"},
				"west": {"uv": [0.75, 9.25, 1.125, 9.5625], "texture": "#0"},
				"up": {"uv": [0.75, 9.25, 0.375, 8.875], "texture": "#0"},
				"down": {"uv": [1.125, 8.875, 0.75, 9.25], "texture": "#0"}
			}
		},
		{
			"name": "head",
			"from": [1.335, 3.395, 8.465],
			"to": [3.505, 4.945, 9.395],
			"rotation": {"angle": 22.5, "axis": "y", "origin": [1.335, 4.17, 8.465]},
			"faces": {
				"north": {"uv": [2.375, 5.9375, 2.8125, 6.25], "texture": "#0"},
				"east": {"uv": [2.1875, 5.9375, 2.375, 6.25], "texture": "#0"},
				"south": {"uv": [3, 5.9375, 3.4375, 6.25], "texture": "#0"},
				"west": {"uv": [2.8125, 5.9375, 3, 6.25], "texture": "#0"},
				"up": {"uv": [2.8125, 5.9375, 2.375, 5.75], "texture": "#0"},
				"down": {"uv": [3.25, 5.75, 2.8125, 5.9375], "texture": "#0"}
			}
		},
		{
			"name": "head",
			"from": [3.1919, 3.3919, 6.6019],
			"to": [4.1281, 4.9481, 10.3281],
			"rotation": {"angle": 0, "axis": "y", "origin": [8, 2, 19.78]},
			"faces": {
				"north": {"uv": [1.875, 8.875, 2.0625, 9.1875], "texture": "#0"},
				"east": {"uv": [1.125, 8.875, 1.875, 9.1875], "texture": "#0"},
				"south": {"uv": [2.8125, 8.875, 3, 9.1875], "texture": "#0"},
				"west": {"uv": [2.0625, 8.875, 2.8125, 9.1875], "texture": "#0"},
				"up": {"uv": [2.0625, 8.875, 1.875, 8.125], "texture": "#0"},
				"down": {"uv": [2.25, 8.125, 2.0625, 8.875], "texture": "#0"}
			}
		},
		{
			"name": "eye_right",
			"from": [9.5469, 6.1819, 2.2619],
			"to": [11.4131, 7.7381, 4.7481],
			"rotation": {"angle": 0, "axis": "y", "origin": [8, 2, 19.78]},
			"faces": {
				"north": {"uv": [11.0625, 1.3125, 10.6875, 1.625], "texture": "#0"},
				"east": {"uv": [11.5625, 1.3125, 11.0625, 1.625], "texture": "#0"},
				"south": {"uv": [11.9375, 1.3125, 11.5625, 1.625], "texture": "#0"},
				"west": {"uv": [10.6875, 1.3125, 10.1875, 1.625], "texture": "#0"},
				"up": {"uv": [10.6875, 1.3125, 11.0625, 0.8125], "texture": "#0"},
				"down": {"uv": [11.0625, 0.8125, 11.4375, 1.3125], "texture": "#0"}
			}
		},
		{
			"name": "eyelid_right",
			"from": [9.5128, 6.1788, 2.2898],
			"to": [11.3852, 7.7412, 4.7822],
			"rotation": {"angle": 0, "axis": "y", "origin": [8, 2, 19.78]},
			"faces": {
				"north": {"uv": [10.5, 4.375, 10.125, 4.6875], "texture": "#0"},
				"east": {"uv": [11, 4.375, 10.5, 4.6875], "texture": "#0"},
				"south": {"uv": [11.375, 4.375, 11, 4.6875], "texture": "#0"},
				"west": {"uv": [10.125, 4.375, 9.625, 4.6875], "texture": "#0"},
				"up": {"uv": [10.125, 4.375, 10.5, 3.875], "texture": "#0"},
				"down": {"uv": [10.5, 3.875, 10.875, 4.375], "texture": "#0"}
			}
		},
		{
			"name": "eye_left",
			"from": [4.5869, 6.1819, 2.2619],
			"to": [6.4531, 7.7381, 4.7481],
			"rotation": {"angle": 0, "axis": "y", "origin": [8, 2, 19.78]},
			"faces": {
				"north": {"uv": [10.6875, 0.5, 11.0625, 0.8125], "texture": "#0"},
				"east": {"uv": [10.1875, 0.5, 10.6875, 0.8125], "texture": "#0"},
				"south": {"uv": [11.5625, 0.5, 11.9375, 0.8125], "texture": "#0"},
				"west": {"uv": [11.0625, 0.5, 11.5625, 0.8125], "texture": "#0"},
				"up": {"uv": [11.0625, 0.5, 10.6875, 0], "texture": "#0"},
				"down": {"uv": [11.4375, 0, 11.0625, 0.5], "texture": "#0"}
			}
		},
		{
			"name": "eyelid_left",
			"from": [4.6148, 6.1788, 2.2898],
			"to": [6.4872, 7.7412, 4.7822],
			"rotation": {"angle": 0, "axis": "y", "origin": [8, 2, 19.78]},
			"faces": {
				"north": {"uv": [10.375, 3.5625, 10.75, 3.875], "texture": "#0"},
				"east": {"uv": [9.875, 3.5625, 10.375, 3.875], "texture": "#0"},
				"south": {"uv": [11.25, 3.5625, 11.625, 3.875], "texture": "#0"},
				"west": {"uv": [10.75, 3.5625, 11.25, 3.875], "texture": "#0"},
				"up": {"uv": [10.75, 3.5625, 10.375, 3.0625], "texture": "#0"},
				"down": {"uv": [11.125, 3.0625, 10.75, 3.5625], "texture": "#0"}
			}
		},
		{
			"name": "jaw",
			"from": [3.195, 3.395, 4.435],
			"to": [12.805, 4.945, 5.985],
			"rotation": {"angle": 0, "axis": "y", "origin": [8, 2, 19.78]},
			"faces": {
				"north": {"uv": [4.3125, 0.3125, 6.25, 0.625], "texture": "#0"},
				"east": {"uv": [4, 0.3125, 4.3125, 0.625], "texture": "#0"},
				"south": {"uv": [6.5625, 0.3125, 8.5, 0.625], "texture": "#0"},
				"west": {"uv": [6.25, 0.3125, 6.5625, 0.625], "texture": "#0"},
				"up": {"uv": [6.25, 0.3125, 4.3125, 0], "texture": "#0"},
				"down": {"uv": [8.1875, 0, 6.25, 0.3125], "texture": "#0"}
			}
		},
		{
			"name": "jaw",
			"from": [3.35, 3.395, 1.955],
			"to": [12.65, 4.945, 4.435],
			"rotation": {"angle": 0, "axis": "y", "origin": [8, 2, 19.78]},
			"faces": {
				"north": {"uv": [3.625, 2.4375, 5.5, 2.75], "texture": "#0"},
				"east": {"uv": [3.125, 2.4375, 3.625, 2.75], "texture": "#0"},
				"south": {"uv": [6, 2.4375, 7.875, 2.75], "texture": "#0"},
				"west": {"uv": [5.5, 2.4375, 6, 2.75], "texture": "#0"},
				"up": {"uv": [5.5, 2.4375, 3.625, 1.9375], "texture": "#0"},
				"down": {"uv": [7.375, 1.9375, 5.5, 2.4375], "texture": "#0"}
			}
		},
		{
			"name": "jaw",
			"from": [4.125, 3.395, 0.715],
			"to": [11.875, 4.945, 1.955],
			"rotation": {"angle": 0, "axis": "y", "origin": [8, 2, 19.78]},
			"faces": {
				"north": {"uv": [3.125, 6.75, 4.6875, 7.0625], "texture": "#0"},
				"east": {"uv": [2.875, 6.75, 3.125, 7.0625], "texture": "#0"},
				"south": {"uv": [4.9375, 6.75, 6.5, 7.0625], "texture": "#0"},
				"west": {"uv": [4.6875, 6.75, 4.9375, 7.0625], "texture": "#0"},
				"up": {"uv": [4.6875, 6.75, 3.125, 6.5], "texture": "#0"},
				"down": {"uv": [6.25, 6.5, 4.6875, 6.75], "texture": "#0"}
			}
		},
		{
			"name": "jaw",
			"from": [11.875, 4.015, 4.745],
			"to": [11.875, 6.185, 6.915],
			"rotation": {"angle": 0, "axis": "y", "origin": [8, 2, 19.78]},
			"faces": {
				"north": {"uv": [0.4375, 1.9375, 0.4375, 2.375], "texture": "#0"},
				"east": {"uv": [0, 1.9375, 0.4375, 2.375], "texture": "#0"},
				"south": {"uv": [0.875, 1.9375, 0.875, 2.375], "texture": "#0"},
				"west": {"uv": [0.4375, 1.9375, 0.875, 2.375], "texture": "#0"},
				"up": {"uv": [0.4375, 1.9375, 0.4375, 1.5], "texture": "#0"},
				"down": {"uv": [0.4375, 1.5, 0.4375, 1.9375], "texture": "#0"}
			}
		},
		{
			"name": "jaw",
			"from": [4.125, 4.015, 4.745],
			"to": [4.125, 6.185, 6.915],
			"rotation": {"angle": 0, "axis": "y", "origin": [8, 2, 19.78]},
			"faces": {
				"north": {"uv": [0.4375, 2.375, 0.4375, 2.8125], "texture": "#0"},
				"east": {"uv": [0, 2.375, 0.4375, 2.8125], "texture": "#0"},
				"south": {"uv": [0.875, 2.375, 0.875, 2.8125], "texture": "#0"},
				"west": {"uv": [0.4375, 2.375, 0.875, 2.8125], "texture": "#0"},
				"up": {"uv": [0.4375, 2.375, 0.4375, 1.9375], "texture": "#0"},
				"down": {"uv": [0.4375, 1.9375, 0.4375, 2.375], "texture": "#0"}
			}
		},
		{
			"name": "jaw",
			"from": [11.658, 3.92, 2.0015],
			"to": [11.658, 5.47, 3.5515],
			"rotation": {"angle": 45, "axis": "x", "origin": [11.658, 4.695, 2.7765]},
			"faces": {
				"north": {"uv": [0.3125, 0.3125, 0.3125, 0.625], "texture": "#0"},
				"east": {"uv": [0, 0.3125, 0.3125, 0.625], "texture": "#0"},
				"south": {"uv": [0.625, 0.3125, 0.625, 0.625], "texture": "#0"},
				"west": {"uv": [0.3125, 0.3125, 0.625, 0.625], "texture": "#0"},
				"up": {"uv": [0.3125, 0.3125, 0.3125, 0], "texture": "#0"},
				"down": {"uv": [0.3125, 0, 0.3125, 0.3125], "texture": "#0"}
			}
		},
		{
			"name": "jaw",
			"from": [11.904, 4.015, 3.5515],
			"to": [11.904, 5.565, 5.1015],
			"rotation": {"angle": 45, "axis": "x", "origin": [11.904, 4.79, 4.3265]},
			"faces": {
				"north": {"uv": [0.3125, 3.9375, 0.3125, 4.25], "texture": "#0"},
				"east": {"uv": [0, 3.9375, 0.3125, 4.25], "texture": "#0"},
				"south": {"uv": [0.625, 3.9375, 0.625, 4.25], "texture": "#0"},
				"west": {"uv": [0.3125, 3.9375, 0.625, 4.25], "texture": "#0"},
				"up": {"uv": [0.3125, 3.9375, 0.3125, 3.625], "texture": "#0"},
				"down": {"uv": [0.3125, 3.625, 0.3125, 3.9375], "texture": "#0"}
			}
		},
		{
			"name": "jaw",
			"from": [4.342, 3.92, 2.0015],
			"to": [4.342, 5.47, 3.5515],
			"rotation": {"angle": 45, "axis": "x", "origin": [4.342, 4.695, 2.7765]},
			"faces": {
				"north": {"uv": [4.4375, 2.75, 4.4375, 3.0625], "texture": "#0"},
				"east": {"uv": [4.125, 2.75, 4.4375, 3.0625], "texture": "#0"},
				"south": {"uv": [4.75, 2.75, 4.75, 3.0625], "texture": "#0"},
				"west": {"uv": [4.4375, 2.75, 4.75, 3.0625], "texture": "#0"},
				"up": {"uv": [4.4375, 2.75, 4.4375, 2.4375], "texture": "#0"},
				"down": {"uv": [4.4375, 2.4375, 4.4375, 2.75], "texture": "#0"}
			}
		},
		{
			"name": "jaw",
			"from": [4.096, 4.015, 3.5515],
			"to": [4.096, 5.565, 5.1015],
			"rotation": {"angle": 45, "axis": "x", "origin": [4.096, 4.79, 4.3265]},
			"faces": {
				"north": {"uv": [0.3125, 4.25, 0.3125, 4.5625], "texture": "#0"},
				"east": {"uv": [0, 4.25, 0.3125, 4.5625], "texture": "#0"},
				"south": {"uv": [0.625, 4.25, 0.625, 4.5625], "texture": "#0"},
				"west": {"uv": [0.3125, 4.25, 0.625, 4.5625], "texture": "#0"},
				"up": {"uv": [0.3125, 4.25, 0.3125, 3.9375], "texture": "#0"},
				"down": {"uv": [0.3125, 3.9375, 0.3125, 4.25], "texture": "#0"}
			}
		},
		{
			"name": "boulder8",
			"from": [6.99465, 3.78465, 13.4609],
			"to": [8.84535, 5.63535, 14.1785],
			"rotation": {"angle": 0, "axis": "y", "origin": [7.92, 3.7548, 9.6103]},
			"faces": {
				"north": {"uv": [7.125, 3.9375, 7.3125, 4.125], "texture": "#0"},
				"east": {"uv": [7, 3.9375, 7.125, 4.125], "texture": "#0"},
				"south": {"uv": [7.5625, 3.9375, 7.75, 4.125], "texture": "#0"},
				"west": {"uv": [7.3125, 3.9375, 7.4375, 4.125], "texture": "#0"},
				"up": {"uv": [7.3125, 3.9375, 7.125, 3.8125], "texture": "#0"},
				"down": {"uv": [7.5, 3.8125, 7.3125, 3.9375], "texture": "#0"}
			}
		},
		{
			"name": "boulder8",
			"from": [6.6862, 3.4762, 6.5743],
			"to": [9.1538, 5.9438, 13.4609],
			"rotation": {"angle": 0, "axis": "y", "origin": [7.92, 3.7548, 11.3603]},
			"faces": {
				"north": {"uv": [7.75, 4.5625, 8, 4.8125], "texture": "#0"},
				"east": {"uv": [7.125, 4.5625, 7.75, 4.8125], "texture": "#0"},
				"south": {"uv": [8.875, 4.5625, 9.125, 4.8125], "texture": "#0"},
				"west": {"uv": [8, 4.5625, 8.625, 4.8125], "texture": "#0"},
				"up": {"uv": [8, 4.5625, 7.75, 3.9375], "texture": "#0"},
				"down": {"uv": [8.25, 3.9375, 8, 4.5625], "texture": "#0"}
			}
		},
		{
			"name": "boulder8",
			"from": [6.0693, 2.8593, 10.0581],
			"to": [9.7707, 6.5607, 12.0095],
			"rotation": {"angle": 0, "axis": "y", "origin": [7.92, 3.7548, 13.6103]},
			"faces": {
				"north": {"uv": [8.9375, 7.6875, 9.3125, 8.0625], "texture": "#0"},
				"east": {"uv": [8.625, 7.6875, 8.875, 8.0625], "texture": "#0"},
				"south": {"uv": [9.6875, 7.6875, 10.0625, 8.0625], "texture": "#0"},
				"west": {"uv": [9.375, 7.6875, 9.625, 8.0625], "texture": "#0"},
				"up": {"uv": [9.3125, 7.625, 8.9375, 7.375], "texture": "#0"},
				"down": {"uv": [9.6875, 7.375, 9.3125, 7.625], "texture": "#0"}
			}
		}
	],
	"display": {
		"thirdperson_righthand": {
			"rotation": [75, 45, 0],
			"translation": [0, 2.5, 0],
			"scale": [0.69, 0.69, 0.69]
		},
		"thirdperson_lefthand": {
			"rotation": [75, 45, 0],
			"translation": [0, 2.5, 0],
			"scale": [0.69, 0.69, 0.69]
		},
		"firstperson_righthand": {
			"rotation": [0, 45, 0],
			"translation": [0, 2.5, 0],
			"scale": [0.4, 0.4, 0.4]
		},
		"firstperson_lefthand": {
			"rotation": [0, 34, 0],
			"translation": [0, 2.75, 0],
			"scale": [0.4, 0.4, 0.4]
		},
		"ground": {
			"translation": [0, 3.25, 0],
			"scale": [0.67, 0.67, 0.67]
		},
		"gui": {
			"rotation": [30, 225, 0],
			"translation": [-0.75, 2.25, 0]
		},
		"head": {
			"rotation": [7, 0, 0],
			"translation": [-0.25, 11.25, 5.5],
			"scale": [2.23, 2.23, 2.23]
		},
		"fixed": {
			"translation": [0, 4, -2.25],
			"scale": [1.36, 1.36, 1.36]
		}
	},
	"groups": [
		{
			"name": "steelix",
			"origin": [0, 0, 0],
			"color": 0,
			"children": [
				0,
				1,
				2,
				{
					"name": "body",
					"origin": [0, 2.48, 0],
					"color": 1,
					"children": [
						{
							"name": "head",
							"origin": [0, 2.635, -8.68],
							"color": 2,
							"children": [
								3,
								4,
								5,
								6,
								7,
								8,
								9,
								10,
								11,
								12,
								13,
								14,
								15,
								16,
								{
									"name": "eyes",
									"origin": [-0.155, 4.96, -16.275],
									"color": 3,
									"children": [
										{
											"name": "eye_right",
											"origin": [2.48, 4.96, -16.275],
											"color": 4,
											"children": [
												17,
												{
													"name": "eyelid_right",
													"origin": [2.449, 4.96, -16.244],
													"color": 5,
													"children": [18]
												}
											]
										},
										{
											"name": "eye_left",
											"origin": [-2.48, 4.96, -16.275],
											"color": 6,
											"children": [
												19,
												{
													"name": "eyelid_left",
													"origin": [-2.449, 4.96, -16.244],
													"color": 7,
													"children": [20]
												}
											]
										}
									]
								},
								{
									"name": "tooth_top_right",
									"origin": [0.775, 3.1, -17.36],
									"rotation": [0, -10, 0],
									"color": 8,
									"children": []
								},
								{
									"name": "tooth_top_left",
									"origin": [-0.775, 3.1, -17.36],
									"rotation": [0, 10, 0],
									"color": 9,
									"children": []
								},
								{
									"name": "jaw",
									"origin": [0, 2.945, -13.795],
									"color": 0,
									"children": [
										21,
										22,
										23,
										24,
										25,
										26,
										27,
										28,
										29,
										{
											"name": "tooth_bottom_front",
											"origin": [0, 2.945, -17.36],
											"color": 1,
											"children": [
												{
													"name": "tooth_bottom_right_rot",
													"origin": [0.775, 3.1, -17.36],
													"rotation": [0, -10, 0],
													"color": 2,
													"children": [
														{
															"name": "tooth_bottom_right",
															"origin": [2.325, 3.1, -17.36],
															"rotation": [0, -40, 0],
															"color": 3,
															"children": []
														}
													]
												},
												{
													"name": "tooth_bottom_left_rot",
													"origin": [-0.775, 3.1, -17.36],
													"rotation": [0, 10, 0],
													"color": 4,
													"children": [
														{
															"name": "tooth_bottom_left",
															"origin": [-2.325, 3.1, -17.36],
															"rotation": [0, 40, 0],
															"color": 5,
															"children": []
														}
													]
												}
											]
										}
									]
								}
							]
						},
						{
							"name": "segment",
							"origin": [0, 2.48, -8.68],
							"color": 6,
							"children": [
								{
									"name": "boulder1",
									"origin": [0, 2.48, -6.51],
									"color": 7,
									"children": []
								},
								{
									"name": "segment2",
									"origin": [0, 2.48, -4.34],
									"color": 8,
									"children": [
										{
											"name": "boulder2",
											"origin": [0, 2.48, -1.86],
											"color": 9,
											"children": []
										},
										{
											"name": "segment3",
											"origin": [0, 2.48, 0.62],
											"color": 0,
											"children": [
												{
													"name": "boulder3",
													"origin": [0, 2.48, 2.635],
													"color": 1,
													"children": []
												},
												{
													"name": "segment4",
													"origin": [0, 2.48, 4.65],
													"color": 2,
													"children": [
														{
															"name": "boulder4",
															"origin": [0, 2.635, 6.665],
															"color": 3,
															"children": []
														},
														{
															"name": "segment5",
															"origin": [0, 2.48, 8.68],
															"color": 4,
															"children": [
																{
																	"name": "boulder5",
																	"origin": [0, 2.48, 10.385],
																	"color": 5,
																	"children": []
																},
																{
																	"name": "segment6",
																	"origin": [0, 2.48, 12.09],
																	"color": 6,
																	"children": [
																		{
																			"name": "boulder6",
																			"origin": [0, 2.48, 13.795],
																			"color": 7,
																			"children": []
																		},
																		{
																			"name": "segment7",
																			"origin": [0, 2.48, 15.5],
																			"color": 8,
																			"children": [
																				{
																					"name": "boulder7",
																					"origin": [0, 2.48, 17.05],
																					"color": 9,
																					"children": []
																				},
																				{
																					"name": "segment8",
																					"origin": [0, 2.48, 18.6],
																					"color": 0,
																					"children": [
																						{
																							"name": "boulder8",
																							"origin": [0, 2.48, 18.6],
																							"color": 1,
																							"children": [30, 31, 32]
																						}
																					]
																				}
																			]
																		}
																	]
																}
															]
														}
													]
												}
											]
										}
									]
								}
							]
						}
					]
				}
			]
		}
	]
}