{
 "parent": "block/cube_column",
  "textures": {
    "particle": "block/pumpkin_side",
    "down": "block/pumpkin_top",
    "up": "block/pumpkin_top",
    "north": "block/carved_pumpkin",
    "south": "block/carved_pumpkin",
    "west": "block/pumpkin_side",
    "east": "block/pumpkin_side"
  },
 
 "overrides": [
  {"predicate": {"custom_model_data":100}, "model": "block/orejitas"},
  {"predicate": {"custom_model_data":101}, "model": "block/torta"},
  {"predicate": {"custom_model_data":102}, "model": "block/bonsly_hat"},
  {"predicate": {"custom_model_data":103}, "model": "block/gengar_beanie"},
  {"predicate": {"custom_model_data":104}, "model": "block/magikarp_hat"},
  {"predicate": {"custom_model_data":105}, "model": "block/pikachu_hat"},
  {"predicate": {"custom_model_data":106}, "model": "block/psyduck_hat"},
  {"predicate": {"custom_model_data":107}, "model": "block/rata-negra"},
  {"predicate": {"custom_model_data":108}, "model": "block/cajero"}
 ]
}