{
  "species": "cobblemon:salamence",
  "order": 0,
  "variations": [
    {
      "aspects": [],
      "poser": "cobblemon:salamence",
      "model": "cobblemon:salamence.geo",
      "texture": "cobblemon:textures/pokemon/0373_salamence/salamence.png",
      "layers": [
      ]
    },
    {
      "aspects": [
        "shiny"
      ],
      "texture": "cobblemon:textures/pokemon/0373_salamence/salamence_shiny.png",
      "layers": [
      ]
    },
    {
      "aspects": [
        "mega"
      ],
      "poser": "cobblemon:salamence",
      "model": "cobblemon:salamence_mega.geo",
      "texture": "cobblemon:textures/pokemon/0373_salamence/salamence_mega.png",
      "layers": [
      ]
    }
  ]
}
