{
	"format_version": "1.8.0",
	"animations": {
		"animation.zygarde.pose": {
			"loop": "hold_on_last_frame",
			"bones": {
				"body": {
					"position": [0, 3.5, 0]
				},
				"head_decor": {
					"rotation": [-10, 0, 0]
				},
				"neck": {
					"rotation": [10, 0, 0],
					"position": [0, -1, 0]
				},
				"tail": {
					"rotation": [-5, 0, 0],
					"position": [0, 1, 0]
				},
				"tail2": {
					"rotation": [45, 0, 0],
					"position": [0.002, 3.73339, -2.09101]
				},
				"tail3": {
					"rotation": [55, 0, 0],
					"position": [-0.001, 2.95417, -2.74278]
				},
				"tail4": {
					"rotation": [2.5, 0, 0],
					"position": [0.001, 0, 0]
				},
				"tail5": {
					"rotation": [-22.5, 0, 0],
					"position": [-0.001, 0.99619, 0.08716]
				},
				"tail6": {
					"rotation": [30, 0, 0]
				},
				"torso": {
					"rotation": [-2.5, 0, 0]
				}
			}
		},
		"animation.zygarde.ground_idle": {
			"loop": true,
			"bones": {
				"body": {
					"position": [0, 3.5, 0]
				},
				"head_decor": {
					"rotation": ["-10-math.sin(q.anim_time*90*2+60)*2", 0, 0]
				},
				"neck": {
					"rotation": ["10-math.sin(q.anim_time*90*2)*1", "0-math.sin(q.anim_time*90*1)*1", 0],
					"position": [0, -1, 0]
				},
				"tail": {
					"rotation": ["-5+math.sin(q.anim_time*90*2+30)*1", 0, 0],
					"position": [0, 1, 0]
				},
				"tail2": {
					"rotation": [45, 0, 0],
					"position": [0.002, 3.73339, -2.09101]
				},
				"tail3": {
					"rotation": ["52.5+math.sin(q.anim_time*90*2+30)*2.5", 0, 0],
					"position": [-0.001, 2.95417, -2.74278]
				},
				"tail4": {
					"rotation": ["0-math.sin(q.anim_time*90*2+60)*5", 0, 0],
					"position": [0.001, 0.25, 0]
				},
				"tail5": {
					"rotation": ["0+math.sin(q.anim_time*90*2+150)*10", 0, 0],
					"position": [-0.001, 0.99619, 0.08716]
				},
				"tail6": {
					"rotation": ["0-math.sin(q.anim_time*90*2+210)*15", 0, 0]
				},
				"torso": {
					"rotation": ["-2.5-math.sin(q.anim_time*90*2+60)*1", 0, 0],
					"position": [0, "0+math.sin(q.anim_time*90*2)*0.1", 0]
				},
				"neck_decor_right": {
					"rotation": [0, "0+math.sin(q.anim_time*90*2)*1", 0]
				},
				"neck_decor_left": {
					"rotation": [0, "0-math.sin(q.anim_time*90*2)*1", 0]
				}
			}
		},
		"animation.zygarde.ground_walk": {
			"loop": true,
			"bones": {
				"body": {
					"position": [0, 3.5, 0]
				},
				"head_decor": {
					"rotation": ["-10-math.sin(q.anim_time*90*4+60)*2", 0, 0]
				},
				"neck": {
					"rotation": ["10-math.sin(q.anim_time*90*4)*1", "0-math.sin(q.anim_time*90*2)*1", 0],
					"position": [0, -1, 0]
				},
				"tail": {
					"rotation": ["-25+math.sin(q.anim_time*90*4+30)*2", 0, 0],
					"position": [0, 2.25, 0.5]
				},
				"tail2": {
					"rotation": [45, 0, 0],
					"position": [0.002, 3.73339, -2.09101]
				},
				"tail3": {
					"rotation": ["52.5+math.sin(q.anim_time*90*4+30)*2.5", 0, 0],
					"position": [-0.001, 2.95417, -2.74278]
				},
				"tail4": {
					"rotation": ["0-math.sin(q.anim_time*90*4+60)*5", 0, 0],
					"position": [0.001, 0.25, 0]
				},
				"tail5": {
					"rotation": ["0+math.sin(q.anim_time*90*4+150)*10", 0, 0],
					"position": [-0.001, 0.99619, 0.08716]
				},
				"tail6": {
					"rotation": ["0-math.sin(q.anim_time*90*4+210)*15", 0, 0]
				},
				"torso": {
					"rotation": ["17.5-math.sin(q.anim_time*90*4+60)*1", 0, 0],
					"position": [0, "-1.25+math.sin(q.anim_time*90*4)*0.1", 0]
				},
				"neck_decor_right": {
					"rotation": [0, "0+math.sin(q.anim_time*90*4)*1", 0]
				},
				"neck_decor_left": {
					"rotation": [0, "0-math.sin(q.anim_time*90*4)*1", 0]
				}
			}
		},
		"animation.zygarde.sleep": {
			"loop": true,
			"bones": {
				"body": {
					"position": [0, 3.5, 0]
				},
				"head_decor": {
					"rotation": ["-10-math.sin(q.anim_time*90*1+60)*2", 0, 0]
				},
				"neck": {
					"rotation": ["10-math.sin(q.anim_time*90*1)*1", "0-math.sin(q.anim_time*90*0.5)*1", 0],
					"position": [0, -1, 0]
				},
				"tail": {
					"rotation": ["-5+math.sin(q.anim_time*90*1+30)*1", 0, 0],
					"position": [0, 1, 0]
				},
				"tail2": {
					"rotation": [45, 0, 0],
					"position": [0.002, 3.73339, -2.09101]
				},
				"tail3": {
					"rotation": ["52.5+math.sin(q.anim_time*90*1+30)*2.5", 0, 0],
					"position": [-0.001, 2.95417, -2.74278]
				},
				"tail4": {
					"rotation": ["0-math.sin(q.anim_time*90*1+60)*5", 0, 0],
					"position": [0.001, 0.25, 0]
				},
				"tail5": {
					"rotation": ["0+math.sin(q.anim_time*90*1+150)*10", 0, 0],
					"position": [-0.001, 0.99619, 0.08716]
				},
				"tail6": {
					"rotation": ["0-math.sin(q.anim_time*90*1+210)*15", 0, 0]
				},
				"torso": {
					"rotation": ["-2.5-math.sin(q.anim_time*90*1+60)*1", 0, 0],
					"position": [0, "0+math.sin(q.anim_time*90*1)*0.1", 0]
				},
				"neck_decor_right": {
					"rotation": [0, "0+math.sin(q.anim_time*90*1)*1", 0]
				},
				"neck_decor_left": {
					"rotation": [0, "0-math.sin(q.anim_time*90*1)*1", 0]
				}
			}
		}
	}
}