{
	"credit": "Made with Blockbench",
	"textures": {
		"0": "block/props_outdoor_5",
		"particle": "block/props_outdoor_5"
	},
	"elements": [
		{
			"from": [1, -1, 0.47119],
			"to": [3, 17, 2.47119],
			"rotation": {"angle": 22.5, "axis": "x", "origin": [5.5, 0.5, 3.22119]},
			"faces": {
				"north": {"uv": [0, 0.25, 0.25, 2.5], "texture": "#0"},
				"east": {"uv": [0.25, 0.25, 0, 2.5], "texture": "#0"},
				"south": {"uv": [0, 0.25, 0.25, 2.5], "texture": "#0"},
				"west": {"uv": [0.25, 0.25, 0, 2.5], "texture": "#0"},
				"up": {"uv": [0.5, 0.25, 0.25, 0.5], "texture": "#0"},
				"down": {"uv": [0.5, 0.5, 0.25, 0.25], "texture": "#0"}
			}
		},
		{
			"from": [13, -1, 0.47119],
			"to": [15, 17, 2.47119],
			"rotation": {"angle": 22.5, "axis": "x", "origin": [10.5, 0.5, 3.22119]},
			"faces": {
				"north": {"uv": [0.25, 0.25, 0, 2.5], "texture": "#0"},
				"east": {"uv": [0, 0.25, 0.25, 2.5], "texture": "#0"},
				"south": {"uv": [0.25, 0.25, 0, 2.5], "texture": "#0"},
				"west": {"uv": [0, 0.25, 0.25, 2.5], "texture": "#0"},
				"up": {"uv": [0.25, 0.25, 0.5, 0.5], "texture": "#0"},
				"down": {"uv": [0.25, 0.5, 0.5, 0.25], "texture": "#0"}
			}
		},
		{
			"from": [3, 15, 0.47119],
			"to": [13, 17, 2.47119],
			"rotation": {"angle": 22.5, "axis": "x", "origin": [5.5, 0.5, 3.22119]},
			"faces": {
				"north": {"uv": [1.25, 0, 0, 0.25], "texture": "#0"},
				"south": {"uv": [1.25, 0.25, 0, 0], "texture": "#0"},
				"up": {"uv": [1.25, 0, 0, 0.25], "texture": "#0"},
				"down": {"uv": [1.25, 0, 0, 0.25], "texture": "#0"}
			}
		},
		{
			"from": [3, 1, 0.47119],
			"to": [13, 3, 2.47119],
			"rotation": {"angle": 22.5, "axis": "x", "origin": [5.5, 0.5, 3.22119]},
			"faces": {
				"north": {"uv": [1.25, 0, 0, 0.25], "texture": "#0"},
				"south": {"uv": [1.25, 0.25, 0, 0], "texture": "#0"},
				"up": {"uv": [1.25, 0, 0, 0.25], "texture": "#0"},
				"down": {"uv": [1.25, 0, 0, 0.25], "texture": "#0"}
			}
		},
		{
			"from": [3, 3, 0.72119],
			"to": [13, 15, 1.72119],
			"rotation": {"angle": 22.5, "axis": "x", "origin": [5.5, 0.5, 3.22119]},
			"faces": {
				"north": {"uv": [1.75, 0.25, 0.5, 1.75], "texture": "#0"},
				"south": {"uv": [1.75, 1.875, 0.5, 3.375], "texture": "#0"}
			}
		},
		{
			"from": [3, 3, 0.72119],
			"to": [13, 15, 1.72119],
			"rotation": {"angle": 22.5, "axis": "x", "origin": [5.5, 0.5, 3.22119]},
			"faces": {
				"north": {"uv": [3.125, 0.25, 1.875, 1.75], "texture": "#0", "tintindex": 0},
				"south": {"uv": [0.75, 0.5, 0.875, 0.625], "texture": "#0"}
			}
		},
		{
			"from": [3, 3, 14.27881],
			"to": [13, 15, 15.27881],
			"rotation": {"angle": -22.5, "axis": "x", "origin": [5.5, 0.5, 12.77881]},
			"faces": {
				"north": {"uv": [0.875, 0.5, 0.75, 0.625], "texture": "#0"},
				"south": {"uv": [1.875, 0.25, 3.125, 1.75], "texture": "#0", "tintindex": 0}
			}
		},
		{
			"from": [0.99, -1.26, 13.46119],
			"to": [3.01, 16.76, 15.48119],
			"rotation": {"angle": -22.5, "axis": "x", "origin": [5.5, 0.5, 12.22119]},
			"faces": {
				"north": {"uv": [0.25, 0.25, 0, 2.5], "texture": "#0"},
				"east": {"uv": [0, 0.25, 0.25, 2.5], "texture": "#0"},
				"south": {"uv": [0.25, 0.25, 0, 2.5], "texture": "#0"},
				"west": {"uv": [0, 0.25, 0.25, 2.5], "texture": "#0"},
				"up": {"uv": [0.5, 0.5, 0.25, 0.25], "texture": "#0"},
				"down": {"uv": [0.5, 0.25, 0.25, 0.5], "texture": "#0"}
			}
		},
		{
			"from": [3, 14.75, 13.47119],
			"to": [13, 16.75, 15.47119],
			"rotation": {"angle": -22.5, "axis": "x", "origin": [5.5, 0.5, 12.22119]},
			"faces": {
				"north": {"uv": [0, 0.25, 1.25, 0], "texture": "#0"},
				"south": {"uv": [0, 0, 1.25, 0.25], "texture": "#0"},
				"up": {"uv": [1.25, 0.25, 0, 0], "texture": "#0"},
				"down": {"uv": [1.25, 0.25, 0, 0], "texture": "#0"}
			}
		},
		{
			"from": [3, 2.75, 14.22119],
			"to": [13, 14.75, 15.22119],
			"rotation": {"angle": -22.5, "axis": "x", "origin": [5.5, 0.5, 12.22119]},
			"faces": {
				"north": {"uv": [1.75, 1.875, 0.5, 3.375], "texture": "#0"},
				"south": {"uv": [0.5, 0.25, 1.75, 1.75], "texture": "#0"}
			}
		},
		{
			"from": [12.99, -1.26, 13.46119],
			"to": [15.01, 16.76, 15.48119],
			"rotation": {"angle": -22.5, "axis": "x", "origin": [10.5, 0.5, 12.22119]},
			"faces": {
				"north": {"uv": [0, 0.25, 0.25, 2.5], "texture": "#0"},
				"east": {"uv": [0.25, 0.25, 0, 2.5], "texture": "#0"},
				"south": {"uv": [0, 0.25, 0.25, 2.5], "texture": "#0"},
				"west": {"uv": [0.25, 0.25, 0, 2.5], "texture": "#0"},
				"up": {"uv": [0.25, 0.5, 0.5, 0.25], "texture": "#0"},
				"down": {"uv": [0.25, 0.25, 0.5, 0.5], "texture": "#0"}
			}
		},
		{
			"from": [3, 0.75, 13.47119],
			"to": [13, 2.75, 15.47119],
			"rotation": {"angle": -22.5, "axis": "x", "origin": [5.5, 0.5, 12.22119]},
			"faces": {
				"north": {"uv": [0, 0.25, 1.25, 0], "texture": "#0"},
				"south": {"uv": [0, 0, 1.25, 0.25], "texture": "#0"},
				"up": {"uv": [1.25, 0.25, 0, 0], "texture": "#0"},
				"down": {"uv": [1.25, 0.25, 0, 0], "texture": "#0"}
			}
		}
	],
	"display": {
		"thirdperson_righthand": {
			"rotation": [63, 34, 0],
			"translation": [0, 1, -1],
			"scale": [0.37891, 0.37891, 0.37891]
		},
		"thirdperson_lefthand": {
			"rotation": [63, 34, 0],
			"translation": [0, 1, -1],
			"scale": [0.37891, 0.37891, 0.37891]
		},
		"firstperson_righthand": {
			"rotation": [3, 112, -13],
			"translation": [9.5, 0, -5.75],
			"scale": [0.35547, 0.35547, 0.35547]
		},
		"firstperson_lefthand": {
			"rotation": [3, 112, -13],
			"translation": [9.5, 0, -5.75],
			"scale": [0.35547, 0.35547, 0.35547]
		},
		"ground": {
			"translation": [0, 4.25, 0],
			"scale": [0.28906, 0.28906, 0.28906]
		},
		"gui": {
			"rotation": [30, -158, 0],
			"translation": [-0.25, 1, 0],
			"scale": [0.67148, 0.67148, 0.67148]
		},
		"head": {
			"translation": [0, -30.5, 0],
			"scale": [1.6, 1.6, 1.6]
		},
		"fixed": {
			"rotation": [-90, 0, 0],
			"translation": [0, 0.25, -17],
			"scale": [2, 2, 2]
		}
	}
}