{
	"credit": "Made with Blockbench",
	"texture_size": [32, 32],
	"textures": {
		"0": "lavachicken:item/potato_launcher"
	},
	"elements": [
		{
			"name": "root_item",
			"from": [7, 0, 6.5],
			"to": [9, 7, 9.5],
			"rotation": {"angle": 0, "axis": "y", "origin": [8, 0, 8]},
			"faces": {
				"north": {"uv": [2.5, 11.5, 3.5, 15], "texture": "#0"},
				"east": {"uv": [1, 11.5, 2.5, 15], "texture": "#0"},
				"south": {"uv": [5, 11.5, 6, 15], "texture": "#0"},
				"west": {"uv": [3.5, 11.5, 5, 15], "texture": "#0"},
				"up": {"uv": [3.5, 11.5, 2.5, 10], "texture": "#0"},
				"down": {"uv": [4.5, 10, 3.5, 11.5], "texture": "#0"}
			}
		},
		{
			"name": "root_item",
			"from": [8, 5, 7.5],
			"to": [8, 9, 11.5],
			"rotation": {"angle": 0, "axis": "y", "origin": [8, 0, 8]},
			"faces": {
				"east": {"uv": [11.5, 6, 13.5, 8], "texture": "#0"},
				"west": {"uv": [12, 6, 14, 8], "texture": "#0"}
			}
		},
		{
			"name": "root_item",
			"from": [8, 10, 1.5],
			"to": [8, 11, 3.5],
			"rotation": {"angle": 0, "axis": "y", "origin": [8, 0, 8]},
			"faces": {
				"east": {"uv": [15, 6, 16, 6.5], "texture": "#0"},
				"west": {"uv": [15, 6, 16, 6.5], "texture": "#0"}
			}
		},
		{
			"name": "root_item",
			"from": [8, 3, 5.5],
			"to": [8, 5, 6.5],
			"rotation": {"angle": 0, "axis": "y", "origin": [8, 0, 8]},
			"faces": {
				"west": {"uv": [14, 6.5, 14.5, 7.5], "texture": "#0"}
			}
		},
		{
			"name": "root_item",
			"from": [7, 5, -5.5],
			"to": [9, 7, 6.5],
			"rotation": {"angle": 0, "axis": "y", "origin": [8, 0, 8]},
			"faces": {
				"north": {"uv": [6, 15, 7, 16], "texture": "#0"},
				"east": {"uv": [0, 15, 6, 16], "texture": "#0"},
				"south": {"uv": [13, 15, 14, 16], "texture": "#0"},
				"west": {"uv": [7, 15, 13, 16], "texture": "#0"},
				"up": {"uv": [7, 15, 6, 9], "texture": "#0"},
				"down": {"uv": [8, 9, 7, 15], "texture": "#0"}
			}
		},
		{
			"name": "root_item",
			"from": [6, 7, -0.5],
			"to": [10, 10, 5.5],
			"rotation": {"angle": 0, "axis": "y", "origin": [8, 0, 8]},
			"faces": {
				"north": {"uv": [12, 3, 14, 4.5], "texture": "#0"},
				"east": {"uv": [15, 4.5, 12, 6], "texture": "#0"},
				"south": {"uv": [12, 3, 14, 4.5], "texture": "#0"},
				"west": {"uv": [12, 4.5, 15, 6], "texture": "#0"},
				"up": {"uv": [14, 3, 12, 0], "texture": "#0"},
				"down": {"uv": [16, 0, 14, 3], "texture": "#0"}
			}
		},
		{
			"name": "root_item",
			"from": [3, 1, -6.5],
			"to": [13, 11, -4.5],
			"rotation": {"angle": 0, "axis": "y", "origin": [8, 0, 8]},
			"faces": {
				"north": {"uv": [1, 1, 6, 6], "texture": "#0"},
				"east": {"uv": [0, 1, 1, 6], "texture": "#0"},
				"south": {"uv": [7, 1, 12, 6], "texture": "#0"},
				"west": {"uv": [6, 1, 7, 6], "texture": "#0"},
				"up": {"uv": [6, 1, 1, 0], "texture": "#0"},
				"down": {"uv": [11, 0, 6, 1], "texture": "#0"}
			}
		}
	],
	"display": {
		"thirdperson_righthand": {
			"translation": [0, 3, 1],
			"scale": [0.71, 0.71, 0.71]
		},
		"thirdperson_lefthand": {
			"translation": [0, 3, 1],
			"scale": [0.7, 0.7, 0.7]
		},
		"firstperson_righthand": {
			"translation": [2.88, 3.2, 1.13],
			"scale": [0.5, 0.5, 0.5]
		},
		"firstperson_lefthand": {
			"translation": [3.38, 3.2, 1.13],
			"scale": [0.5, 0.5, 0.5]
		},
		"ground": {
			"translation": [0, 3.5, 3.25],
			"scale": [0.5, 0.5, 0.5]
		},
		"gui": {
			"rotation": [30, 45, 0],
			"translation": [4.75, -0.5, 0],
			"scale": [0.82, 0.82, 0.82]
		},
		"head": {
			"translation": [0, 13, 7]
		},
		"fixed": {
			"rotation": [0, 90, 0],
			"translation": [6.5, 2, -1]
		}
	},
	"groups": [
		{
			"name": "root_item",
			"origin": [8, 3, 8],
			"color": 0,
			"children": [
				0,
				1,
				2,
				3,
				4,
				5,
				6,
				{
					"name": "bb_main",
					"origin": [8, 0, 8],
					"color": 1,
					"children": []
				}
			]
		}
	]
}