{
	"credit": "Made with Blockbench",
	"textures": {
		"0": "block/petitcafe_neon_2_anim",
		"1": "block/petitcafe_neon_2",
		"particle": "block/petitcafe_neon_2_anim"
	},
	"elements": [
		{
			"from": [-8, -8, 15.625],
			"to": [24, 24, 15.625],
			"rotation": {"angle": 0, "axis": "y", "origin": [-8, 0, 4]},
			"faces": {
				"north": {"uv": [0, 0, 8, 8], "texture": "#1"},
				"east": {"uv": [0, 0, 1, 1], "texture": "#0"},
				"south": {"uv": [8, 0, 0, 8], "texture": "#1"},
				"west": {"uv": [0, 0, 1, 1], "texture": "#0"},
				"up": {"uv": [0, 0, 1, 1], "texture": "#0"},
				"down": {"uv": [0, 0, 1, 1], "texture": "#0"}
			}
		},
		{
			"from": [-8, -8, 15.125],
			"to": [24, 24, 15.125],
			"rotation": {"angle": 0, "axis": "y", "origin": [-8, 0, 4]},
			"faces": {
				"north": {"uv": [0, 0, 16, 16], "texture": "#0"},
				"east": {"uv": [0, 0, 1, 1], "texture": "#0"},
				"south": {"uv": [16, 0, 0, 16], "texture": "#0"},
				"west": {"uv": [0, 0, 1, 1], "texture": "#0"},
				"up": {"uv": [0, 0, 1, 1], "texture": "#0"},
				"down": {"uv": [0, 0, 1, 1], "texture": "#0"}
			}
		}
	],
	"display": {
		"thirdperson_righthand": {
			"rotation": [63, 34, 0],
			"translation": [0, 4.75, -1],
			"scale": [0.37891, 0.37891, 0.37891]
		},
		"thirdperson_lefthand": {
			"rotation": [63, 34, 0],
			"translation": [0, 4.25, -1],
			"scale": [0.37891, 0.37891, 0.37891]
		},
		"firstperson_righthand": {
			"rotation": [3, 112, -13],
			"translation": [9.5, 0, -5.75],
			"scale": [0.35547, 0.35547, 0.35547]
		},
		"firstperson_lefthand": {
			"rotation": [3, 112, -13],
			"translation": [9.5, 0, -5.75],
			"scale": [0.35547, 0.35547, 0.35547]
		},
		"ground": {
			"translation": [0, 4.25, 0],
			"scale": [0.28906, 0.28906, 0.28906]
		},
		"gui": {
			"rotation": [0, 180, 0],
			"translation": [-0.25, 0, 0],
			"scale": [0.43, 0.43, 0.43]
		},
		"head": {
			"translation": [0, -30.5, 0],
			"scale": [3.2, 3.2, 3.2]
		},
		"fixed": {
			"translation": [0.5, -1, -23],
			"scale": [3, 3, 3]
		}
	}
}