{
	"credit": "DemoProjects",
	"texture_size": [64, 64],
	"textures": {
		"0": "simplehats:block/eevee/jolteon_hat",
		"particle": "simplehats:block/eevee/jolteon_hat"
	},
	"elements": [
		{
			"from": [3, 0, 3],
			"to": [13, 5, 13],
			"rotation": {"angle": 0, "axis": "y", "origin": [8, 5, 8]},
			"faces": {
				"north": {"uv": [8.5, 6.75, 11, 8.25], "texture": "#0"},
				"east": {"uv": [0, 3.5, 3, 5], "texture": "#0"},
				"south": {"uv": [0, 3.5, 3, 5], "texture": "#0"},
				"west": {"uv": [7, 3.5, 10.25, 5], "texture": "#0"},
				"up": {"uv": [5.25, 4.25, 3.5, 0], "texture": "#0"},
				"down": {"uv": [5.25, 0, 7, 3.5], "texture": "#0"}
			}
		},
		{
			"from": [6, 0.75, 2],
			"to": [10, 2.75, 4],
			"rotation": {"angle": 0, "axis": "y", "origin": [8, -27, 8]},
			"faces": {
				"north": {"uv": [13, 8.5, 14, 9], "texture": "#0"},
				"east": {"uv": [12.5, 8.5, 13, 9], "texture": "#0"},
				"south": {"uv": [14.5, 8.5, 15.5, 9], "texture": "#0"},
				"west": {"uv": [13, 8, 13.5, 8.5], "texture": "#0"},
				"up": {"uv": [14, 8.5, 13, 8], "texture": "#0"},
				"down": {"uv": [14, 8, 13, 8.5], "texture": "#0"}
			}
		},
		{
			"from": [3, 1, 6],
			"to": [3, 11, 11],
			"rotation": {"angle": -45, "axis": "y", "origin": [3, 7, 8]},
			"faces": {
				"north": {"uv": [11.25, 8.25, 11.25, 10.75], "texture": "#0"},
				"east": {"uv": [12.5, 8.25, 11.25, 10.75], "texture": "#0"},
				"south": {"uv": [12.5, 8.25, 12.5, 10.75], "texture": "#0"},
				"west": {"uv": [10, 8.25, 11.25, 10.75], "texture": "#0"},
				"up": {"uv": [11.25, 8.25, 11.25, 7], "texture": "#0"},
				"down": {"uv": [11.25, 7, 11.25, 8.25], "texture": "#0"}
			}
		},
		{
			"from": [13, 1, 6],
			"to": [13, 11, 11],
			"rotation": {"angle": 45, "axis": "y", "origin": [13, 6, 8]},
			"faces": {
				"north": {"uv": [11.25, 8.25, 11.25, 10.75], "texture": "#0"},
				"east": {"uv": [10, 8.25, 11.25, 10.75], "texture": "#0"},
				"south": {"uv": [12.5, 8.25, 12.5, 10.75], "texture": "#0"},
				"west": {"uv": [11.25, 8.25, 12.5, 10.75], "texture": "#0"},
				"up": {"uv": [11.25, 8.25, 11.25, 7], "texture": "#0"},
				"down": {"uv": [11.25, 7, 11.25, 8.25], "texture": "#0"}
			}
		},
		{
			"from": [5, 2.5, 9.25],
			"to": [11, 2.5, 14.25],
			"rotation": {"angle": -22.5, "axis": "x", "origin": [8, -9.75, 1.75]},
			"faces": {
				"north": {"uv": [1.25, 8, 2.75, 8], "texture": "#0"},
				"east": {"uv": [0, 8, 1.25, 8], "texture": "#0"},
				"south": {"uv": [4, 8, 5.5, 8], "texture": "#0"},
				"west": {"uv": [2.75, 8, 4, 8], "texture": "#0"},
				"up": {"uv": [2.75, 8, 1.25, 6.75], "texture": "#0"},
				"down": {"uv": [4.25, 6.75, 2.75, 8], "texture": "#0"}
			}
		},
		{
			"from": [6.5, -0.25, 2.1],
			"to": [9.5, 0.75, 4.1],
			"rotation": {"angle": 0, "axis": "y", "origin": [8, -27, 8]},
			"faces": {
				"north": {"uv": [13.25, 8.75, 14, 9], "texture": "#0"},
				"east": {"uv": [12.75, 8.75, 13.25, 9], "texture": "#0"},
				"south": {"uv": [14.5, 8.75, 15.25, 9], "texture": "#0"},
				"west": {"uv": [13.25, 8.75, 13.75, 9], "texture": "#0"},
				"up": {"uv": [14, 8.75, 13.25, 8.25], "texture": "#0"},
				"down": {"uv": [13.25, 8.5, 12.5, 9], "texture": "#0"}
			}
		}
	],
	"display": {
		"ground": {
			"translation": [0, 5, 0],
			"scale": [0.65, 0.65, 0.65]
		},
		"gui": {
			"rotation": [180, -21.5, 180],
			"translation": [0.25, 2.75, 0]
		},
		"head": {
			"translation": [0, 14.5, 0],
			"scale": [1.6, 1.6, 1.6]
		}
	},
	"groups": [
		{
			"name": "jolteon_hat",
			"origin": [0, 0, 0],
			"color": 0,
			"children": [0, 1, 2, 3, 4, 5]
		}
	]
}