{
	"credit": "MadewithBlockbench",
	"textures": {
		"1": "item/muestra"
	},
	"elements": [
		{
			"from": [1, 2, 6],
			"to": [15, 6, 10],
			"rotation": {"angle": 0, "axis": "y", "origin": [0, -7, -5]},
			"faces": {
				"north": {"uv": [0, 0, 14, 4], "texture": "#1"},
				"east": {"uv": [0, 10, 4, 14], "texture": "#1"},
				"south": {"uv": [0, 0, 14, 4], "texture": "#1"},
				"west": {"uv": [0, 10, 4, 14], "texture": "#1"},
				"up": {"uv": [14, 4, 0, 0], "texture": "#1"},
				"down": {"uv": [14, 0, 0, 4], "texture": "#1"}
			}
		},
		{
			"from": [3, 1, 5],
			"to": [4, 7, 11],
			"rotation": {"angle": 0, "axis": "y", "origin": [0, -7, -5]},
			"faces": {
				"north": {"uv": [4, 10, 5, 16], "texture": "#1"},
				"east": {"uv": [0, 4, 6, 10], "texture": "#1"},
				"south": {"uv": [5, 10, 6, 16], "texture": "#1"},
				"west": {"uv": [6, 4, 12, 10], "texture": "#1"},
				"up": {"uv": [7, 16, 6, 10], "texture": "#1"},
				"down": {"uv": [8, 10, 7, 16], "texture": "#1"}
			}
		},
		{
			"from": [12, 1, 5],
			"to": [13, 7, 11],
			"rotation": {"angle": 0, "axis": "y", "origin": [16, -7, -5]},
			"faces": {
				"north": {"uv": [5, 10, 4, 16], "texture": "#1"},
				"east": {"uv": [12, 4, 6, 10], "texture": "#1"},
				"south": {"uv": [6, 10, 5, 16], "texture": "#1"},
				"west": {"uv": [6, 4, 0, 10], "texture": "#1"},
				"up": {"uv": [7, 10, 6, 16], "texture": "#1"},
				"down": {"uv": [8, 10, 7, 16], "texture": "#1"}
			}
		}
	],
	"gui_light": "front",
	"display": {
		"thirdperson_righthand": {
			"translation": [0, 3, 1],
			"scale": [0.55, 0.55, 0.55]
		},
		"thirdperson_lefthand": {
			"translation": [0, 3, 1],
			"scale": [0.55, 0.55, 0.55]
		},
		"firstperson_righthand": {
			"rotation": [40, 30, 25],
			"translation": [3.63, 2.45, 1.13],
			"scale": [0.4, 0.4, 0.4]
		},
		"firstperson_lefthand": {
			"rotation": [40, 30, 25],
			"translation": [2.63, 2.45, 1.13],
			"scale": [0.4, 0.4, 0.4]
		},
		"ground": {
			"translation": [0, 2, 0],
			"scale": [0.5, 0.5, 0.5]
		},
		"gui": {
			"rotation": [30, 225, 0],
			"translation": [0, 4, 0],
			"scale": [1.11, 1.11, 1.11]
		},
		"head": {
			"rotation": [0, 180, 0],
			"translation": [0, 13.5, 0.5]
		},
		"fixed": {
			"rotation": [0, 180, 0],
			"translation": [0, 3.75, -3]
		}
	}
}