{
  "implemented": true,
  "name": "Salamence",
  "nationalPokedexNumber": 373,
  "primaryType": "dragon",
  "secondaryType": "flying",
  "abilities": [
    "intimidate",
    "h:moxie"
  ],
  "baseStats": {
    "hp": 95,
    "attack": 135,
    "defence": 80,
    "special_attack": 110,
    "special_defence": 80,
    "speed": 100
  },
  "catchRate": 45,
  "maleRatio": 0.5,
  "shoulderMountable": false,
  "forms": [
    {
      "name": "Mega",
      "primaryType": "dragon",
      "secondaryType": "flying",
      "abilities": [
        "aerilate"
      ],
      "baseStats": {
        "hp": 95,
        "attack": 145,
        "defence": 130,
        "special_attack": 120,
        "special_defence": 90,
        "speed": 120
      },
      "catchRate": 45,
      "maleRatio": 0.5,
      "baseExperienceYield": 300,
      "baseFriendship": 35,
      "evYield": {
        "hp": 0,
        "attack": 3,
        "defence": 0,
        "special_attack": 0,
        "special_defence": 0,
        "speed": 0
      },
      "experienceGroup": "slow",
      "eggCycles": 40,
      "eggGroups": [
        "dragon"
      ],
      "labels": [
        "gen6",
        "mega",
        "pseudo_legendary"
      ],
      "aspects": [
        "mega"
      ],
      "height": 18,
      "weight": 1126,
      "preEvolution": "salamence",
      "evolutions": [
        {
        "id": "mega_salamence_salamencite",
        "variant": "item_interact",
        "result": "salamence mega=false",
        "consumeHeldItem": false,
        "learnableMoves": [],
        "requirements": [],
        "requiredContext": "minecraft:piglin_banner_pattern"
      }
    ],
      "cannotDynamax": false,
      "battleOnly": true
    }
  ],
  "baseExperienceYield": 300,
  "experienceGroup": "slow",
  "eggCycles": 40,
  "eggGroups": [
    "dragon"
  ],
  "moves": [
    "1:bite",
    "1:dragonbreath",
    "1:dragontail",
    "1:dualwingbeat",
    "1:ember",
    "1:firefang",
    "1:fly",
    "1:leer",
    "1:protect",
    "1:rage",
    "1:roost",
    "1:thunderfang",
    "15:headbutt",
    "20:scaryface",
    "25:crunch",
    "33:dragonclaw",
    "39:zenheadbutt",
    "46:focusenergy",
    "55:flamethrower",
    "64:outrage",
    "73:doubleedge",
    "tm:aerialace",
    "tm:airslash",
    "tm:attract",
    "tm:bodyslam",
    "tm:breakingswipe",
    "tm:brickbreak",
    "tm:brutalswing",
    "tm:bulldoze",
    "tm:captivate",
    "tm:confide",
    "tm:crunch",
    "tm:cut",
    "tm:defog",
    "tm:doubleteam",
    "tm:dracometeor",
    "tm:dragonclaw",
    "tm:dragondance",
    "tm:dragonpulse",
    "tm:dragontail",
    "tm:earthquake",
    "tm:endure",
    "tm:facade",
    "tm:fireblast",
    "tm:firefang",
    "tm:firespin",
    "tm:flamethrower",
    "tm:fly",
    "tm:focusenergy",
    "tm:frustration",
    "tm:gigaimpact",
    "tm:heatwave",
    "tm:helpinghand",
    "tm:hiddenpower",
    "tm:honeclaws",
    "tm:hurricane",
    "tm:hydropump",
    "tm:hyperbeam",
    "tm:hypervoice",
    "tm:incinerate",
    "tm:irondefense",
    "tm:ironhead",
    "tm:irontail",
    "tm:mudslap",
    "tm:naturalgift",
    "tm:outrage",
    "tm:protect",
    "tm:psychicfangs",
    "tm:raindance",
    "tm:rest",
    "tm:return",
    "tm:roar",
    "tm:rockslide",
    "tm:rocksmash",
    "tm:rocktomb",
    "tm:roost",
    "tm:round",
    "tm:scaryface",
    "tm:secretpower",
    "tm:shadowclaw",
    "tm:sleeptalk",
    "tm:snore",
    "tm:steelwing",
    "tm:stoneedge",
    "tm:strength",
    "tm:substitute",
    "tm:sunnyday",
    "tm:swagger",
    "tm:swift",
    "tm:tailwind",
    "tm:takedown",
    "tm:terablast",
    "tm:thunderfang",
    "tm:toxic",
    "tm:zenheadbutt",
    "tutor:aerialace",
    "tutor:aircutter",
    "tutor:aquatail",
    "tutor:bodyslam",
    "tutor:defensecurl",
    "tutor:defog",
    "tutor:doubleedge",
    "tutor:dracometeor",
    "tutor:dragonbreath",
    "tutor:dragonclaw",
    "tutor:dragondance",
    "tutor:dragonpulse",
    "tutor:dualwingbeat",
    "tutor:endure",
    "tutor:fireblast",
    "tutor:fly",
    "tutor:furycutter",
    "tutor:headbutt",
    "tutor:heatwave",
    "tutor:hydropump",
    "tutor:hypervoice",
    "tutor:irontail",
    "tutor:laserfocus",
    "tutor:mimic",
    "tutor:mudslap",
    "tutor:ominouswind",
    "tutor:outrage",
    "tutor:protect",
    "tutor:refresh",
    "tutor:rockslide",
    "tutor:rollout",
    "tutor:roost",
    "tutor:scaryface",
    "tutor:sleeptalk",
    "tutor:snore",
    "tutor:stoneedge",
    "tutor:substitute",
    "tutor:swagger",
    "tutor:swift",
    "tutor:tailwind",
    "tutor:twister",
    "tutor:zenheadbutt"
  ],
  "labels": [
    "gen3",
    "pseudo_legendary"
  ],
  "pokedex": [
    "cobblemon.species.salamence.desc"
  ],
  "preEvolution": "shelgon",
  "evolutions": [
    {
      "id": "salamence_mega_salamencite",
      "variant": "item_interact",
      "result": "salamence mega=true",
      "consumeHeldItem": false,
      "learnableMoves": [],
      "requirements": [],
      "requiredContext": "minecraft:piglin_banner_pattern"
    }
  ],
  "baseScale": 1,
  "hitbox": {
    "width": 3,
    "height": 2,
    "fixed": false
  },
  "baseFriendship": 35,
  "evYield": {
    "hp": 0,
    "attack": 3,
    "defence": 0,
    "special_attack": 0,
    "special_defence": 0,
    "speed": 0
  },
  "height": 15,
  "weight": 1026,
  "features": ["mega"],
  "aspects": [],
  "cannotDynamax": false
}