{
	"format_version": "1.8.0",
	"animations": {
		"animation.metroid.ground_idle": {
			"loop": true,
			"animation_length": 6,
			"bones": {
				"Body": {
					"rotation": ["Math.sin(query.anim_time * 120 )*4 +2", "Math.sin(query.anim_time * 60)*6", "Math.sin(query.anim_time * 60)*3"],
					"position": ["Math.sin(query.anim_time * 60) *3", "Math.sin(query.anim_time * 120) + 20", "Math.sin(query.anim_time * 120)"]
				},
				"NotGreenJelly": {
					"rotation": ["Math.sin(query.anim_time * 60)*4", 0, 0],
					"position": [0, 0, 0]
				},
				"MeatBallLeft": {
					"rotation": ["Math.sin(query.anim_time * 60)*2", "Math.sin(query.anim_time * 60+20)*3", "Math.sin(query.anim_time * 60)*2"]
				},
				"MeatBallMiddle": {
					"rotation": ["Math.sin(query.anim_time * 60+90)*2", "Math.sin(query.anim_time * 60+50)*3", "Math.sin(query.anim_time * 60+90)*2"]
				},
				"MeatBallRight": {
					"rotation": ["Math.sin(query.anim_time * 60+180)*2", "Math.sin(query.anim_time * 60+80)*3", "Math.sin(query.anim_time * 60+180)*2"]
				},
				"LeftTooth": {
					"rotation": [0, 0, "Math.sin(query.anim_time * 120)*10"]
				},
				"RightTooth": {
					"rotation": [0, 0, "Math.sin(query.anim_time * 120+180)*10"]
				},
				"RightSmTooth": {
					"rotation": [0, 0, "Math.sin(query.anim_time * 120+ 180)*5"]
				},
				"LeftSmTooth": {
					"rotation": [0, 0, "Math.sin(query.anim_time * 120 )*5"]
				},
				"GreenJelly": {
					"scale": {
						"0.0": {
							"post": [1, 1, 1],
							"lerp_mode": "catmullrom"
						},
						"1.0": {
							"post": [1.02, 1.02, 1.02],
							"lerp_mode": "catmullrom"
						},
						"2.5": {
							"post": [1, 1, 1],
							"lerp_mode": "catmullrom"
						},
						"3.75": {
							"post": [1.02, 1.02, 1.02],
							"lerp_mode": "catmullrom"
						},
						"6.0": {
							"post": [1, 1, 1],
							"lerp_mode": "catmullrom"
						}
					}
				},
				"MeatString1": {
					"rotation": ["Math.sin(query.anim_time * 120+180)*4", "Math.sin(query.anim_time * 120)*2", 0]
				},
				"MeatString2": {
					"rotation": ["Math.sin(query.anim_time * 120+180)*4", 0, 0]
				},
				"MeatString3": {
					"rotation": [0, "Math.sin(query.anim_time * 120+180)*3", "Math.sin(query.anim_time * 120+180)*2"]
				},
				"MeatString4": {
					"rotation": ["Math.sin(query.anim_time * 120+180)*4", 0, "Math.sin(query.anim_time * 120+180)*4"]
				},
				"MeatString5": {
					"rotation": [0, 0, "Math.sin(query.anim_time * 120+180)*4"]
				},
				"MeatString6": {
					"rotation": [0, 0, "Math.sin(query.anim_time * 120+180)*4"]
				},
				"MeatString7": {
					"rotation": ["Math.sin(query.anim_time * 120+180)*3", 0, "Math.sin(query.anim_time * 120+180)*3"]
				},
				"Torso": {
					"rotation": ["Math.sin(query.anim_time * 120)*2", 0, "Math.sin(query.anim_time * 60-40)*3"]
				}
			}
		},
		"animation.metroid.ground_walk": {
			"loop": true,
			"animation_length": 6,
			"bones": {
				"Body": {
					"rotation": ["Math.sin(query.anim_time * 240 )*4 +10", "Math.sin(query.anim_time * 120)*6", "Math.sin(query.anim_time * 120)*3"],
					"position": ["Math.sin(query.anim_time * 60) *3", "Math.sin(query.anim_time * 240) + 20", "Math.sin(query.anim_time * 240)"]
				},
				"NotGreenJelly": {
					"rotation": ["Math.sin(query.anim_time * 60)*4", 0, 0],
					"position": [0, 0, 0]
				},
				"MeatBallLeft": {
					"rotation": ["Math.sin(query.anim_time * 60)*2", "Math.sin(query.anim_time * 60+20)*3", "Math.sin(query.anim_time * 60)*2"]
				},
				"MeatBallMiddle": {
					"rotation": ["Math.sin(query.anim_time * 60+90)*2", "Math.sin(query.anim_time * 60+50)*3", "Math.sin(query.anim_time * 60+90)*2"]
				},
				"MeatBallRight": {
					"rotation": ["Math.sin(query.anim_time * 60+180)*2", "Math.sin(query.anim_time * 60+80)*3", "Math.sin(query.anim_time * 60+180)*2"]
				},
				"LeftTooth": {
					"rotation": [0, 0, "Math.sin(query.anim_time * 240)*12"]
				},
				"RightTooth": {
					"rotation": [0, 0, "Math.sin(query.anim_time * 240+180)*12"]
				},
				"RightSmTooth": {
					"rotation": [0, 0, "Math.sin(query.anim_time * 240+ 180)*7"]
				},
				"LeftSmTooth": {
					"rotation": [0, 0, "Math.sin(query.anim_time * 240 )*7"]
				},
				"GreenJelly": {
					"scale": {
						"0.0": {
							"post": [1, 1, 1],
							"lerp_mode": "catmullrom"
						},
						"1.0": {
							"post": [1.02, 1.02, 1.02],
							"lerp_mode": "catmullrom"
						},
						"2.5": {
							"post": [1, 1, 1],
							"lerp_mode": "catmullrom"
						},
						"3.75": {
							"post": [1.02, 1.02, 1.02],
							"lerp_mode": "catmullrom"
						},
						"6.0": {
							"post": [1, 1, 1],
							"lerp_mode": "catmullrom"
						}
					}
				},
				"MeatString1": {
					"rotation": ["Math.sin(query.anim_time * 120+180)*4", "Math.sin(query.anim_time * 120)*2", 0]
				},
				"MeatString2": {
					"rotation": ["Math.sin(query.anim_time * 120+180)*4", 0, 0]
				},
				"MeatString3": {
					"rotation": [0, "Math.sin(query.anim_time * 120+180)*3", "Math.sin(query.anim_time * 120+180)*2"]
				},
				"MeatString4": {
					"rotation": ["Math.sin(query.anim_time * 120+180)*4", 0, "Math.sin(query.anim_time * 120+180)*4"]
				},
				"MeatString5": {
					"rotation": [0, 0, "Math.sin(query.anim_time * 120+180)*4"]
				},
				"MeatString6": {
					"rotation": [0, 0, "Math.sin(query.anim_time * 120+180)*4"]
				},
				"MeatString7": {
					"rotation": ["Math.sin(query.anim_time * 120+180)*3", 0, "Math.sin(query.anim_time * 120+180)*3"]
				},
				"Torso": {
					"rotation": ["Math.sin(query.anim_time * 120)*4", 0, "Math.sin(query.anim_time * 60-40)*3"]
				}
			}
		},
		"animation.metroid.ground_run": {
			"loop": true,
			"animation_length": 6,
			"bones": {
				"Body": {
					"rotation": ["Math.sin(query.anim_time * 240 )*4 +20", "Math.sin(query.anim_time * 120)*6", "Math.sin(query.anim_time * 120)*3"],
					"position": ["Math.sin(query.anim_time * 120) *3", "Math.sin(query.anim_time * 480) + 20", "Math.sin(query.anim_time * 480)"]
				},
				"NotGreenJelly": {
					"rotation": ["Math.sin(query.anim_time * 60)*4", 0, 0],
					"position": [0, 0, 0]
				},
				"MeatBallLeft": {
					"rotation": ["Math.sin(query.anim_time * 60)*2", "Math.sin(query.anim_time * 60+20)*3", "Math.sin(query.anim_time * 60)*2"]
				},
				"MeatBallMiddle": {
					"rotation": ["Math.sin(query.anim_time * 60+90)*2", "Math.sin(query.anim_time * 60+50)*3", "Math.sin(query.anim_time * 60+90)*2"]
				},
				"MeatBallRight": {
					"rotation": ["Math.sin(query.anim_time * 60+180)*2", "Math.sin(query.anim_time * 60+80)*3", "Math.sin(query.anim_time * 60+180)*2"]
				},
				"LeftTooth": {
					"rotation": [0, 0, "Math.sin(query.anim_time * 240)*12"]
				},
				"RightTooth": {
					"rotation": [0, 0, "Math.sin(query.anim_time * 240+180)*12"]
				},
				"RightSmTooth": {
					"rotation": [0, 0, "Math.sin(query.anim_time * 240+ 180)*7"]
				},
				"LeftSmTooth": {
					"rotation": [0, 0, "Math.sin(query.anim_time * 240 )*7"]
				},
				"GreenJelly": {
					"scale": {
						"0.0": {
							"post": [1, 1, 1],
							"lerp_mode": "catmullrom"
						},
						"1.0": {
							"post": [1.02, 1.02, 1.02],
							"lerp_mode": "catmullrom"
						},
						"2.5": {
							"post": [1, 1, 1],
							"lerp_mode": "catmullrom"
						},
						"3.75": {
							"post": [1.02, 1.02, 1.02],
							"lerp_mode": "catmullrom"
						},
						"6.0": {
							"post": [1, 1, 1],
							"lerp_mode": "catmullrom"
						}
					}
				},
				"MeatString1": {
					"rotation": ["Math.sin(query.anim_time * 240+180)*8", "Math.sin(query.anim_time * 120)*2", 0]
				},
				"MeatString2": {
					"rotation": ["Math.sin(query.anim_time * 240)*8", 0, 0]
				},
				"MeatString3": {
					"rotation": [0, "Math.sin(query.anim_time * 240+180)*5", "Math.sin(query.anim_time * 240+180)*4"]
				},
				"MeatString4": {
					"rotation": ["Math.sin(query.anim_time * 240)*6", 0, "Math.sin(query.anim_time * 240)*6"]
				},
				"MeatString5": {
					"rotation": [0, 0, "Math.sin(query.anim_time * 240+180)*8"]
				},
				"MeatString6": {
					"rotation": [0, 0, "Math.sin(query.anim_time * 240+180)*8"]
				},
				"MeatString7": {
					"rotation": ["Math.sin(query.anim_time * 240+180)*5", 0, "Math.sin(query.anim_time * 240+180)*4"]
				},
				"Torso": {
					"rotation": ["Math.sin(query.anim_time * 240)*5", 0, "Math.sin(query.anim_time * 60-40)*3"]
				}
			}
		},
		"animation.metroid.test": {
			"loop": true
		},
		"animation.metroid.cry": {
			"animation_length": 2,
			"bones": {
				"Body": {
					"rotation": {
						"0.0": [0, 0, 0],
						"0.1667": {
							"pre": [15, 0, 0],
							"post": [15, 0, 0],
							"lerp_mode": "catmullrom"
						},
						"0.7917": [-10, 0, 0],
						"1.0": [0, 0, 0],
						"1.0833": ["Math.sin((query.anim_time) * 90 *4)*5", 0, 0],
						"2.0": [0, 0, 0]
					},
					"position": {
						"0.0": [0, 0, 0],
						"0.5": [0, "Math.cos((query.anim_time) * 90 * 36) * -0.3", 0],
						"0.7917": [0, "Math.cos((query.anim_time) * 90 * 36) * -0.3", 0],
						"0.875": [0, 0, 0]
					}
				},
				"Torso": {
					"rotation": {
						"0.0": [0, 0, 0],
						"0.1667": ["Math.sin(query.anim_time * 240)*4", 0, 0],
						"0.5": ["Math.cos((query.anim_time) * 90 * 24)*6", 0, 0],
						"0.7917": ["Math.cos((query.anim_time) * 90 * 24)*6", 0, 0],
						"1.0": ["Math.sin(query.anim_time * 240)*4", 0, 0],
						"2.0": [0, 0, 0]
					}
				},
				"LeftTooth": {
					"rotation": {
						"0.0": [0, 0, 0],
						"0.1667": [0, 0, "Math.sin(query.anim_time * 240)*8"],
						"0.5": [0, 0, "Math.cos((query.anim_time) * 90 * 24)*12"],
						"0.7917": [0, 0, "Math.cos((query.anim_time) * 90 * 24)*12"],
						"1.0": [0, 0, "Math.sin(query.anim_time * 240)*8"],
						"2.0": [0, 0, 0]
					}
				},
				"RightTooth": {
					"rotation": {
						"0.0": [0, 0, 0],
						"0.1667": [0, 0, "Math.sin(query.anim_time * 240+180)*8"],
						"0.5": [0, 0, "Math.cos((query.anim_time) * 90 * 24)*12"],
						"0.7917": [0, 0, "Math.cos((query.anim_time) * 90 * 24)*12"],
						"1.0": [0, 0, "Math.sin(query.anim_time * 240+180)*8"],
						"2.0": [0, 0, 0]
					}
				},
				"RightSmTooth": {
					"rotation": {
						"0.0": [0, 0, 0],
						"0.1667": [0, 0, "Math.sin(query.anim_time * 240+180)*4"],
						"0.5": [0, 0, "Math.cos((query.anim_time) * 90 * 24)*6"],
						"0.7917": [0, 0, "Math.cos((query.anim_time) * 90 * 24)*6"],
						"1.0": [0, 0, "Math.sin(query.anim_time * 240+180)*4"],
						"2.0": [0, 0, 0]
					}
				},
				"LeftSmTooth": {
					"rotation": {
						"0.0": [0, 0, 0],
						"0.1667": [0, 0, "Math.sin(query.anim_time * 240)*4"],
						"0.5": [0, 0, "Math.cos((query.anim_time) * 90 * 24)*6"],
						"0.7917": [0, 0, "Math.cos((query.anim_time) * 90 * 24)*6"],
						"1.0": [0, 0, "Math.sin(query.anim_time * 240)*4"],
						"2.0": [0, 0, 0]
					}
				},
				"MeatString1": {
					"rotation": {
						"0.0": [0, 0, 0],
						"0.1667": ["Math.sin(query.anim_time * 240)*4", 0, 0],
						"0.5": ["Math.cos((query.anim_time) * 90 * 24)*6", 0, 0],
						"0.7917": ["Math.cos((query.anim_time) * 90 * 24)*7", 0, 0],
						"1.2083": ["Math.sin(query.anim_time * 240)*5", 0, 0],
						"2.0": [0, 0, 0]
					}
				},
				"MeatString2": {
					"rotation": {
						"0.0": [0, 0, 0],
						"0.1667": ["Math.sin(query.anim_time * 240)*4", 0, 0],
						"0.5": ["Math.cos((query.anim_time) * 90 * 24)*6", 0, 0],
						"0.7917": ["Math.cos((query.anim_time) * 90 * 24)*6", 0, 0],
						"1.2083": ["Math.sin(query.anim_time * 240)*4", 0, 0],
						"2.0": [0, 0, 0]
					}
				},
				"MeatString3": {
					"rotation": {
						"0.0": [0, 0, 0],
						"0.1667": [0, "Math.sin(query.anim_time * 240)*4", 0],
						"0.5": [0, "Math.cos((query.anim_time) * 90 * 24)*6", 0],
						"0.7917": [0, "Math.cos((query.anim_time) * 90 * 24)*6", 0],
						"1.2083": [0, "Math.sin(query.anim_time * 240)*4", 0],
						"2.0": [0, 0, 0]
					}
				},
				"MeatString4": {
					"rotation": {
						"0.0": [0, 0, 0],
						"0.1667": ["Math.sin(query.anim_time * 240)*4", 0, "Math.sin(query.anim_time * 240)*4"],
						"0.5": ["Math.cos((query.anim_time) * 90 * 24)*6", 0, "Math.cos((query.anim_time) * 90 * 24)*6"],
						"0.7917": ["Math.cos((query.anim_time) * 90 * 24)*6", 0, "Math.cos((query.anim_time) * 90 * 24)*6"],
						"1.2083": ["Math.sin(query.anim_time * 240)*4", 0, "Math.sin(query.anim_time * 240)*4"],
						"2.0": [0, 0, 0]
					}
				},
				"MeatString5": {
					"rotation": {
						"0.0": [0, 0, 0],
						"0.1667": [0, 0, "Math.sin(query.anim_time * 240)*5"],
						"0.5": [0, 0, "Math.cos((query.anim_time) * 90 * 24)*7"],
						"0.7917": [0, 0, "Math.cos((query.anim_time) * 90 * 24)*7"],
						"1.2083": [0, 0, "Math.sin(query.anim_time * 240)*5"],
						"2.0": [0, 0, 0]
					}
				},
				"MeatString6": {
					"rotation": {
						"0.0": [0, 0, 0],
						"0.1667": [0, 0, "Math.sin(query.anim_time * 240)*5"],
						"0.5": [0, 0, "Math.cos((query.anim_time) * 90 * 24)*7"],
						"0.7917": [0, 0, "Math.cos((query.anim_time) * 90 * 24)*7"],
						"1.2083": [0, 0, "Math.sin(query.anim_time * 240)*5"],
						"2.0": [0, 0, 0]
					}
				},
				"MeatString7": {
					"rotation": {
						"0.0": [0, 0, 0],
						"0.1667": ["Math.sin(query.anim_time * 240)*4", 0, "Math.sin(query.anim_time * 240)*4"],
						"0.5": ["Math.cos((query.anim_time) * 90 * 24)*6", 0, "Math.cos((query.anim_time) * 90 * 24)*6"],
						"0.7917": ["Math.cos((query.anim_time) * 90 * 24)*6", 0, "Math.cos((query.anim_time) * 90 * 24)*6"],
						"1.2083": ["Math.sin(query.anim_time * 240)*4", 0, "Math.sin(query.anim_time * 240)*4"],
						"2.0": [0, 0, 0]
					}
				}
			}
		},
		"animation.metroid.faint": {
			"animation_length": 3,
			"bones": {
				"Body": {
					"rotation": {
						"0.0": [0, 0, 0],
						"0.1667": [-3.33, -7, 0],
						"1.0": [-20, "40+Math.sin(query.anim_time * 480*5)*5", 0],
						"1.625": [0, 20.38, 0],
						"1.875": [30, 14.27, 0],
						"2.2917": [90, 0, 0]
					},
					"position": {
						"0.0": [0, 20, 0],
						"0.1667": [0, 21, 12],
						"0.5833": [0, "25+Math.sin(query.anim_time * 480*5)", 20],
						"1.0": [-5, "30+Math.sin(query.anim_time * 480*5)", 20],
						"1.3333": [0, "33+Math.sin(query.anim_time * 480*5)", 23],
						"1.625": [3, "30+Math.sin(query.anim_time * 480*5)", 23.5],
						"1.875": [5, "30+Math.sin(query.anim_time * 480*5)", 24],
						"2.1667": [0, "30+Math.sin(query.anim_time * 480*3)", 24],
						"2.2917": [0, 5, 0],
						"2.4167": [0, "5+Math.sin(query.anim_time * 240*8)", -5],
						"2.7083": [0, 5, -7]
					},
					"scale": {
						"0.0": [1, 1, 1],
						"2.25": [1, 1, 1],
						"2.2917": [1.05, 1.05, 1.05],
						"2.375": [1, 1, 1],
						"2.4167": [1.05, 1.05, 1.05],
						"2.5": [1, 1, 1],
						"2.7083": [1, 1, 1]
					}
				},
				"Torso": {
					"rotation": {
						"0.0": [0, 0, 0],
						"0.5833": ["Math.sin(query.anim_time * 60*5)", 0, "Math.sin(query.anim_time * 60*5)"],
						"2.5": ["Math.sin(query.anim_time * 240*5)*5", 0, "Math.sin(query.anim_time * 480*5)"],
						"3.0": [0, 0, 0]
					}
				},
				"Mouth": {
					"rotation": {
						"0.0": [0, 0, 0],
						"0.5833": ["Math.sin(query.anim_time * 240*5)*2", 0, 0],
						"2.5": ["Math.sin(query.anim_time * 240*5)*5", 0, 0],
						"3.0": [0, 0, 0]
					}
				},
				"LeftTooth": {
					"rotation": {
						"0.0": [0, 0, 0],
						"1.1667": [0, 0, "25 + Math.sin(query.anim_time * 240*5)*12"],
						"1.875": [0, 0, 25],
						"3.0": [0, 0, -30]
					}
				},
				"RightTooth": {
					"rotation": {
						"0.0": [0, 0, 0],
						"1.1667": [0, 0, "-12.5 + Math.sin(query.anim_time * 240*5)*12"],
						"1.875": [0, 0, -12.5],
						"3.0": [0, 0, 30]
					}
				},
				"RightSmTooth": {
					"rotation": {
						"0.0": [0, 0, 0],
						"0.75": [0, 0, -30],
						"3.0": [0, 0, 0]
					}
				},
				"LeftSmTooth": {
					"rotation": {
						"0.0": [0, 0, 0],
						"1.0": [0, 0, 27.5],
						"3.0": [0, 0, 0]
					}
				},
				"GreenJelly": {
					"rotation": {
						"0.0": [0, 0, 0],
						"2.2917": [0, 0, 0],
						"2.5": ["Math.sin(query.anim_time * 240*5)*3", 0, 0],
						"3.0": [0, 0, 0]
					},
					"position": [0, 0, 0]
				},
				"MeatString1": {
					"rotation": {
						"0.0": [0, 0, 0],
						"0.5833": ["Math.sin(query.anim_time * 240*5)*2", 0, 0],
						"2.5": ["Math.sin(query.anim_time * 240*5)*8", 0, 0],
						"3.0": [0, 0, 0]
					}
				},
				"MeatString2": {
					"rotation": {
						"0.0": [0, 0, 0],
						"0.5833": ["Math.sin(query.anim_time * 240*5)*2", 0, 0],
						"2.5": ["Math.sin(query.anim_time * 240*5)*8", 0, 0],
						"3.0": [0, 0, 0]
					}
				},
				"MeatString3": {
					"rotation": {
						"0.0": [0, 0, 0],
						"0.5833": [0, "Math.sin(query.anim_time * 240*5)*2", 0],
						"2.5": [0, "Math.sin(query.anim_time * 240*5)*8", 0],
						"3.0": [0, 0, 0]
					}
				},
				"MeatString4": {
					"rotation": {
						"0.0": [0, 0, 0],
						"0.5833": ["Math.sin(query.anim_time * 240*5)*3", 0, "Math.sin(query.anim_time * 240*5)*3"],
						"2.5": ["Math.sin(query.anim_time * 240*5)*8", 0, "Math.sin(query.anim_time * 240*5)*8"],
						"3.0": [0, 0, 0]
					}
				},
				"MeatString5": {
					"rotation": {
						"0.0": [0, 0, 0],
						"0.5833": [0, 0, "Math.sin(query.anim_time * 240*5)*3"],
						"2.5": [0, 0, "Math.sin(query.anim_time * 240*5)*8"],
						"3.0": [0, 0, 0]
					}
				},
				"MeatString6": {
					"rotation": {
						"0.0": [0, 0, 0],
						"0.5833": [0, 0, "Math.sin(query.anim_time * 240*5)*3"],
						"2.5": [0, 0, "Math.sin(query.anim_time * 240*5)*8"],
						"3.0": [0, 0, 0]
					}
				},
				"MeatString7": {
					"rotation": {
						"0.0": [0, 0, 0],
						"0.5833": ["Math.sin(query.anim_time * 240*5)*3", 0, "Math.sin(query.anim_time * 240*5)*3"],
						"2.5": ["Math.sin(query.anim_time * 240*5)*8", 0, "Math.sin(query.anim_time * 240*5)*8"],
						"3.0": [0, 0, 0]
					}
				}
			}
		}
	}
}