{
	"portraitScale": 1,
	"portraitTranslation": [0.2, 0, 0],
	"profileScale": 1,
	"profileTranslation": [0, 0, 0],
	"faint": "bedrock(scorpeg, faint)",
	"poses": {
		"standing": {
			"poseName": "standing",
			"transformTicks": 10,
			"poseTypes": [
				"STAND",
				"NONE",
				"PORTRAIT",
				"PROFILE"
			],
			"quirks": [{
				"name": "blink",
				"loopTimes": 1,
				"minSecondsBetweenOccurrences": 8,
				"maxSecondsBetweenOccurrences": 30,
				"animations": [
					"bedrock(scorpeg, blink)"
				]
			}],
			"animations": [
				"blink",
				"bedrock(scorpeg, ground_idle)"
			]
		},
		"walking": {
			"poseName": "walking",
			"transformTicks": 10,
			"poseTypes": ["WALK"],
			"animations": [
				"blink",
				"bedrock(scorpeg, ground_walk)"
			]
		},
		"sleeping": {
			"poseName": "sleeping",
			"transformTicks": 10,
			"poseTypes": ["SLEEP"],
			"animations": [
				"bedrock(scorpeg, sleep)"
			]
		}
	}
}