{
	"head": "head",
	"portraitScale": 1.9,
	"portraitTranslation": [-0.6, 1.8, 0],
	"profileScale": 0.7,
	"profileTranslation": [0, 0.9, 0],
	"faint": "bedrock(xenorena, faint)",
	"poses": {
		"standing": {
			"poseName": "standing",
			"transformTicks": 10,
			"poseTypes": [
				"STAND",
				"NONE",
				"PORTRAIT",
				"PROFILE"
			],
			"animations": [
				"look",
				"bedrock(xenorena, ground_idle)"
			]
		},
		"walking": {
			"poseName": "walking",
			"transformTicks": 10,
			"poseTypes": ["WALK"],
			"animations": [
				"look",
				"bedrock(xenorena, ground_idle)",
				"bedrock(xenorena, ground_walk)"
			]
		},
		"floating": {
			"poseName": "floating",
			"transformTicks": 10,
			"poseTypes": ["FLOAT"],
			"animations": [
				"look",
				"bedrock(xenorena, water_idle)"
			]
		},
		"swimming": {
			"poseName": "swimming",
			"transformTicks": 10,
			"poseTypes": ["SWIM"],
			"animations": [
				"bedrock(xenorena, water_swim)"
			]
		},
		"sleeping": {
			"poseName": "sleeping",
			"transformTicks": 10,
			"poseTypes": ["SLEEP"],
			"animations": [
				"bedrock(xenorena, sleep)"
			]
		}
	}
}