{
	"credit": "Made with Blockbench",
	"texture_size": [128, 128],
	"textures": {
		"0": "block/copa_guijarro",
		"particle": "block/copa_guijarro"
	},
	"elements": [
		{
			"name": "base1",
			"from": [0, 0, 0],
			"to": [16, 2, 16],
			"faces": {
				"north": {"uv": [9.5, 6, 11.5, 6.25], "texture": "#0"},
				"east": {"uv": [7.5, 6, 9.5, 6.25], "texture": "#0"},
				"south": {"uv": [13.5, 6, 15.5, 6.25], "texture": "#0"},
				"west": {"uv": [11.5, 6, 13.5, 6.25], "texture": "#0"},
				"up": {"uv": [11.5, 6, 9.5, 4], "texture": "#0"},
				"down": {"uv": [13.5, 4, 11.5, 6], "texture": "#0"}
			}
		},
		{
			"name": "base2",
			"from": [1, 2, 1],
			"to": [15, 6, 15],
			"rotation": {"angle": 0, "axis": "y", "origin": [1, 2, 1]},
			"faces": {
				"north": {"uv": [9.25, 8, 11, 8.5], "texture": "#0"},
				"east": {"uv": [7.5, 8, 9.25, 8.5], "texture": "#0"},
				"south": {"uv": [12.75, 8, 14.5, 8.5], "texture": "#0"},
				"west": {"uv": [11, 8, 12.75, 8.5], "texture": "#0"},
				"up": {"uv": [11, 8, 9.25, 6.25], "texture": "#0"},
				"down": {"uv": [12.75, 6.25, 11, 8], "texture": "#0"}
			}
		},
		{
			"name": "base3",
			"from": [2, 6, 2],
			"to": [14, 8, 14],
			"rotation": {"angle": 0, "axis": "y", "origin": [2, 6, 2]},
			"faces": {
				"north": {"uv": [9.5, 1.5, 11, 1.75], "texture": "#0"},
				"east": {"uv": [8, 1.5, 9.5, 1.75], "texture": "#0"},
				"south": {"uv": [12.5, 1.5, 14, 1.75], "texture": "#0"},
				"west": {"uv": [11, 1.5, 12.5, 1.75], "texture": "#0"},
				"up": {"uv": [11, 1.5, 9.5, 0], "texture": "#0"},
				"down": {"uv": [12.5, 0, 11, 1.5], "texture": "#0"}
			}
		},
		{
			"name": "base4",
			"from": [1, 8, 1],
			"to": [15, 10, 15],
			"rotation": {"angle": 0, "axis": "y", "origin": [1, 8, 1]},
			"faces": {
				"north": {"uv": [1.75, 9.5, 3.5, 9.75], "texture": "#0"},
				"east": {"uv": [0, 9.5, 1.75, 9.75], "texture": "#0"},
				"south": {"uv": [5.25, 9.5, 7, 9.75], "texture": "#0"},
				"west": {"uv": [3.5, 9.5, 5.25, 9.75], "texture": "#0"},
				"up": {"uv": [3.5, 9.5, 1.75, 7.75], "texture": "#0"},
				"down": {"uv": [5.25, 7.75, 3.5, 9.5], "texture": "#0"}
			}
		},
		{
			"name": "base5",
			"from": [3, 10, 3],
			"to": [13, 11, 13],
			"rotation": {"angle": 0, "axis": "y", "origin": [3, 10, 3]},
			"faces": {
				"north": {"uv": [9.25, 3, 10.5, 3.125], "texture": "#0"},
				"east": {"uv": [8, 3, 9.25, 3.125], "texture": "#0"},
				"south": {"uv": [11.75, 3, 13, 3.125], "texture": "#0"},
				"west": {"uv": [10.5, 3, 11.75, 3.125], "texture": "#0"},
				"up": {"uv": [10.5, 3, 9.25, 1.75], "texture": "#0"},
				"down": {"uv": [11.75, 1.75, 10.5, 3], "texture": "#0"}
			}
		},
		{
			"name": "bola int",
			"from": [0.5, 14.5, 0.5],
			"to": [15.5, 29.5, 15.5],
			"rotation": {"angle": 0, "axis": "y", "origin": [1, 15, 1]},
			"faces": {
				"north": {"uv": [1.875, 5.875, 3.75, 7.75], "texture": "#0"},
				"east": {"uv": [0, 5.875, 1.875, 7.75], "texture": "#0"},
				"south": {"uv": [5.625, 5.875, 7.5, 7.75], "texture": "#0"},
				"west": {"uv": [3.75, 5.875, 5.625, 7.75], "texture": "#0"},
				"up": {"uv": [3.75, 5.875, 1.875, 4], "texture": "#0"},
				"down": {"uv": [5.625, 4, 3.75, 5.875], "texture": "#0"}
			}
		},
		{
			"name": "bola ext",
			"from": [0, 14, 0],
			"to": [16, 30, 16],
			"rotation": {"angle": 0, "axis": "y", "origin": [0, 13, 0]},
			"faces": {
				"north": {"uv": [2, 2, 4, 4], "texture": "#0"},
				"east": {"uv": [0, 2, 2, 4], "texture": "#0"},
				"south": {"uv": [6, 2, 8, 4], "texture": "#0"},
				"west": {"uv": [4, 2, 6, 4], "texture": "#0"},
				"up": {"uv": [4, 2, 2, 0], "texture": "#0"},
				"down": {"uv": [6, 0, 4, 2], "texture": "#0"}
			}
		}
	],
	"display": {
		"thirdperson_righthand": {
			"rotation": [75, 140, 0],
			"translation": [0, 2.5, 0],
			"scale": [0.375, 0.375, 0.375]
		},
		"thirdperson_lefthand": {
			"rotation": [75, -39, 0],
			"translation": [0, 2.5, 0],
			"scale": [0.375, 0.375, 0.375]
		},
		"firstperson_righthand": {
			"rotation": [0, -144, 0],
			"scale": [0.4, 0.4, 0.4]
		},
		"firstperson_lefthand": {
			"rotation": [0, 43, 0],
			"scale": [0.4, 0.4, 0.4]
		},
		"ground": {
			"translation": [0, 3.25, 0],
			"scale": [0.44, 0.44, 0.44]
		},
		"gui": {
			"rotation": [30, 225, 0],
			"translation": [0, -2.5, 0],
			"scale": [0.43, 0.43, 0.43]
		},
		"head": {
			"rotation": [0, 90, 0],
			"translation": [0, 14.5, 0]
		},
		"fixed": {
			"rotation": [-90, 90, 0],
			"translation": [0, 0, -10.25],
			"scale": [1.54, 1.54, 1.54]
		}
	}
}