{
  "parent": "minecraft:item/generated",
  "textures": {
    "layer0": "minecraft:item/diamond"
  },
  "overrides": [
    {"predicate": {"custom_model_data": 100},"model": "minecraft:item/gemas/llama_blanca"},
    {"predicate": {"custom_model_data": 101},"model": "minecraft:item/gemas/fragmento_yang"},
    {"predicate": {"custom_model_data": 102},"model": "minecraft:item/gemas/llama_verde"},
    {"predicate": {"custom_model_data": 103},"model": "minecraft:item/gemas/llama_negra"},
    {"predicate": {"custom_model_data": 104},"model": "minecraft:item/gemas/llama_roja"},
    {"predicate": {"custom_model_data":5612105}, "model": "minecraft:vegasgui/3drums/drums_chest"},
    {"predicate": {"custom_model_data":5680101}, "model": "minecraft:vegasgui/40chips/chip_1"},
    {"predicate": {"custom_model_data":5680102}, "model": "minecraft:vegasgui/40chips/chip_2"},
    {"predicate": {"custom_model_data":5680103}, "model": "minecraft:vegasgui/40chips/chip_3"},
    {"predicate": {"custom_model_data":5680104}, "model": "minecraft:vegasgui/40chips/chip_4"},
    {"predicate": {"custom_model_data":5680105}, "model": "minecraft:vegasgui/40chips/chip_5"},
    {"predicate": {"custom_model_data":5680106}, "model": "minecraft:vegasgui/40chips/chip_6"},
    {"predicate": {"custom_model_data":5680107}, "model": "minecraft:vegasgui/40chips/chip_7"},
    {"predicate": {"custom_model_data":5680108}, "model": "minecraft:vegasgui/40chips/chip_8"},
    {"predicate": {"custom_model_data":5680109}, "model": "minecraft:vegasgui/40chips/chip_9"},
    {"predicate": {"custom_model_data":5680110}, "model": "minecraft:vegasgui/40chips/chip_10"}
  ]
}