{
  "parent": "minecraft:item/generated",
  "textures": {
    "layer0": "minecraft:item/paper"
  },
  "overrides": [
    {"predicate": {"custom_model_data": 101}, "model": "minecraft:item/salud2"},
    {"predicate": {"custom_model_data": 102}, "model": "minecraft:item/xp1"},
    {"predicate": {"custom_model_data": 103}, "model": "minecraft:item/xp2"},
    {"predicate": {"custom_model_data": 104}, "model": "minecraft:item/alert"},
    {"predicate": {"custom_model_data": 105}, "model": "minecraft:item/cross"},
    {"predicate": {"custom_model_data": 106}, "model": "minecraft:item/info"},
    {"predicate": {"custom_model_data": 107}, "model": "minecraft:item/check"},
    {"predicate": {"custom_model_data": 108}, "model": "minecraft:item/empty"},
    {"predicate": {"custom_model_data": 109}, "model": "minecraft:item/xpempty"},
    {"predicate": {"custom_model_data": 110}, "model": "minecraft:item/aurora_peluche"},
    {"predicate": {"custom_model_data": 111}, "model": "minecraft:item/copa_guijarro"},
    {"predicate": {"custom_model_data": 112}, "model": "minecraft:item/play"},
    {"predicate": {"custom_model_data": 113}, "model": "minecraft:item/stop"},
    {"predicate": {"custom_model_data": 114}, "model": "minecraft:block/macbook"},
    {"predicate": {"custom_model_data": 115}, "model": "minecraft:block/pc"},
    {"predicate": {"custom_model_data": 116}, "model": "minecraft:block/logo-liga"},
    {"predicate": {"custom_model_data": 117}, "model": "minecraft:block/logo-guijarro"},
    {"predicate": {"custom_model_data": 118}, "model": "minecraft:block/altar_vacio"},
    {"predicate": {"custom_model_data": 119}, "model": "minecraft:block/slot_machine"},
    {"predicate": {"custom_model_data": 120}, "model": "minecraft:block/const_barrier"},
    {"predicate": {"custom_model_data": 121}, "model": "minecraft:block/casino_chips"},
    {"predicate": {"custom_model_data": 122}, "model": "minecraft:block/casino_monitor"},
    {"predicate": {"custom_model_data": 123}, "model": "minecraft:block/bank_barrier"},
    {"predicate": {"custom_model_data": 124}, "model": "minecraft:block/bank_camera"},
    {"predicate": {"custom_model_data": 125}, "model": "minecraft:block/bank_computer"},
    {"predicate": {"custom_model_data": 126}, "model": "minecraft:block/vending_machine"},
    {"predicate": {"custom_model_data": 127}, "model": "minecraft:item/buscapelea"},
    {"predicate": {"custom_model_data": 128}, "model": "minecraft:item/buscapelea_lider"},
    {"predicate": {"custom_model_data": 129}, "model": "minecraft:item/aurora_peluche_2"},
    {"predicate": {"custom_model_data": 130}, "model": "minecraft:item/muestra"},
    {"predicate": {"custom_model_data": 1005}, "model": "minecraft:item/ficha_5"},
    {"predicate": {"custom_model_data": 1020}, "model": "minecraft:item/ficha_20"},
    {"predicate": {"custom_model_data": 1100}, "model": "minecraft:item/ficha_100"},
    {"predicate": {"custom_model_data": 1500}, "model": "minecraft:item/ficha_500"},
    {"predicate": {"custom_model_data": 2000}, "model": "minecraft:item/ticket"},
    {"predicate": {"custom_model_data": 3000}, "model": "minecraft:block/burger_mesa"},
    {"predicate": {"custom_model_data": 3001}, "model": "minecraft:block/burger_graffiti"},
    {"predicate": {"custom_model_data": 3003}, "model": "minecraft:block/burger_bandeja"},
    {"predicate": {"custom_model_data": 3004}, "model": "minecraft:block/burger_bandeja_2"},
    {"predicate": {"custom_model_data": 3005}, "model": "minecraft:block/futbolito"},
    {"predicate": {"custom_model_data": 3006}, "model": "minecraft:block/crate_machine_legacy"},
    {"predicate": {"custom_model_data": 3007}, "model": "minecraft:block/crate_machine_seasonal"},
    {"predicate": {"custom_model_data": 3008}, "model": "minecraft:block/giant_burger_1"},
    {"predicate": {"custom_model_data": 3009}, "model": "minecraft:block/menu_sign"},
    {"predicate": {"custom_model_data": 3010}, "model": "minecraft:block/ceiling_fan"},
    {"predicate": {"custom_model_data": 3011}, "model": "minecraft:block/maquina_batidos_1"},
    {"predicate": {"custom_model_data": 3012}, "model": "minecraft:block/slush_1"},
    {"predicate": {"custom_model_data": 3013}, "model": "minecraft:block/slush_2"},
    {"predicate": {"custom_model_data": 3014}, "model": "minecraft:block/slush_3"},
    {"predicate": {"custom_model_data": 3015}, "model": "minecraft:block/slush_4"},
    {"predicate": {"custom_model_data": 3016}, "model": "minecraft:block/microphone"},
    {"predicate": {"custom_model_data": 3017}, "model": "minecraft:block/microphone_with_boom_stand"},
    {"predicate": {"custom_model_data": 3018}, "model": "minecraft:block/stack_bandejas"},
    {"predicate": {"custom_model_data": 3019}, "model": "minecraft:block/slush_mesa1"},
    {"predicate": {"custom_model_data": 3020}, "model": "minecraft:block/slush_mesa2"},
    {"predicate": {"custom_model_data": 3021}, "model": "minecraft:block/ceiling_fan1"},
    {"predicate": {"custom_model_data": 3022}, "model": "minecraft:block/jigglypuff_cosmetico"},
    {"predicate": {"custom_model_data": 3023}, "model": "minecraft:block/jigglypuff_cosmetico_2"},
    {"predicate": {"custom_model_data": 4001}, "model": "minecraft:block/fiesta/fiesta_confetti"},
    {"predicate": {"custom_model_data": 4002}, "model": "minecraft:block/fiesta/fiesta_globo_amarillo"},
    {"predicate": {"custom_model_data": 4003}, "model": "minecraft:block/fiesta/fiesta_globo_azul"},
    {"predicate": {"custom_model_data": 4004}, "model": "minecraft:block/fiesta/fiesta_globo_rojo"},
    {"predicate": {"custom_model_data": 4005}, "model": "minecraft:block/fiesta/fiesta_globo_verde"},
    {"predicate": {"custom_model_data": 4006}, "model": "minecraft:block/fiesta/fiesta_letrero"},
    {"predicate": {"custom_model_data": 5000}, "model": "minecraft:block/togekiss_muerto"},
    {"predicate": {"custom_model_data":5606101}, "model": "minecraft:vegasgui/50cards/poker_closed_card"},
    {"predicate": {"custom_model_data":5606102}, "model": "minecraft:vegasgui/50cards/poker_card_2_buba"},
    {"predicate": {"custom_model_data":5606103}, "model": "minecraft:vegasgui/50cards/poker_card_3_buba"},
    {"predicate": {"custom_model_data":5606104}, "model": "minecraft:vegasgui/50cards/poker_card_4_buba"},
    {"predicate": {"custom_model_data":5606105}, "model": "minecraft:vegasgui/50cards/poker_card_5_buba"},
    {"predicate": {"custom_model_data":5606106}, "model": "minecraft:vegasgui/50cards/poker_card_6_buba"},
    {"predicate": {"custom_model_data":5606107}, "model": "minecraft:vegasgui/50cards/poker_card_7_buba"},
    {"predicate": {"custom_model_data":5606108}, "model": "minecraft:vegasgui/50cards/poker_card_8_buba"},
    {"predicate": {"custom_model_data":5606109}, "model": "minecraft:vegasgui/50cards/poker_card_9_buba"},
    {"predicate": {"custom_model_data":5606110}, "model": "minecraft:vegasgui/50cards/poker_card_10_buba"},
    {"predicate": {"custom_model_data":5606111}, "model": "minecraft:vegasgui/50cards/poker_card_jack_buba"},
    {"predicate": {"custom_model_data":5606112}, "model": "minecraft:vegasgui/50cards/poker_card_queen_buba"},
    {"predicate": {"custom_model_data":5606113}, "model": "minecraft:vegasgui/50cards/poker_card_king_buba"},
    {"predicate": {"custom_model_data":5606114}, "model": "minecraft:vegasgui/50cards/poker_card_ace_buba"},

    {"predicate": {"custom_model_data":5607102}, "model": "minecraft:vegasgui/50cards/poker_card_2_chervi"},
    {"predicate": {"custom_model_data":5607103}, "model": "minecraft:vegasgui/50cards/poker_card_3_chervi"},
    {"predicate": {"custom_model_data":5607104}, "model": "minecraft:vegasgui/50cards/poker_card_4_chervi"},
    {"predicate": {"custom_model_data":5607105}, "model": "minecraft:vegasgui/50cards/poker_card_5_chervi"},
    {"predicate": {"custom_model_data":5607106}, "model": "minecraft:vegasgui/50cards/poker_card_6_chervi"},
    {"predicate": {"custom_model_data":5607107}, "model": "minecraft:vegasgui/50cards/poker_card_7_chervi"},
    {"predicate": {"custom_model_data":5607108}, "model": "minecraft:vegasgui/50cards/poker_card_8_chervi"},
    {"predicate": {"custom_model_data":5607109}, "model": "minecraft:vegasgui/50cards/poker_card_9_chervi"},
    {"predicate": {"custom_model_data":5607110}, "model": "minecraft:vegasgui/50cards/poker_card_10_chervi"},
    {"predicate": {"custom_model_data":5607111}, "model": "minecraft:vegasgui/50cards/poker_card_jack_chervi"},
    {"predicate": {"custom_model_data":5607112}, "model": "minecraft:vegasgui/50cards/poker_card_queen_chervi"},
    {"predicate": {"custom_model_data":5607113}, "model": "minecraft:vegasgui/50cards/poker_card_king_chervi"},
    {"predicate": {"custom_model_data":5607114}, "model": "minecraft:vegasgui/50cards/poker_card_ace_chervi"},

    {"predicate": {"custom_model_data":5608102}, "model": "minecraft:vegasgui/50cards/poker_card_2_pika"},
    {"predicate": {"custom_model_data":5608103}, "model": "minecraft:vegasgui/50cards/poker_card_3_pika"},
    {"predicate": {"custom_model_data":5608104}, "model": "minecraft:vegasgui/50cards/poker_card_4_pika"},
    {"predicate": {"custom_model_data":5608105}, "model": "minecraft:vegasgui/50cards/poker_card_5_pika"},
    {"predicate": {"custom_model_data":5608106}, "model": "minecraft:vegasgui/50cards/poker_card_6_pika"},
    {"predicate": {"custom_model_data":5608107}, "model": "minecraft:vegasgui/50cards/poker_card_7_pika"},
    {"predicate": {"custom_model_data":5608108}, "model": "minecraft:vegasgui/50cards/poker_card_8_pika"},
    {"predicate": {"custom_model_data":5608109}, "model": "minecraft:vegasgui/50cards/poker_card_9_pika"},
    {"predicate": {"custom_model_data":5608110}, "model": "minecraft:vegasgui/50cards/poker_card_10_pika"},
    {"predicate": {"custom_model_data":5608111}, "model": "minecraft:vegasgui/50cards/poker_card_jack_pika"},
    {"predicate": {"custom_model_data":5608112}, "model": "minecraft:vegasgui/50cards/poker_card_queen_pika"},
    {"predicate": {"custom_model_data":5608113}, "model": "minecraft:vegasgui/50cards/poker_card_king_pika"},
    {"predicate": {"custom_model_data":5608114}, "model": "minecraft:vegasgui/50cards/poker_card_ace_pika"},

    {"predicate": {"custom_model_data":5609102}, "model": "minecraft:vegasgui/50cards/poker_card_2_kresti"},
    {"predicate": {"custom_model_data":5609103}, "model": "minecraft:vegasgui/50cards/poker_card_3_kresti"},
    {"predicate": {"custom_model_data":5609104}, "model": "minecraft:vegasgui/50cards/poker_card_4_kresti"},
    {"predicate": {"custom_model_data":5609105}, "model": "minecraft:vegasgui/50cards/poker_card_5_kresti"},
    {"predicate": {"custom_model_data":5609106}, "model": "minecraft:vegasgui/50cards/poker_card_6_kresti"},
    {"predicate": {"custom_model_data":5609107}, "model": "minecraft:vegasgui/50cards/poker_card_7_kresti"},
    {"predicate": {"custom_model_data":5609108}, "model": "minecraft:vegasgui/50cards/poker_card_8_kresti"},
    {"predicate": {"custom_model_data":5609109}, "model": "minecraft:vegasgui/50cards/poker_card_9_kresti"},
    {"predicate": {"custom_model_data":5609110}, "model": "minecraft:vegasgui/50cards/poker_card_10_kresti"},
    {"predicate": {"custom_model_data":5609111}, "model": "minecraft:vegasgui/50cards/poker_card_jack_kresti"},
    {"predicate": {"custom_model_data":5609112}, "model": "minecraft:vegasgui/50cards/poker_card_queen_kresti"},
    {"predicate": {"custom_model_data":5609113}, "model": "minecraft:vegasgui/50cards/poker_card_king_kresti"},
    {"predicate": {"custom_model_data":5609114}, "model": "minecraft:vegasgui/50cards/poker_card_ace_kresti"}
  ]
}