{
	"format_version": "1.12.0",
	"minecraft:geometry": [
		{
			"description": {
				"identifier": "geometry.unknown",
				"texture_width": 64,
				"texture_height": 64,
				"visible_bounds_width": 3,
				"visible_bounds_height": 2.5,
				"visible_bounds_offset": [0, 0.75, 0]
			},
			"bones": [
				{
					"name": "whole",
					"pivot": [0, 0, 0]
				},
				{
					"name": "head",
					"parent": "whole",
					"pivot": [0, 0, 0],
					"cubes": [
						{"origin": [-4, 0, -7], "size": [8, 8, 8], "uv": [0, 0]}
					]
				},
				{
					"name": "hair",
					"parent": "head",
					"pivot": [0, 0, 0]
				},
				{
					"name": "left",
					"parent": "hair",
					"pivot": [4.00752, 8.13297, -3],
					"cubes": [
						{"origin": [4, 8, -7], "size": [7, 0, 8], "pivot": [4, 8, -3], "rotation": [0, 0, 55], "uv": [12, 16]}
					]
				},
				{
					"name": "right",
					"parent": "hair",
					"pivot": [-4, 7.75, -3],
					"cubes": [
						{"origin": [-11, 8, -7], "size": [7, 0, 8], "pivot": [-4, 8, -3], "rotation": [0, 0, -55], "uv": [16, 0]}
					]
				},
				{
					"name": "eyes",
					"parent": "head",
					"pivot": [0, -0.5, -0.025],
					"cubes": [
						{"origin": [-3, 3, -7.05], "size": [2, 2, 2], "uv": [0, 4]},
						{"origin": [1, 3, -7.05], "size": [2, 2, 2], "uv": [0, 0]}
					]
				},
				{
					"name": "mouth",
					"parent": "head",
					"pivot": [0, 0.025, -6.975],
					"cubes": [
						{"origin": [-2, 0.025, -6.975], "size": [4, 3, 3], "uv": [0, 24]}
					]
				},
				{
					"name": "tail",
					"parent": "whole",
					"pivot": [0, 4, 1],
					"cubes": [
						{"origin": [0, 0, 1], "size": [0, 8, 10], "uv": [0, 6]}
					]
				}
			]
		}
	]
}