{
    "providers": [
        {
            "type": "bitmap",
            "file": "minecraft:ranks/admin.png",
            "ascent": 7,
            "height": 7,
            "chars": ["\uE800"]
        },
        {
            "type": "bitmap",
            "file": "minecraft:ranks/mod.png",
            "ascent": 7,
            "height": 7,
            "chars": ["\uE801"]
        },
        {
            "type": "bitmap",
            "file": "minecraft:ranks/lider.png",
            "ascent": 7,
            "height": 7,
            "chars": ["\uE802"]
        },
        {
            "type": "bitmap",
            "file": "minecraft:ranks/streamer.png",
            "ascent": 7,
            "height": 7,
            "chars": ["\uE803"]
        },
        {
            "type": "bitmap",
            "file": "minecraft:misc/normal.png",
            "ascent": 155,
            "height": 155,
            "chars": ["\uE804"]
        },
        {
            "type": "bitmap",
            "file": "minecraft:misc/largo.png",
            "ascent": 90,
            "height": 90,
            "chars": ["\uE805"]
        },
        {
            "type": "bitmap",
            "file": "minecraft:misc/discord.png",
            "ascent": 8,
            "height": 10,
            "chars": ["\uE806"]
        },
        {
            "type": "bitmap",
            "file": "minecraft:misc/telegram.png",
            "ascent": 8,
            "height": 10,
            "chars": ["\uE807"]
        },
        {
            "type": "bitmap",
            "file": "minecraft:misc/tiktok.png",
            "ascent": 8,
            "height": 10,
            "chars": ["\uE808"]
        },
        {
            "type": "bitmap",
            "file": "minecraft:misc/twitch.png",
            "ascent": 8,
            "height": 10,
            "chars": ["\uE809"]
        },
        {
            "type": "bitmap",
            "file": "minecraft:misc/normal.png",
            "ascent": 77,
            "height": 77,
            "chars": ["\uE80A"]
        },
        {
            "type": "bitmap",
            "file": "minecraft:misc/youtube.png",
            "ascent": 8,
            "height": 10,
            "chars": ["\uE80B"]
        },
        {
            "type": "bitmap",
            "file": "minecraft:misc/telegramchat.png",
            "ascent": 8,
            "height": 8,
            "chars": ["\ud83d\udcac"]
        },
        {
            "type": "bitmap",
            "file": "minecraft:ranks/sacerdote.png",
            "ascent": 7,
            "height": 7,
            "chars": ["\ue80D"]
        },
        {
            "type": "bitmap",
            "file": "minecraft:misc/boda-diorvi.png",
            "ascent": 107,
            "height": 107,
            "chars": ["\ue80E"]
        },
        {
            "type": "bitmap",
            "file": "minecraft:misc/original.png",
            "ascent": 9,
            "height": 9,
            "chars": ["\uE810"]
        },
        {
            "type": "bitmap",
            "file": "minecraft:misc/duplicado.png",
            "ascent": 9,
            "height": 9,
            "chars": ["\uE811"]
        },
        {
            "type": "bitmap",
            "file": "minecraft:misc/sin_asignar.png",
            "ascent": 9,
            "height": 9,
            "chars": ["\uE812"]
        },
        {
            "type": "bitmap",
            "file": "minecraft:misc/trofeo_oro.png",
            "ascent": 8,
            "height": 8,
            "chars": ["\uE813"]
        },
        {
            "type": "bitmap",
            "file": "minecraft:misc/trofeo_plata.png",
            "ascent": 8,
            "height": 8,
            "chars": ["\uE814"]
        },
        {
            "type": "bitmap",
            "file": "minecraft:misc/trofeo_bronce.png",
            "ascent": 8,
            "height": 8,
            "chars": ["\uE815"]
        },
        {
            "type": "bitmap",
            "file": "minecraft:misc/puesto_oro.png",
            "ascent": 8,
            "height": 8,
            "chars": ["\uE816"]
        },
        {
            "type": "bitmap",
            "file": "minecraft:misc/puesto_plata.png",
            "ascent": 8,
            "height": 8,
            "chars": ["\uE817"]
        },
        {
            "type": "bitmap",
            "file": "minecraft:misc/puesto_bronce.png",
            "ascent": 8,
            "height": 8,
            "chars": ["\uE818"]
        },
        {
            "type": "bitmap",
            "file": "minecraft:misc/liga.png",
            "ascent": 77,
            "height": 77,
            "chars": ["\uE819"]
        },
        {
            "type": "bitmap",
            "file": "minecraft:misc/liga.png",
            "ascent": 35,
            "height": 35,
            "chars": ["\uE81A"]
        },
        {
            "type": "bitmap",
            "file": "minecraft:misc/right_click.png",
            "ascent": 7,
            "height": 7,
            "chars": ["\uE81B"]
        },
        {
            "type": "bitmap",
            "file": "minecraft:misc/left_click.png",
            "ascent": 7,
            "height": 7,
            "chars": ["\uE81C"]
        },
        {
            "type": "bitmap",
            "file": "minecraft:misc/exclusivo.png",
            "ascent": 9,
            "height": 9,
            "chars": ["\uE81D"]
        },
        {
            "type": "bitmap",
            "file": "minecraft:misc/especial.png",
            "ascent": 9,
            "height": 9,
            "chars": ["\uE81E"]
        },
        {
            "type": "bitmap",
            "file": "minecraft:misc/tiktoker.png",
            "ascent": 7,
            "height": 7,
            "chars": ["\uE81F"]
        },
        {
      "type": "bitmap",
      "file": "space:font/splitter.png",
      "ascent": -9999,
      "height": -2,
      "chars": [
          "󀀀"
      ]
    },
    {
      "type": "space",
      "advances": {
          "󏿲": -20
      }
    },
    {"type": "bitmap","file": "minecraft:item/gui/main_gui.png","ascent": 21,"height": 236,"chars": ["జ"]},
    {"type": "bitmap","file": "minecraft:item/gui/shop_gui.png","ascent": 21,"height": 236,"chars": [""]},
    {"type": "bitmap","file": "minecraft:item/gui/statistics_gui.png","ascent": 21,"height": 236,"chars": [""]},
    {"type": "bitmap","file": "minecraft:item/gui/roulette_gui.png","ascent": 38,"height": 236,"chars": ["చ"]},
    {"type": "bitmap","file": "minecraft:item/gui/darts_gui.png","ascent": 38,"height": 236,"chars": [""]},
    {"type": "bitmap","file": "minecraft:item/gui/drums_gui.png","ascent": 21,"height": 236,"chars": ["ట"]},
    {"type": "bitmap","file": "minecraft:item/gui/races_gui.png","ascent": 21,"height": 236,"chars": [""]},
    {"type": "bitmap","file": "minecraft:item/gui/pyramid_gui.png","ascent": 21,"height": 236,"chars": [""]},
    {"type": "bitmap","file": "minecraft:item/gui/stairs_gui.png","ascent": 21,"height": 236,"chars": [""]},
    {"type": "bitmap","file": "minecraft:item/gui/lottery_gui.png","ascent": 21,"height": 236,"chars": [""]},
    {"type": "bitmap","file": "minecraft:item/gui/crash_gui.png","ascent": 21,"height": 236,"chars": [""]},
    {"type": "bitmap","file": "minecraft:item/gui/classic_gui.png","ascent": 21,"height": 236,"chars": [""]},
    {"type": "bitmap","file": "minecraft:item/gui/blackjack_gui.png","ascent": 21,"height": 236,"chars": [""]},
    {"type": "bitmap","file": "minecraft:item/gui/rockpaperscissors_gui.png","ascent": 21,"height": 236,"chars": [""]},
    {"type": "bitmap","file": "minecraft:item/gui/tictactoe_gui.png","ascent": 38,"height": 236,"chars": [""]},
    {"type": "bitmap","file": "minecraft:item/gui/deadmanschest_gui.png","ascent": 21,"height": 236,"chars": [""]},
    {"type": "bitmap","file": "minecraft:item/gui/poker_gui.png","ascent": 21,"height": 236,"chars": [""]},
    {"type": "bitmap","file": "minecraft:item/gui/dice_gui.png","ascent": 38,"height": 236,"chars": [""]},
    {"type": "bitmap","file": "minecraft:item/gui/minesweeper_gui.png","ascent": 21,"height": 236,"chars": [""]},
    {"type": "bitmap","file": "minecraft:item/gui/doubleroulette_gui.png","ascent": 21,"height": 236,"chars": [""]}
    ]
}