{
	"credit": "Made with Blockbench",
	"textures": {
		"0": "block/burger_jigglybun",
		"1": "block/burger_jigglybun_anim",
		"particle": "block/burger_jigglybun"
	},
	"elements": [
		{
			"from": [-15.97, -7.99, 9.645],
			"to": [31.97, 21.15, 9.645],
			"rotation": {"angle": 0, "axis": "y", "origin": [8, 6.58, 4.88625]},
			"faces": {
				"north": {"uv": [1.125, 0.125, 13.875, 7.875], "texture": "#1"},
				"south": {"uv": [13.875, 0.125, 1.125, 7.875], "texture": "#1"}
			}
		},
		{
			"from": [-15.97, -7.99, 9.88],
			"to": [31.97, 21.15, 9.88],
			"rotation": {"angle": 0, "axis": "y", "origin": [8, 6.58, 4.88625]},
			"faces": {
				"north": {"uv": [0, 0, 12.75, 7.75], "texture": "#0"},
				"south": {"uv": [12.75, 0, 0, 7.75], "texture": "#0"}
			}
		},
		{
			"from": [-10.8, -2.82, 10.115],
			"to": [26.8, 15.98, 11.525],
			"rotation": {"angle": 0, "axis": "y", "origin": [8, 6.58, 4.88625]},
			"faces": {
				"north": {"uv": [0, 11, 10, 16], "texture": "#0"},
				"east": {"uv": [10, 11, 10.375, 16], "texture": "#0"},
				"south": {"uv": [0, 11, 10, 16], "texture": "#0"},
				"west": {"uv": [10, 11, 10.375, 16], "texture": "#0"},
				"up": {"uv": [0, 10.625, 10, 11], "texture": "#0"},
				"down": {"uv": [0, 10.25, 10, 10.625], "texture": "#0"}
			}
		},
		{
			"from": [26.8, 15.98, 11.525],
			"to": [-10.8, -2.82, 10.115],
			"rotation": {"angle": 0, "axis": "y", "origin": [0.48, -6.58, 3.59375]},
			"faces": {
				"north": {"uv": [0, 16, 10, 11], "texture": "#0"},
				"east": {"uv": [10, 16, 10.375, 11], "texture": "#0"},
				"south": {"uv": [0, 16, 10, 11], "texture": "#0"},
				"west": {"uv": [10, 16, 10.375, 11], "texture": "#0"},
				"up": {"uv": [10, 10.25, 0, 10.625], "texture": "#0"},
				"down": {"uv": [10, 10.625, 0, 11], "texture": "#0"}
			}
		}
	],
	"display": {
		"thirdperson_righthand": {
			"rotation": [63, 34, 0],
			"translation": [0, 1, -1],
			"scale": [0.37891, 0.37891, 0.37891]
		},
		"thirdperson_lefthand": {
			"rotation": [63, 34, 0],
			"translation": [0, 1, -1],
			"scale": [0.37891, 0.37891, 0.37891]
		},
		"firstperson_righthand": {
			"rotation": [3, 112, -13],
			"translation": [9.5, 0, -5.75],
			"scale": [0.35547, 0.35547, 0.35547]
		},
		"firstperson_lefthand": {
			"rotation": [3, 112, -13],
			"translation": [9.5, 0, -5.75],
			"scale": [0.35547, 0.35547, 0.35547]
		},
		"ground": {
			"translation": [0, 4.25, 0],
			"scale": [0.28906, 0.28906, 0.28906]
		},
		"gui": {
			"rotation": [30, -158, 0],
			"translation": [0, 0.5, 0],
			"scale": [0.31211, 0.31211, 0.31211]
		},
		"head": {
			"rotation": [-4, 0, 0],
			"translation": [0, -11.25, -0.75],
			"scale": [3.3, 3.3, 3.3]
		},
		"fixed": {
			"translation": [0, 4.5, -10.25],
			"scale": [3, 3, 3]
		}
	}
}