{
	"credit": "Made with Blockbench",
	"textures": {
		"1": "block/slush_4",
		"3": "block/props_kitchen",
		"particle": "block/slush_4"
	},
	"elements": [
		{
			"from": [2.99, 6.99, 13.99],
			"to": [13.01, 16.01, 16.01],
			"rotation": {"angle": 0, "axis": "y", "origin": [-1, 0, 0]},
			"faces": {
				"north": {"uv": [10.625, 11.375, 10.75, 11.5], "texture": "#3"},
				"east": {"uv": [10.875, 10.5, 10.625, 11.625], "texture": "#3"},
				"south": {"uv": [9.375, 10.5, 10.625, 11.625], "texture": "#3"},
				"west": {"uv": [10.625, 10.5, 10.875, 11.625], "texture": "#3"},
				"up": {"uv": [9.375, 10.25, 10.625, 10.5], "texture": "#3"},
				"down": {"uv": [10.625, 10.5, 10.75, 10.625], "texture": "#3"}
			}
		},
		{
			"from": [2.5, 21, 3.5],
			"to": [13.5, 24, 14.5],
			"rotation": {"angle": 0, "axis": "y", "origin": [8, 22, 9.5]},
			"faces": {
				"north": {"uv": [7.75, 11.25, 9.125, 11.625], "texture": "#3"},
				"east": {"uv": [7.75, 11.25, 9.125, 11.625], "texture": "#3"},
				"south": {"uv": [7.75, 11.25, 9.125, 11.625], "texture": "#3"},
				"west": {"uv": [7.75, 11.25, 9.125, 11.625], "texture": "#3"},
				"up": {"uv": [7.875, 9.75, 9.25, 11.125], "texture": "#3"},
				"down": {"uv": [9.375, 8.75, 10.75, 10.125], "texture": "#3"}
			}
		},
		{
			"from": [6, 11.25, 1.75],
			"to": [10, 16.25, 1.75],
			"rotation": {"angle": -22.5, "axis": "x", "origin": [8, 9.5, 1]},
			"faces": {
				"north": {"uv": [8.75, 8.75, 9.25, 9.375], "texture": "#3"},
				"south": {"uv": [8.75, 8.75, 9.25, 9.375], "texture": "#3"}
			}
		},
		{
			"from": [6.99, 6.99, -0.01],
			"to": [9.01, 12.01, 2.01],
			"rotation": {"angle": 0, "axis": "y", "origin": [8, 9.5, 1]},
			"faces": {
				"north": {"uv": [8.375, 8.75, 8.625, 9.375], "texture": "#3"},
				"east": {"uv": [8.375, 8.75, 8.625, 9.375], "texture": "#3"},
				"south": {"uv": [8.375, 8.75, 8.625, 9.375], "texture": "#3"},
				"west": {"uv": [8.375, 8.75, 8.625, 9.375], "texture": "#3"},
				"up": {"uv": [8.375, 8.875, 8.5, 9], "texture": "#3"},
				"down": {"uv": [8.375, 8.875, 8.5, 9], "texture": "#3"}
			}
		},
		{
			"from": [0.5, 0, 4],
			"to": [15.5, 7, 16],
			"rotation": {"angle": 0, "axis": "y", "origin": [-0.5, 0, 0]},
			"faces": {
				"north": {"uv": [3.75, 12.5, 5.625, 13.375], "texture": "#3"},
				"east": {"uv": [4.25, 14.125, 5.75, 15], "texture": "#3"},
				"south": {"uv": [3.75, 12.5, 5.625, 13.375], "texture": "#3"},
				"west": {"uv": [4.25, 14.125, 5.75, 15], "texture": "#3"},
				"up": {"uv": [2.25, 13.5, 4.125, 15], "texture": "#3"},
				"down": {"uv": [0.25, 14, 2.125, 15.375], "texture": "#3"}
			}
		},
		{
			"from": [2.5, 0, 0],
			"to": [13.5, 1, 4],
			"rotation": {"angle": 0, "axis": "y", "origin": [-0.5, 0, 0]},
			"faces": {
				"north": {"uv": [4.25, 13.5, 5.625, 13.625], "texture": "#3"},
				"east": {"uv": [4.25, 13.5, 4.375, 14], "rotation": 90, "texture": "#3"},
				"west": {"uv": [4.25, 14, 4.375, 13.5], "rotation": 90, "texture": "#3"},
				"up": {"uv": [4.25, 13.5, 5.625, 14], "texture": "#3"},
				"down": {"uv": [4.25, 14, 5.625, 13.5], "texture": "#3"}
			}
		},
		{
			"from": [12.52, 16.22711, 14.02],
			"to": [3.48, 7.18711, 1.98],
			"rotation": {"angle": 45, "axis": "z", "origin": [8, 11.70711, 8.5]},
			"faces": {
				"north": {"uv": [8.875, 11.875, 7.75, 13], "rotation": 90, "texture": "#3"},
				"east": {"uv": [10.25, 11.75, 9.125, 13.25], "rotation": 90, "texture": "#3"},
				"south": {"uv": [7.75, 13, 8.875, 11.875], "texture": "#3"},
				"west": {"uv": [10.25, 13.375, 9.125, 14.875], "rotation": 270, "texture": "#3"},
				"up": {"uv": [9.125, 13.25, 10.25, 11.75], "texture": "#3"},
				"down": {"uv": [10.25, 13.375, 9.125, 14.875], "texture": "#3"}
			}
		},
		{
			"from": [13, 21, 14],
			"to": [3, 7, 4],
			"rotation": {"angle": 0, "axis": "y", "origin": [-1, 0, 0]},
			"faces": {
				"north": {"uv": [7.75, 14.875, 9, 13.125], "texture": "#3"},
				"east": {"uv": [7.75, 14.875, 9, 13.125], "texture": "#3"},
				"south": {"uv": [7.75, 14.875, 9, 13.125], "texture": "#3"},
				"west": {"uv": [7.75, 14.875, 9, 13.125], "texture": "#3"},
				"up": {"uv": [7.125, 10.375, 7, 10.5], "texture": "#3"},
				"down": {"uv": [7.125, 10.375, 7, 10.5], "texture": "#3"}
			}
		},
		{
			"from": [3.5, 6.5, 4.5],
			"to": [12.5, 17.5, 13.5],
			"rotation": {"angle": 0, "axis": "y", "origin": [-0.5, 0, 0]},
			"faces": {
				"north": {"uv": [0.25, 4.25, 2.5, 7], "texture": "#1", "tintindex": 0},
				"east": {"uv": [0.25, 4.25, 2.5, 7], "texture": "#1", "tintindex": 0},
				"south": {"uv": [0.25, 4.25, 2.5, 7], "texture": "#1", "tintindex": 0},
				"west": {"uv": [0.25, 4.25, 2.5, 7], "texture": "#1", "tintindex": 0},
				"up": {"uv": [3.25, 0.25, 5.5, 2.5], "texture": "#1", "tintindex": 0},
				"down": {"uv": [2.75, 2.25, 3, 2.5], "texture": "#1", "tintindex": 0}
			}
		},
		{
			"from": [3.5, 6.25, 4.5],
			"to": [12.5, 18.25, 13.5],
			"rotation": {"angle": 0, "axis": "y", "origin": [-0.5, 0, 0]},
			"faces": {
				"north": {"uv": [5.75, 4.25, 8, 7.25], "texture": "#1", "tintindex": 0},
				"east": {"uv": [5.75, 4.25, 8, 7.25], "texture": "#1", "tintindex": 0},
				"south": {"uv": [5.75, 4.25, 8, 7.25], "texture": "#1", "tintindex": 0},
				"west": {"uv": [5.75, 4.25, 8, 7.25], "texture": "#1", "tintindex": 0},
				"up": {"uv": [8.75, 0.25, 11, 2.5], "texture": "#1", "tintindex": 0},
				"down": {"uv": [8.25, 2.25, 8.5, 2.5], "texture": "#1", "tintindex": 0}
			}
		},
		{
			"from": [3.5, 6.25, 4.5],
			"to": [12.5, 18.25, 13.5],
			"rotation": {"angle": 0, "axis": "y", "origin": [-0.5, 0, 0]},
			"faces": {
				"north": {"uv": [5.75, 11.25, 8, 14.25], "texture": "#1", "tintindex": 0},
				"east": {"uv": [5.75, 11.25, 8, 14.25], "texture": "#1", "tintindex": 0},
				"south": {"uv": [5.75, 11.25, 8, 14.25], "texture": "#1", "tintindex": 0},
				"west": {"uv": [5.75, 11.25, 8, 14.25], "texture": "#1", "tintindex": 0},
				"up": {"uv": [8.75, 7.25, 11, 9.5], "texture": "#1", "tintindex": 0},
				"down": {"uv": [8.25, 2.25, 8.5, 2.5], "texture": "#1", "tintindex": 0}
			}
		},
		{
			"from": [3.5, 6, 4.5],
			"to": [12.5, 19, 13.5],
			"rotation": {"angle": 0, "axis": "y", "origin": [-0.5, 0, 0]},
			"faces": {
				"north": {"uv": [0.25, 11.25, 2.5, 14.5], "texture": "#1", "tintindex": 0},
				"east": {"uv": [0.25, 11.25, 2.5, 14.5], "texture": "#1", "tintindex": 0},
				"south": {"uv": [0.25, 11.25, 2.5, 14.5], "texture": "#1", "tintindex": 0},
				"west": {"uv": [0.25, 11.25, 2.5, 14.5], "texture": "#1", "tintindex": 0},
				"up": {"uv": [3.25, 7.25, 5.5, 9.5], "texture": "#1", "tintindex": 0},
				"down": {"uv": [8.25, 2.25, 8.5, 2.5], "texture": "#1", "tintindex": 0}
			}
		},
		{
			"from": [3.30289, 7.51, 2.51],
			"to": [11.28289, 15.49, 13.49],
			"rotation": {"angle": 45, "axis": "z", "origin": [7.29289, 12.5, 8]},
			"faces": {
				"north": {"uv": [0.25, 2, 2.25, 4], "texture": "#1", "tintindex": 0},
				"east": {"uv": [2.75, 2.75, 5.5, 4.75], "texture": "#1", "tintindex": 0},
				"south": {"uv": [0.25, 2, 2.25, 4], "rotation": 90, "texture": "#1", "tintindex": 0},
				"west": {"uv": [2.75, 5, 5.5, 7], "texture": "#1", "tintindex": 0},
				"up": {"uv": [2.75, 2.75, 5.5, 4.75], "rotation": 90, "texture": "#1", "tintindex": 0},
				"down": {"uv": [2.75, 5, 5.5, 7], "rotation": 90, "texture": "#1", "tintindex": 0}
			}
		},
		{
			"from": [3.30289, 7.51, 2.51],
			"to": [11.28289, 15.49, 13.49],
			"rotation": {"angle": 45, "axis": "z", "origin": [7.29289, 12.5, 8]},
			"faces": {
				"north": {"uv": [0.25, 9, 2.25, 11], "texture": "#1", "tintindex": 0},
				"east": {"uv": [2.75, 9.75, 5.5, 11.75], "texture": "#1", "tintindex": 0},
				"south": {"uv": [0.25, 9, 2.25, 11], "rotation": 90, "texture": "#1", "tintindex": 0},
				"west": {"uv": [2.75, 12, 5.5, 14], "texture": "#1", "tintindex": 0},
				"up": {"uv": [2.75, 9.75, 5.5, 11.75], "rotation": 90, "texture": "#1", "tintindex": 0},
				"down": {"uv": [2.75, 12, 5.5, 14], "rotation": 90, "texture": "#1", "tintindex": 0}
			}
		},
		{
			"from": [3.30289, 7.51, 2.51],
			"to": [11.28289, 15.49, 13.49],
			"rotation": {"angle": 45, "axis": "z", "origin": [7.29289, 12.5, 8]},
			"faces": {
				"north": {"uv": [5.75, 9, 7.75, 11], "texture": "#1", "tintindex": 0},
				"east": {"uv": [8.25, 9.75, 11, 11.75], "texture": "#1", "tintindex": 0},
				"south": {"uv": [5.75, 9, 7.75, 11], "rotation": 90, "texture": "#1", "tintindex": 0},
				"west": {"uv": [8.25, 12, 11, 14], "texture": "#1", "tintindex": 0},
				"up": {"uv": [8.25, 9.75, 11, 11.75], "rotation": 90, "texture": "#1", "tintindex": 0},
				"down": {"uv": [8.25, 12, 11, 14], "rotation": 90, "texture": "#1", "tintindex": 0}
			}
		},
		{
			"from": [3.30289, 7.51, 2.51],
			"to": [11.28289, 15.49, 13.49],
			"rotation": {"angle": 45, "axis": "z", "origin": [7.29289, 12.5, 8]},
			"faces": {
				"north": {"uv": [5.75, 2, 7.75, 4], "texture": "#1", "tintindex": 0},
				"east": {"uv": [8.25, 2.75, 11, 4.75], "texture": "#1", "tintindex": 0},
				"south": {"uv": [5.75, 2, 7.75, 4], "rotation": 90, "texture": "#1", "tintindex": 0},
				"west": {"uv": [8.25, 5, 11, 7], "texture": "#1", "tintindex": 0},
				"up": {"uv": [8.25, 2.75, 11, 4.75], "rotation": 90, "texture": "#1", "tintindex": 0},
				"down": {"uv": [8.25, 5, 11, 7], "rotation": 90, "texture": "#1", "tintindex": 0}
			}
		}
	],
	"gui_light": "front",
	"display": {
		"thirdperson_righthand": {
			"rotation": [63, 34, 0],
			"translation": [0, 1, -1],
			"scale": [0.37891, 0.37891, 0.37891]
		},
		"thirdperson_lefthand": {
			"rotation": [63, 34, 0],
			"translation": [0, 1, -1],
			"scale": [0.37891, 0.37891, 0.37891]
		},
		"firstperson_righthand": {
			"rotation": [3, 112, -13],
			"translation": [9.5, 0, -5.75],
			"scale": [0.35547, 0.35547, 0.35547]
		},
		"firstperson_lefthand": {
			"rotation": [3, 112, -13],
			"translation": [9.5, 0, -5.75],
			"scale": [0.35547, 0.35547, 0.35547]
		},
		"ground": {
			"translation": [0, 4.25, 0],
			"scale": [0.28906, 0.28906, 0.28906]
		},
		"gui": {
			"rotation": [30, -158, 0],
			"translation": [-0.25, -1.75, 0],
			"scale": [0.50742, 0.50742, 0.50742]
		},
		"head": {
			"translation": [0, -30.5, 0],
			"scale": [1.6, 1.6, 1.6]
		},
		"fixed": {
			"rotation": [-90, 0, 0],
			"translation": [0, 0.75, -11.75],
			"scale": [1.48, 1.48, 1.48]
		}
	}
}