{
	"credit": "Made with Blockbench",
	"texture_size": [32, 32],
	"textures": {
		"0": "simplehats:block/custom/serenahat",
		"particle": "simplehats:block/custom/serenahat"
	},
	"elements": [
		{
			"name": "hatBase",
			"from": [5, 0, 5],
			"to": [11, 3.5, 11],
			"faces": {
				"north": {"uv": [0, 7, 3, 8.75], "texture": "#0"},
				"east": {"uv": [7, 0, 10, 1.75], "texture": "#0"},
				"south": {"uv": [7, 2, 10, 3.75], "texture": "#0"},
				"west": {"uv": [7, 4, 10, 5.75], "texture": "#0"},
				"up": {"uv": [7, 3, 4, 0], "texture": "#0"},
				"down": {"uv": [7, 3, 4, 6], "texture": "#0"}
			}
		},
		{
			"name": "hatBrimF",
			"from": [3.5, 0, 5],
			"to": [12.5, 2, 5],
			"rotation": {"angle": -45, "axis": "x", "origin": [8, 0, 5]},
			"faces": {
				"north": {"uv": [3, 8, 7.5, 9], "texture": "#0"},
				"east": {"uv": [0, 0, 0, 1], "texture": "#0"},
				"south": {"uv": [8, 6, 12.5, 7], "texture": "#0"},
				"west": {"uv": [0, 0, 0, 1], "texture": "#0"},
				"up": {"uv": [4.5, 0, 0, 0], "texture": "#0"},
				"down": {"uv": [4.5, 0, 0, 0], "texture": "#0"}
			}
		},
		{
			"name": "hatBrimL",
			"from": [5, 0, 3.5],
			"to": [5, 2, 12.5],
			"rotation": {"angle": 45, "axis": "z", "origin": [5, 0, 8]},
			"faces": {
				"north": {"uv": [0, 0, 0, 1], "texture": "#0"},
				"east": {"uv": [8, 7, 12.5, 8], "texture": "#0"},
				"south": {"uv": [0, 0, 0, 1], "texture": "#0"},
				"west": {"uv": [7.5, 8, 12, 9], "texture": "#0"},
				"up": {"uv": [0, 4.5, 0, 0], "texture": "#0"},
				"down": {"uv": [0, 0, 0, 4.5], "texture": "#0"}
			}
		},
		{
			"name": "hatBrimR",
			"from": [11, 0, 3.5],
			"to": [11, 2, 12.5],
			"rotation": {"angle": -45, "axis": "z", "origin": [11, 0, 8]},
			"faces": {
				"north": {"uv": [0, 0, 0, 1], "texture": "#0"},
				"east": {"uv": [0, 9, 4.5, 10], "texture": "#0"},
				"south": {"uv": [0, 0, 0, 1], "texture": "#0"},
				"west": {"uv": [4.5, 9, 9, 10], "texture": "#0"},
				"up": {"uv": [0, 4.5, 0, 0], "texture": "#0"},
				"down": {"uv": [0, 0, 0, 4.5], "texture": "#0"}
			}
		},
		{
			"name": "hatBrimB",
			"from": [3.5, 0, 11],
			"to": [12.5, 2, 11],
			"rotation": {"angle": 45, "axis": "x", "origin": [8, 0, 11]},
			"faces": {
				"north": {"uv": [9, 9, 13.5, 10], "texture": "#0"},
				"east": {"uv": [0, 0, 0, 1], "texture": "#0"},
				"south": {"uv": [0, 10, 4.5, 11], "texture": "#0"},
				"west": {"uv": [0, 0, 0, 1], "texture": "#0"},
				"up": {"uv": [4.5, 0, 0, 0], "texture": "#0"},
				"down": {"uv": [4.5, 0, 0, 0], "texture": "#0"}
			}
		},
		{
			"name": "sunF",
			"from": [4.9, 0.5, 4.9],
			"to": [11.1, 3, 4.9],
			"faces": {
				"north": {"uv": [7.5, 10, 10.5, 11.25], "texture": "#0"},
				"east": {"uv": [0, 0, 0, 1.25], "texture": "#0"},
				"south": {"uv": [10.5, 10, 13.5, 11.25], "texture": "#0"},
				"west": {"uv": [0, 0, 0, 1.25], "texture": "#0"},
				"up": {"uv": [3, 0, 0, 0], "texture": "#0"},
				"down": {"uv": [3, 0, 0, 0], "texture": "#0"}
			}
		},
		{
			"name": "sunL",
			"from": [4.9, 0.5, 4.9],
			"to": [4.9, 3, 8.9],
			"faces": {
				"north": {"uv": [0, 0, 0, 1.25], "texture": "#0"},
				"east": {"uv": [0, 11, 2, 12.25], "texture": "#0"},
				"south": {"uv": [0, 0, 0, 1.25], "texture": "#0"},
				"west": {"uv": [2, 11, 4, 12.25], "texture": "#0"},
				"up": {"uv": [0, 2, 0, 0], "texture": "#0"},
				"down": {"uv": [0, 0, 0, 2], "texture": "#0"}
			}
		},
		{
			"name": "sunR",
			"from": [11.099, 0.5, 4.9],
			"to": [11.099, 3, 8.9],
			"rotation": {"angle": 0, "axis": "y", "origin": [-0.051, 0, 0]},
			"faces": {
				"north": {"uv": [0, 0, 0, 1.25], "texture": "#0"},
				"east": {"uv": [11.5, 0, 13.5, 1.25], "texture": "#0"},
				"south": {"uv": [0, 0, 0, 1.25], "texture": "#0"},
				"west": {"uv": [11.5, 1.5, 13.5, 2.75], "texture": "#0"},
				"up": {"uv": [0, 2, 0, 0], "texture": "#0"},
				"down": {"uv": [0, 0, 0, 2], "texture": "#0"}
			}
		}
	],
	"display": {
		"thirdperson_righthand": {
			"rotation": [25, 0, 0],
			"translation": [0, 4.5, 0.75],
			"scale": [0.6, 0.6, 0.6]
		},
		"thirdperson_lefthand": {
			"rotation": [25, 0, 0],
			"translation": [0, 4.5, 0.75],
			"scale": [0.6, 0.6, 0.6]
		},
		"firstperson_righthand": {
			"rotation": [10, 145, -6],
			"translation": [0, 9, 0],
			"scale": [0.8, 0.8, 0.8]
		},
		"firstperson_lefthand": {
			"rotation": [10, 145, -6],
			"translation": [0, 9, 0],
			"scale": [0.8, 0.8, 0.8]
		},
		"ground": {
			"translation": [0, 6.5, 0],
			"scale": [0.65, 0.65, 0.65]
		},
		"gui": {
			"rotation": [21, 147, 0],
			"translation": [-0.25, 6.75, 0],
			"scale": [0.85, 0.85, 0.85]
		},
		"head": {
			"translation": [0, 19.75, 0],
			"scale": [2.41, 2.41, 2.41]
		},
		"fixed": {
			"rotation": [-90, 0, 0],
			"translation": [0, 0, -20],
			"scale": [2.5, 2.5, 2.5]
		}
	},
	"groups": [
		{
			"name": "Hat",
			"origin": [8, 0, 5],
			"color": 0,
			"children": [0, 1, 2, 3, 4]
		},
		{
			"name": "Sunglasses",
			"origin": [-0.051, 0, 0],
			"color": 0,
			"children": [5, 6, 7]
		},
		{
			"name": "Hair",
			"origin": [8, -4.98125, 10.89627],
			"color": 0,
			"children": []
		}
	]
}