{
  "implemented": true,
  "name": "Minior",
  "nationalPokedexNumber": 774,
  "primaryType": "rock",
  "secondaryType": "flying",
  "abilities": [
    "shieldsdown"
  ],
  "baseStats": {
    "hp": 60,
    "attack": 100,
    "defence": 60,
    "special_attack": 100,
    "special_defence": 60,
    "speed": 120
  },

  "features": [
    	"core"
  ],

  "catchRate": 30,
  "maleRatio": -1,
  "shoulderMountable": false,
  "baseExperienceYield": 175,
  "experienceGroup": "medium_slow",
  "eggCycles": 25,
  "eggGroups": [
    "mineral"
  ],
  "moves": [
    "1:tackle",
    "3:defensecurl",
    "8:rollout",
    "10:confuseray",
    "15:swift",
    "17:ancientpower",
    "22:selfdestruct",
    "24:stealthrock",
    "29:takedown",
    "31:autotomize",
    "36:cosmicpower",
    "38:powergem",
    "43:doubleedge",
    "45:shellsmash",
    "50:explosion",
    "tm:acrobatics",
    "tm:attract",
    "tm:bulldoze",
    "tm:calmmind",
    "tm:chargebeam",
    "tm:confide",
    "tm:dazzlinggleam",
    "tm:doubleteam",
    "tm:earthquake",
    "tm:explosion",
    "tm:facade",
    "tm:frustration",
    "tm:gigaimpact",
    "tm:gyroball",
    "tm:hiddenpower",
    "tm:hyperbeam",
    "tm:lightscreen",
    "tm:protect",
    "tm:psychic",
    "tm:psychup",
    "tm:reflect",
    "tm:rest",
    "tm:return",
    "tm:rockpolish",
    "tm:rockslide",
    "tm:rocktomb",
    "tm:round",
    "tm:safeguard",
    "tm:sandstorm",
    "tm:sleeptalk",
    "tm:solarbeam",
    "tm:stoneedge",
    "tm:substitute",
    "tm:swagger",
    "tm:toxic",
    "tm:uturn",
    "tutor:endeavor",
    "tutor:gravity",
    "tutor:ironhead",
    "tutor:lastresort",
    "tutor:magnetrise",
    "tutor:snore",
    "tutor:stealthrock",
    "tutor:telekinesis",
    "tutor:zenheadbutt"
  ],
  "labels": [
    "gen7"
  ],
  "pokedex": [
    "cobblemon.species.minior.desc"
  ],
  "evolutions": [],
  "baseScale": 1,
  "hitbox": {
    "width": 0.75,
    "height": 1.25,
    "fixed": false
  },
  "baseFriendship": 70,
  "evYield": {
    "hp": 0,
    "attack": 1,
    "defence": 0,
    "special_attack": 1,
    "special_defence": 0,
    "speed": 0
  },
  "height": 3,
  "weight": 3,
  "aspects": [],
  "cannotDynamax": false
}