{
	"credit": "Made with Blockbench",
	"texture_size": [64, 64],
	"textures": {
		"": "block/rtp"
	},
	"elements": [
		{
			"from": [1, 0, 1],
			"to": [15, 2, 15],
			"faces": {
				"north": {"uv": [3, 3, 6.5, 3.5], "texture": "#"},
				"east": {"uv": [3, 3, 6.5, 3.5], "texture": "#"},
				"south": {"uv": [3, 3, 6.5, 3.5], "texture": "#"},
				"west": {"uv": [3, 3, 6.5, 3.5], "texture": "#"},
				"up": {"uv": [3, 3.5, 6.5, 7], "texture": "#"},
				"down": {"uv": [3, 3.5, 6.5, 7], "texture": "#"}
			}
		},
		{
			"from": [2, 2, 2],
			"to": [14, 5, 14],
			"rotation": {"angle": 0, "axis": "y", "origin": [8, 10, 8]},
			"faces": {
				"north": {"uv": [0, 3, 3, 3.75], "texture": "#"},
				"east": {"uv": [0, 3, 3, 3.75], "texture": "#"},
				"south": {"uv": [0, 3, 3, 3.75], "texture": "#"},
				"west": {"uv": [0, 3, 3, 3.75], "texture": "#"},
				"up": {"uv": [0, 4, 3, 7], "texture": "#"}
			}
		},
		{
			"from": [3, 5, 3],
			"to": [13, 16, 13],
			"rotation": {"angle": 0, "axis": "y", "origin": [8, 12, 8]},
			"faces": {
				"north": {"uv": [5, 0.25, 7.5, 3], "texture": "#"},
				"east": {"uv": [2.5, 0.25, 5, 3], "texture": "#"},
				"south": {"uv": [0, 0.25, 2.5, 3], "texture": "#"},
				"west": {"uv": [7.5, 0.25, 10, 3], "texture": "#"},
				"up": {"uv": [6.75, 4.25, 9.25, 6.75], "texture": "#"}
			}
		},
		{
			"from": [2, 17, 2],
			"to": [14, 21, 14],
			"rotation": {"angle": 0, "axis": "y", "origin": [8, 25, 8]},
			"faces": {
				"north": {"uv": [6.5, 3, 9.5, 4], "texture": "#"},
				"east": {"uv": [6.5, 3, 9.5, 4], "texture": "#"},
				"south": {"uv": [6.5, 3, 9.5, 4], "texture": "#"},
				"west": {"uv": [6.5, 3, 9.5, 4], "texture": "#"},
				"up": {"uv": [6.5, 4, 9.5, 7], "texture": "#"},
				"down": {"uv": [6.5, 4, 9.5, 7], "texture": "#"}
			}
		},
		{
			"from": [3, 16, 3],
			"to": [13, 17, 13],
			"rotation": {"angle": 0, "axis": "y", "origin": [8, 12, 8]},
			"faces": {
				"north": {"uv": [5, 0, 7.5, 0.25], "texture": "#"},
				"east": {"uv": [2.5, 0, 5, 0.25], "texture": "#"},
				"south": {"uv": [0, 0, 2.5, 0.25], "texture": "#"},
				"west": {"uv": [7.5, 0, 10, 0.25], "texture": "#"},
				"down": {"uv": [6.75, 4.25, 9.25, 6.75], "texture": "#"}
			}
		},
		{
			"from": [3, 21, 3],
			"to": [13, 23, 13],
			"rotation": {"angle": 0, "axis": "y", "origin": [8, 27, 8]},
			"faces": {
				"north": {"uv": [10, 0, 12.5, 0.5], "texture": "#"},
				"east": {"uv": [10, 0, 12.5, 0.5], "texture": "#"},
				"south": {"uv": [10, 0, 12.5, 0.5], "texture": "#"},
				"west": {"uv": [10, 0, 12.5, 0.5], "texture": "#"},
				"up": {"uv": [10, 0.5, 12.5, 3], "texture": "#"}
			}
		},
		{
			"from": [7, 23, 12],
			"to": [9, 26, 13],
			"rotation": {"angle": 0, "axis": "y", "origin": [8, 29, 18]},
			"faces": {
				"north": {"uv": [1.25, 5.5, 1.75, 6.25], "texture": "#"},
				"east": {"uv": [0.75, 5.75, 1, 6.5], "texture": "#"},
				"south": {"uv": [1.5, 5, 2, 5.75], "texture": "#"},
				"west": {"uv": [1.25, 4.75, 1.5, 5.5], "texture": "#"},
				"up": {"uv": [0.75, 6, 1.25, 6.25], "texture": "#"}
			}
		},
		{
			"from": [7, 23, 3],
			"to": [9, 26, 4],
			"rotation": {"angle": 0, "axis": "y", "origin": [8, 29, 9]},
			"faces": {
				"north": {"uv": [1.25, 5.5, 1.75, 6.25], "texture": "#"},
				"east": {"uv": [0.75, 5.75, 1, 6.5], "texture": "#"},
				"south": {"uv": [1.5, 5, 2, 5.75], "texture": "#"},
				"west": {"uv": [1.25, 4.75, 1.5, 5.5], "texture": "#"},
				"up": {"uv": [0.75, 6, 1.25, 6.25], "texture": "#"}
			}
		},
		{
			"from": [7, 21, 13],
			"to": [9, 24, 15],
			"rotation": {"angle": 0, "axis": "y", "origin": [8, 27, 19]},
			"faces": {
				"east": {"uv": [1.5, 5.5, 2, 6.25], "texture": "#"},
				"south": {"uv": [1.25, 5.25, 1.75, 6], "texture": "#"},
				"west": {"uv": [1, 5.75, 1.5, 6.5], "texture": "#"},
				"up": {"uv": [1, 5.75, 1.5, 6.25], "texture": "#"},
				"down": {"uv": [1.25, 5.25, 1.75, 5.75], "texture": "#"}
			}
		},
		{
			"from": [7, 21, 1],
			"to": [9, 24, 3],
			"rotation": {"angle": 0, "axis": "y", "origin": [8, 27, 7]},
			"faces": {
				"north": {"uv": [0.75, 5.5, 1.25, 6.25], "texture": "#"},
				"east": {"uv": [1.5, 5.5, 2, 6.25], "texture": "#"},
				"west": {"uv": [1, 5.75, 1.5, 6.5], "texture": "#"},
				"up": {"uv": [1, 5.75, 1.5, 6.25], "texture": "#"},
				"down": {"uv": [1.25, 5.25, 1.75, 5.75], "texture": "#"}
			}
		},
		{
			"from": [13, 21, 7],
			"to": [15, 24, 9],
			"rotation": {"angle": 0, "axis": "y", "origin": [14, 27, 13]},
			"faces": {
				"north": {"uv": [1.5, 5.25, 2, 6], "texture": "#"},
				"east": {"uv": [1, 4.75, 1.5, 5.5], "texture": "#"},
				"south": {"uv": [1.5, 4.75, 2, 5.5], "texture": "#"},
				"up": {"uv": [1.25, 5, 1.75, 5.5], "texture": "#"},
				"down": {"uv": [1.25, 5, 1.75, 5.5], "texture": "#"}
			}
		},
		{
			"from": [1, 21, 7],
			"to": [3, 24, 9],
			"rotation": {"angle": 0, "axis": "y", "origin": [2, 27, 13]},
			"faces": {
				"north": {"uv": [1.5, 5.25, 2, 6], "texture": "#"},
				"south": {"uv": [1.5, 4.75, 2, 5.5], "texture": "#"},
				"west": {"uv": [1, 4.5, 1.5, 5.25], "texture": "#"},
				"up": {"uv": [1.25, 5, 1.75, 5.5], "texture": "#"},
				"down": {"uv": [1.25, 5, 1.75, 5.5], "texture": "#"}
			}
		},
		{
			"from": [12, 23, 7],
			"to": [13, 26, 9],
			"rotation": {"angle": 0, "axis": "y", "origin": [13, 29, 13]},
			"faces": {
				"north": {"uv": [1.25, 4.75, 1.5, 5.5], "texture": "#"},
				"east": {"uv": [1.5, 4.75, 2, 5.5], "texture": "#"},
				"south": {"uv": [1.25, 5, 1.5, 5.75], "texture": "#"},
				"west": {"uv": [1, 5, 1.5, 5.75], "texture": "#"},
				"up": {"uv": [1.25, 4.75, 1.5, 5.25], "texture": "#"}
			}
		},
		{
			"from": [3, 23, 7],
			"to": [4, 26, 9],
			"rotation": {"angle": 0, "axis": "y", "origin": [4, 29, 13]},
			"faces": {
				"north": {"uv": [1.25, 4.75, 1.5, 5.5], "texture": "#"},
				"east": {"uv": [1.5, 4.75, 2, 5.5], "texture": "#"},
				"south": {"uv": [1.25, 5, 1.5, 5.75], "texture": "#"},
				"west": {"uv": [1, 5, 1.5, 5.75], "texture": "#"},
				"up": {"uv": [1.25, 4.75, 1.5, 5.25], "texture": "#"}
			}
		}
	],
	"display": {
		"ground": {
			"scale": [0.39, 0.39, 0.39]
		},
		"gui": {
			"rotation": [30, 225, 0],
			"translation": [0, -1.25, 0],
			"scale": [0.55, 0.55, 0.55]
		},
		"fixed": {
			"rotation": [-90, 0, 0],
			"translation": [0, 0, -13.5],
			"scale": [1.94, 1.94, 1.94]
		}
	}
}