{
	"credit": "Made with Blockbench",
	"texture_size": [32, 32],
	"textures": {
		"1": "sables:item/sable_azul",
		"particle": "sables:item/sable_azul"
	},
	"elements": [
		{
			"from": [7.5, 7, 7],
			"to": [8.5, 7.5, 8],
			"rotation": {"angle": 0, "axis": "y", "origin": [7.96231, 10.75, 7.4779]},
			"faces": {
				"north": {"uv": [8.66667, 7.33333, 10, 6.66667], "texture": "#1"},
				"east": {"uv": [7.33333, 7.33333, 8.66667, 6.66667], "texture": "#1"},
				"south": {"uv": [11.33333, 7.33333, 12.66667, 6.66667], "texture": "#1"},
				"west": {"uv": [10, 7.33333, 11.33333, 6.66667], "texture": "#1"},
				"up": {"uv": [11.33333, 6.66667, 10, 5.33333], "texture": "#1"},
				"down": {"uv": [10, 5.33333, 8.66667, 6.66667], "texture": "#1"}
			}
		},
		{
			"from": [7.5, 9.75, 7],
			"to": [8.5, 10, 8],
			"rotation": {"angle": 0, "axis": "y", "origin": [7.96231, 10.75, 7.4779]},
			"faces": {
				"north": {"uv": [8.66667, 9.33333, 10, 9], "texture": "#1"},
				"east": {"uv": [7.33333, 9.33333, 8.66667, 9], "texture": "#1"},
				"south": {"uv": [11.33333, 9.33333, 12.66667, 9], "texture": "#1"},
				"west": {"uv": [10, 9.33333, 11.33333, 9], "texture": "#1"},
				"up": {"uv": [11.33333, 9, 10, 7.66667], "texture": "#1"},
				"down": {"uv": [10, 7.66667, 8.66667, 9], "texture": "#1"}
			}
		},
		{
			"from": [7.625, 7, 7.125],
			"to": [8.375, 10, 7.875],
			"rotation": {"angle": 0, "axis": "y", "origin": [7.96231, 10.75, 7.4779]},
			"faces": {
				"north": {"uv": [8.33333, 5, 9.33333, 1], "texture": "#1"},
				"east": {"uv": [7.33333, 5, 8.33333, 1], "texture": "#1"},
				"south": {"uv": [10.33333, 5, 11.33333, 1], "texture": "#1"},
				"west": {"uv": [9.33333, 5, 10.33333, 1], "texture": "#1"},
				"up": {"uv": [10.33333, 1, 9.33333, 0], "texture": "#1"},
				"down": {"uv": [9.33333, 0, 8.33333, 1], "texture": "#1"}
			}
		},
		{
			"from": [7.51302, 6.9996, 6.97513],
			"to": [8.51301, 7.2496, 7.97513],
			"rotation": {"angle": 0, "axis": "y", "origin": [7.96231, 10.75, 7.4779]},
			"faces": {
				"north": {"uv": [11.33333, 9.33333, 12.66667, 9], "rotation": 180, "texture": "#1"},
				"east": {"uv": [7.33333, 9.33333, 8.66667, 9], "rotation": 180, "texture": "#1"},
				"south": {"uv": [8.66667, 9.33333, 10, 9], "rotation": 180, "texture": "#1"},
				"west": {"uv": [10, 9.33333, 11.33333, 9], "rotation": 180, "texture": "#1"},
				"up": {"uv": [10, 7.66667, 8.66667, 9], "texture": "#1"},
				"down": {"uv": [11.33333, 9, 10, 7.66667], "texture": "#1"}
			}
		},
		{
			"from": [7.5, 7, 8],
			"to": [8.5, 7.5, 9],
			"rotation": {"angle": 0, "axis": "y", "origin": [7.96231, 10.75, 8.4779]},
			"faces": {
				"north": {"uv": [8.66667, 7.33333, 10, 6.66667], "texture": "#1"},
				"east": {"uv": [7.33333, 7.33333, 8.66667, 6.66667], "texture": "#1"},
				"south": {"uv": [11.33333, 7.33333, 12.66667, 6.66667], "texture": "#1"},
				"west": {"uv": [10, 7.33333, 11.33333, 6.66667], "texture": "#1"},
				"up": {"uv": [11.33333, 6.66667, 10, 5.33333], "texture": "#1"},
				"down": {"uv": [10, 5.33333, 8.66667, 6.66667], "texture": "#1"}
			}
		},
		{
			"from": [7.5, 9.75, 8],
			"to": [8.5, 10, 9],
			"rotation": {"angle": 0, "axis": "y", "origin": [7.96231, 10.75, 8.4779]},
			"faces": {
				"north": {"uv": [8.66667, 9.33333, 10, 9], "texture": "#1"},
				"east": {"uv": [7.33333, 9.33333, 8.66667, 9], "texture": "#1"},
				"south": {"uv": [11.33333, 9.33333, 12.66667, 9], "texture": "#1"},
				"west": {"uv": [10, 9.33333, 11.33333, 9], "texture": "#1"},
				"up": {"uv": [11.33333, 9, 10, 7.66667], "texture": "#1"},
				"down": {"uv": [10, 7.66667, 8.66667, 9], "texture": "#1"}
			}
		},
		{
			"from": [7.5, 8.5, 7],
			"to": [8.5, 8.75, 8],
			"rotation": {"angle": 0, "axis": "y", "origin": [7.96231, 10.75, 7.4779]},
			"faces": {
				"north": {"uv": [8.66667, 9.33333, 10, 9], "texture": "#1"},
				"east": {"uv": [7.33333, 9.33333, 8.66667, 9], "texture": "#1"},
				"south": {"uv": [11.33333, 9.33333, 12.66667, 9], "texture": "#1"},
				"west": {"uv": [10, 9.33333, 11.33333, 9], "texture": "#1"},
				"up": {"uv": [11.33333, 9, 10, 7.66667], "texture": "#1"},
				"down": {"uv": [10, 7.66667, 8.66667, 9], "texture": "#1"}
			}
		},
		{
			"from": [7.5, 8.5, 8],
			"to": [8.5, 8.75, 9],
			"rotation": {"angle": 0, "axis": "y", "origin": [7.96231, 10.75, 8.4779]},
			"faces": {
				"north": {"uv": [8.66667, 9.33333, 10, 9], "texture": "#1"},
				"east": {"uv": [7.33333, 9.33333, 8.66667, 9], "texture": "#1"},
				"south": {"uv": [11.33333, 9.33333, 12.66667, 9], "texture": "#1"},
				"west": {"uv": [10, 9.33333, 11.33333, 9], "texture": "#1"},
				"up": {"uv": [11.33333, 9, 10, 7.66667], "texture": "#1"},
				"down": {"uv": [10, 7.66667, 8.66667, 9], "texture": "#1"}
			}
		},
		{
			"from": [7.625, 7, 8.125],
			"to": [8.375, 10, 8.875],
			"rotation": {"angle": 0, "axis": "y", "origin": [7.96231, 10.75, 8.4779]},
			"faces": {
				"north": {"uv": [8.33333, 5, 9.33333, 1], "texture": "#1"},
				"east": {"uv": [7.33333, 5, 8.33333, 1], "texture": "#1"},
				"south": {"uv": [10.33333, 5, 11.33333, 1], "texture": "#1"},
				"west": {"uv": [9.33333, 5, 10.33333, 1], "texture": "#1"},
				"up": {"uv": [10.33333, 1, 9.33333, 0], "texture": "#1"},
				"down": {"uv": [9.33333, 0, 8.33333, 1], "texture": "#1"}
			}
		},
		{
			"from": [7.51302, 6.9996, 7.97513],
			"to": [8.51301, 7.2496, 8.97513],
			"rotation": {"angle": 0, "axis": "y", "origin": [7.96231, 10.75, 8.4779]},
			"faces": {
				"north": {"uv": [11.33333, 9.33333, 12.66667, 9], "rotation": 180, "texture": "#1"},
				"east": {"uv": [7.33333, 9.33333, 8.66667, 9], "rotation": 180, "texture": "#1"},
				"south": {"uv": [8.66667, 9.33333, 10, 9], "rotation": 180, "texture": "#1"},
				"west": {"uv": [10, 9.33333, 11.33333, 9], "rotation": 180, "texture": "#1"},
				"up": {"uv": [10, 7.66667, 8.66667, 9], "texture": "#1"},
				"down": {"uv": [11.33333, 9, 10, 7.66667], "texture": "#1"}
			}
		}
	],
	"gui_light": "front",
	"display": {
		"thirdperson_righthand": {
			"rotation": [90, 0, 0],
			"translation": [3, -2, 2.5],
			"scale": [2, 2, 2]
		},
		"thirdperson_lefthand": {
			"rotation": [90, 0, 0],
			"translation": [3, -2, 2.5],
			"scale": [2, 2, 2]
		},
		"firstperson_righthand": {
			"rotation": [153, -18, 0],
			"translation": [3.25, 0.5, 1.5],
			"scale": [1.4, 1.4, 1.4]
		},
		"firstperson_lefthand": {
			"rotation": [153, -18, 0],
			"translation": [3.25, 0.5, 1.5],
			"scale": [1.4, 1.4, 1.4]
		},
		"ground": {
			"translation": [0, -5, 0],
			"scale": [1.99, 1.99, 1.99]
		},
		"gui": {
			"rotation": [-45, 0, -45],
			"translation": [-1.5, -1, -2.5],
			"scale": [3.62, 3.62, 3.62]
		},
		"fixed": {
			"rotation": [-90, 45, 90],
			"translation": [0.75, -0.75, -1.5],
			"scale": [2.81, 2.81, 2.81]
		}
	},
	"groups": [
		{
			"name": "group",
			"origin": [8, 27, 6],
			"color": 0,
			"children": [
				{
					"name": "group",
					"origin": [8, 27, 6],
					"color": 0,
					"children": [
						{
							"name": "group",
							"origin": [8.02603, 13.76961, 8],
							"color": 0,
							"children": [0, 1, 2, 3]
						}
					]
				}
			]
		},
		{
			"name": "group",
			"origin": [8, 27, 6],
			"color": 0,
			"children": [
				{
					"name": "group",
					"origin": [8, 27, 6],
					"color": 0,
					"children": [
						{
							"name": "group",
							"origin": [8.02603, 13.76961, 8],
							"color": 0,
							"children": [4, 5, 6, 7, 8, 9]
						}
					]
				}
			]
		}
	]
}