{
	"credit": "Made with Blockbench",
	"texture_size": [32, 32],
	"textures": {
		"1": "sables:item/sable_negro",
		"3": "sables:item/sable_negro_rayos",
		"particle": "sables:item/sable_negro"
	},
	"elements": [
		{
			"from": [7, -8, 7],
			"to": [9, -7.5, 9],
			"rotation": {"angle": 0, "axis": "y", "origin": [8, -2.005, 8]},
			"faces": {
				"north": {"uv": [8.66667, 9, 10, 9.33333], "texture": "#1"},
				"east": {"uv": [7.33333, 9, 8.66667, 9.33333], "texture": "#1"},
				"south": {"uv": [11.33333, 9, 12.66667, 9.33333], "texture": "#1"},
				"west": {"uv": [10, 9, 11.33333, 9.33333], "texture": "#1"},
				"up": {"uv": [10, 9, 8.66667, 7.66667], "texture": "#1"},
				"down": {"uv": [11.33333, 7.66667, 10, 9], "texture": "#1"}
			}
		},
		{
			"from": [7, -1.5, 7],
			"to": [9, -0.5, 9],
			"rotation": {"angle": 0, "axis": "y", "origin": [8, -2.005, 8]},
			"faces": {
				"north": {"uv": [8.66667, 6.66667, 10, 7.33333], "texture": "#1"},
				"east": {"uv": [7.33333, 6.66667, 8.66667, 7.33333], "texture": "#1"},
				"south": {"uv": [11.33333, 6.66667, 12.66667, 7.33333], "texture": "#1"},
				"west": {"uv": [10, 6.66667, 11.33333, 7.33333], "texture": "#1"},
				"up": {"uv": [10, 6.66667, 8.66667, 5.33333], "texture": "#1"},
				"down": {"uv": [11.33333, 5.33333, 10, 6.66667], "texture": "#1"}
			}
		},
		{
			"from": [7, -3, 8.5],
			"to": [9, -1, 9.5],
			"rotation": {"angle": 0, "axis": "y", "origin": [8, -1, 10]},
			"faces": {
				"north": {"uv": [11.33333, 5.33333, 10, 6.66667], "rotation": 180, "texture": "#1"},
				"east": {"uv": [7.33333, 6.66667, 8.66667, 7.33333], "rotation": 270, "texture": "#1"},
				"south": {"uv": [10, 6.66667, 8.66667, 5.33333], "texture": "#1"},
				"west": {"uv": [10, 6.66667, 11.33333, 7.33333], "rotation": 90, "texture": "#1"},
				"up": {"uv": [8.66667, 6.66667, 10, 7.33333], "rotation": 180, "texture": "#1"},
				"down": {"uv": [11.33333, 6.66667, 12.66667, 7.33333], "texture": "#1"}
			}
		},
		{
			"from": [7, -3, 6.5],
			"to": [9, -1, 7.5],
			"rotation": {"angle": 0, "axis": "y", "origin": [8, -2, 7]},
			"faces": {
				"north": {"uv": [10, 6.66667, 8.66667, 5.33333], "rotation": 180, "texture": "#1"},
				"east": {"uv": [7.33333, 6.66667, 8.66667, 7.33333], "rotation": 90, "texture": "#1"},
				"south": {"uv": [11.33333, 5.33333, 10, 6.66667], "texture": "#1"},
				"west": {"uv": [10, 6.66667, 11.33333, 7.33333], "rotation": 270, "texture": "#1"},
				"up": {"uv": [11.33333, 6.66667, 12.66667, 7.33333], "texture": "#1"},
				"down": {"uv": [8.66667, 6.66667, 10, 7.33333], "rotation": 180, "texture": "#1"}
			}
		},
		{
			"from": [7.25, -7.5, 7.25],
			"to": [8.75, -1.5, 8.75],
			"rotation": {"angle": 0, "axis": "y", "origin": [8, -2.005, 8]},
			"faces": {
				"north": {"uv": [8.33333, 1, 9.33333, 5], "texture": "#1"},
				"east": {"uv": [7.33333, 1, 8.33333, 5], "texture": "#1"},
				"south": {"uv": [10.33333, 1, 11.33333, 5], "texture": "#1"},
				"west": {"uv": [9.33333, 1, 10.33333, 5], "texture": "#1"},
				"up": {"uv": [9.33333, 1, 8.33333, 0], "texture": "#1"},
				"down": {"uv": [10.33333, 0, 9.33333, 1], "texture": "#1"}
			}
		},
		{
			"from": [7.02603, -0.99921, 6.95026],
			"to": [9.02603, -0.49921, 8.95026],
			"rotation": {"angle": 0, "axis": "y", "origin": [8.02603, -0.29775, 6.99162]},
			"faces": {
				"north": {"uv": [11.33333, 9, 12.66667, 9.33333], "rotation": 180, "texture": "#1"},
				"east": {"uv": [7.33333, 9, 8.66667, 9.33333], "rotation": 180, "texture": "#1"},
				"south": {"uv": [8.66667, 9, 10, 9.33333], "rotation": 180, "texture": "#1"},
				"west": {"uv": [10, 9, 11.33333, 9.33333], "rotation": 180, "texture": "#1"},
				"up": {"uv": [11.33333, 7.66667, 10, 9], "texture": "#1"},
				"down": {"uv": [10, 9, 8.66667, 7.66667], "texture": "#1"}
			}
		},
		{
			"name": "lighting",
			"from": [8, 1.9, 4.5],
			"to": [8, 12.9, 11],
			"rotation": {"angle": 45, "axis": "y", "origin": [8.10669, 7.5, 8.04419]},
			"faces": {
				"north": {"uv": [13.0606, 5.0606, 15.96969, 14.0606], "texture": "#3"},
				"east": {"uv": [0, 0, 6.5, 11], "texture": "#3"},
				"south": {"uv": [11.57576, 2.87878, 15.21212, 11.87878], "texture": "#3"},
				"west": {"uv": [0, 0, 6.5, 11], "texture": "#3"},
				"up": {"uv": [16, 4.33333, 10.90909, 0], "texture": "#3"},
				"down": {"uv": [16, 0, 10.90909, 4.33333], "texture": "#3"}
			}
		},
		{
			"from": [7.5, -0.5, 7.5],
			"to": [8.5, 20, 8.5],
			"rotation": {"angle": 0, "axis": "y", "origin": [8.02603, 2.76961, 8]},
			"faces": {
				"north": {"uv": [5, 0.66667, 5.66667, 11.33333], "texture": "#1"},
				"east": {"uv": [4.33333, 0.66667, 5, 11.33333], "texture": "#1"},
				"south": {"uv": [6.33333, 0.66667, 7, 11.33333], "texture": "#1"},
				"west": {"uv": [5.66667, 0.66667, 6.33333, 11.33333], "texture": "#1"},
				"up": {"uv": [5.66667, 0.66667, 5, 0], "texture": "#1"},
				"down": {"uv": [6.33333, 0, 5.66667, 0.66667], "texture": "#1"}
			}
		},
		{
			"from": [8.75, 20.255, 8.75],
			"to": [7.25, -0.495, 7.25],
			"rotation": {"angle": 0, "axis": "y", "origin": [8.02603, 2.76961, 8]},
			"faces": {
				"north": {"uv": [1, 12, 2, 1], "texture": "#1"},
				"east": {"uv": [0, 12, 1, 1], "texture": "#1"},
				"south": {"uv": [4, 12, 3, 1], "texture": "#1"},
				"west": {"uv": [2, 12, 3, 1], "texture": "#1"},
				"up": {"uv": [1, 0, 2, 1], "texture": "#1"},
				"down": {"uv": [1, 1, 2, 0], "texture": "#1"}
			}
		},
		{
			"from": [7.75, -2.3, 2.915],
			"to": [8.25, -1.8, 6.415],
			"rotation": {"angle": 0, "axis": "y", "origin": [8, 6.815, 4]},
			"faces": {
				"north": {"uv": [5.66667, 0.66667, 5, 0], "rotation": 180, "texture": "#1"},
				"east": {"uv": [4.33333, 0.66667, 5, 11.33333], "rotation": 90, "texture": "#1"},
				"south": {"uv": [6.33333, 0, 5.66667, 0.66667], "texture": "#1"},
				"west": {"uv": [5.66667, 0.66667, 6.33333, 11.33333], "rotation": 270, "texture": "#1"},
				"up": {"uv": [6.33333, 0.66667, 7, 11.33333], "texture": "#1"},
				"down": {"uv": [5, 0.66667, 5.66667, 11.33333], "rotation": 180, "texture": "#1"}
			}
		},
		{
			"from": [8.5, -1.5, 6.41],
			"to": [7.5, -2.5, 2.66],
			"rotation": {"angle": 0, "axis": "y", "origin": [8, 6.815, 4]},
			"faces": {
				"north": {"uv": [1, 0, 2, 1], "rotation": 180, "texture": "#1"},
				"east": {"uv": [0, 12, 1, 1], "rotation": 90, "texture": "#1"},
				"south": {"uv": [1, 1, 2, 0], "texture": "#1"},
				"west": {"uv": [2, 12, 3, 1], "rotation": 270, "texture": "#1"},
				"up": {"uv": [4, 12, 3, 1], "texture": "#1"},
				"down": {"uv": [1, 12, 2, 1], "rotation": 180, "texture": "#1"}
			}
		},
		{
			"from": [7.75, -2.3, 2.915],
			"to": [8.25, -1.8, 6.415],
			"rotation": {"angle": 0, "axis": "y", "origin": [8, 6.815, 4]},
			"faces": {
				"north": {"uv": [5.66667, 0.66667, 5, 0], "rotation": 180, "texture": "#1"},
				"east": {"uv": [4.33333, 0.66667, 5, 11.33333], "rotation": 90, "texture": "#1"},
				"south": {"uv": [6.33333, 0, 5.66667, 0.66667], "texture": "#1"},
				"west": {"uv": [5.66667, 0.66667, 6.33333, 11.33333], "rotation": 270, "texture": "#1"},
				"up": {"uv": [6.33333, 0.66667, 7, 11.33333], "texture": "#1"},
				"down": {"uv": [5, 0.66667, 5.66667, 11.33333], "rotation": 180, "texture": "#1"}
			}
		},
		{
			"from": [8.5, -1.5, 6.41],
			"to": [7.5, -2.5, 2.66],
			"rotation": {"angle": 0, "axis": "y", "origin": [8, 6.815, 4]},
			"faces": {
				"north": {"uv": [1, 0, 2, 1], "rotation": 180, "texture": "#1"},
				"east": {"uv": [0, 12, 1, 1], "rotation": 90, "texture": "#1"},
				"south": {"uv": [1, 1, 2, 0], "texture": "#1"},
				"west": {"uv": [2, 12, 3, 1], "rotation": 270, "texture": "#1"},
				"up": {"uv": [4, 12, 3, 1], "texture": "#1"},
				"down": {"uv": [1, 12, 2, 1], "rotation": 180, "texture": "#1"}
			}
		},
		{
			"from": [7.75, -2.3, 9.585],
			"to": [8.25, -1.8, 13.085],
			"rotation": {"angle": 0, "axis": "y", "origin": [8, 6.815, 12]},
			"faces": {
				"north": {"uv": [5.66667, 0, 6.33333, 0.66667], "texture": "#1"},
				"east": {"uv": [4.33333, 11.33333, 5, 0.66667], "rotation": 90, "texture": "#1"},
				"south": {"uv": [5, 0.66667, 5.66667, 0], "rotation": 180, "texture": "#1"},
				"west": {"uv": [5.66667, 11.33333, 6.33333, 0.66667], "rotation": 270, "texture": "#1"},
				"up": {"uv": [6.33333, 11.33333, 7, 0.66667], "texture": "#1"},
				"down": {"uv": [5, 11.33333, 5.66667, 0.66667], "rotation": 180, "texture": "#1"}
			}
		},
		{
			"from": [8.5, -1.5, 13.34],
			"to": [7.5, -2.5, 9.59],
			"rotation": {"angle": 0, "axis": "y", "origin": [8, 6.815, 12]},
			"faces": {
				"north": {"uv": [2, 1, 1, 0], "texture": "#1"},
				"east": {"uv": [0, 1, 1, 12], "rotation": 90, "texture": "#1"},
				"south": {"uv": [2, 0, 1, 1], "rotation": 180, "texture": "#1"},
				"west": {"uv": [2, 1, 3, 12], "rotation": 270, "texture": "#1"},
				"up": {"uv": [4, 1, 3, 12], "texture": "#1"},
				"down": {"uv": [1, 1, 2, 12], "rotation": 180, "texture": "#1"}
			}
		}
	],
	"gui_light": "front",
	"display": {
		"thirdperson_righthand": {
			"translation": [0, 11.25, 1.5]
		},
		"thirdperson_lefthand": {
			"translation": [0, 11.25, 1.5]
		},
		"firstperson_righthand": {
			"translation": [3.25, 7.5, 0],
			"scale": [0.7, 0.7, 0.7]
		},
		"firstperson_lefthand": {
			"translation": [3.25, 7.5, 0],
			"scale": [0.7, 0.7, 0.7]
		},
		"ground": {
			"translation": [0, 9, 0],
			"scale": [0.7, 0.7, 0.7]
		},
		"gui": {
			"rotation": [90, 45, -90],
			"translation": [1, 1, -2.5],
			"scale": [0.7, 0.7, 0.7]
		},
		"fixed": {
			"rotation": [-90, 45, 90],
			"translation": [-2.25, 2.25, -1.5],
			"scale": [1.54, 1.54, 1.54]
		}
	},
	"groups": [
		0,
		1,
		2,
		3,
		4,
		5,
		6,
		{
			"name": "group",
			"origin": [8, 27, 6],
			"color": 0,
			"children": [7, 8]
		},
		{
			"name": "group",
			"origin": [8, 27, 6],
			"color": 0,
			"children": [
				9,
				10,
				{
					"name": "group",
					"origin": [8, 27, 6],
					"color": 0,
					"children": [11, 12]
				}
			]
		},
		{
			"name": "group",
			"origin": [8, 27, 6],
			"color": 0,
			"children": [13, 14]
		}
	]
}