{
	"credit": "Made with Blockbench",
	"textures": {
		"3": "block/zapdos_shiny",
		"5": "block/liga",
		"6": "block/guijarro",
		"7": "block/mon"
	},
	"elements": [
		{
			"name": "head",
			"from": [0.60944, 0.58599, 8.03123],
			"to": [4.16936, 4.14589, 8.05146],
			"rotation": {"angle": 22.5, "axis": "y", "origin": [3.40073, 2.61878, 8.04134]},
			"faces": {
				"north": {"uv": [8.625, 6.625, 9.5, 7.5], "texture": "#3"},
				"east": {"uv": [8.625, 6.625, 8.625, 7.5], "texture": "#3"},
				"south": {"uv": [9.5, 6.625, 10.375, 7.5], "texture": "#3"},
				"west": {"uv": [9.5, 6.625, 9.5, 7.5], "texture": "#3"},
				"up": {"uv": [9.5, 6.625, 8.625, 6.625], "texture": "#3"},
				"down": {"uv": [10.375, 6.625, 9.5, 6.625], "texture": "#3"}
			}
		},
		{
			"name": "head",
			"from": [11.27101, 0.58599, 8.03123],
			"to": [14.83092, 4.14589, 8.05146],
			"rotation": {"angle": -22.5, "axis": "y", "origin": [12.03962, 2.61878, 8.04134]},
			"faces": {
				"north": {"uv": [5.125, 8.625, 6, 9.5], "texture": "#3"},
				"east": {"uv": [5.125, 8.625, 5.125, 9.5], "texture": "#3"},
				"south": {"uv": [6, 8.625, 6.875, 9.5], "texture": "#3"},
				"west": {"uv": [6, 8.625, 6, 9.5], "texture": "#3"},
				"up": {"uv": [6, 8.625, 5.125, 8.625], "texture": "#3"},
				"down": {"uv": [6.875, 8.625, 6, 8.625], "texture": "#3"}
			}
		},
		{
			"name": "leftwing",
			"from": [-2.5871, 4.43296, 7.8497],
			"to": [2.04052, 11.18987, 7.86388],
			"rotation": {"angle": 0, "axis": "y", "origin": [3.09807, 1.95589, 7.67934]},
			"faces": {
				"north": {"uv": [0, 0, 1.625, 2.375], "texture": "#3"},
				"east": {"uv": [0, 0, 0, 2.375], "texture": "#3"},
				"south": {"uv": [1.625, 0, 3.25, 2.375], "texture": "#3"},
				"west": {"uv": [1.625, 0, 1.625, 2.375], "texture": "#3"},
				"up": {"uv": [1.625, 0, 0, 0], "texture": "#3"},
				"down": {"uv": [3.25, 0, 1.625, 0], "texture": "#3"}
			}
		},
		{
			"name": "leftwing2",
			"from": [-6.84567, 4.43296, 7.8497],
			"to": [-2.57292, 11.18987, 7.86388],
			"rotation": {"angle": 0, "axis": "y", "origin": [3.09807, 1.95589, 7.67934]},
			"faces": {
				"north": {"uv": [3.25, 4.5, 4.75, 6.875], "texture": "#3"},
				"east": {"uv": [3.25, 4.5, 3.25, 6.875], "texture": "#3"},
				"south": {"uv": [4.75, 4.5, 6.25, 6.875], "texture": "#3"},
				"west": {"uv": [4.75, 4.5, 4.75, 6.875], "texture": "#3"},
				"up": {"uv": [4.75, 4.5, 3.25, 4.5], "texture": "#3"},
				"down": {"uv": [6.25, 4.5, 4.75, 4.5], "texture": "#3"}
			}
		},
		{
			"name": "leftbackwing",
			"from": [-2.57765, 4.25551, 8.14105],
			"to": [2.04997, 10.65754, 8.15525],
			"rotation": {"angle": 0, "axis": "y", "origin": [-2.40802, 0.70959, -1.30535]},
			"faces": {
				"north": {"uv": [3.25, 0, 4.875, 2.25], "texture": "#3"},
				"east": {"uv": [3.25, 0, 3.25, 2.25], "texture": "#3"},
				"south": {"uv": [4.875, 0, 6.5, 2.25], "texture": "#3"},
				"west": {"uv": [4.875, 0, 4.875, 2.25], "texture": "#3"},
				"up": {"uv": [4.875, 0, 3.25, 0], "texture": "#3"},
				"down": {"uv": [6.5, 0, 4.875, 0], "texture": "#3"}
			}
		},
		{
			"name": "leftbackwing2",
			"from": [-6.8362, 4.25551, 8.14105],
			"to": [-2.56345, 10.65754, 8.15525],
			"rotation": {"angle": 0, "axis": "y", "origin": [-2.40802, 0.70959, -1.30535]},
			"faces": {
				"north": {"uv": [6.5, 0, 8, 2.25], "texture": "#3"},
				"east": {"uv": [6.5, 0, 6.5, 2.25], "texture": "#3"},
				"south": {"uv": [8, 0, 9.5, 2.25], "texture": "#3"},
				"west": {"uv": [8, 0, 8, 2.25], "texture": "#3"},
				"up": {"uv": [8, 0, 6.5, 0], "texture": "#3"},
				"down": {"uv": [9.5, 0, 8, 0], "texture": "#3"}
			}
		},
		{
			"name": "rightwing",
			"from": [13.31761, 4.43296, 7.8497],
			"to": [17.94524, 11.18987, 7.86388],
			"rotation": {"angle": 0, "axis": "y", "origin": [12.26007, 1.95589, 7.67934]},
			"faces": {
				"north": {"uv": [0, 2.375, 1.625, 4.75], "texture": "#3"},
				"east": {"uv": [0, 2.375, 0, 4.75], "texture": "#3"},
				"south": {"uv": [1.625, 2.375, 3.25, 4.75], "texture": "#3"},
				"west": {"uv": [1.625, 2.375, 1.625, 4.75], "texture": "#3"},
				"up": {"uv": [1.625, 2.375, 0, 2.375], "texture": "#3"},
				"down": {"uv": [3.25, 2.375, 1.625, 2.375], "texture": "#3"}
			}
		},
		{
			"name": "rightwing2",
			"from": [17.93104, 4.43296, 7.8497],
			"to": [22.20379, 11.18987, 7.86388],
			"rotation": {"angle": 0, "axis": "y", "origin": [12.26007, 1.95589, 7.67934]},
			"faces": {
				"north": {"uv": [0, 4.75, 1.5, 7.125], "texture": "#3"},
				"east": {"uv": [0, 4.75, 0, 7.125], "texture": "#3"},
				"south": {"uv": [1.5, 4.75, 3, 7.125], "texture": "#3"},
				"west": {"uv": [1.5, 4.75, 1.5, 7.125], "texture": "#3"},
				"up": {"uv": [1.5, 4.75, 0, 4.75], "texture": "#3"},
				"down": {"uv": [3, 4.75, 1.5, 4.75], "texture": "#3"}
			}
		},
		{
			"name": "rightbackwing",
			"from": [13.30815, 4.25551, 8.14105],
			"to": [17.93577, 10.65754, 8.15525],
			"rotation": {"angle": 0, "axis": "y", "origin": [1.78566, 0.70959, -1.30535]},
			"faces": {
				"north": {"uv": [3.25, 2.25, 4.875, 4.5], "texture": "#3"},
				"east": {"uv": [3.25, 2.25, 3.25, 4.5], "texture": "#3"},
				"south": {"uv": [4.875, 2.25, 6.5, 4.5], "texture": "#3"},
				"west": {"uv": [4.875, 2.25, 4.875, 4.5], "texture": "#3"},
				"up": {"uv": [4.875, 2.25, 3.25, 2.25], "texture": "#3"},
				"down": {"uv": [6.5, 2.25, 4.875, 2.25], "texture": "#3"}
			}
		},
		{
			"name": "rightbackwing2",
			"from": [17.92159, 4.25551, 8.14105],
			"to": [22.19434, 10.65754, 8.15525],
			"rotation": {"angle": 0, "axis": "y", "origin": [1.78566, 0.70959, -1.30535]},
			"faces": {
				"north": {"uv": [6.5, 2.25, 8, 4.5], "texture": "#3"},
				"east": {"uv": [6.5, 2.25, 6.5, 4.5], "texture": "#3"},
				"south": {"uv": [8, 2.25, 9.5, 4.5], "texture": "#3"},
				"west": {"uv": [8, 2.25, 8, 4.5], "texture": "#3"},
				"up": {"uv": [8, 2.25, 6.5, 2.25], "texture": "#3"},
				"down": {"uv": [9.5, 2.25, 8, 2.25], "texture": "#3"}
			}
		},
		{
			"name": "liga_1",
			"from": [1.06325, 8.01353, 6.30588],
			"to": [14.19816, 9.76484, 7.20773],
			"rotation": {"angle": 0, "axis": "y", "origin": [7.54813, 9.27997, 6.70773]},
			"faces": {
				"north": {"uv": [1.49118, 0, 16, 16], "texture": "#5"},
				"east": {"uv": [0.12091, 0.37783, 0.96725, 4.4131], "texture": "#5"},
				"south": {"uv": [1.45089, 14.02519, 1.32997, 14.87154], "texture": "#5"},
				"west": {"uv": [1.04786, 0.88161, 0.12091, 9.82872], "texture": "#5"},
				"up": {"uv": [0.0806, 1.76322, 1.16877, 5.49706], "rotation": 180, "texture": "#5"},
				"down": {"uv": [0.0806, 2.69437, 1.00756, 7.18388], "rotation": 180, "texture": "#5"}
			}
		},
		{
			"name": "guijarro_1",
			"from": [15.59859, 4.57228, 5.75594],
			"to": [16.4978, 7.69995, 7.75294],
			"rotation": {"angle": 0, "axis": "y", "origin": [16.42075, -0.64339, 17.09793]},
			"faces": {
				"north": {"uv": [3.4606, 0, 4.10508, 16], "texture": "#6"},
				"east": {"uv": [0.37828, 0.87566, 1.2049, 5.75482], "texture": "#6"},
				"south": {"uv": [1.21892, 3.23643, 0.42032, 5.25394], "texture": "#6"},
				"west": {"uv": [0.08406, 0.21891, 1.42907, 6.67426], "texture": "#6"},
				"up": {"uv": [0.30823, 7.22417, 1.2049, 16], "rotation": 180, "texture": "#6"},
				"down": {"uv": [1.77933, 9.82662, 2.3958, 1.07005], "rotation": 180, "texture": "#6"}
			}
		},
		{
			"name": "guijarro_2",
			"from": [14.34753, 7.09396, 5.75594],
			"to": [15.59859, 7.69995, 7.75294],
			"rotation": {"angle": 0, "axis": "y", "origin": [16.42075, -0.64339, 17.09793]},
			"faces": {
				"north": {"uv": [4.10508, 0, 5.00175, 3.1], "texture": "#6"},
				"east": {"uv": [4.10508, 0, 4.11909, 3.1], "texture": "#6"},
				"south": {"uv": [1.28897, 1.2049, 0.3923, 4.3049], "texture": "#6"},
				"west": {"uv": [0.33625, 0.91944, 1.0648, 4.01944], "texture": "#6"},
				"up": {"uv": [0.23818, 7.18039, 1.13485, 16], "rotation": 180, "texture": "#6"},
				"down": {"uv": [0.33625, 1.59895, 1.12084, 3.97566], "rotation": 180, "texture": "#6"}
			}
		},
		{
			"name": "guijarro_3",
			"from": [13.25285, 4.57228, 5.75594],
			"to": [14.15204, 7.69995, 7.75294],
			"rotation": {"angle": 0, "axis": "y", "origin": [16.42075, -0.64339, 17.09793]},
			"faces": {
				"north": {"uv": [5.14186, 0, 5.78634, 16], "texture": "#6"},
				"east": {"uv": [0.01401, 0.91944, 1.331, 6.23643], "texture": "#6"},
				"south": {"uv": [1.28897, 2.84413, 0.18214, 4.70753], "texture": "#6"},
				"west": {"uv": [1.35902, 1.22592, 0.35026, 5.49212], "texture": "#6"},
				"up": {"uv": [0.21016, 7.18039, 0.85464, 16], "rotation": 180, "texture": "#6"},
				"down": {"uv": [1.91944, 8.32557, 2.70403, 14.02977], "rotation": 180, "texture": "#6"}
			}
		},
		{
			"name": "guijarro_4",
			"from": [12.00177, 4.57228, 5.75594],
			"to": [12.90098, 7.69995, 7.75294],
			"rotation": {"angle": 0, "axis": "y", "origin": [16.42075, -0.64339, 17.09793]},
			"faces": {
				"north": {"uv": [6.03853, 0, 6.68301, 16], "texture": "#6"},
				"east": {"uv": [0.36427, 1.05079, 1.17688, 5.97373], "texture": "#6"},
				"south": {"uv": [1.37303, 2.9282, 0.44834, 4.90368], "texture": "#6"},
				"west": {"uv": [1.13485, 1.70753, 0.43433, 5.49212], "texture": "#6"},
				"up": {"uv": [0.44834, 7.18039, 1.10683, 16], "rotation": 180, "texture": "#6"},
				"down": {"uv": [2.03152, 12.61629, 2.74606, 9.8704], "rotation": 180, "texture": "#6"}
			}
		},
		{
			"name": "guijarro_5",
			"from": [10.90709, 4.57228, 5.75594],
			"to": [11.8063, 7.69995, 7.75294],
			"rotation": {"angle": 0, "axis": "y", "origin": [16.42075, -0.64339, 17.09793]},
			"faces": {
				"north": {"uv": [6.82312, 0, 7.4676, 16], "texture": "#6"},
				"east": {"uv": [1.17688, 1.2697, 0.22417, 5.27321], "texture": "#6"},
				"south": {"uv": [1.10683, 3.47461, 0.2662, 5.02977], "texture": "#6"},
				"west": {"uv": [0.19615, 1.61997, 1.38704, 5.62347], "texture": "#6"},
				"up": {"uv": [0.36427, 7.22417, 1.14886, 16], "rotation": 180, "texture": "#6"},
				"down": {"uv": [2.03152, 11.34659, 2.91419, 13.76708], "rotation": 180, "texture": "#6"}
			}
		},
		{
			"name": "guijarro_6",
			"from": [8.56134, 4.57228, 5.75594],
			"to": [9.46055, 7.69995, 7.75294],
			"rotation": {"angle": 0, "axis": "y", "origin": [16.42075, -0.64339, 17.09793]},
			"faces": {
				"north": {"uv": [8.50438, 0, 9.14886, 16], "texture": "#6"},
				"east": {"uv": [1.24694, 1.66375, 0.32224, 5.5359], "texture": "#6"},
				"south": {"uv": [1.331, 2.99825, 0.37829, 4.70753], "texture": "#6"},
				"west": {"uv": [1.27496, 1.18214, 0.37828, 5.22942], "texture": "#6"},
				"up": {"uv": [0.33625, 7.14343, 0.84063, 16], "rotation": 180, "texture": "#6"},
				"down": {"uv": [1.91944, 9.37636, 2.85814, 12.71629], "rotation": 180, "texture": "#6"}
			}
		},
		{
			"name": "guijarro_7",
			"from": [7.4471, 4.57228, 5.75594],
			"to": [8.34631, 7.69995, 7.75294],
			"rotation": {"angle": 0, "axis": "y", "origin": [16.42075, -0.64339, 17.09793]},
			"faces": {
				"north": {"uv": [9.30298, 0, 9.94746, 16], "texture": "#6"},
				"east": {"uv": [1.2049, 0.52539, 0.18214, 5.71103], "texture": "#6"},
				"south": {"uv": [1.27496, 2.2697, 0.32224, 4.44133], "texture": "#6"},
				"west": {"uv": [1.17688, 1.18214, 0.12609, 5.75482], "texture": "#6"},
				"up": {"uv": [0.36427, 7.18722, 1.13485, 16], "rotation": 180, "texture": "#6"},
				"down": {"uv": [1.8634, 7.66883, 2.91419, 12.19089], "rotation": 180, "texture": "#6"}
			}
		},
		{
			"name": "guijarro_8",
			"from": [6.19604, 7.09396, 5.75594],
			"to": [7.4471, 7.69995, 7.75294],
			"rotation": {"angle": 0, "axis": "y", "origin": [16.42075, -0.64339, 17.09793]},
			"faces": {
				"north": {"uv": [9.94746, 0, 10.84413, 3.1], "texture": "#6"},
				"east": {"uv": [1.00876, 5.34151, 0.28021, 2.04921], "texture": "#6"},
				"south": {"uv": [1.12084, 1.52715, 0.22417, 4.62715], "texture": "#6"},
				"west": {"uv": [1.21891, 1.75131, 0.39229, 4.28214], "texture": "#6"},
				"up": {"uv": [0.33625, 7.18722, 1.23292, 16], "rotation": 180, "texture": "#6"},
				"down": {"uv": [0.46235, 3.91944, 1.27496, 2.09299], "rotation": 180, "texture": "#6"}
			}
		},
		{
			"name": "guijarro_9",
			"from": [5.1209, 4.57228, 5.75594],
			"to": [6.02011, 7.69995, 7.75294],
			"rotation": {"angle": 0, "axis": "y", "origin": [16.42075, -0.64339, 17.09793]},
			"faces": {
				"north": {"uv": [10.97023, 0, 11.61471, 16], "texture": "#6"},
				"east": {"uv": [1.2049, 1.75131, 0.37828, 5.66725], "texture": "#6"},
				"south": {"uv": [1.26094, 2.50788, 0.33625, 4.44133], "texture": "#6"},
				"west": {"uv": [1.03678, 0.83187, 0.33625, 5.71103], "texture": "#6"},
				"up": {"uv": [0.35026, 7.18722, 1.10683, 16], "rotation": 180, "texture": "#6"},
				"down": {"uv": [1.8634, 11.74063, 2.94221, 7.50613], "rotation": 180, "texture": "#6"}
			}
		},
		{
			"name": "guijarro_10",
			"from": [3.86982, 7.09396, 5.75594],
			"to": [5.1209, 7.69995, 7.75294],
			"rotation": {"angle": 0, "axis": "y", "origin": [16.42075, -0.64339, 17.09793]},
			"faces": {
				"north": {"uv": [11.61471, 0, 12.51138, 3.1], "texture": "#6"},
				"east": {"uv": [0.4063, 1.2697, 1.21891, 5.42049], "texture": "#6"},
				"south": {"uv": [1.19089, 1.75131, 0.29422, 4.85131], "texture": "#6"},
				"west": {"uv": [1.26095, 2.14536, 0.37828, 5.11401], "texture": "#6"},
				"up": {"uv": [0.30823, 7.18722, 1.26095, 16], "rotation": 180, "texture": "#6"},
				"down": {"uv": [0.63047, 3, 1.12084, 4.71997], "rotation": 180, "texture": "#6"}
			}
		},
		{
			"name": "guijarro_11",
			"from": [2.77514, 4.57228, 5.75594],
			"to": [3.67435, 7.69995, 7.75294],
			"rotation": {"angle": 0, "axis": "y", "origin": [16.42075, -0.64339, 17.09793]},
			"faces": {
				"north": {"uv": [12.65149, 0, 13.29597, 16], "texture": "#6"},
				"east": {"uv": [0.44834, 1.2697, 1.21891, 5.84238], "texture": "#6"},
				"south": {"uv": [1.10683, 3.20841, 0.50438, 4.3993], "texture": "#6"},
				"west": {"uv": [0.36427, 1.88266, 1.2049, 5.75482], "texture": "#6"},
				"up": {"uv": [0.22417, 7.22417, 1.13485, 16], "rotation": 180, "texture": "#6"},
				"down": {"uv": [1.91944, 10.38336, 2.90018, 6.71804], "rotation": 180, "texture": "#6"}
			}
		},
		{
			"name": "guijarro_12",
			"from": [1.52408, 7.09396, 5.75594],
			"to": [2.77514, 7.69995, 7.75294],
			"rotation": {"angle": 0, "axis": "y", "origin": [16.42075, -0.64339, 17.09793]},
			"faces": {
				"north": {"uv": [13.29597, 0, 14.19264, 3.1], "texture": "#6"},
				"east": {"uv": [0.36427, 2.32049, 1.35902, 4.45727], "texture": "#6"},
				"south": {"uv": [1.21891, 1.40105, 0.32224, 4.50105], "texture": "#6"},
				"west": {"uv": [1.35902, 2.01401, 0.60245, 4.67618], "texture": "#6"},
				"up": {"uv": [0.32224, 7.231, 1.27496, 16], "rotation": 180, "texture": "#6"},
				"down": {"uv": [0.43433, 1.24869, 1.09282, 4.85131], "rotation": 180, "texture": "#6"}
			}
		},
		{
			"name": "guijarro_13",
			"from": [0.42939, 4.57228, 5.75594],
			"to": [1.3286, 7.69995, 7.75294],
			"rotation": {"angle": 0, "axis": "y", "origin": [16.42075, -0.64339, 17.09793]},
			"faces": {
				"north": {"uv": [14.33275, 0, 14.97723, 16], "texture": "#6"},
				"east": {"uv": [0.37828, 2.01401, 1.05079, 5.5359], "texture": "#6"},
				"south": {"uv": [1.10683, 1.94746, 0.2662, 4.31524], "texture": "#6"},
				"west": {"uv": [0.5324, 2.71454, 1.41506, 5.44834], "texture": "#6"},
				"up": {"uv": [0.22417, 7.231, 0.86865, 16], "rotation": 180, "texture": "#6"},
				"down": {"uv": [2.24168, 9.42014, 2.84413, 13.15412], "rotation": 180, "texture": "#6"}
			}
		},
		{
			"name": "guijarro_14",
			"from": [-0.82167, 7.09396, 5.75594],
			"to": [0.42939, 7.69995, 7.75294],
			"rotation": {"angle": 0, "axis": "y", "origin": [16.42075, -0.64339, 17.09793]},
			"faces": {
				"north": {"uv": [14.97723, 0, 15.87391, 3.1], "texture": "#6"},
				"east": {"uv": [14.97723, 0, 14.99124, 3.1], "texture": "#6"},
				"south": {"uv": [1.26095, 1.48511, 0.36427, 4.58511], "texture": "#6"},
				"west": {"uv": [1.34501, 2.5394, 0.44834, 5.42049], "texture": "#6"},
				"up": {"uv": [0.2662, 7.18722, 1.28897, 16], "rotation": 180, "texture": "#6"},
				"down": {"uv": [0.19615, 1.64273, 0.82662, 4.58862], "rotation": 180, "texture": "#6"}
			}
		},
		{
			"name": "guijarro_15",
			"from": [6.19604, 4.57228, 5.75594],
			"to": [7.09525, 7.09396, 7.75294],
			"rotation": {"angle": 0, "axis": "y", "origin": [16.42075, -0.64339, 17.09793]},
			"faces": {
				"north": {"uv": [10.19965, 3.1, 10.84413, 16], "texture": "#6"},
				"east": {"uv": [0.4063, 1.21734, 1.19089, 5.09807], "texture": "#6"},
				"south": {"uv": [1.12084, 2.55359, 0.28021, 4.74956], "texture": "#6"},
				"west": {"uv": [0.44834, 1.91786, 1.2049, 5.31699], "texture": "#6"},
				"up": {"uv": [10.19965, 3.1, 10.84413, 3.2], "rotation": 180, "texture": "#6"},
				"down": {"uv": [2.0035, 10.82119, 2.83012, 6.49912], "rotation": 180, "texture": "#6"}
			}
		},
		{
			"name": "guijarro_16",
			"from": [3.86982, 6.46843, 5.75594],
			"to": [4.76903, 7.09396, 7.75294],
			"rotation": {"angle": 0, "axis": "y", "origin": [16.42075, -0.64339, 17.09793]},
			"faces": {
				"north": {"uv": [11.8669, 3.1, 12.51138, 6.3], "texture": "#6"},
				"east": {"uv": [0.91068, 1.96165, 1.30298, 4.89895], "texture": "#6"},
				"south": {"uv": [0.99474, 1.96515, 0.35026, 5.16515], "texture": "#6"},
				"west": {"uv": [1.40105, 2.04921, 0.35026, 5.24921], "texture": "#6"},
				"up": {"uv": [11.8669, 3.1, 12.51138, 3.2], "rotation": 180, "texture": "#6"},
				"down": {"uv": [0.32224, 2.08441, 1.21891, 4.98652], "rotation": 180, "texture": "#6"}
			}
		},
		{
			"name": "guijarro_17",
			"from": [1.52408, 6.46843, 5.75594],
			"to": [2.42327, 7.09396, 7.75294],
			"rotation": {"angle": 0, "axis": "y", "origin": [16.42075, -0.64339, 17.09793]},
			"faces": {
				"north": {"uv": [13.54816, 3.1, 14.19264, 6.3], "texture": "#6"},
				"east": {"uv": [0.42032, 2.66217, 1.03678, 4.72382], "texture": "#6"},
				"south": {"uv": [1.14886, 1.65692, 0.50438, 4.85692], "texture": "#6"},
				"west": {"uv": [0.2662, 2.35569, 1.0648, 4.72382], "texture": "#6"},
				"up": {"uv": [13.54816, 3.1, 14.19264, 3.2], "rotation": 180, "texture": "#6"},
				"down": {"uv": [0.49037, 2.17198, 0.89667, 3.97951], "rotation": 180, "texture": "#6"}
			}
		},
		{
			"name": "guijarro_18",
			"from": [-0.82167, 4.57228, 5.75594],
			"to": [0.07754, 7.09396, 7.75294],
			"rotation": {"angle": 0, "axis": "y", "origin": [16.42075, -0.64339, 17.09793]},
			"faces": {
				"north": {"uv": [15.22942, 3.1, 15.87391, 16], "texture": "#6"},
				"east": {"uv": [0.61646, 2.35569, 1.27496, 5.22942], "texture": "#6"},
				"south": {"uv": [0.99475, 0.67618, 0.35026, 5.92644], "texture": "#6"},
				"west": {"uv": [0.46235, 1.96165, 1.12084, 6.19264], "texture": "#6"},
				"up": {"uv": [15.22942, 3.1, 15.87391, 3.2], "rotation": 180, "texture": "#6"},
				"down": {"uv": [2.05954, 10.2958, 2.94221, 6.0613], "rotation": 180, "texture": "#6"}
			}
		},
		{
			"name": "guijarro_19",
			"from": [4.18261, 4.57228, 5.75594],
			"to": [4.76903, 6.46843, 7.75294],
			"rotation": {"angle": 0, "axis": "y", "origin": [16.42075, -0.64339, 17.09793]},
			"faces": {
				"north": {"uv": [11.8669, 6.3, 12.28722, 16], "texture": "#6"},
				"east": {"uv": [0.37828, 1.44011, 1.21891, 6.32399], "texture": "#6"},
				"south": {"uv": [1.16288, 3.55394, 0.43433, 5.25394], "texture": "#6"},
				"west": {"uv": [0.29422, 1.65902, 1.07881, 4.61646], "texture": "#6"},
				"up": {"uv": [11.8669, 6.3, 12.28722, 6.4], "rotation": 180, "texture": "#6"},
				"down": {"uv": [2.07356, 11.78441, 2.69002, 8.20666], "rotation": 180, "texture": "#6"}
			}
		},
		{
			"name": "guijarro_20",
			"from": [1.83685, 4.57228, 5.75594],
			"to": [2.42327, 6.46843, 7.75294],
			"rotation": {"angle": 0, "axis": "y", "origin": [16.42075, -0.64339, 17.09793]},
			"faces": {
				"north": {"uv": [13.54816, 6.3, 13.96848, 16], "texture": "#6"},
				"east": {"uv": [0.35026, 1.87793, 1.17688, 4.70403], "texture": "#6"},
				"south": {"uv": [1.14887, 1.3683, 0.18214, 4.62347], "texture": "#6"},
				"west": {"uv": [1.0648, 1.22119, 0.33625, 4.83538], "texture": "#6"},
				"up": {"uv": [13.54816, 6.3, 13.96848, 6.4], "rotation": 180, "texture": "#6"},
				"down": {"uv": [2.2697, 11.34659, 2.662, 8.68827], "rotation": 180, "texture": "#6"}
			}
		},
		{
			"name": "guijarro_21",
			"from": [14.34753, 4.57228, 5.75594],
			"to": [15.24674, 6.42933, 7.75294],
			"rotation": {"angle": 0, "axis": "y", "origin": [16.42075, -0.64339, 17.09793]},
			"faces": {
				"north": {"uv": [4.35727, 6.5, 5.00175, 16], "texture": "#6"},
				"east": {"uv": [0.33625, 1.42119, 1.31699, 5.57969], "texture": "#6"},
				"south": {"uv": [1.41506, 4.11821, 0.49037, 5.53415], "texture": "#6"},
				"west": {"uv": [0.16813, 0.45797, 1.10683, 4.96673], "texture": "#6"},
				"up": {"uv": [0.33625, 0.6331, 1.23292, 6.20595], "rotation": 180, "texture": "#6"},
				"down": {"uv": [1.97548, 6.39912, 2.88616, 12.32224], "rotation": 180, "texture": "#6"}
			}
		},
		{
			"name": "guijarro_22",
			"from": [7.09525, 5.8429, 5.75594],
			"to": [7.4471, 6.42933, 7.75294],
			"rotation": {"angle": 0, "axis": "y", "origin": [16.42075, -0.64339, 17.09793]},
			"faces": {
				"north": {"uv": [9.94746, 6.5, 10.19965, 9.5], "texture": "#6"},
				"east": {"uv": [9.94746, 6.5, 9.96147, 9.5], "texture": "#6"},
				"south": {"uv": [1.02277, 2.66112, 0.33625, 3.51751], "texture": "#6"},
				"west": {"uv": [10.18564, 6.5, 10.19965, 9.5], "texture": "#6"},
				"up": {"uv": [0.50438, 2.47198, 1.23292, 4.58599], "rotation": 180, "texture": "#6"},
				"down": {"uv": [0.74256, 1.65044, 1.24694, 4.99037], "rotation": 180, "texture": "#6"}
			}
		},
		{
			"name": "guijarro_23",
			"from": [4.76903, 5.8429, 5.75594],
			"to": [5.1209, 6.42933, 7.75294],
			"rotation": {"angle": 0, "axis": "y", "origin": [16.42075, -0.64339, 17.09793]},
			"faces": {
				"north": {"uv": [11.61471, 6.5, 11.8669, 9.5], "texture": "#6"},
				"east": {"uv": [11.61471, 6.5, 11.62872, 9.5], "texture": "#6"},
				"south": {"uv": [1.12084, 2.74518, 0.36427, 3.99387], "texture": "#6"},
				"west": {"uv": [11.85289, 6.5, 11.8669, 9.5], "texture": "#6"},
				"up": {"uv": [0.64448, 2.51576, 1.2049, 4.71734], "rotation": 180, "texture": "#6"},
				"down": {"uv": [0.43433, 5.15307, 1.02277, 2.18827], "rotation": 180, "texture": "#6"}
			}
		},
		{
			"name": "guijarro_24",
			"from": [2.42327, 5.8429, 5.75594],
			"to": [2.77514, 6.42933, 7.75294],
			"rotation": {"angle": 0, "axis": "y", "origin": [16.42075, -0.64339, 17.09793]},
			"faces": {
				"north": {"uv": [13.29597, 6.5, 13.54816, 9.5], "texture": "#6"},
				"east": {"uv": [13.29597, 6.5, 13.30998, 9.5], "texture": "#6"},
				"south": {"uv": [1.07881, 2.3669, 0.28021, 3.60158], "texture": "#6"},
				"west": {"uv": [13.53415, 6.5, 13.54816, 9.5], "texture": "#6"},
				"up": {"uv": [0.6725, 2.69089, 1.26095, 4.58599], "rotation": 180, "texture": "#6"},
				"down": {"uv": [0.50438, 2.96392, 1.02277, 4.77145], "rotation": 180, "texture": "#6"}
			}
		},
		{
			"name": "guijarro_26",
			"from": [3.86982, 4.57228, 5.75594],
			"to": [4.18261, 6.11656, 7.75294],
			"rotation": {"angle": 0, "axis": "y", "origin": [16.42075, -0.64339, 17.09793]},
			"faces": {
				"north": {"uv": [12.28722, 8.1, 12.51138, 16], "texture": "#6"},
				"east": {"uv": [12.28722, 8.1, 12.30123, 16], "texture": "#6"},
				"south": {"uv": [1.21891, 2.9021, 0.21016, 4.63748], "texture": "#6"},
				"west": {"uv": [0.50438, 2.4958, 1.03678, 5.18564], "texture": "#6"},
				"up": {"uv": [0.47636, 2.53958, 1.05079, 4.65359], "rotation": 180, "texture": "#6"},
				"down": {"uv": [2.19965, 8.67583, 2.56392, 9.8704], "rotation": 180, "texture": "#6"}
			}
		},
		{
			"name": "guijarro_27",
			"from": [1.52408, 4.57228, 5.75594],
			"to": [1.83685, 6.11656, 7.75294],
			"rotation": {"angle": 0, "axis": "y", "origin": [16.42075, -0.64339, 17.09793]},
			"faces": {
				"north": {"uv": [13.96848, 8.1, 14.19264, 16], "texture": "#6"},
				"east": {"uv": [13.96848, 8.1, 13.98249, 16], "texture": "#6"},
				"south": {"uv": [1.14886, 3.05622, 0.42032, 4.90368], "texture": "#6"},
				"west": {"uv": [0.4063, 1.57636, 1.16287, 5.66725], "texture": "#6"},
				"up": {"uv": [0.5324, 2.40823, 1.40105, 4.82872], "rotation": 180, "texture": "#6"},
				"down": {"uv": [1.97548, 12.09089, 2.91419, 9.78284], "rotation": 180, "texture": "#6"}
			}
		},
		{
			"name": "guijarro_28",
			"from": [9.8124, 4.57228, 5.75594],
			"to": [10.71161, 5.8038, 7.75294],
			"rotation": {"angle": 0, "axis": "y", "origin": [16.42075, -0.64339, 17.09793]},
			"faces": {
				"north": {"uv": [7.60771, 9.7, 8.25219, 16], "texture": "#6"},
				"east": {"uv": [0.50438, 1.99422, 1.16287, 5.18564], "texture": "#6"},
				"south": {"uv": [1.17688, 3.42329, 0.18214, 5.22592], "texture": "#6"},
				"west": {"uv": [1.23292, 0.85587, 0.18214, 5.7986], "texture": "#6"},
				"up": {"uv": [0.50438, 1.46883, 1.12084, 4.85254], "rotation": 180, "texture": "#6"},
				"down": {"uv": [2.01751, 13.66708, 3.04028, 9.25744], "rotation": 180, "texture": "#6"}
			}
		},
		{
			"name": "guijarro_29",
			"from": [15.24674, 4.57228, 5.75594],
			"to": [15.59859, 5.17827, 7.75294],
			"rotation": {"angle": 0, "axis": "y", "origin": [16.42075, -0.64339, 17.09793]},
			"faces": {
				"north": {"uv": [4.10508, 12.9, 4.35727, 16], "texture": "#6"},
				"east": {"uv": [4.10508, 12.9, 4.11909, 16], "texture": "#6"},
				"south": {"uv": [1.23293, 4.46567, 0.43433, 5.53415], "texture": "#6"},
				"west": {"uv": [4.34326, 12.9, 4.35727, 16], "texture": "#6"},
				"up": {"uv": [0.68651, 1.91051, 1.10683, 4.46235], "rotation": 180, "texture": "#6"},
				"down": {"uv": [2.11559, 10.86497, 2.43783, 8.20666], "rotation": 180, "texture": "#6"}
			}
		},
		{
			"name": "guijarro_30",
			"from": [12.90098, 4.57228, 5.75594],
			"to": [13.25285, 5.17827, 7.75294],
			"rotation": {"angle": 0, "axis": "y", "origin": [16.42075, -0.64339, 17.09793]},
			"faces": {
				"north": {"uv": [5.78634, 12.9, 6.03853, 16], "texture": "#6"},
				"east": {"uv": [5.78634, 12.9, 5.80035, 16], "texture": "#6"},
				"south": {"uv": [1.31699, 2.98056, 0.16813, 4.35727], "texture": "#6"},
				"west": {"uv": [6.02452, 12.9, 6.03853, 16], "texture": "#6"},
				"up": {"uv": [0.4063, 1.64781, 1.28897, 5.6007], "rotation": 180, "texture": "#6"},
				"down": {"uv": [1.96147, 5.9613, 2.91419, 14.55517], "rotation": 180, "texture": "#6"}
			}
		},
		{
			"name": "guijarro_31",
			"from": [9.46055, 4.57228, 5.75594],
			"to": [9.8124, 5.17827, 7.75294],
			"rotation": {"angle": 0, "axis": "y", "origin": [16.42075, -0.64339, 17.09793]},
			"faces": {
				"north": {"uv": [8.25219, 12.9, 8.50438, 16], "texture": "#6"},
				"east": {"uv": [8.25219, 12.9, 8.2662, 16], "texture": "#6"},
				"south": {"uv": [1.00876, 3.91926, 0.32224, 5.42207], "texture": "#6"},
				"west": {"uv": [8.49037, 12.9, 8.50438, 16], "texture": "#6"},
				"up": {"uv": [0.42032, 1.60403, 1.10683, 5.55692], "rotation": 180, "texture": "#6"},
				"down": {"uv": [2.18564, 10.12067, 2.67601, 13.89842], "rotation": 180, "texture": "#6"}
			}
		},
		{
			"name": "guijarro_32",
			"from": [0.07754, 4.57228, 5.75594],
			"to": [0.42939, 5.17827, 7.75294],
			"rotation": {"angle": 0, "axis": "y", "origin": [16.42075, -0.64339, 17.09793]},
			"faces": {
				"north": {"uv": [14.97723, 12.9, 15.22942, 16], "texture": "#6"},
				"east": {"uv": [14.97723, 12.9, 14.99124, 16], "texture": "#6"},
				"south": {"uv": [1.00875, 2.39212, 0.36427, 4.28722], "texture": "#6"},
				"west": {"uv": [15.21541, 12.9, 15.22942, 16], "texture": "#6"},
				"up": {"uv": [0.43433, 1.82294, 1.35902, 5.6007], "rotation": 180, "texture": "#6"},
				"down": {"uv": [2.21366, 11.27145, 2.77408, 7.78126], "rotation": 180, "texture": "#6"}
			}
		},
		{
			"name": "borde-liga",
			"from": [14.35, 9.9, 7.35],
			"to": [0.95, 7.9, 6.15],
			"faces": {
				"north": {"uv": [0, 0.02452, 1.38354, 1.4641], "texture": "#6"},
				"east": {"uv": [0, 2, 1.3275, 2.92119], "texture": "#6"},
				"south": {"uv": [0, 0.82312, 1.04729, 2.08056], "texture": "#6"},
				"west": {"uv": [0, 1.07531, 1.13135, 2.51489], "texture": "#6"},
				"up": {"uv": [1.28546, 2.18214, 0, 0.6725], "texture": "#6"},
				"down": {"uv": [1.35552, 1.05079, 0, 2.37828], "texture": "#6"}
			}
		},
		{
			"name": "borde-guijarro",
			"from": [16.75, 7.9, 7.75],
			"to": [-1.05, 4.4, 5.75],
			"faces": {
				"north": {"uv": [0, 0.02452, 1.38354, 1.4641], "texture": "#6"},
				"east": {"uv": [0, 2, 1.3275, 2.92119], "texture": "#6"},
				"south": {"uv": [0, 0.82312, 1.04729, 2.08056], "texture": "#6"},
				"west": {"uv": [0, 1.07531, 1.13135, 2.51489], "texture": "#6"},
				"up": {"uv": [1.28546, 2.18214, 0, 0.6725], "texture": "#6"},
				"down": {"uv": [1.35552, 1.05079, 0, 2.37828], "texture": "#6"}
			}
		},
		{
			"name": "borde-mon",
			"from": [11.95, 4.4, 7.75],
			"to": [3.45, 0.9, 5.75],
			"faces": {
				"north": {"uv": [0, 0.02452, 1.38354, 1.4641], "texture": "#6"},
				"east": {"uv": [0, 2, 1.3275, 2.92119], "texture": "#6"},
				"south": {"uv": [0, 0.82312, 1.04729, 2.08056], "texture": "#6"},
				"west": {"uv": [0, 1.07531, 1.13135, 2.51489], "texture": "#6"},
				"up": {"uv": [1.28546, 2.18214, 0, 0.6725], "texture": "#6"},
				"down": {"uv": [8.33275, 3.39054, 7.56567, 4.54991], "texture": "#6"}
			}
		},
		{
			"name": "mon_2",
			"from": [10.77505, 1.07149, 5.76793],
			"to": [11.65839, 4.14396, 7.69835],
			"rotation": {"angle": 0, "axis": "y", "origin": [16.42075, -0.64339, 17.09793]},
			"faces": {
				"north": {"uv": [5.89851, 0, 6.99701, 16], "texture": "#7"},
				"east": {"uv": [2.10149, 9.77612, 0.54925, 15.47761], "texture": "#7"},
				"south": {"uv": [2.00597, 10.4597, 0.88358, 13.49254], "texture": "#7"},
				"west": {"uv": [1.91045, 10, 0.83582, 14.80597], "texture": "#7"},
				"up": {"uv": [0.28657, 0, 1.45672, 8.83134], "rotation": 180, "texture": "#7"},
				"down": {"uv": [3.48657, 11.27313, 4.20299, 7.34328], "rotation": 180, "texture": "#7"}
			}
		},
		{
			"name": "mon_3",
			"from": [8.62431, 1.07149, 5.76793],
			"to": [9.50766, 4.14396, 7.69835],
			"rotation": {"angle": 0, "axis": "y", "origin": [16.42075, -0.64339, 17.09793]},
			"faces": {
				"north": {"uv": [8.57313, 0, 9.67164, 16], "texture": "#7"},
				"east": {"uv": [2.02985, 10.97015, 0.66866, 14.43284], "texture": "#7"},
				"south": {"uv": [1.98209, 11.00896, 0.64477, 14.11343], "texture": "#7"},
				"west": {"uv": [0.57313, 10.74627, 1.98209, 14.43284], "texture": "#7"},
				"up": {"uv": [0.31045, 0, 1.93433, 8.83134], "rotation": 180, "texture": "#7"},
				"down": {"uv": [3.86866, 7.0194, 4.72836, 10.70149], "rotation": 180, "texture": "#7"}
			}
		},
		{
			"name": "mon_4",
			"from": [7.54895, 1.07149, 5.76793],
			"to": [8.4323, 4.14396, 7.69835],
			"rotation": {"angle": 0, "axis": "y", "origin": [16.42075, -0.64339, 17.09793]},
			"faces": {
				"north": {"uv": [9.91045, 0, 11.00896, 16], "texture": "#7"},
				"east": {"uv": [0.83582, 9.92537, 1.83881, 15.47761], "texture": "#7"},
				"south": {"uv": [1.74329, 10.4597, 0.26269, 13.5403], "texture": "#7"},
				"west": {"uv": [0.93134, 10.44776, 1.69552, 14.8806], "texture": "#7"},
				"up": {"uv": [0.88358, 0, 1.93433, 8.83134], "rotation": 180, "texture": "#7"},
				"down": {"uv": [3.36716, 4.33284, 5.11045, 9.95522], "rotation": 180, "texture": "#7"}
			}
		},
		{
			"name": "mon_5",
			"from": [6.31996, 3.54868, 5.76793],
			"to": [7.54895, 4.14396, 7.69835],
			"rotation": {"angle": 0, "axis": "y", "origin": [16.42075, -0.64339, 17.09793]},
			"faces": {
				"north": {"uv": [11.00896, 0, 12.53731, 3.1], "texture": "#7"},
				"east": {"uv": [11.00896, 0, 11.03284, 3.1], "texture": "#7"},
				"south": {"uv": [2.19701, 10.98507, 0.66866, 14.08507], "texture": "#7"},
				"west": {"uv": [0.66866, 13.28358, 2.07761, 11.23433], "texture": "#7"},
				"up": {"uv": [1.07463, 0, 1.74328, 8.75672], "rotation": 180, "texture": "#7"},
				"down": {"uv": [0.69254, 10.31343, 1.74328, 14.44328], "rotation": 180, "texture": "#7"}
			}
		},
		{
			"name": "mon_6",
			"from": [5.2446, 1.07149, 5.76793],
			"to": [6.12794, 4.14396, 7.69835],
			"rotation": {"angle": 0, "axis": "y", "origin": [16.42075, -0.64339, 17.09793]},
			"faces": {
				"north": {"uv": [12.77612, 0, 13.87463, 16], "texture": "#7"},
				"east": {"uv": [0.88358, 11.04478, 1.74328, 14.8806], "texture": "#7"},
				"south": {"uv": [1.52836, 10.93731, 0.50149, 14.2806], "texture": "#7"},
				"west": {"uv": [0.93134, 10.74627, 1.98209, 14.13433], "texture": "#7"},
				"up": {"uv": [0.64478, 0, 1.31343, 8.83134], "rotation": 180, "texture": "#7"},
				"down": {"uv": [3.36716, 6.19851, 4.51343, 10.92537], "rotation": 180, "texture": "#7"}
			}
		},
		{
			"name": "mon_7",
			"from": [3.70836, 1.07149, 5.76793],
			"to": [4.5917, 4.14396, 7.69835],
			"rotation": {"angle": 0, "axis": "y", "origin": [16.42075, -0.64339, 17.09793]},
			"faces": {
				"north": {"uv": [14.68657, 0, 15.78507, 16], "texture": "#7"},
				"east": {"uv": [0.6209, 10.67164, 1.50448, 15.02985], "texture": "#7"},
				"south": {"uv": [2.00597, 10.86567, 0.8597, 12.87164], "texture": "#7"},
				"west": {"uv": [2.00597, 10, 0.59701, 14.43284], "texture": "#7"},
				"up": {"uv": [0.76418, 0, 1.95821, 8.83134], "rotation": 180, "texture": "#7"},
				"down": {"uv": [3.53433, 6.12388, 4.44179, 9.0597], "rotation": 180, "texture": "#7"}
			}
		},
		{
			"name": "mon_8",
			"from": [6.31996, 1.07149, 5.76793],
			"to": [7.2033, 3.54868, 7.69835],
			"rotation": {"angle": 0, "axis": "y", "origin": [16.42075, -0.64339, 17.09793]},
			"faces": {
				"north": {"uv": [11.43881, 3.1, 12.53731, 16], "texture": "#7"},
				"east": {"uv": [1.64776, 10.56269, 0.66866, 14.65672], "texture": "#7"},
				"south": {"uv": [2.14925, 10.76567, 0.66866, 13.46866], "texture": "#7"},
				"west": {"uv": [2.00597, 11.45821, 0.93134, 14.65672], "texture": "#7"},
				"up": {"uv": [11.43881, 3.1, 12.53731, 3.2], "rotation": 180, "texture": "#7"},
				"down": {"uv": [3.89254, 11.27313, 4.99104, 7.79105], "rotation": 180, "texture": "#7"}
			}
		},
		{
			"name": "mon_9",
			"from": [10.46781, 2.31969, 5.76793],
			"to": [10.77505, 3.51027, 7.69835],
			"rotation": {"angle": 0, "axis": "y", "origin": [16.42075, -0.64339, 17.09793]},
			"faces": {
				"north": {"uv": [6.99701, 3.3, 7.3791, 9.5], "texture": "#7"},
				"east": {"uv": [6.99701, 3.3, 7.0209, 9.5], "texture": "#7"},
				"south": {"uv": [1.40895, 9.46119, 1.02686, 15.66119], "texture": "#7"},
				"west": {"uv": [0.64478, 11.21045, 1.91045, 15.47015], "texture": "#7"},
				"up": {"uv": [0.76418, 11.06119, 1.62388, 14.66866], "rotation": 180, "texture": "#7"},
				"down": {"uv": [0.69254, 11.56418, 1.24179, 13.60448], "rotation": 180, "texture": "#7"}
			}
		},
		{
			"name": "mon_10",
			"from": [9.50766, 2.31969, 5.76793],
			"to": [9.8149, 3.51027, 7.69835],
			"rotation": {"angle": 0, "axis": "y", "origin": [16.42075, -0.64339, 17.09793]},
			"faces": {
				"north": {"uv": [8.19104, 3.3, 8.57313, 9.5], "texture": "#7"},
				"east": {"uv": [0.88358, 11.3597, 1.83881, 15.24627], "texture": "#7"},
				"south": {"uv": [1.57612, 12.01642, 0.93134, 13.72687], "texture": "#7"},
				"west": {"uv": [8.54925, 3.3, 8.57313, 9.5], "texture": "#7"},
				"up": {"uv": [1.07463, 12.77761, 1.45672, 12.87761], "rotation": 180, "texture": "#7"},
				"down": {"uv": [1.02687, 11.56418, 1.79104, 13.3806], "rotation": 180, "texture": "#7"}
			}
		},
		{
			"name": "mon_11",
			"from": [4.93736, 2.62692, 5.76793],
			"to": [5.2446, 3.51027, 7.69835],
			"rotation": {"angle": 0, "axis": "y", "origin": [16.42075, -0.64339, 17.09793]},
			"faces": {
				"north": {"uv": [13.87463, 3.3, 14.25672, 7.9], "texture": "#7"},
				"east": {"uv": [13.87463, 3.3, 13.89851, 7.9], "texture": "#7"},
				"south": {"uv": [1.55224, 10.36866, 1.17015, 14.96866], "texture": "#7"},
				"west": {"uv": [2.17313, 11.43433, 0.52537, 14.0194], "texture": "#7"},
				"up": {"uv": [0.81194, 10.38955, 1.79104, 12.72836], "rotation": 180, "texture": "#7"},
				"down": {"uv": [0.8597, 11.30746, 1.64776, 13.42239], "rotation": 180, "texture": "#7"}
			}
		},
		{
			"name": "mon_12",
			"from": [9.8149, 2.31969, 5.76793],
			"to": [10.46781, 2.89577, 7.69835],
			"rotation": {"angle": 0, "axis": "y", "origin": [16.42075, -0.64339, 17.09793]},
			"faces": {
				"north": {"uv": [7.3791, 6.5, 8.19104, 9.5], "texture": "#7"},
				"east": {"uv": [7.3791, 6.5, 7.40299, 9.5], "texture": "#7"},
				"south": {"uv": [1.91044, 10.29701, 1.0985, 13.29701], "texture": "#7"},
				"west": {"uv": [8.16716, 6.5, 8.19104, 9.5], "texture": "#7"},
				"up": {"uv": [0.76418, 11.5, 1.81493, 15.03284], "rotation": 180, "texture": "#7"},
				"down": {"uv": [0.8597, 11.56418, 1.67164, 13.82836], "rotation": 180, "texture": "#7"}
			}
		},
		{
			"name": "mon_13",
			"from": [4.5917, 2.62692, 5.76793],
			"to": [4.93736, 2.89577, 7.69835],
			"rotation": {"angle": 0, "axis": "y", "origin": [16.42075, -0.64339, 17.09793]},
			"faces": {
				"north": {"uv": [14.25672, 6.5, 14.68657, 7.9], "texture": "#7"},
				"east": {"uv": [14.25672, 6.5, 14.2806, 7.9], "texture": "#7"},
				"south": {"uv": [1.67164, 11.65821, 1.24179, 13.05821], "texture": "#7"},
				"west": {"uv": [14.66269, 6.5, 14.68657, 7.9], "texture": "#7"},
				"up": {"uv": [0.90746, 11.05224, 1.88657, 14.43582], "rotation": 180, "texture": "#7"},
				"down": {"uv": [14.25672, 7.8, 14.68657, 7.9], "rotation": 180, "texture": "#7"}
			}
		},
		{
			"name": "mon_14",
			"from": [4.5917, 2.01245, 5.76793],
			"to": [4.89894, 2.62692, 7.69835],
			"rotation": {"angle": 0, "axis": "y", "origin": [16.42075, -0.64339, 17.09793]},
			"faces": {
				"north": {"uv": [14.30448, 7.9, 14.68657, 11.1], "texture": "#7"},
				"east": {"uv": [1.00299, 11.33284, 1.74328, 12.81642], "texture": "#7"},
				"south": {"uv": [1.40896, 10.67015, 1.02687, 13.87015], "texture": "#7"},
				"west": {"uv": [14.66269, 7.9, 14.68657, 11.1], "texture": "#7"},
				"up": {"uv": [14.30448, 7.9, 14.68657, 8], "rotation": 180, "texture": "#7"},
				"down": {"uv": [0.95522, 11.14925, 1.93433, 13.11493], "rotation": 180, "texture": "#7"}
			}
		},
		{
			"name": "mon_15",
			"from": [9.85331, 1.70519, 5.76793],
			"to": [10.42939, 2.31969, 7.69835],
			"rotation": {"angle": 0, "axis": "y", "origin": [16.42075, -0.64339, 17.09793]},
			"faces": {
				"north": {"uv": [7.42687, 9.5, 8.14328, 12.7], "texture": "#7"},
				"east": {"uv": [0.69254, 11.4403, 1.83881, 15.01343], "texture": "#7"},
				"south": {"uv": [1.24179, 10.95672, 0.52538, 14.15672], "texture": "#7"},
				"west": {"uv": [2.05373, 11.58955, 1.21791, 14.04328], "texture": "#7"},
				"up": {"uv": [7.42687, 9.5, 8.14328, 9.6], "rotation": 180, "texture": "#7"},
				"down": {"uv": [3.24776, 9.16716, 3.72537, 11.20746], "rotation": 180, "texture": "#7"}
			}
		},
		{
			"name": "mon_16",
			"from": [7.2033, 1.07149, 5.76793],
			"to": [7.54895, 1.66679, 7.69835],
			"rotation": {"angle": 0, "axis": "y", "origin": [16.42075, -0.64339, 17.09793]},
			"faces": {
				"north": {"uv": [11.00896, 12.9, 11.43881, 16], "texture": "#7"},
				"east": {"uv": [11.00896, 12.9, 11.03284, 16], "texture": "#7"},
				"south": {"uv": [1.71941, 11.01343, 1.28956, 14.11343], "texture": "#7"},
				"west": {"uv": [11.41493, 12.9, 11.43881, 16], "texture": "#7"},
				"up": {"uv": [0.83582, 14.39254, 1.50448, 11.35821], "rotation": 180, "texture": "#7"},
				"down": {"uv": [3.70149, 5.30299, 4.46567, 10.1791], "rotation": 180, "texture": "#7"}
			}
		}
	],
	"display": {
		"thirdperson_righthand": {
			"rotation": [75, 9, 0],
			"translation": [0, 0.5, 0.75],
			"scale": [0.69, 0.69, 0.69]
		},
		"thirdperson_lefthand": {
			"rotation": [75, 12, 0],
			"translation": [0, 0.5, 0.75],
			"scale": [0.69, 0.69, 0.69]
		},
		"firstperson_righthand": {
			"rotation": [0, 163, 0],
			"translation": [0.5, 3.5, 0],
			"scale": [0.4, 0.4, 0.4]
		},
		"firstperson_lefthand": {
			"rotation": [0, 146, 0],
			"translation": [0, 4, 0],
			"scale": [0.4, 0.4, 0.4]
		},
		"ground": {
			"translation": [0, 6.5, 0],
			"scale": [1.22, 1.22, 1.22]
		},
		"gui": {
			"rotation": [30, 225, 0],
			"translation": [0, 0.75, 0],
			"scale": [0.81, 0.81, 0.81]
		},
		"head": {
			"translation": [0, 28, 0],
			"scale": [2.48, 2.48, 2.48]
		},
		"fixed": {
			"translation": [0.75, 11, -4.75],
			"scale": [4, 4, 4]
		}
	},
	"groups": [
		{
			"name": "zapdos",
			"origin": [-0.16384, 0.62376, -0.82036],
			"color": 0,
			"children": [
				{
					"name": "body",
					"origin": [-0.16384, 2.8074, -0.82036],
					"color": 1,
					"children": [
						{
							"name": "head",
							"origin": [-0.16384, -0.96285, -1.50521],
							"color": 2,
							"children": [0, 1]
						},
						{
							"name": "left_wing",
							"origin": [-0.74448, 3.81045, -0.97175],
							"color": 1,
							"children": [
								{
									"name": "leftwing",
									"origin": [-1.79263, 3.63576, -0.97175],
									"color": 2,
									"children": [
										2,
										{
											"name": "leftwing2",
											"origin": [-4.06361, 3.46107, -0.97175],
											"color": 3,
											"children": [3]
										}
									]
								},
								{
									"name": "leftbackwing",
									"origin": [-1.79263, 3.81045, -0.97175],
									"rotation": [0, 5, 0],
									"color": 4,
									"children": [
										4,
										{
											"name": "leftbackwing2",
											"origin": [-4.06361, 3.63576, -0.97175],
											"color": 5,
											"children": [5]
										}
									]
								}
							]
						},
						{
							"name": "right_wing",
							"origin": [1.31988, 3.63576, -0.97175],
							"color": 6,
							"children": [
								{
									"name": "rightwing",
									"origin": [1.31988, 3.63576, -0.97175],
									"color": 7,
									"children": [
										6,
										{
											"name": "rightwing2",
											"origin": [3.59087, 3.46107, -0.97175],
											"color": 8,
											"children": [7]
										}
									]
								},
								{
									"name": "rightbackwing",
									"origin": [1.31988, 3.81045, -0.97175],
									"rotation": [0, -5, 0],
									"color": 9,
									"children": [
										8,
										{
											"name": "rightbackwing2",
											"origin": [3.59087, 3.63576, -0.97175],
											"color": 0,
											"children": [9]
										}
									]
								}
							]
						}
					]
				}
			]
		},
		{
			"name": "liga",
			"origin": [3.63721, 12.97717, -1.54125],
			"color": 0,
			"children": [10]
		},
		{
			"name": "guijarro",
			"origin": [-0.16384, 2.72089, -2.03277],
			"rotation": [0, -180, 0],
			"color": 0,
			"children": [11, 12, 13, 14, 15, 16, 17, 18, 19, 20, 21, 22, 23, 24, 25, 26, 27, 28, 29, 30, 31, 32, 33, 34, 35, 36, 37, 38, 39, 40, 41, 42, 43, 44]
		},
		{
			"name": "mon",
			"origin": [0, 2, -2],
			"rotation": [0, -180, 0],
			"color": 0,
			"children": [45, 46, 47, 48, 49, 50, 51, 52, 53, 54, 55, 56, 57, 58, 59]
		}
	]
}