{
	"dark_on":
	{
		"master": "",
		"sounds":
		[
			{"name": "sables:dark_on", "stream": true}
		]
	},
	"dark_off":
	{
		"master": "",
		"sounds":
		[
			{"name": "sables:dark_off", "stream": true}
		]
	},
	"hit":
	{
		"master": "",
		"sounds":
		[
			{"name": "sables:hit1", "stream": true},
			{"name": "sables:hit2", "stream": true},
			{"name": "sables:hit3", "stream": true},
			{"name": "sables:hit4", "stream": true}
		]
	},
	"on":
	{
		"master": "",
		"sounds":
		[
			{"name": "sables:on", "stream": true},
			{"name": "sables:on2", "stream": true}
		]
	},
	"off":
	{
		"master": "",
		"sounds":
		[
			{"name": "sables:off", "stream": true}
		]
	},
	"hum":
	{
		"master": "",
		"sounds":
		[
			{"name": "sables:hum", "stream": true}
		]
	},
	"use":
	{
		"master": "",
		"sounds":
		[
			{"name": "sables:use", "stream": true}
		]
	},
	"blaster_shoot":
	{
		"master": "",
		"sounds":
		[
			{"name": "sables:blaster_shoot", "stream": true}
		]
	}
}