{
  "parent": "minecraft:item/generated",
  "textures": {
    "layer0": "minecraft:item/iron_ingot"
  },
  "overrides": [
    {"predicate": {"custom_model_data": 100},"model": "cobblebadges:item/the_rainbow_badge"},
    {"predicate": {"custom_model_data": 101},"model": "cobblebadges:item/the_voltage_badge"},
    {"predicate": {"custom_model_data": 102},"model": "cobblebadges:item/the_glacier_badge"},
    {"predicate": {"custom_model_data": 103},"model": "cobblebadges:item/the_plant_badge"},
    {"predicate": {"custom_model_data": 104},"model": "cobblebadges:item/the_dragon_badge"},
    {"predicate": {"custom_model_data": 105},"model": "cobblebadges:item/the_jet_badge"},
    {"predicate": {"custom_model_data": 106},"model": "cobblebadges:item/the_heat_badge"},
    {"predicate": {"custom_model_data": 107},"model": "cobblebadges:item/the_relic_badge"},
    {"predicate": {"custom_model_data": 108},"model": "cobblebadges:item/the_bolt_badge"},
    {"predicate": {"custom_model_data": 109},"model": "cobblebadges:item/the_mind_badge"},
    {"predicate": {"custom_model_data": 110},"model": "cobblebadges:item/the_rock_badge"},
    {"predicate": {"custom_model_data": 111},"model": "cobblebadges:item/the_knuckle_badge"},
    {"predicate": {"custom_model_data": 200},"model": "minecraft:item/silver_wing"},
    {"predicate": {"custom_model_data": 201},"model": "minecraft:item/tidal_bell"},
    {"predicate": {"custom_model_data": 3002},"model": "minecraft:block/food_truck"},
    {"predicate": {"custom_model_data": 3006},"model": "minecraft:item/spatula"},
    {"predicate": {"custom_model_data": 3021},"model": "minecraft:block/cocina_estufa"},
    {"predicate": {"custom_model_data": 3022},"model": "minecraft:block/cocina_freidora"},
    {"predicate": {"custom_model_data": 3023},"model": "minecraft:block/cocina_nevecon"},
    {"predicate": {"custom_model_data": 3024},"model": "minecraft:block/cocina_nevecon_stickers"},
    {"predicate": {"custom_model_data": 3025},"model": "minecraft:block/cocina_nevera"},
    {"predicate": {"custom_model_data": 3026},"model": "minecraft:block/cocina_nevera_stickers"},
    {"predicate": {"custom_model_data": 3027},"model": "minecraft:block/cocina_parrilla"},
    {"predicate": {"custom_model_data": 3028},"model": "minecraft:block/till"},
    {"predicate": {"custom_model_data": 3029},"model": "minecraft:item/coin"},
    {"predicate": {"custom_model_data": 3030},"model": "minecraft:item/coin_token"},
    {"predicate": {"custom_model_data": 3031},"model": "minecraft:item/silver"},
    {"predicate": {"custom_model_data": 3032},"model": "minecraft:block/petit_cafe"},
    {"predicate": {"custom_model_data": 3033},"model": "minecraft:block/petit_cafe_hierro"},
    {"predicate": {"custom_model_data": 3034},"model": "minecraft:block/cocina_parrilla_carnes"},
    {"predicate": {"custom_model_data": 3035},"model": "minecraft:block/taco/taco_truck"},
    {"predicate": {"custom_model_data": 10101 },"model": "elitecreatures:lab_furniture_v1/fireextinguisher"},
    {"predicate": {"custom_model_data": 10102 },"model": "elitecreatures:lab_furniture_v1/science_equipment_2"},
    {"predicate": {"custom_model_data": 10103 },"model": "elitecreatures:lab_furniture_v1/science_equipment_3"},
    {"predicate": {"custom_model_data": 10104 },"model": "elitecreatures:lab_furniture_v1/science_equipment_4"},
    {"predicate": {"custom_model_data": 10105 },"model": "elitecreatures:lab_furniture_v1/science_equipment_5"},
    {"predicate": {"custom_model_data": 10106 },"model": "elitecreatures:lab_furniture_v1/science_equipment_6"},
    {"predicate": {"custom_model_data": 10107 },"model": "elitecreatures:lab_furniture_v1/science_equipment_7"},
    {"predicate": {"custom_model_data": 10108 },"model": "elitecreatures:lab_furniture_v1/trolley"},
    {"predicate": {"custom_model_data": 10109 },"model": "elitecreatures:lab_furniture_v1/whiteboard"}
  ]
}