{
    "parent": "block/sea_lantern",
  "overrides": [
    {
      "predicate": {
        "custom_model_data": 100
      },
      "model": "minecraft:block/llave_vacio"
    },
    {
      "predicate": {
        "custom_model_data": 101
      },
      "model": "minecraft:block/burger_sign"
    },
    {
      "predicate": {
        "custom_model_data": 102
      },
      "model": "minecraft:block/ceiling_fan"
    },
    {
      "predicate": {
        "custom_model_data": 103
      },
      "model": "minecraft:block/burger_sign_2"
    },
    {
      "predicate": {
        "custom_model_data": 104
      },
      "model": "minecraft:block/petit_cafe"
    },
    {
      "predicate": {
        "custom_model_data": 105
      },
      "model": "minecraft:block/petit_cafe_luz"
    },
    {
      "predicate": {
        "custom_model_data": 106
      },
      "model": "minecraft:block/ceiling_fan2"
    }
  ]
}
