{
	"credit": "Made with Blockbench",
	"texture_size": [32, 32],
	"textures": {
		"30": "simplehats:block/pikachu_hat"
	},
	"elements": [
		{
			"from": [3.4, 1, 3.4],
			"to": [12.6, 4, 12.6],
			"rotation": {"angle": 0, "axis": "y", "origin": [0, -28, 0]},
			"faces": {
				"north": {"uv": [4.5, 4, 9, 5.5], "texture": "#30"},
				"east": {"uv": [4.5, 5.5, 9, 7], "texture": "#30"},
				"south": {"uv": [4.5, 7, 9, 8.5], "texture": "#30"},
				"west": {"uv": [8, 0, 12.5, 1.5], "texture": "#30"},
				"up": {"uv": [4.5, 4.5, 0, 0], "texture": "#30"},
				"down": {"uv": [4.5, 4.5, 0, 9], "texture": "#30"}
			}
		},
		{
			"from": [11.35917, 2.78209, 0],
			"to": [12.35917, 2.78209, 4],
			"rotation": {"angle": -22.5, "axis": "z", "origin": [8, 1.28567, 4]},
			"faces": {
				"north": {"uv": [0, 0, 0.5, 0], "texture": "#30"},
				"east": {"uv": [0, 0, 2, 0], "texture": "#30"},
				"south": {"uv": [0, 0, 0.5, 0], "texture": "#30"},
				"west": {"uv": [0, 0, 2, 0], "texture": "#30"},
				"up": {"uv": [8.5, 3.5, 8, 1.5], "texture": "#30"},
				"down": {"uv": [9, 1.5, 8.5, 3.5], "texture": "#30"}
			}
		},
		{
			"from": [3.64083, 2.78209, 0],
			"to": [4.64083, 2.78209, 4],
			"rotation": {"angle": 22.5, "axis": "z", "origin": [8, 1.28567, 4]},
			"faces": {
				"north": {"uv": [0, 0, 0.5, 0], "texture": "#30"},
				"east": {"uv": [0, 0, 2, 0], "texture": "#30"},
				"south": {"uv": [0, 0, 0.5, 0], "texture": "#30"},
				"west": {"uv": [0, 0, 2, 0], "texture": "#30"},
				"up": {"uv": [2, 11, 1.5, 9], "texture": "#30"},
				"down": {"uv": [9.5, 1.5, 9, 3.5], "texture": "#30"}
			}
		},
		{
			"from": [4.3, 1.38, 0],
			"to": [11.7, 1.38, 4],
			"rotation": {"angle": 0, "axis": "y", "origin": [8, 1.28567, 4]},
			"faces": {
				"north": {"uv": [0, 0, 3.5, 0], "texture": "#30"},
				"east": {"uv": [0, 0, 2, 0], "texture": "#30"},
				"south": {"uv": [0, 0, 3.5, 0], "texture": "#30"},
				"west": {"uv": [0, 0, 2, 0], "texture": "#30"},
				"up": {"uv": [8, 2, 4.5, 0], "texture": "#30"},
				"down": {"uv": [8, 2, 4.5, 4], "texture": "#30"}
			}
		},
		{
			"from": [3.6, 3, 5.8],
			"to": [6.6, 9, 5.8],
			"rotation": {"angle": 22.5, "axis": "z", "origin": [5.1, 3, 5]},
			"faces": {
				"north": {"uv": [4.5, 8.5, 6, 11.5], "texture": "#30"},
				"east": {"uv": [0, 0, 0, 3], "texture": "#30"},
				"south": {"uv": [6, 8.5, 7.5, 11.5], "texture": "#30"},
				"west": {"uv": [0, 0, 0, 3], "texture": "#30"},
				"up": {"uv": [1.5, 0, 0, 0], "texture": "#30"},
				"down": {"uv": [1.5, 0, 0, 0], "texture": "#30"}
			}
		},
		{
			"from": [9.4, 3, 5.8],
			"to": [12.4, 9, 5.8],
			"rotation": {"angle": -22.5, "axis": "z", "origin": [10.9, 3, 5]},
			"faces": {
				"north": {"uv": [7.5, 8.5, 9, 11.5], "texture": "#30"},
				"east": {"uv": [0, 0, 0, 3], "texture": "#30"},
				"south": {"uv": [0, 9, 1.5, 12], "texture": "#30"},
				"west": {"uv": [0, 0, 0, 3], "texture": "#30"},
				"up": {"uv": [1.5, 0, 0, 0], "texture": "#30"},
				"down": {"uv": [1.5, 0, 0, 0], "texture": "#30"}
			}
		}
	],
	"display": {
		"thirdperson_righthand": {
			"rotation": [75, 45, 0],
			"translation": [0, 2.5, 2],
			"scale": [0.375, 0.375, 0.375]
		},
		"thirdperson_lefthand": {
			"rotation": [75, 45, 0],
			"translation": [0, 2.5, 2],
			"scale": [0.375, 0.375, 0.375]
		},
		"firstperson_righthand": {
			"rotation": [0, 120, 0],
			"translation": [2, 4.25, 0],
			"scale": [0.4, 0.4, 0.4]
		},
		"firstperson_lefthand": {
			"rotation": [0, 105, 0],
			"translation": [1.75, 4, 0],
			"scale": [0.4, 0.4, 0.4]
		},
		"ground": {
			"translation": [0, 5.75, 0],
			"scale": [0.5, 0.5, 0.5]
		},
		"gui": {
			"rotation": [18.5, 163, 0],
			"translation": [0.5, 5.5, 0],
			"scale": [1.3, 1.3, 1.3]
		},
		"head": {
			"translation": [0, 13.75, 0],
			"scale": [1.63, 1.63, 1.63]
		},
		"fixed": {
			"rotation": [-90, 0, 0],
			"translation": [0, 2.25, -6.5]
		}
	},
	"groups": [
		{
			"name": "hat3",
			"origin": [0, 0, 0],
			"color": 0,
			"children": [0, 1, 2, 3, 4, 5]
		}
	]
}