{
	"credit": "DemoProjects",
	"texture_size": [64, 64],
	"textures": {
		"0": "simplehats:block/eevee/vaporeon_hat",
		"particle": "simplehats:block/eevee/vaporeon_hat"
	},
	"elements": [
		{
			"from": [3, 0, 4],
			"to": [13, 5, 14],
			"rotation": {"angle": 0, "axis": "y", "origin": [8, 5, 9]},
			"faces": {
				"north": {"uv": [7.75, 6.25, 10.25, 7.5], "texture": "#0"},
				"east": {"uv": [5.25, 6.25, 7.75, 7.5], "texture": "#0"},
				"south": {"uv": [12.75, 6.25, 15.25, 7.5], "texture": "#0"},
				"west": {"uv": [10.25, 6.25, 12.75, 7.5], "texture": "#0"},
				"up": {"uv": [10.25, 6.25, 7.75, 3.75], "texture": "#0"},
				"down": {"uv": [12.75, 3.75, 10.25, 6.25], "texture": "#0"}
			}
		},
		{
			"from": [11.5, 0, 6.51907],
			"to": [20.5, 8, 6.51907],
			"rotation": {"angle": -22.5, "axis": "y", "origin": [11, 5, 9]},
			"faces": {
				"north": {"uv": [0, 5.5, 2.25, 7.5], "texture": "#0"},
				"east": {"uv": [0, 5.5, 0, 7.5], "texture": "#0"},
				"south": {"uv": [2.25, 5.5, 4.5, 7.5], "texture": "#0"},
				"west": {"uv": [2.25, 5.5, 2.25, 7.5], "texture": "#0"},
				"up": {"uv": [2.25, 5.5, 0, 5.5], "texture": "#0"},
				"down": {"uv": [4.5, 5.5, 2.25, 5.5], "texture": "#0"}
			}
		},
		{
			"from": [-4.5, 0, 6.51907],
			"to": [4.5, 8, 6.51907],
			"rotation": {"angle": 22.5, "axis": "y", "origin": [5, 5, 9]},
			"faces": {
				"north": {"uv": [2.25, 5.5, 0, 7.5], "texture": "#0"},
				"east": {"uv": [2.25, 5.5, 2.25, 7.5], "texture": "#0"},
				"south": {"uv": [4.5, 5.5, 2.25, 7.5], "texture": "#0"},
				"west": {"uv": [0, 5.5, 0, 7.5], "texture": "#0"},
				"up": {"uv": [0, 5.5, 2.25, 5.5], "texture": "#0"},
				"down": {"uv": [2.25, 5.5, 4.5, 5.5], "texture": "#0"}
			}
		},
		{
			"from": [8, 5, 5.51907],
			"to": [8, 13, 11.51907],
			"rotation": {"angle": 0, "axis": "y", "origin": [8, 6, 9]},
			"faces": {
				"north": {"uv": [4.5, 11.75, 4.5, 13.75], "texture": "#0"},
				"east": {"uv": [3, 11.75, 4.5, 13.75], "texture": "#0"},
				"south": {"uv": [6, 11.75, 6, 13.75], "texture": "#0"},
				"west": {"uv": [4.5, 11.75, 6, 13.75], "texture": "#0"},
				"up": {"uv": [4.5, 11.75, 4.5, 10.25], "texture": "#0"},
				"down": {"uv": [4.5, 10.25, 4.5, 11.75], "texture": "#0"}
			}
		},
		{
			"from": [6, 0, 3],
			"to": [10, 2, 4],
			"rotation": {"angle": 0, "axis": "y", "origin": [8, -27, 9]},
			"faces": {
				"north": {"uv": [0.5, 0.5, 1.5, 1], "texture": "#0"},
				"east": {"uv": [0.25, 0.5, 0.5, 1], "texture": "#0"},
				"south": {"uv": [1.75, 0.5, 2.75, 1], "texture": "#0"},
				"west": {"uv": [1.5, 0.5, 1.75, 1], "texture": "#0"},
				"up": {"uv": [1.5, 0.5, 0.5, 0.25], "texture": "#0"},
				"down": {"uv": [2.5, 0.25, 1.5, 0.5], "texture": "#0"}
			}
		}
	],
	"display": {
		"ground": {
			"translation": [0, 5, 0],
			"scale": [0.65, 0.65, 0.65]
		},
		"gui": {
			"rotation": [180, -59.75, 180],
			"translation": [1, 2.5, 0]
		},
		"head": {
			"translation": [0, 14, -1.75],
			"scale": [1.6, 1.6, 1.6]
		}
	},
	"groups": [
		{
			"name": "vaporeon_hat",
			"origin": [0, 0, 0],
			"color": 0,
			"children": [0, 1, 2, 3, 4]
		}
	]
}