{
	"credit": "MadewithBlockbench",
	"texture_size": [32, 32],
	"textures": {
		"0": "elitecreatures:block/scienceequipment03texture",
		"particle": "elitecreatures:block/scienceequipment03texture"
	},
	"elements": [
		{
			"from": [4, 0, 3.5],
			"to": [12, 2, 11.5],
			"faces": {
				"north": {"uv": [15, 4, 16, 8], "rotation": 90, "texture": "#0"},
				"east": {"uv": [11, 8, 15, 9], "texture": "#0"},
				"south": {"uv": [15, 8, 16, 12], "rotation": 90, "texture": "#0"},
				"west": {"uv": [15, 0, 16, 4], "rotation": 90, "texture": "#0"},
				"up": {"uv": [15, 4, 11, 0], "texture": "#0"},
				"down": {"uv": [15, 4, 11, 8], "texture": "#0"}
			}
		},
		{
			"from": [6, 12.875, 6.15],
			"to": [10, 15.875, 10.15],
			"rotation": {"angle": 0, "axis": "y", "origin": [0, -0.125, 0.15]},
			"faces": {
				"north": {"uv": [1.5, 2, 3.5, 3.5], "texture": "#0"},
				"east": {"uv": [3.5, 2, 5.5, 3.5], "texture": "#0"},
				"south": {"uv": [1.5, 3.5, 3.5, 5], "texture": "#0"},
				"west": {"uv": [3.5, 3.5, 5.5, 5], "texture": "#0"},
				"up": {"uv": [3.5, 2, 1.5, 0], "texture": "#0"},
				"down": {"uv": [5.5, 0, 3.5, 2], "texture": "#0"}
			}
		},
		{
			"from": [7.025, 12.875, 10.15],
			"to": [8.975, 14.875, 14.15],
			"rotation": {"angle": 45, "axis": "x", "origin": [8, 14.875, 10.15]},
			"faces": {
				"north": {"uv": [5.5, 4, 6.5, 5], "texture": "#0"},
				"east": {"uv": [6.5, 2, 7.5, 4], "rotation": 90, "texture": "#0"},
				"south": {"uv": [6.5, 4, 7.5, 5], "texture": "#0"},
				"west": {"uv": [5.5, 0, 6.5, 2], "rotation": 90, "texture": "#0"},
				"up": {"uv": [7.5, 2, 6.5, 0], "texture": "#0"},
				"down": {"uv": [6.5, 2, 5.5, 4], "texture": "#0"}
			}
		},
		{
			"from": [7, 0, 11.5],
			"to": [9, 12, 13],
			"faces": {
				"north": {"uv": [8.5, 0, 9.5, 6], "texture": "#0"},
				"east": {"uv": [10.25, 0, 11, 6], "texture": "#0"},
				"south": {"uv": [7.5, 0, 8.5, 6], "texture": "#0"},
				"west": {"uv": [9.5, 0, 10.25, 6], "texture": "#0"},
				"up": {"uv": [9.5, 6.75, 8.5, 6], "texture": "#0"},
				"down": {"uv": [8.5, 6, 7.5, 6.75], "texture": "#0"}
			}
		},
		{
			"from": [4.5, 7, 5.5],
			"to": [11.5, 8, 11.5],
			"faces": {
				"north": {"uv": [12.5, 12, 16, 12.5], "texture": "#0"},
				"east": {"uv": [9.5, 12, 12.5, 12.5], "texture": "#0"},
				"south": {"uv": [12.5, 12.5, 16, 13], "texture": "#0"},
				"west": {"uv": [9.5, 12.5, 12.5, 13], "texture": "#0"},
				"up": {"uv": [12.5, 16, 9, 13], "texture": "#0"},
				"down": {"uv": [16, 13, 12.5, 16], "texture": "#0"}
			}
		},
		{
			"from": [7.25, 11.125, 19.15],
			"to": [8.75, 12.625, 25.15],
			"rotation": {"angle": -45, "axis": "x", "origin": [8, 1.125, 10.15]},
			"faces": {
				"north": {"uv": [0, 6, 0.75, 6.75], "texture": "#0"},
				"east": {"uv": [0, 3, 0.75, 6], "rotation": 90, "texture": "#0"},
				"south": {"uv": [0.75, 6, 1.5, 6.75], "texture": "#0"},
				"west": {"uv": [0.75, 3, 1.5, 6], "rotation": 90, "texture": "#0"},
				"up": {"uv": [0.75, 3, 0, 0], "texture": "#0"},
				"down": {"uv": [1.5, 0, 0.75, 3], "texture": "#0"}
			}
		},
		{
			"from": [7.25, 2, 7.25],
			"to": [8.75, 5, 8.75],
			"faces": {
				"north": {"uv": [5.25, 5, 6, 6.5], "texture": "#0"},
				"east": {"uv": [6.75, 5, 7.5, 6.5], "texture": "#0"},
				"south": {"uv": [6, 5, 6.75, 6.5], "texture": "#0"},
				"west": {"uv": [3.75, 5, 4.5, 6.5], "texture": "#0"},
				"up": {"uv": [5.25, 6.5, 4.5, 5.75], "texture": "#0"},
				"down": {"uv": [5.25, 5, 4.5, 5.75], "texture": "#0"}
			}
		},
		{
			"from": [6.5, 5, 11.5],
			"to": [7, 6.5, 13],
			"rotation": {"angle": -45, "axis": "x", "origin": [6.5, 5.75, 12.25]},
			"faces": {
				"north": {"uv": [10, 6.75, 10.25, 7.5], "texture": "#0"},
				"east": {"uv": [10.25, 6, 11, 6.75], "texture": "#0"},
				"south": {"uv": [10.25, 7.25, 11, 7.5], "rotation": 90, "texture": "#0"},
				"west": {"uv": [9.5, 6, 10.25, 6.75], "texture": "#0"},
				"up": {"uv": [11, 7.25, 10.25, 7], "rotation": 90, "texture": "#0"},
				"down": {"uv": [10.25, 7, 11, 6.75], "rotation": 90, "texture": "#0"}
			}
		},
		{
			"from": [7.5, 10, 7.75],
			"to": [8.5, 13, 8.75],
			"rotation": {"angle": 0, "axis": "y", "origin": [0, 0, 0.5]},
			"faces": {
				"north": {"uv": [1, 6.75, 1.5, 8.25], "texture": "#0"},
				"east": {"uv": [0, 8.25, 0.5, 9.75], "texture": "#0"},
				"south": {"uv": [0, 6.75, 0.5, 8.25], "texture": "#0"},
				"west": {"uv": [0.5, 6.75, 1, 8.25], "texture": "#0"},
				"up": {"uv": [1, 8.75, 0.5, 8.25], "texture": "#0"},
				"down": {"uv": [1.5, 8.25, 1, 8.75], "texture": "#0"}
			}
		},
		{
			"from": [8.325, 9.65, 7.775],
			"to": [9.325, 12.15, 8.725],
			"rotation": {"angle": 45, "axis": "z", "origin": [8, 11.5, 8.25]},
			"faces": {
				"north": {"uv": [3.25, 5, 3.75, 6.25], "texture": "#0"},
				"east": {"uv": [2.25, 5, 2.75, 6.25], "texture": "#0"},
				"south": {"uv": [1.75, 5, 2.25, 6.25], "texture": "#0"},
				"west": {"uv": [2.75, 5, 3.25, 6.25], "texture": "#0"},
				"up": {"uv": [3.25, 6.75, 2.75, 6.25], "texture": "#0"},
				"down": {"uv": [3.75, 6.25, 3.25, 6.75], "texture": "#0"}
			}
		},
		{
			"from": [7.525, 10.1, 6.9],
			"to": [8.475, 12.1, 7.9],
			"rotation": {"angle": 45, "axis": "x", "origin": [8, 11.5, 8.25]},
			"faces": {
				"north": {"uv": [10, 7.5, 10.5, 8.5], "texture": "#0"},
				"east": {"uv": [10.5, 7.5, 11, 8.5], "texture": "#0"},
				"south": {"uv": [9.5, 6.75, 10, 7.75], "texture": "#0"},
				"west": {"uv": [9, 6.75, 9.5, 7.75], "texture": "#0"},
				"up": {"uv": [10, 8.25, 9.5, 7.75], "texture": "#0"},
				"down": {"uv": [9.5, 7.75, 9, 8.25], "texture": "#0"}
			}
		},
		{
			"from": [7, 2, 10],
			"to": [9, 6, 11.5],
			"faces": {
				"north": {"uv": [14, 9, 15, 11], "texture": "#0"},
				"east": {"uv": [13.25, 9, 14, 11], "texture": "#0"},
				"south": {"uv": [11.5, 9, 12.5, 11], "texture": "#0"},
				"west": {"uv": [12.5, 9, 13.25, 11], "texture": "#0"},
				"up": {"uv": [12.5, 11.75, 11.5, 11], "texture": "#0"},
				"down": {"uv": [15, 11, 14, 11.75], "texture": "#0"}
			}
		},
		{
			"from": [7.75, 9.5, 8],
			"to": [8.25, 10.5, 8.5],
			"rotation": {"angle": 0, "axis": "y", "origin": [0, 0, 0.5]},
			"faces": {
				"north": {"uv": [1.5, 6.5, 1.75, 7], "texture": "#0"},
				"east": {"uv": [1.5, 6.75, 1.75, 7.25], "texture": "#0"},
				"south": {"uv": [1.5, 7, 1.75, 7.5], "texture": "#0"},
				"west": {"uv": [1.5, 7.25, 1.75, 7.75], "texture": "#0"},
				"up": {"uv": [1.75, 7.75, 1.5, 7.5], "texture": "#0"},
				"down": {"uv": [1.75, 7.75, 1.5, 8], "texture": "#0"}
			}
		},
		{
			"from": [7.75, 9.6, 7.15],
			"to": [8.25, 10.1, 7.65],
			"rotation": {"angle": 45, "axis": "x", "origin": [8, 11.5, 8.25]},
			"faces": {
				"north": {"uv": [1.5, 6, 1.75, 6.25], "texture": "#0"},
				"east": {"uv": [1.5, 5, 1.75, 5.25], "texture": "#0"},
				"south": {"uv": [1.5, 6.25, 1.75, 6.5], "texture": "#0"},
				"west": {"uv": [1.5, 5.25, 1.75, 5.5], "texture": "#0"},
				"up": {"uv": [1.75, 6, 1.5, 5.75], "texture": "#0"},
				"down": {"uv": [1.75, 5.5, 1.5, 5.75], "texture": "#0"}
			}
		},
		{
			"from": [8.575, 9.15, 8],
			"to": [9.075, 9.65, 8.5],
			"rotation": {"angle": 45, "axis": "z", "origin": [8, 11.5, 8.25]},
			"faces": {
				"north": {"uv": [1.75, 6.25, 2, 6.5], "texture": "#0"},
				"east": {"uv": [2, 6.25, 2.25, 6.5], "texture": "#0"},
				"south": {"uv": [1.75, 6.5, 2, 6.75], "texture": "#0"},
				"west": {"uv": [2.25, 6.25, 2.5, 6.5], "texture": "#0"},
				"up": {"uv": [2.25, 6.75, 2, 6.5], "texture": "#0"},
				"down": {"uv": [2.75, 6.25, 2.5, 6.5], "texture": "#0"}
			}
		}
	],
	"gui_light": "front",
	"display": {
		"thirdperson_righthand": {
			"rotation": [67.5, 0, 0],
			"translation": [0, 1.5, 0],
			"scale": [0.27883, 0.27883, 0.27883]
		},
		"thirdperson_lefthand": {
			"rotation": [67.5, 0, 0],
			"translation": [0, 1.5, 0],
			"scale": [0.27883, 0.27883, 0.27883]
		},
		"firstperson_righthand": {
			"translation": [3, 3.75, 0],
			"scale": [0.3882, 0.39016, 0.3882]
		},
		"firstperson_lefthand": {
			"translation": [3, 3.75, 0],
			"scale": [0.3882, 0.39016, 0.3882]
		},
		"ground": {
			"translation": [0, 6, 0],
			"scale": [0.65, 0.65, 0.65]
		},
		"gui": {
			"rotation": [30, 135, 0],
			"translation": [0, -0.75, 0],
			"scale": [0.70883, 0.70883, 0.70883]
		},
		"head": {
			"rotation": [0, 180, 0],
			"translation": [0, -30.4, 0],
			"scale": [1.6, 1.6, 1.6]
		},
		"fixed": {
			"rotation": [-90, 0, 0],
			"translation": [0, 0, -16],
			"scale": [2, 2, 2]
		}
	},
	"groups": [
		{
			"name": "group",
			"origin": [8, 11.5, 8.25],
			"color": 0,
			"children": [0, 1, 2, 3, 4, 5, 6, 7, 8, 9, 10, 11, 12, 13, 14]
		}
	]
}