{
	"credit": "Made with Blockbench",
	"textures": {
		"0": "block/burger",
		"particle": "block/burger"
	},
	"elements": [
		{
			"from": [4.5, 6.875, 4.5],
			"to": [11.5, 9.875, 11.5],
			"rotation": {"angle": -45, "axis": "y", "origin": [7.88452, 5.8125, 8.14109]},
			"faces": {
				"north": {"uv": [0, 4.5, 1.5, 8], "rotation": 90, "texture": "#0"},
				"east": {"uv": [0, 4.5, 1.5, 8], "rotation": 90, "texture": "#0"},
				"south": {"uv": [0, 4.5, 1.5, 8], "rotation": 90, "texture": "#0"},
				"west": {"uv": [0, 4.5, 1.5, 8], "rotation": 90, "texture": "#0"},
				"up": {"uv": [0, 1, 3.5, 4.5], "rotation": 90, "texture": "#0"},
				"down": {"uv": [5, 4.5, 8.5, 8], "texture": "#0"}
			}
		},
		{
			"from": [4.5, 0.25, 4.5],
			"to": [11.5, 2.25, 11.5],
			"rotation": {"angle": -45, "axis": "y", "origin": [7.88452, 3.8125, 8.14109]},
			"faces": {
				"north": {"uv": [0, 0, 3.5, 1], "texture": "#0"},
				"east": {"uv": [0, 0, 3.5, 1], "texture": "#0"},
				"south": {"uv": [0, 0, 3.5, 1], "texture": "#0"},
				"west": {"uv": [0, 0, 3.5, 1], "texture": "#0"},
				"up": {"uv": [5, 4.5, 8.5, 8], "texture": "#0"},
				"down": {"uv": [5, 4.5, 8.5, 8], "texture": "#0"}
			}
		},
		{
			"from": [4.4, 2.905, 4.4],
			"to": [11.6, 4.105, 11.6],
			"rotation": {"angle": -45, "axis": "y", "origin": [7.88452, 5.0625, 8.14109]},
			"faces": {
				"north": {"uv": [0, 8, 3.5, 8.5], "texture": "#0"},
				"east": {"uv": [0, 8, 3.5, 8.5], "texture": "#0"},
				"south": {"uv": [0, 8, 3.5, 8.5], "texture": "#0"},
				"west": {"uv": [0, 8, 3.5, 8.5], "texture": "#0"},
				"up": {"uv": [3.5, 8, 7, 11.5], "texture": "#0"},
				"down": {"uv": [3.5, 8, 7, 11.5], "texture": "#0"}
			}
		},
		{
			"from": [4.42561, 3.905, 4.65657],
			"to": [11.62561, 5.105, 11.85657],
			"rotation": {"angle": 0, "axis": "y", "origin": [7.88452, 6.0625, 8.14109]},
			"faces": {
				"north": {"uv": [0, 8, 3.5, 8.5], "texture": "#0"},
				"east": {"uv": [0, 8, 3.5, 8.5], "texture": "#0"},
				"south": {"uv": [0, 8, 3.5, 8.5], "texture": "#0"},
				"west": {"uv": [0, 8, 3.5, 8.5], "texture": "#0"},
				"up": {"uv": [3.5, 8, 7, 11.5], "rotation": 90, "texture": "#0"},
				"down": {"uv": [3.5, 8, 7, 11.5], "rotation": 270, "texture": "#0"}
			}
		},
		{
			"from": [4.42561, 4.905, 4.65657],
			"to": [11.12561, 6.105, 11.35657],
			"rotation": {"angle": 22.5, "axis": "y", "origin": [7.88452, 7.0625, 8.14109]},
			"faces": {
				"north": {"uv": [0, 8, 3.5, 8.5], "texture": "#0"},
				"east": {"uv": [0, 8, 3.5, 8.5], "texture": "#0"},
				"south": {"uv": [0, 8, 3.5, 8.5], "texture": "#0"},
				"west": {"uv": [0, 8, 3.5, 8.5], "texture": "#0"},
				"up": {"uv": [3.5, 8, 7, 11.5], "rotation": 90, "texture": "#0"},
				"down": {"uv": [3.5, 8, 7, 11.5], "rotation": 270, "texture": "#0"}
			}
		},
		{
			"from": [4.19092, 6.24, 4.59875],
			"to": [11.19092, 7.24, 11.59875],
			"rotation": {"angle": 22.5, "axis": "y", "origin": [7.88452, 5.8125, 8.14109]},
			"faces": {
				"north": {"uv": [7, 4, 10.5, 4.5], "texture": "#0"},
				"east": {"uv": [7, 4, 10.5, 4.5], "texture": "#0"},
				"south": {"uv": [7, 4, 10.5, 4.5], "texture": "#0"},
				"west": {"uv": [7, 4, 10.5, 4.5], "texture": "#0"},
				"up": {"uv": [7, 0.5, 10.5, 4], "rotation": 90, "texture": "#0"},
				"down": {"uv": [7, 0.5, 10.5, 4], "rotation": 270, "texture": "#0"}
			}
		},
		{
			"from": [4.19092, 5.24, 4.59875],
			"to": [11.19092, 6.24, 11.59875],
			"rotation": {"angle": 22.5, "axis": "y", "origin": [7.88452, 5.8125, 8.14109]},
			"faces": {
				"north": {"uv": [3.5, 0, 7, 0.5], "texture": "#0"},
				"east": {"uv": [3.5, 0, 7, 0.5], "texture": "#0"},
				"south": {"uv": [7, 0, 3.5, 0.5], "texture": "#0"},
				"west": {"uv": [3.5, 0, 7, 0.5], "texture": "#0"},
				"up": {"uv": [0, 0, 0, 0], "rotation": 90, "texture": "#0"},
				"down": {"uv": [0, 0, 0, 0], "rotation": 270, "texture": "#0"}
			}
		},
		{
			"from": [4.19092, 2.24, 4.59875],
			"to": [11.19092, 3.24, 11.59875],
			"rotation": {"angle": 22.5, "axis": "y", "origin": [7.88452, 2.8125, 8.14109]},
			"faces": {
				"north": {"uv": [3.5, 0, 7, 0.5], "texture": "#0"},
				"east": {"uv": [3.5, 0, 7, 0.5], "texture": "#0"},
				"south": {"uv": [7, 0, 3.5, 0.5], "texture": "#0"},
				"west": {"uv": [3.5, 0, 7, 0.5], "texture": "#0"},
				"up": {"uv": [8.5, 1, 9, 1.5], "rotation": 90, "texture": "#0"},
				"down": {"uv": [0, 0, 0, 0], "rotation": 270, "texture": "#0"}
			}
		},
		{
			"from": [4.42561, 1.905, 4.65657],
			"to": [11.12561, 3.105, 11.35657],
			"rotation": {"angle": 22.5, "axis": "y", "origin": [7.88452, 4.0625, 8.14109]},
			"faces": {
				"north": {"uv": [0, 8, 3.5, 8.5], "texture": "#0"},
				"east": {"uv": [0, 8, 3.5, 8.5], "texture": "#0"},
				"south": {"uv": [0, 8, 3.5, 8.5], "texture": "#0"},
				"west": {"uv": [0, 8, 3.5, 8.5], "texture": "#0"},
				"up": {"uv": [3.5, 8, 7, 11.5], "rotation": 90, "texture": "#0"},
				"down": {"uv": [3.5, 8, 7, 11.5], "rotation": 270, "texture": "#0"}
			}
		}
	],
	"gui_light": "front",
	"display": {
		"thirdperson_righthand": {
			"rotation": [-131.54, -46.91, 179.96],
			"translation": [0.25, 3.75, 1.5],
			"scale": [0.55, 0.55, 0.55]
		},
		"thirdperson_lefthand": {
			"rotation": [-131.54, -46.91, 179.96],
			"translation": [0.25, 3.75, 1.75],
			"scale": [0.55, 0.55, 0.55]
		},
		"firstperson_righthand": {
			"rotation": [3, 112, -13],
			"translation": [7.75, 1.75, -5.75],
			"scale": [0.62109, 0.62109, 0.62109]
		},
		"firstperson_lefthand": {
			"rotation": [3, 112, -13],
			"translation": [7.5, 1.75, -5.75],
			"scale": [0.62109, 0.62109, 0.62109]
		},
		"ground": {
			"translation": [0, 4.25, 0],
			"scale": [0.55, 0.55, 0.55]
		},
		"gui": {
			"rotation": [-149, -31.92, -180],
			"translation": [-0.25, 4.25, 0],
			"scale": [1.23437, 1.23437, 1.23437]
		},
		"head": {
			"rotation": [0, 3.25, 0],
			"translation": [0, 18.75, 0],
			"scale": [1.6, 1.6, 1.6]
		},
		"fixed": {
			"rotation": [-90, 0, 0],
			"translation": [0, 0, -7.75]
		}
	}
}