{
	"credit": "Made with Blockbench",
	"textures": {
		"1": "block/props_kitchen"
	},
	"elements": [
		{
			"from": [1, 16.3, 0],
			"to": [15, 16.3, 13],
			"rotation": {"angle": 0, "axis": "y", "origin": [0, 0, -2]},
			"faces": {
				"up": {"uv": [3.5, 0, 5.25, 1.625], "texture": "#1"},
				"down": {"uv": [3.5, 0, 5.25, 1.625], "texture": "#1"}
			}
		},
		{
			"from": [1, 15.7, 4],
			"to": [15, 16.7, 4],
			"rotation": {"angle": 0, "axis": "y", "origin": [0, 0, -2]},
			"faces": {
				"north": {"uv": [3.5, 2, 5.25, 2.125], "texture": "#1"},
				"south": {"uv": [3.5, 2, 5.25, 2.125], "texture": "#1"},
				"up": {"uv": [3.5, 1.375, 5.25, 1.375], "texture": "#1"},
				"down": {"uv": [3.5, 0, 5.25, 1.625], "texture": "#1"}
			}
		},
		{
			"from": [11, 15.7, 1],
			"to": [11, 16.7, 12],
			"rotation": {"angle": 0, "axis": "y", "origin": [0, 0, -2]},
			"faces": {
				"north": {"uv": [3.5, 2, 5.25, 2.125], "texture": "#1"},
				"east": {"uv": [3.5, 2.125, 4.875, 2.25], "texture": "#1"},
				"south": {"uv": [3.5, 2, 5.25, 2.125], "texture": "#1"},
				"west": {"uv": [3.5, 2.125, 4.875, 2.25], "texture": "#1"},
				"up": {"uv": [3.5, 1.375, 5.25, 1.375], "texture": "#1"},
				"down": {"uv": [3.5, 0, 5.25, 1.625], "texture": "#1"}
			}
		},
		{
			"from": [5, 15.7, 1],
			"to": [5, 16.7, 12],
			"rotation": {"angle": 0, "axis": "y", "origin": [0, 0, -2]},
			"faces": {
				"north": {"uv": [3.5, 2, 5.25, 2.125], "texture": "#1"},
				"east": {"uv": [3.5, 2.125, 4.875, 2.25], "texture": "#1"},
				"south": {"uv": [3.5, 2, 5.25, 2.125], "texture": "#1"},
				"west": {"uv": [3.5, 2.125, 4.875, 2.25], "texture": "#1"},
				"up": {"uv": [3.5, 1.375, 5.25, 1.375], "texture": "#1"},
				"down": {"uv": [3.5, 0, 5.25, 1.625], "texture": "#1"}
			}
		},
		{
			"from": [1, 15.7, 9],
			"to": [15, 16.7, 9],
			"rotation": {"angle": 0, "axis": "y", "origin": [0, 0, -2]},
			"faces": {
				"north": {"uv": [3.5, 2, 5.25, 2.125], "texture": "#1"},
				"south": {"uv": [3.5, 2, 5.25, 2.125], "texture": "#1"},
				"up": {"uv": [3.5, 1.375, 5.25, 1.375], "texture": "#1"},
				"down": {"uv": [3.5, 0, 5.25, 1.625], "texture": "#1"}
			}
		},
		{
			"from": [0, 14, -2],
			"to": [16, 16, 14],
			"rotation": {"angle": 0, "axis": "y", "origin": [0, 0, -2]},
			"faces": {
				"north": {"uv": [12.375, 12.875, 10.375, 13.125], "texture": "#1"},
				"east": {"uv": [12.375, 12.875, 10.375, 13.125], "texture": "#1"},
				"south": {"uv": [12.375, 12.875, 10.375, 13.125], "texture": "#1"},
				"west": {"uv": [12.375, 12.875, 10.375, 13.125], "texture": "#1"},
				"up": {"uv": [14.25, 13.25, 12.25, 15.25], "texture": "#1"},
				"down": {"uv": [12.25, 13, 12.375, 13.125], "texture": "#1"}
			}
		},
		{
			"from": [1, 7, -2],
			"to": [15, 9, 0],
			"rotation": {"angle": 0, "axis": "y", "origin": [0, 0, -2]},
			"faces": {
				"north": {"uv": [12.125, 15.125, 10.375, 15.375], "texture": "#1"},
				"east": {"uv": [10.375, 15.125, 10.125, 15.375], "texture": "#1"},
				"south": {"uv": [10.75, 13.125, 10.875, 13.25], "texture": "#1"},
				"west": {"uv": [10.125, 15.125, 10.375, 15.375], "texture": "#1"},
				"up": {"uv": [10.75, 13.125, 10.875, 13.25], "texture": "#1"},
				"down": {"uv": [10.75, 13.125, 10.875, 13.25], "texture": "#1"}
			}
		},
		{
			"from": [0, 0, 0],
			"to": [16, 14, 16],
			"rotation": {"angle": 0, "axis": "y", "origin": [0, 0, -2]},
			"faces": {
				"north": {"uv": [15.125, 9, 13.125, 10.75], "texture": "#1"},
				"east": {"uv": [15.125, 9, 13.125, 10.75], "texture": "#1"},
				"south": {"uv": [14.5, 10.875, 12.5, 12.625], "texture": "#1"},
				"west": {"uv": [15.125, 9, 13.125, 10.75], "texture": "#1"},
				"up": {"uv": [15.25, 8.125, 15.375, 8.25], "texture": "#1"},
				"down": {"uv": [13, 8.875, 11, 10.875], "texture": "#1"}
			}
		},
		{
			"from": [-0.01, 6.74, -3.01],
			"to": [16.01, 10.76, 0.01],
			"rotation": {"angle": 22.5, "axis": "x", "origin": [8, 7, 7]},
			"faces": {
				"north": {"uv": [12.375, 12.375, 10.375, 12.875], "texture": "#1"},
				"east": {"uv": [11.375, 11.25, 11, 11.75], "texture": "#1"},
				"south": {"uv": [12.125, 13.25, 10.375, 15], "texture": "#1"},
				"west": {"uv": [11, 11.25, 11.375, 11.75], "texture": "#1"},
				"up": {"uv": [11.25, 11.375, 11.375, 11.5], "texture": "#1"},
				"down": {"uv": [12.375, 11.875, 10.375, 12.25], "texture": "#1"}
			}
		},
		{
			"from": [0, 6.75, -3.5],
			"to": [16, 10.75, -3.5],
			"rotation": {"angle": 22.5, "axis": "x", "origin": [8, 7, 7]},
			"faces": {
				"north": {"uv": [14.5, 12.625, 12.5, 13.125], "texture": "#1"},
				"east": {"uv": [12.125, 13.25, 10.375, 15], "texture": "#1"},
				"south": {"uv": [14.5, 12.625, 12.5, 13.125], "texture": "#1"},
				"west": {"uv": [12.125, 13.25, 10.375, 15], "texture": "#1"},
				"down": {"uv": [12.375, 11.875, 10.375, 12.25], "texture": "#1"}
			}
		},
		{
			"from": [15, 9, 0],
			"to": [1, 7, -2],
			"rotation": {"angle": 0, "axis": "y", "origin": [0, 0, -2]},
			"faces": {
				"north": {"uv": [10.75, 13.25, 10.875, 13.125], "texture": "#1"},
				"east": {"uv": [10.125, 15.375, 10.375, 15.125], "texture": "#1"},
				"south": {"uv": [12.125, 15.375, 10.375, 15.125], "texture": "#1"},
				"west": {"uv": [10.375, 15.375, 10.125, 15.125], "texture": "#1"},
				"up": {"uv": [10.875, 13.125, 10.75, 13.25], "texture": "#1"},
				"down": {"uv": [10.875, 13.125, 10.75, 13.25], "texture": "#1"}
			}
		},
		{
			"from": [0, 14, 14],
			"to": [16, 21, 16],
			"rotation": {"angle": 0, "axis": "y", "origin": [0, 0, -2]},
			"faces": {
				"north": {"uv": [7.125, 15.125, 5.125, 16], "texture": "#1"},
				"east": {"uv": [5.125, 15.125, 5.25, 16], "texture": "#1"},
				"south": {"uv": [7.125, 15.125, 5.125, 16], "texture": "#1"},
				"west": {"uv": [5.125, 15.125, 5.25, 16], "texture": "#1"},
				"up": {"uv": [4.875, 15.75, 2.875, 16], "texture": "#1"},
				"down": {"uv": [13, 8.875, 11, 10.875], "texture": "#1"}
			}
		}
	],
	"gui_light": "front",
	"display": {
		"thirdperson_righthand": {
			"rotation": [63, 34, 0],
			"translation": [0, 1, -1],
			"scale": [0.37891, 0.37891, 0.37891]
		},
		"thirdperson_lefthand": {
			"rotation": [63, 34, 0],
			"translation": [0, 1, -1],
			"scale": [0.37891, 0.37891, 0.37891]
		},
		"firstperson_righthand": {
			"rotation": [3, 112, -13],
			"translation": [9.5, 0, -5.75],
			"scale": [0.35547, 0.35547, 0.35547]
		},
		"firstperson_lefthand": {
			"rotation": [3, 112, -13],
			"translation": [9.5, 0, -5.75],
			"scale": [0.35547, 0.35547, 0.35547]
		},
		"ground": {
			"translation": [0, 4.25, 0],
			"scale": [0.28906, 0.28906, 0.28906]
		},
		"gui": {
			"rotation": [30, -158, 0],
			"translation": [0.25, -1, 0],
			"scale": [0.52, 0.52, 0.52]
		},
		"head": {
			"translation": [0, -30.5, 0],
			"scale": [1.6, 1.6, 1.6]
		},
		"fixed": {
			"rotation": [-90, 0, 0],
			"translation": [0, 0.25, -14],
			"scale": [2, 2, 2]
		}
	}
}