{
	"credit": "Made with Blockbench",
	"texture_size": [64, 64],
	"textures": {
		"0": "block/sunflower",
		"particle": "block/sunflower"
	},
	"elements": [
		{
			"from": [5, 21, 7],
			"to": [11, 27, 9],
			"rotation": {"angle": 22.5, "axis": "x", "origin": [8, 24, 7.42597]},
			"faces": {
				"north": {"uv": [5.5, 0, 7, 1.5], "texture": "#0"},
				"east": {"uv": [4.5, 7.25, 5, 8.75], "texture": "#0"},
				"south": {"uv": [5.5, 1.5, 7, 3], "texture": "#0"},
				"west": {"uv": [5, 7.25, 5.5, 8.75], "texture": "#0"},
				"up": {"uv": [9, 7.5, 7.5, 7], "texture": "#0"},
				"down": {"uv": [9, 7.5, 7.5, 8], "texture": "#0"}
			}
		},
		{
			"from": [6, 26.55197, 9.10436],
			"to": [10, 31.55197, 9.10436],
			"rotation": {"angle": 0, "axis": "x", "origin": [8, 24, 7.42597]},
			"faces": {
				"north": {"uv": [5.5, 5, 6.5, 6.25], "texture": "#0"},
				"east": {"uv": [0, 0, 0, 1.25], "texture": "#0"},
				"south": {"uv": [5.5, 5, 6.5, 6.25], "texture": "#0"},
				"west": {"uv": [0, 0, 0, 1.25], "texture": "#0"},
				"up": {"uv": [1, 0, 0, 0], "texture": "#0"},
				"down": {"uv": [1, 0, 0, 0], "texture": "#0"}
			}
		},
		{
			"from": [6, 16.44803, 9.10436],
			"to": [10, 21.44803, 9.10436],
			"rotation": {"angle": 45, "axis": "x", "origin": [8, 24, 7.42597]},
			"faces": {
				"north": {"uv": [4.5, 6, 5.5, 7.25], "texture": "#0"},
				"east": {"uv": [0, 0, 0, 1.25], "texture": "#0"},
				"south": {"uv": [4.5, 6, 5.5, 7.25], "texture": "#0"},
				"west": {"uv": [0, 0, 0, 1.25], "texture": "#0"},
				"up": {"uv": [1, 0, 0, 0], "texture": "#0"},
				"down": {"uv": [1, 0, 0, 0], "texture": "#0"}
			}
		},
		{
			"from": [0.44803, 22, 8],
			"to": [5.44803, 26, 8],
			"rotation": {"angle": 22.5, "axis": "x", "origin": [8, 24, 7.42597]},
			"faces": {
				"north": {"uv": [0, 7, 1.25, 8], "texture": "#0"},
				"east": {"uv": [0, 0, 0, 1], "texture": "#0"},
				"south": {"uv": [1.25, 7, 0, 8], "texture": "#0"},
				"west": {"uv": [0, 0, 0, 1], "texture": "#0"},
				"up": {"uv": [1.25, 0, 0, 0], "texture": "#0"},
				"down": {"uv": [1.25, 0, 0, 0], "texture": "#0"}
			}
		},
		{
			"from": [10.55197, 22, 8],
			"to": [15.55197, 26, 8],
			"rotation": {"angle": 22.5, "axis": "x", "origin": [8, 24, 7.42597]},
			"faces": {
				"north": {"uv": [6.5, 5, 7.75, 6], "texture": "#0"},
				"east": {"uv": [0, 0, 0, 1], "texture": "#0"},
				"south": {"uv": [7.75, 5, 6.5, 6], "texture": "#0"},
				"west": {"uv": [0, 0, 0, 1], "texture": "#0"},
				"up": {"uv": [1.25, 0, 0, 0], "texture": "#0"},
				"down": {"uv": [1.25, 0, 0, 0], "texture": "#0"}
			}
		},
		{
			"from": [1, 17, 8],
			"to": [15, 31, 8],
			"rotation": {"angle": 22.5, "axis": "x", "origin": [8, 24, 7.42597]},
			"faces": {
				"north": {"uv": [0, 0, 3.5, 3.5], "texture": "#0"},
				"east": {"uv": [0, 0, 0, 3.5], "texture": "#0"},
				"south": {"uv": [0, 0, 3.5, 3.5], "texture": "#0"},
				"west": {"uv": [0, 0, 0, 3.5], "texture": "#0"},
				"up": {"uv": [3.5, 0, 0, 0], "texture": "#0"},
				"down": {"uv": [3.5, 0, 0, 0], "texture": "#0"}
			}
		},
		{
			"from": [8, 0, 7],
			"to": [8, 24, 9],
			"rotation": {"angle": 45, "axis": "y", "origin": [8, 12.5, 8]},
			"faces": {
				"north": {"uv": [0, 0, 0, 6], "texture": "#0"},
				"east": {"uv": [3.5, 0, 4, 6], "texture": "#0"},
				"south": {"uv": [0, 0, 0, 6], "texture": "#0"},
				"west": {"uv": [4, 0, 4.5, 6], "texture": "#0"},
				"up": {"uv": [0, 0.5, 0, 0], "texture": "#0"},
				"down": {"uv": [0, 0, 0, 0.5], "texture": "#0"}
			}
		},
		{
			"from": [7, 0, 8],
			"to": [9, 24, 8],
			"rotation": {"angle": 45, "axis": "y", "origin": [8, 12.5, 8]},
			"faces": {
				"north": {"uv": [4.5, 0, 5, 6], "texture": "#0"},
				"east": {"uv": [0, 0, 0, 6], "texture": "#0"},
				"south": {"uv": [5, 0, 5.5, 6], "texture": "#0"},
				"west": {"uv": [0, 0, 0, 6], "texture": "#0"},
				"up": {"uv": [0.5, 0, 0, 0], "texture": "#0"},
				"down": {"uv": [0.5, 0, 0, 0], "texture": "#0"}
			}
		},
		{
			"from": [11.69514, 10.53066, 6],
			"to": [16.69514, 10.53066, 10],
			"rotation": {"angle": 0, "axis": "z", "origin": [13.69514, 10.53066, 8]},
			"faces": {
				"north": {"uv": [0, 0, 1.25, 0], "texture": "#0"},
				"east": {"uv": [0, 0, 1, 0], "texture": "#0"},
				"south": {"uv": [0, 0, 1.25, 0], "texture": "#0"},
				"west": {"uv": [0, 0, 1, 0], "texture": "#0"},
				"up": {"uv": [8.25, 3, 7, 2], "texture": "#0"},
				"down": {"uv": [8.25, 2, 7, 3], "texture": "#0"}
			}
		},
		{
			"from": [8, 9, 6],
			"to": [12, 9, 10],
			"rotation": {"angle": 22.5, "axis": "z", "origin": [8, 9, 8]},
			"faces": {
				"north": {"uv": [0, 0, 1, 0], "texture": "#0"},
				"east": {"uv": [0, 0, 1, 0], "texture": "#0"},
				"south": {"uv": [0, 0, 1, 0], "texture": "#0"},
				"west": {"uv": [0, 0, 1, 0], "texture": "#0"},
				"up": {"uv": [7.5, 8, 6.5, 7], "texture": "#0"},
				"down": {"uv": [7.5, 7, 6.5, 8], "texture": "#0"}
			}
		},
		{
			"from": [4, 14, 6],
			"to": [8, 14, 10],
			"rotation": {"angle": -22.5, "axis": "z", "origin": [8, 14, 8]},
			"faces": {
				"north": {"uv": [1, 0, 0, 0], "texture": "#0"},
				"east": {"uv": [1, 0, 0, 0], "texture": "#0"},
				"south": {"uv": [1, 0, 0, 0], "texture": "#0"},
				"west": {"uv": [1, 0, 0, 0], "texture": "#0"},
				"up": {"uv": [6.5, 8, 7.5, 7], "texture": "#0"},
				"down": {"uv": [6.5, 7, 7.5, 8], "texture": "#0"}
			}
		},
		{
			"from": [-0.69514, 15.53066, 6],
			"to": [4.30486, 15.53066, 10],
			"rotation": {"angle": 0, "axis": "z", "origin": [2.30486, 15.53066, 8]},
			"faces": {
				"north": {"uv": [1.25, 0, 0, 0], "texture": "#0"},
				"east": {"uv": [1, 0, 0, 0], "texture": "#0"},
				"south": {"uv": [1.25, 0, 0, 0], "texture": "#0"},
				"west": {"uv": [1, 0, 0, 0], "texture": "#0"},
				"up": {"uv": [7, 3, 8.25, 2], "texture": "#0"},
				"down": {"uv": [7, 2, 8.25, 3], "texture": "#0"}
			}
		},
		{
			"from": [2, 3, 8],
			"to": [8, 7, 8],
			"rotation": {"angle": -22.5, "axis": "z", "origin": [8, 5, 8]},
			"faces": {
				"north": {"uv": [5.5, 3, 7, 4], "texture": "#0"},
				"east": {"uv": [0, 0, 0, 1], "texture": "#0"},
				"south": {"uv": [7, 3, 5.5, 4], "texture": "#0"},
				"west": {"uv": [0, 0, 0, 1], "texture": "#0"},
				"up": {"uv": [1.5, 0, 0, 0], "texture": "#0"},
				"down": {"uv": [1.5, 0, 0, 0], "texture": "#0"}
			}
		}
	],
	"display": {
		"thirdperson_righthand": {
			"rotation": [0, 48.75, 0],
			"translation": [-0.75, -0.75, 0.5],
			"scale": [0.47266, 0.47266, 0.47266]
		},
		"thirdperson_lefthand": {
			"rotation": [0, 48.75, 0],
			"translation": [-0.75, -0.75, 0.5],
			"scale": [0.47266, 0.47266, 0.47266]
		},
		"firstperson_lefthand": {
			"rotation": [-180, 30.5, 180],
			"scale": [0.3457, 0.3457, 0.3457]
		},
		"ground": {
			"translation": [0, -1.75, 0],
			"scale": [0.25, 0.25, 0.25]
		},
		"gui": {
			"rotation": [166.51, 20.34, -145.31],
			"translation": [-3, -4, 0],
			"scale": [0.55664, 0.55664, 0.55664]
		},
		"head": {
			"rotation": [22.25, 0, 180],
			"translation": [0, 22.25, 5],
			"scale": [1.59961, 1.59961, 1.59961]
		},
		"fixed": {
			"translation": [0, -7.5, -0.75]
		}
	},
	"groups": [
		{
			"name": "sunflower_head",
			"origin": [16, 0, 0],
			"color": 0,
			"children": [
				0,
				{
					"name": "petals",
					"origin": [8, 0, 0],
					"color": 0,
					"children": [
						{
							"name": "main",
							"origin": [8, 24, 7.42597],
							"color": 0,
							"children": [1, 2, 3, 4]
						},
						{
							"name": "plane_1",
							"origin": [8, 24, 7.42597],
							"color": 0,
							"children": [5]
						}
					]
				}
			]
		},
		{
			"name": "stem",
			"origin": [8, 8, 8],
			"color": 0,
			"children": [
				6,
				7,
				{
					"name": "leaves",
					"origin": [8, 8, 8],
					"color": 0,
					"children": [8, 9, 10, 11, 12]
				}
			]
		}
	]
}