{
	"credit": "Made with Blockbench",
	"texture_size": [32, 32],
	"textures": {
		"0": "simplehats:block/custom/rosahat",
		"particle": "simplehats:block/custom/rosahat"
	},
	"elements": [
		{
			"name": "hatBrim",
			"from": [4.5, 0, 2],
			"to": [11.5, 0, 4.5],
			"faces": {
				"north": {"uv": [0, 0, 3.5, 0], "texture": "#0"},
				"east": {"uv": [0, 0, 1.25, 0], "texture": "#0"},
				"south": {"uv": [0, 0, 3.5, 0], "texture": "#0"},
				"west": {"uv": [0, 0, 1.25, 0], "texture": "#0"},
				"up": {"uv": [9.5, 6.75, 6, 5.5], "texture": "#0"},
				"down": {"uv": [3.5, 7, 0, 8.25], "texture": "#0"}
			}
		},
		{
			"name": "hatF",
			"from": [4.5, 0, 4.5],
			"to": [11.5, 3, 5.5],
			"faces": {
				"north": {"uv": [6, 2.5, 9.5, 4], "texture": "#0"},
				"east": {"uv": [5.5, 7.5, 6, 9], "texture": "#0"},
				"south": {"uv": [6, 4, 9.5, 5.5], "texture": "#0"},
				"west": {"uv": [9.5, 5, 10, 6.5], "texture": "#0"},
				"up": {"uv": [14.5, 4, 11, 3.5], "texture": "#0"},
				"down": {"uv": [14.5, 4, 11, 4.5], "texture": "#0"}
			}
		},
		{
			"name": "hatB",
			"from": [4.5, 0, 5.5],
			"to": [11.5, 1, 11.75],
			"faces": {
				"north": {"uv": [11, 2.5, 14.5, 3], "texture": "#0"},
				"east": {"uv": [11, 4.5, 14.25, 5], "texture": "#0"},
				"south": {"uv": [11, 3, 14.5, 3.5], "texture": "#0"},
				"west": {"uv": [11, 5, 14.25, 5.5], "texture": "#0"},
				"up": {"uv": [3.5, 3.25, 0, 0], "texture": "#0"},
				"down": {"uv": [3.5, 3.5, 0, 6.75], "texture": "#0"}
			}
		}
	],
	"display": {
		"thirdperson_righthand": {
			"rotation": [40, 0, 0],
			"translation": [0, 4, 2.5],
			"scale": [0.5, 0.5, 0.5]
		},
		"thirdperson_lefthand": {
			"rotation": [40, 0, 0],
			"translation": [0, 4, 2.5],
			"scale": [0.5, 0.5, 0.5]
		},
		"firstperson_righthand": {
			"rotation": [15, 130, -10],
			"translation": [0, 9.25, 0],
			"scale": [0.8, 0.8, 0.8]
		},
		"firstperson_lefthand": {
			"rotation": [15, 130, -10],
			"translation": [0, 9.25, 0],
			"scale": [0.8, 0.8, 0.8]
		},
		"ground": {
			"translation": [0, 8, 0],
			"scale": [0.85, 0.85, 0.85]
		},
		"gui": {
			"rotation": [20, 160, 0],
			"translation": [-0.5, 5.75, 0],
			"scale": [0.75, 0.75, 0.75]
		},
		"head": {
			"translation": [0, 18.5, -0.5],
			"scale": [2.14, 2.14, 2.14]
		},
		"fixed": {
			"rotation": [-90, 0, 0],
			"translation": [0, 0, -18],
			"scale": [2, 2, 2]
		}
	},
	"groups": [
		{
			"name": "hat",
			"origin": [0, 0, 0],
			"color": 0,
			"children": [0, 1, 2]
		},
		{
			"name": "bangs",
			"origin": [5.5, 0, 5],
			"color": 0,
			"children": []
		},
		{
			"name": "hairL",
			"origin": [6, -2.23402, 12.25149],
			"color": 0,
			"children": []
		},
		{
			"name": "hairR",
			"origin": [10, -2.23402, 12.25149],
			"color": 0,
			"children": []
		}
	]
}