{
	"credit": "MadewithBlockbench",
	"texture_size": [64, 64],
	"textures": {
		"0": "elitecreatures:block/scienceequipment06texture",
		"particle": "elitecreatures:block/scienceequipment06texture"
	},
	"elements": [
		{
			"from": [1, 8, 3],
			"to": [15, 16, 3],
			"faces": {
				"north": {"uv": [4, 2.5, 7.5, 4.5], "texture": "#0"},
				"east": {"uv": [0, 0, 0, 2], "texture": "#0"},
				"south": {"uv": [4, 2.5, 7.5, 4.5], "texture": "#0"},
				"west": {"uv": [0, 0, 0, 2], "texture": "#0"},
				"up": {"uv": [3.5, 0, 0, 0], "texture": "#0"},
				"down": {"uv": [3.5, 0, 0, 0], "texture": "#0"}
			}
		},
		{
			"from": [15, 8, 3],
			"to": [15, 16, 13],
			"faces": {
				"north": {"uv": [0, 0, 0, 2], "texture": "#0"},
				"east": {"uv": [4, 4.5, 6.5, 6.5], "texture": "#0"},
				"south": {"uv": [0, 0, 0, 2], "texture": "#0"},
				"west": {"uv": [4, 4.5, 6.5, 6.5], "texture": "#0"},
				"up": {"uv": [0, 2.5, 0, 0], "texture": "#0"},
				"down": {"uv": [0, 0, 0, 2.5], "texture": "#0"}
			}
		},
		{
			"from": [1, 16, 3],
			"to": [15, 16, 13],
			"faces": {
				"north": {"uv": [0, 0, 3.5, 0], "texture": "#0"},
				"east": {"uv": [0, 0, 2.5, 0], "texture": "#0"},
				"south": {"uv": [0, 0, 3.5, 0], "texture": "#0"},
				"west": {"uv": [0, 0, 2.5, 0], "texture": "#0"},
				"up": {"uv": [3.5, 10.5, 0, 8], "texture": "#0"},
				"down": {"uv": [3.5, 8, 0, 10.5], "texture": "#0"}
			}
		},
		{
			"from": [1, 8, 3],
			"to": [1, 16, 13],
			"rotation": {"angle": 0, "axis": "y", "origin": [16, 0, 0]},
			"faces": {
				"north": {"uv": [0, 0, 0, 2], "texture": "#0"},
				"east": {"uv": [6.5, 4.5, 4, 6.5], "texture": "#0"},
				"south": {"uv": [0, 0, 0, 2], "texture": "#0"},
				"west": {"uv": [6.5, 4.5, 4, 6.5], "texture": "#0"},
				"up": {"uv": [0, 2.5, 0, 0], "texture": "#0"},
				"down": {"uv": [0, 0, 0, 2.5], "texture": "#0"}
			}
		},
		{
			"from": [1, 8, 13],
			"to": [15, 16, 13],
			"rotation": {"angle": 0, "axis": "y", "origin": [0, 0, 16]},
			"faces": {
				"north": {"uv": [7.5, 2.5, 4, 4.5], "texture": "#0"},
				"east": {"uv": [0, 0, 0, 2], "texture": "#0"},
				"south": {"uv": [7.5, 2.5, 4, 4.5], "texture": "#0"},
				"west": {"uv": [0, 0, 0, 2], "texture": "#0"},
				"up": {"uv": [3.5, 0, 0, 0], "texture": "#0"},
				"down": {"uv": [3.5, 0, 0, 0], "texture": "#0"}
			}
		},
		{
			"from": [0.5, 1, 2.5],
			"to": [15.5, 6, 13.5],
			"faces": {
				"north": {"uv": [0, 5.5, 3.75, 6.75], "texture": "#0"},
				"east": {"uv": [3.75, 1.25, 6.5, 2.5], "texture": "#0"},
				"south": {"uv": [0, 6.75, 3.75, 8], "texture": "#0"},
				"west": {"uv": [3.75, 0, 6.5, 1.25], "texture": "#0"},
				"up": {"uv": [3.75, 2.75, 0, 0], "texture": "#0"},
				"down": {"uv": [3.75, 2.75, 0, 5.5], "texture": "#0"}
			}
		},
		{
			"from": [0.5, 6, 2.5],
			"to": [15.5, 8, 3.5],
			"faces": {
				"north": {"uv": [7.5, 0.5, 11.25, 1], "texture": "#0"},
				"east": {"uv": [7.5, 1.5, 7.75, 2], "texture": "#0"},
				"south": {"uv": [7.5, 1, 11.25, 1.5], "texture": "#0"},
				"west": {"uv": [7.5, 2, 7.75, 2.5], "texture": "#0"},
				"up": {"uv": [11.25, 0.25, 7.5, 0], "texture": "#0"},
				"down": {"uv": [11.25, 0.25, 7.5, 0.5], "texture": "#0"}
			}
		},
		{
			"from": [14.5, 6, 3.5],
			"to": [15.5, 8, 12.5],
			"faces": {
				"north": {"uv": [7.75, 1.5, 8, 2], "texture": "#0"},
				"east": {"uv": [8, 1.5, 10.25, 2], "texture": "#0"},
				"south": {"uv": [7.75, 2, 8, 2.5], "texture": "#0"},
				"west": {"uv": [8, 2, 10.25, 2.5], "texture": "#0"},
				"up": {"uv": [4, 7, 3.75, 4.75], "texture": "#0"},
				"down": {"uv": [4, 2.5, 3.75, 4.75], "texture": "#0"}
			}
		},
		{
			"from": [14, 0, 2],
			"to": [16, 4, 4],
			"faces": {
				"north": {"uv": [6.5, 0, 7, 1], "texture": "#0"},
				"east": {"uv": [7, 0, 7.5, 1], "texture": "#0"},
				"south": {"uv": [6.5, 1.5, 7, 2.5], "texture": "#0"},
				"west": {"uv": [7, 1.5, 7.5, 2.5], "texture": "#0"},
				"up": {"uv": [7, 1.5, 6.5, 1], "texture": "#0"},
				"down": {"uv": [7.5, 1, 7, 1.5], "texture": "#0"}
			}
		},
		{
			"from": [0, 0, 2],
			"to": [2, 4, 4],
			"rotation": {"angle": 0, "axis": "y", "origin": [16, 0, 0]},
			"faces": {
				"north": {"uv": [7, 0, 6.5, 1], "texture": "#0"},
				"east": {"uv": [7.5, 1.5, 7, 2.5], "texture": "#0"},
				"south": {"uv": [7, 1.5, 6.5, 2.5], "texture": "#0"},
				"west": {"uv": [7.5, 0, 7, 1], "texture": "#0"},
				"up": {"uv": [6.5, 1.5, 7, 1], "texture": "#0"},
				"down": {"uv": [7, 1, 7.5, 1.5], "texture": "#0"}
			}
		},
		{
			"from": [14, 0, 12],
			"to": [16, 4, 14],
			"rotation": {"angle": 0, "axis": "y", "origin": [0, 0, 16]},
			"faces": {
				"north": {"uv": [7, 1.5, 6.5, 2.5], "texture": "#0"},
				"east": {"uv": [7.5, 0, 7, 1], "texture": "#0"},
				"south": {"uv": [7, 0, 6.5, 1], "texture": "#0"},
				"west": {"uv": [7.5, 1.5, 7, 2.5], "texture": "#0"},
				"up": {"uv": [7, 1, 6.5, 1.5], "texture": "#0"},
				"down": {"uv": [7.5, 1.5, 7, 1], "texture": "#0"}
			}
		},
		{
			"from": [0, 0, 12],
			"to": [2, 4, 14],
			"rotation": {"angle": 0, "axis": "y", "origin": [16, 0, 16]},
			"faces": {
				"north": {"uv": [6.5, 1.5, 7, 2.5], "texture": "#0"},
				"east": {"uv": [7, 1.5, 7.5, 2.5], "texture": "#0"},
				"south": {"uv": [6.5, 0, 7, 1], "texture": "#0"},
				"west": {"uv": [7, 0, 7.5, 1], "texture": "#0"},
				"up": {"uv": [6.5, 1, 7, 1.5], "texture": "#0"},
				"down": {"uv": [7, 1.5, 7.5, 1], "texture": "#0"}
			}
		},
		{
			"from": [0.5, 6, 12.5],
			"to": [15.5, 8, 13.5],
			"rotation": {"angle": 0, "axis": "y", "origin": [0, 0, 16]},
			"faces": {
				"north": {"uv": [11.25, 1, 7.5, 1.5], "texture": "#0"},
				"east": {"uv": [7.75, 1.5, 7.5, 2], "texture": "#0"},
				"south": {"uv": [11.25, 0.5, 7.5, 1], "texture": "#0"},
				"west": {"uv": [7.75, 2, 7.5, 2.5], "texture": "#0"},
				"up": {"uv": [11.25, 0, 7.5, 0.25], "texture": "#0"},
				"down": {"uv": [11.25, 0.5, 7.5, 0.25], "texture": "#0"}
			}
		},
		{
			"from": [0.5, 6, 3.5],
			"to": [1.5, 8, 12.5],
			"rotation": {"angle": 0, "axis": "y", "origin": [16, 0, 0]},
			"faces": {
				"north": {"uv": [8, 1.5, 7.75, 2], "texture": "#0"},
				"east": {"uv": [10.25, 2, 8, 2.5], "texture": "#0"},
				"south": {"uv": [8, 2, 7.75, 2.5], "texture": "#0"},
				"west": {"uv": [10.25, 1.5, 8, 2], "texture": "#0"},
				"up": {"uv": [3.75, 7, 4, 4.75], "texture": "#0"},
				"down": {"uv": [3.75, 2.5, 4, 4.75], "texture": "#0"}
			}
		},
		{
			"from": [-6.5, -0.25, 2.5],
			"to": [-1.5, 12.25, 13.5],
			"faces": {
				"north": {"uv": [14.75, 6.25, 16, 9.375], "texture": "#0"},
				"east": {"uv": [13.25, 0, 16, 3.125], "texture": "#0"},
				"south": {"uv": [13.5, 6.25, 14.75, 9.375], "texture": "#0"},
				"west": {"uv": [13.25, 3.125, 16, 6.25], "texture": "#0"},
				"up": {"uv": [1.25, 13.25, 0, 10.5], "texture": "#0"},
				"down": {"uv": [2.5, 10.5, 1.25, 13.25], "texture": "#0"}
			}
		},
		{
			"from": [3, 2.62047, 1.93538],
			"to": [13, 5.62047, 3.93538],
			"rotation": {"angle": 45, "axis": "x", "origin": [8, 4.12047, 2.43538]},
			"faces": {
				"north": {"uv": [7.5, 2.5, 10, 3.25], "texture": "#0"},
				"east": {"uv": [6.5, 4.5, 7, 5.25], "texture": "#0"},
				"south": {"uv": [7.5, 3.25, 10, 4], "texture": "#0"},
				"west": {"uv": [7, 4.5, 7.5, 5.25], "texture": "#0"},
				"up": {"uv": [10, 4.5, 7.5, 4], "texture": "#0"},
				"down": {"uv": [10, 4.5, 7.5, 5], "texture": "#0"}
			}
		},
		{
			"from": [4.525, 3.12047, 1.43538],
			"to": [5.525, 4.12047, 1.93538],
			"rotation": {"angle": 45, "axis": "x", "origin": [8, 4.12047, 2.43538]},
			"faces": {
				"north": {"uv": [10.25, 1.5, 10.5, 1.75], "texture": "#0"},
				"east": {"uv": [10.75, 1.5, 10.875, 1.75], "texture": "#0"},
				"south": {"uv": [10.5, 1.5, 10.75, 1.75], "texture": "#0"},
				"west": {"uv": [10.875, 1.5, 11, 1.75], "texture": "#0"},
				"up": {"uv": [10.5, 1.875, 10.25, 1.75], "texture": "#0"},
				"down": {"uv": [10.75, 1.75, 10.5, 1.875], "texture": "#0"}
			}
		},
		{
			"from": [2.25, 7.5, 4.75],
			"to": [13.75, 7.5, 11.25],
			"faces": {
				"north": {"uv": [0, 0, 2.75, 0], "texture": "#0"},
				"east": {"uv": [0, 0, 1.75, 0], "texture": "#0"},
				"south": {"uv": [0, 0, 2.75, 0], "texture": "#0"},
				"west": {"uv": [0, 0, 1.75, 0], "texture": "#0"},
				"up": {"uv": [2.875, 15, 0, 13.375], "texture": "#0"},
				"down": {"uv": [2.875, 13.375, 0, 15], "texture": "#0"}
			}
		},
		{
			"from": [2.5, 14.5, 7],
			"to": [6.5, 16, 9.5],
			"faces": {
				"north": {"uv": [11.25, 0, 12.25, 0.375], "texture": "#0"},
				"east": {"uv": [12.25, 0, 12.875, 0.375], "texture": "#0"},
				"south": {"uv": [11.25, 1.625, 12.25, 2], "texture": "#0"},
				"west": {"uv": [12.25, 0.375, 12.875, 0.75], "texture": "#0"},
				"up": {"uv": [11.25, 0.375, 12.25, 1], "texture": "#0"},
				"down": {"uv": [11.25, 1, 12.25, 1.625], "texture": "#0"}
			}
		}
	],
	"gui_light": "front",
	"display": {
		"thirdperson_righthand": {
			"rotation": [67.5, 0, 0],
			"translation": [1, 1.75, 0],
			"scale": [0.24867, 0.24867, 0.24867]
		},
		"thirdperson_lefthand": {
			"rotation": [67.5, 0, 0],
			"translation": [-0.75, 1.75, 0],
			"scale": [0.24867, 0.24867, 0.24867]
		},
		"firstperson_righthand": {
			"translation": [2.5, 3.25, 0],
			"scale": [0.32484, 0.32484, 0.32484]
		},
		"firstperson_lefthand": {
			"translation": [0, 3.25, 0],
			"scale": [0.32484, 0.32484, 0.32484]
		},
		"ground": {
			"translation": [1.75, 6, 0],
			"scale": [0.45, 0.45, 0.45]
		},
		"gui": {
			"rotation": [30, 135, 0],
			"translation": [-1.25, 0.75, 0],
			"scale": [0.59641, 0.59641, 0.59641]
		},
		"head": {
			"rotation": [0, 180, 0],
			"translation": [0, -30.4, 0],
			"scale": [1.6, 1.6, 1.6]
		},
		"fixed": {
			"rotation": [-90, 0, 0],
			"translation": [0, 0, -16],
			"scale": [2, 2, 2]
		}
	},
	"groups": [
		{
			"name": "group",
			"origin": [8, 4.12047, 2.43538],
			"color": 0,
			"children": [0, 1, 2, 3, 4, 5, 6, 7, 8, 9, 10, 11, 12, 13, 14, 15, 16, 17, 18]
		}
	]
}