{
	"format_version": "1.8.0",
	"animations": {
		"animation.chestworm.ground_idle": {
			"loop": true,
			"bones": {
				"Body": {
					"rotation": {
						"0.0": {
							"post": [0, 0, 0],
							"lerp_mode": "catmullrom"
						}
					},
					"position": {
						"0.0": {
							"post": [0, 0, 0],
							"lerp_mode": "catmullrom"
						}
					}
				},
				"head": {
					"rotation": {
						"0.0": {
							"post": ["0-(math.sin(q.anim_time*90*2+90)*1-0.5)*0.5", 0, 0],
							"lerp_mode": "catmullrom"
						}
					}
				},
				"tail": {
					"rotation": {
						"0.0": {
							"post": ["-2.5-(math.sin(q.anim_time*90*2+90)*1-1)*1", 0, 0],
							"lerp_mode": "catmullrom"
						}
					}
				},
				"tail2": {
					"rotation": {
						"0.0": {
							"post": ["-5+(math.sin(q.anim_time*90*2+90)*1-1)*1", 0, 0],
							"lerp_mode": "catmullrom"
						}
					}
				},
				"tail3": {
					"rotation": {
						"0.0": {
							"post": ["5.5+(math.sin(q.anim_time*90*2+90)*1-1)*1", 0, 0],
							"lerp_mode": "catmullrom"
						}
					}
				},
				"jaw": {
					"rotation": {
						"0.0": {
							"post": ["5-(math.sin(q.anim_time*90*2+90)*1-0.5)*1", 0, 0],
							"lerp_mode": "catmullrom"
						}
					}
				},
				"Body2": {
					"rotation": {
						"0.0": {
							"post": [0, 0, 0],
							"lerp_mode": "catmullrom"
						}
					}
				},
				"Body3": {
					"rotation": {
						"0.0": {
							"post": ["-62.5-(math.sin(q.anim_time*90*2+90)*1-1)*1", 0, 0],
							"lerp_mode": "catmullrom"
						}
					}
				},
				"Body4": {
					"rotation": {
						"0.0": {
							"post": ["-42.5-(math.sin(q.anim_time*90*2+90)*1-1)*1", 0, 0],
							"lerp_mode": "catmullrom"
						}
					}
				},
				"Body5": {
					"rotation": {
						"0.0": {
							"post": ["52.5+(math.sin(q.anim_time*90*2+90)*1-1)*1", 0, 0],
							"lerp_mode": "catmullrom"
						}
					},
					"position": {
						"0.0": {
							"post": [0, 1, 0],
							"lerp_mode": "catmullrom"
						}
					}
				},
				"Body6": {
					"rotation": {
						"0.0": {
							"post": ["45+(math.sin(q.anim_time*90*2+90)*1-1)*1", 0, 0],
							"lerp_mode": "catmullrom"
						}
					}
				},
				"tail4": {
					"rotation": {
						"0.0": {
							"post": ["0-(math.sin(q.anim_time*90*2+90)*1-1)*1", 0, 0],
							"lerp_mode": "catmullrom"
						}
					}
				},
				"tail5": {
					"rotation": {
						"0.0": {
							"post": ["0-(math.sin(q.anim_time*90*2+90)*1-1)*1", 0, 0],
							"lerp_mode": "catmullrom"
						}
					}
				},
				"tail6": {
					"rotation": {
						"0.0": {
							"post": ["0-(math.sin(q.anim_time*90*2+90)*1-1)*1", 0, 0],
							"lerp_mode": "catmullrom"
						}
					}
				},
				"tail7": {
					"rotation": {
						"0.0": {
							"post": ["0-(math.sin(q.anim_time*90*2+90)*1-1)*1", 0, 0],
							"lerp_mode": "catmullrom"
						}
					}
				},
				"Chestworm": {
					"rotation": [0, -2.5, 0]
				}
			}
		},
		"animation.chestworm.ground_walk": {
			"loop": true,
			"bones": {
				"Body": {
					"rotation": {
						"0.0": {
							"post": [0, "2+math.sin(q.anim_time*90*2-45)*16", 0],
							"lerp_mode": "catmullrom"
						}
					}
				},
				"Body2": {
					"rotation": {
						"0.0": {
							"post": [0, "5-math.sin(q.anim_time*90*2-45)*40", 0],
							"lerp_mode": "catmullrom"
						}
					}
				},
				"Body3": {
					"rotation": {
						"0.0": {
							"post": [0, "math.sin(q.anim_time*90*2-45)*20", 0],
							"lerp_mode": "catmullrom"
						}
					}
				},
				"Body4": {
					"rotation": {
						"0.0": {
							"post": [0, 0, 0],
							"lerp_mode": "catmullrom"
						}
					}
				},
				"Body5": {
					"rotation": {
						"0.0": {
							"post": [-7.5, 0, 0],
							"lerp_mode": "catmullrom"
						}
					}
				},
				"Body6": {
					"rotation": {
						"0.0": {
							"post": [7.5, "-math.sin(q.anim_time*90*2-45)*4", 0],
							"lerp_mode": "catmullrom"
						}
					}
				},
				"tail": {
					"rotation": {
						"0.0": {
							"post": [0, "-math.sin(q.anim_time*90*2-45)*40", 0],
							"lerp_mode": "catmullrom"
						}
					}
				},
				"tail2": {
					"rotation": {
						"0.0": {
							"post": [0, "math.sin(q.anim_time*90*2-45)*40", 0],
							"lerp_mode": "catmullrom"
						}
					}
				},
				"tail3": {
					"rotation": {
						"0.0": {
							"post": [0, "-math.sin(q.anim_time*90*2-45)*30", 0],
							"lerp_mode": "catmullrom"
						}
					}
				},
				"tail4": {
					"rotation": {
						"0.0": {
							"post": [0, "math.sin(q.anim_time*90*2-45)*30", 0],
							"lerp_mode": "catmullrom"
						}
					}
				},
				"tail5": {
					"rotation": {
						"0.0": {
							"post": [0, "-math.sin(q.anim_time*90*2-45)*14", 0],
							"lerp_mode": "catmullrom"
						}
					}
				},
				"tail6": {
					"rotation": {
						"0.0": {
							"post": [0, "math.sin(q.anim_time*90*2-45)*14", 0],
							"lerp_mode": "catmullrom"
						}
					}
				},
				"tail7": {
					"rotation": {
						"0.0": {
							"post": [0, "-math.sin(q.anim_time*90*2-45)*14", 0],
							"lerp_mode": "catmullrom"
						}
					}
				}
			}
		},
		"animation.chestworm.summary_idle": {
			"loop": true,
			"bones": {
				"ekans": {
					"position": [0, -0.5, 0]
				},
				"Body": {
					"rotation": {
						"0.0": {
							"post": [-9.96271, "-0.8672+math.sin(q.anim_time*90*2-90)*0.5", -4.92442],
							"lerp_mode": "catmullrom"
						}
					},
					"position": [3, 3, 0]
				},
				"head": {
					"rotation": {
						"0.0": {
							"post": ["-32.5-math.sin(q.anim_time*90*2-45)*0.5", "0-math.sin(q.anim_time*90*2-90)*0.5", 0],
							"lerp_mode": "catmullrom"
						}
					}
				},
				"tail": {
					"rotation": {
						"0.0": {
							"post": [14.4725, "-49.9866+math.sin(q.anim_time*90*2-90)*0.5", -12.86477],
							"lerp_mode": "catmullrom"
						}
					}
				},
				"tail2": {
					"rotation": {
						"0.0": {
							"post": [14.04035, -53.82001, -6.243],
							"lerp_mode": "catmullrom"
						}
					}
				},
				"tail3": {
					"rotation": {
						"0.0": {
							"post": [-7.01745, -59.38205, 0.6162],
							"lerp_mode": "catmullrom"
						}
					}
				},
				"tail4": {
					"rotation": {
						"0.0": {
							"post": [0, -42.5, 0],
							"lerp_mode": "catmullrom"
						}
					}
				},
				"tail5": {
					"rotation": {
						"0.0": {
							"post": [2.30201, "-40.0044+math.sin(q.anim_time*90*2-120)*1", 0.28805],
							"lerp_mode": "catmullrom"
						}
					}
				},
				"tail6": {
					"rotation": {
						"0.0": {
							"post": ["-3.563+(math.sin(q.anim_time*90*2+90)*1-1)*0.5", "-37.6286+math.sin(q.anim_time*90*2-90)*0.5", "2.5791-math.sin(q.anim_time*90*2)*0.25"],
							"lerp_mode": "catmullrom"
						}
					}
				},
				"rattle": {
					"rotation": [40, "-10-math.sin(q.anim_time*90*32)*2", 0]
				},
				"rattle2": {
					"rotation": [12.5, "-math.sin(q.anim_time*90*32-30)*2", 0]
				},
				"rattle3": {
					"rotation": [12.5, "-math.sin(q.anim_time*90*32-30*2)*2", 0]
				},
				"rattle4": {
					"rotation": [5, "-math.sin(q.anim_time*90*32-30*3)*2", 0]
				},
				"rattle5": {
					"rotation": [5, "-math.sin(q.anim_time*90*32-30*4)*2", 0]
				},
				"jaw": {
					"rotation": {
						"0.0": {
							"post": ["50-math.sin(q.anim_time*90*2-45)*1", 0, 0],
							"lerp_mode": "catmullrom"
						}
					}
				},
				"Chestworm": {
					"rotation": [0, 70, 0],
					"position": [0, -2, 0]
				},
				"Body2": {
					"rotation": {
						"0.0": {
							"post": [18.77262, "61.3742+math.sin(q.anim_time*90*2-90)*0.5", 19.43824],
							"lerp_mode": "catmullrom"
						}
					}
				},
				"Body3": {
					"rotation": {
						"0.0": {
							"post": [20.22782, "76.6426-math.sin(q.anim_time*90*2-90)*0.5", 25.08183],
							"lerp_mode": "catmullrom"
						}
					}
				},
				"Body4": {
					"rotation": {
						"0.0": {
							"post": [13.63387, "66.8592-math.sin(q.anim_time*90*2-90)*0.5", 36.22333],
							"lerp_mode": "catmullrom"
						}
					}
				},
				"Body5": {
					"rotation": {
						"0.0": {
							"post": [30.17517, "54.2211+math.sin(q.anim_time*90*2-90)*0.5", 48.36223],
							"lerp_mode": "catmullrom"
						}
					}
				},
				"Body6": {
					"rotation": {
						"0.0": {
							"post": [25.02109, "23.014+math.sin(q.anim_time*90*2-90)*0.5", 10.07535],
							"lerp_mode": "catmullrom"
						}
					}
				},
				"toung": {
					"rotation": {
						"0.0": {
							"post": [-7.5, 0, 0],
							"lerp_mode": "catmullrom"
						}
					},
					"position": {
						"0.0": {
							"post": [0, 0, "-1.5+math.sin(q.anim_time*90*2-90)*0.5"],
							"lerp_mode": "catmullrom"
						}
					}
				},
				"tail7": {
					"rotation": {
						"0.0": {
							"post": [2.5, "-20+math.sin(q.anim_time*90*2-90)*2", 0],
							"lerp_mode": "catmullrom"
						}
					}
				}
			}
		},
		"animation.chestworm.sleep": {
			"loop": true,
			"bones": {
				"ekans": {
					"position": [0, 3, 7]
				},
				"head": {
					"rotation": {
						"0.0": {
							"post": [0, 0, 0],
							"lerp_mode": "catmullrom"
						}
					}
				},
				"jaw": {
					"rotation": {
						"0.0": {
							"post": [0, 0, 0],
							"lerp_mode": "catmullrom"
						}
					}
				},
				"tail": {
					"rotation": {
						"0.0": {
							"post": ["-6.6304-math.sin(q.anim_time*90*2-90)*0.5", -49.57935, 11.21245],
							"lerp_mode": "catmullrom"
						}
					}
				},
				"tail2": {
					"rotation": {
						"0.0": {
							"post": [-11.4416, -55.3577, -4.33386],
							"lerp_mode": "catmullrom"
						}
					}
				},
				"tail3": {
					"rotation": {
						"0.0": {
							"post": [20.41084, -54.0129, -21.47388],
							"lerp_mode": "catmullrom"
						}
					}
				},
				"tail4": {
					"rotation": {
						"0.0": {
							"post": [0, -70, 0],
							"lerp_mode": "catmullrom"
						}
					}
				},
				"tail5": {
					"rotation": {
						"0.0": {
							"post": [0, -60, 0],
							"lerp_mode": "catmullrom"
						}
					}
				},
				"tail6": {
					"rotation": {
						"0.0": {
							"post": [0, -70, 0],
							"lerp_mode": "catmullrom"
						}
					}
				},
				"rattle": {
					"rotation": [-7.5, -62.5, 0]
				},
				"Chestworm": {
					"rotation": [0, 152.5, 0],
					"position": [-5, 0, -3]
				},
				"Body": {
					"rotation": {
						"0.0": {
							"post": [0, 0, 0],
							"lerp_mode": "catmullrom"
						}
					}
				},
				"Body2": {
					"rotation": {
						"0.0": {
							"post": ["0-math.sin(q.anim_time*90*2-90)*0.5", 30, 0],
							"lerp_mode": "catmullrom"
						}
					}
				},
				"Body3": {
					"rotation": {
						"0.0": {
							"post": [0, 55, "0-math.sin(q.anim_time*90*2-90)*0.5"],
							"lerp_mode": "catmullrom"
						}
					}
				},
				"Body4": {
					"rotation": {
						"0.0": {
							"post": ["-12.4698-math.sin(q.anim_time*90*2-90)*0.5", 61.94008, 16.42896],
							"lerp_mode": "catmullrom"
						}
					}
				},
				"Body5": {
					"rotation": {
						"0.0": {
							"post": ["15.8477+math.sin(q.anim_time*90*2-90)*0.5", 31.54184, 14.63074],
							"lerp_mode": "catmullrom"
						}
					}
				},
				"Body6": {
					"rotation": {
						"0.0": {
							"post": ["12.1484-math.sin(q.anim_time*90*2-90)*0.5", 43.41418, 13.78167],
							"lerp_mode": "catmullrom"
						}
					}
				},
				"tail7": {
					"rotation": {
						"0.0": {
							"post": [0, -72.5, 0],
							"lerp_mode": "catmullrom"
						}
					}
				}
			}
		},
		"animation.chestworm.bite": {
			"loop": true,
			"animation_length": 4,
			"bones": {
				"head": {
					"rotation": {
						"0.0": {
							"post": [0, 0, 0],
							"lerp_mode": "catmullrom"
						},
						"0.5": {
							"post": [-25, 0, 0],
							"lerp_mode": "catmullrom"
						},
						"1.0": {
							"post": [-25, 0, 0],
							"lerp_mode": "catmullrom"
						},
						"1.5": {
							"post": [-25, 0, 0],
							"lerp_mode": "catmullrom"
						},
						"2.0": {
							"post": [0, 0, 0],
							"lerp_mode": "catmullrom"
						}
					}
				},
				"jaw": {
					"rotation": {
						"0.0": {
							"post": [0, 0, 0],
							"lerp_mode": "catmullrom"
						},
						"0.5": {
							"post": [55, 0, 0],
							"lerp_mode": "catmullrom"
						},
						"1.0": {
							"post": [55, 0, 0],
							"lerp_mode": "catmullrom"
						},
						"1.5": {
							"post": [55, 0, 0],
							"lerp_mode": "catmullrom"
						},
						"2.0": {
							"post": [0, 0, 0],
							"lerp_mode": "catmullrom"
						}
					}
				},
				"toung": {
					"position": {
						"0.0": {
							"post": [0, 0, 0],
							"lerp_mode": "catmullrom"
						},
						"0.7083": {
							"post": [0, 0, 0],
							"lerp_mode": "catmullrom"
						},
						"1.0": {
							"post": [0, 0, "0-math.sin(q.anim_time*90*2-90)*5"],
							"lerp_mode": "catmullrom"
						},
						"1.5": {
							"post": [0, 0, 0],
							"lerp_mode": "catmullrom"
						},
						"2.0": {
							"post": [0, 0, 0],
							"lerp_mode": "catmullrom"
						}
					}
				}
			}
		},
		"animation.chestworm.faint": {
			"loop": true,
			"animation_length": 2.5,
			"bones": {
				"Body": {
					"rotation": {
						"0.0": {
							"post": [0, 0, 0],
							"lerp_mode": "catmullrom"
						}
					},
					"position": {
						"0.0": {
							"post": [0, 0, 0],
							"lerp_mode": "catmullrom"
						}
					}
				},
				"head": {
					"rotation": {
						"0.0": {
							"post": [0, 0, 0],
							"lerp_mode": "catmullrom"
						},
						"1.5": {
							"post": [0, 0, 0],
							"lerp_mode": "catmullrom"
						},
						"1.75": {
							"post": [-20, 0, 0],
							"lerp_mode": "catmullrom"
						},
						"2.0": {
							"post": [-35, 0, 0],
							"lerp_mode": "catmullrom"
						},
						"2.25": {
							"post": [-7.5, 0, 0],
							"lerp_mode": "catmullrom"
						}
					}
				},
				"tail": {
					"rotation": {
						"0.0": {
							"post": [-2.5, 0, 0],
							"lerp_mode": "catmullrom"
						},
						"0.5": {
							"post": [-2.81797, -27.47162, 1.30078],
							"lerp_mode": "catmullrom"
						},
						"0.6667": {
							"post": [-2.88822, -29.9669, 1.44193],
							"lerp_mode": "catmullrom"
						},
						"0.8333": {
							"post": [-2.76005, -24.97296, 1.16436],
							"lerp_mode": "catmullrom"
						},
						"1.0": {
							"post": [-3.05317, -34.96019, 1.74895],
							"lerp_mode": "catmullrom"
						},
						"1.1667": {
							"post": [-3.39145, -42.4484, 2.28879],
							"lerp_mode": "catmullrom"
						}
					}
				},
				"tail2": {
					"rotation": {
						"0.0": {
							"post": [-5, 0, 0],
							"lerp_mode": "catmullrom"
						},
						"0.5": {
							"post": [-5.63304, -27.38656, 2.59775],
							"lerp_mode": "catmullrom"
						},
						"0.6667": {
							"post": [-5.76863, -29.8742, 2.88066],
							"lerp_mode": "catmullrom"
						},
						"0.8333": {
							"post": [-5.51385, -24.89837, 2.3273],
							"lerp_mode": "catmullrom"
						},
						"1.0": {
							"post": [-5.76863, -29.8742, 2.88066],
							"lerp_mode": "catmullrom"
						},
						"1.1667": {
							"post": [-6.0963, -34.84748, 3.49226],
							"lerp_mode": "catmullrom"
						}
					}
				},
				"tail3": {
					"rotation": {
						"0.0": {
							"post": [5.5, 0, 0],
							"lerp_mode": "catmullrom"
						},
						"0.5": {
							"post": [8.51951, -49.68666, -6.51634],
							"lerp_mode": "catmullrom"
						},
						"0.6667": {
							"post": [8.98813, -52.15757, -7.11986],
							"lerp_mode": "catmullrom"
						},
						"0.8333": {
							"post": [8.1115, -47.21292, -5.97127],
							"lerp_mode": "catmullrom"
						},
						"1.0": {
							"post": [7.75446, -44.73683, -5.47483],
							"lerp_mode": "catmullrom"
						},
						"1.1667": {
							"post": [8.98813, -52.15757, -7.11986],
							"lerp_mode": "catmullrom"
						}
					}
				},
				"jaw": {
					"rotation": {
						"0.0": {
							"post": [5, 0, 0],
							"lerp_mode": "catmullrom"
						},
						"1.5": {
							"post": [5, 0, 0],
							"lerp_mode": "catmullrom"
						},
						"1.75": {
							"post": [35, 0, 0],
							"lerp_mode": "catmullrom"
						},
						"2.0": {
							"post": [55, 0, 0],
							"lerp_mode": "catmullrom"
						},
						"2.25": {
							"post": [22.5, 0, 0],
							"lerp_mode": "catmullrom"
						}
					}
				},
				"Body2": {
					"rotation": {
						"0.0": {
							"post": [0, 0, 0],
							"lerp_mode": "catmullrom"
						},
						"0.6667": {
							"post": [0, 5, 0],
							"lerp_mode": "catmullrom"
						},
						"0.8333": {
							"post": [0, -7.5, 0],
							"lerp_mode": "catmullrom"
						},
						"1.0": {
							"post": [0, 17.5, 0],
							"lerp_mode": "catmullrom"
						},
						"1.1667": {
							"post": [0, 30, 0],
							"lerp_mode": "catmullrom"
						}
					}
				},
				"Body3": {
					"rotation": {
						"0.0": {
							"post": [-62.5, 0, 0],
							"lerp_mode": "catmullrom"
						},
						"1.0": {
							"post": [-65, 0, 0],
							"lerp_mode": "catmullrom"
						},
						"1.25": {
							"post": [-60, 0, 0],
							"lerp_mode": "catmullrom"
						},
						"1.5": {
							"post": [-67.5, 0, 0],
							"lerp_mode": "catmullrom"
						},
						"1.75": {
							"post": [-2.66022, 19.98015, -0.90956],
							"lerp_mode": "catmullrom"
						}
					}
				},
				"Body4": {
					"rotation": {
						"0.0": {
							"post": [-42.5, 0, 0],
							"lerp_mode": "catmullrom"
						},
						"1.25": {
							"post": [-42.5, 0, 0],
							"lerp_mode": "catmullrom"
						},
						"1.5": {
							"post": [-57.5, 0, 0],
							"lerp_mode": "catmullrom"
						},
						"1.75": {
							"post": [-67.5, 0, 0],
							"lerp_mode": "catmullrom"
						},
						"2.0": {
							"post": [0, 17.5, 0],
							"lerp_mode": "catmullrom"
						}
					}
				},
				"Body5": {
					"rotation": {
						"0.0": {
							"post": [52.5, 0, 0],
							"lerp_mode": "catmullrom"
						},
						"1.5": {
							"post": [35, 0, 0],
							"lerp_mode": "catmullrom"
						},
						"1.75": {
							"post": [15, 0, 0],
							"lerp_mode": "catmullrom"
						},
						"2.0": {
							"post": [2.52154, -7.49282, -0.32902],
							"lerp_mode": "catmullrom"
						}
					},
					"position": {
						"0.0": {
							"post": [0, 1, 0],
							"lerp_mode": "catmullrom"
						},
						"1.75": {
							"post": [0, 0, 0],
							"lerp_mode": "catmullrom"
						}
					}
				},
				"Body6": {
					"rotation": {
						"0.0": {
							"post": [45, 0, 0],
							"lerp_mode": "catmullrom"
						},
						"1.5": {
							"post": [45, 0, 0],
							"lerp_mode": "catmullrom"
						},
						"1.75": {
							"post": [25, 0, 0],
							"lerp_mode": "catmullrom"
						},
						"2.0": {
							"post": [-10.03742, -4.92385, 0.87038],
							"lerp_mode": "catmullrom"
						},
						"2.25": {
							"post": [-5.019, -4.98093, 0.43688],
							"lerp_mode": "catmullrom"
						}
					}
				},
				"tail4": {
					"rotation": {
						"0.0": {
							"post": [0, 0, 0],
							"lerp_mode": "catmullrom"
						},
						"0.5": {
							"post": [0, -27.5, 0],
							"lerp_mode": "catmullrom"
						},
						"0.6667": {
							"post": [0, -27.5, 0],
							"lerp_mode": "catmullrom"
						},
						"0.8333": {
							"post": [0, -25, 0],
							"lerp_mode": "catmullrom"
						},
						"1.0": {
							"post": [0, -30, 0],
							"lerp_mode": "catmullrom"
						},
						"1.1667": {
							"post": [0, -37.5, 0],
							"lerp_mode": "catmullrom"
						}
					}
				},
				"tail5": {
					"rotation": {
						"0.0": {
							"post": [0, 0, 0],
							"lerp_mode": "catmullrom"
						},
						"0.5": {
							"post": [0, -22.5, 0],
							"lerp_mode": "catmullrom"
						},
						"0.6667": {
							"post": [0, -22.5, 0],
							"lerp_mode": "catmullrom"
						},
						"0.8333": {
							"post": [0, -27.5, 0],
							"lerp_mode": "catmullrom"
						},
						"1.0": {
							"post": [0, -25, 0],
							"lerp_mode": "catmullrom"
						},
						"1.1667": {
							"post": [0, -32.5, 0],
							"lerp_mode": "catmullrom"
						}
					}
				},
				"tail6": {
					"rotation": {
						"0.0": {
							"post": [0, 0, 0],
							"lerp_mode": "catmullrom"
						},
						"0.5": {
							"post": [0, -27.5, 0],
							"lerp_mode": "catmullrom"
						},
						"0.6667": {
							"post": [0, -27.5, 0],
							"lerp_mode": "catmullrom"
						},
						"0.8333": {
							"post": [0, -30, 0],
							"lerp_mode": "catmullrom"
						},
						"1.0": {
							"post": [0, -35, 0],
							"lerp_mode": "catmullrom"
						},
						"1.1667": {
							"post": [0, -42.5, 0],
							"lerp_mode": "catmullrom"
						}
					}
				},
				"tail7": {
					"rotation": {
						"0.0": {
							"post": [0, 0, 0],
							"lerp_mode": "catmullrom"
						},
						"0.5": {
							"post": [0, 22.5, 0],
							"lerp_mode": "catmullrom"
						},
						"0.6667": {
							"post": [0, 12.5, 0],
							"lerp_mode": "catmullrom"
						},
						"0.8333": {
							"post": [0, -2.5, 0],
							"lerp_mode": "catmullrom"
						},
						"1.0": {
							"post": [0, -15, 0],
							"lerp_mode": "catmullrom"
						},
						"1.1667": {
							"post": [0, -40, 0],
							"lerp_mode": "catmullrom"
						}
					}
				},
				"Chestworm": {
					"rotation": {
						"0.0": {
							"post": [0, -2.5, 0],
							"lerp_mode": "catmullrom"
						},
						"0.6667": {
							"post": [0, -2.5, 0],
							"lerp_mode": "catmullrom"
						},
						"1.0": {
							"post": [0, -27.5, 0],
							"lerp_mode": "catmullrom"
						}
					},
					"position": {
						"0.0": {
							"post": [0, 0, 0],
							"lerp_mode": "catmullrom"
						},
						"0.3333": {
							"post": [0, 6, 11],
							"lerp_mode": "catmullrom"
						},
						"0.6667": {
							"post": [0, 0, 16.8],
							"lerp_mode": "catmullrom"
						}
					}
				},
				"toung": {
					"rotation": {
						"1.75": {
							"pre": [0, 0, 0],
							"post": [0, 0, 0],
							"lerp_mode": "catmullrom"
						},
						"2.0": {
							"post": [0, 0, 0],
							"lerp_mode": "catmullrom"
						},
						"2.25": {
							"post": [5, 0, 0],
							"lerp_mode": "catmullrom"
						}
					},
					"position": {
						"1.5": {
							"pre": [0, 0, 0],
							"post": [0, 0, 0],
							"lerp_mode": "catmullrom"
						},
						"1.75": {
							"post": [0, 0, -5],
							"lerp_mode": "catmullrom"
						},
						"2.0": {
							"post": [0, 0, -5],
							"lerp_mode": "catmullrom"
						},
						"2.25": {
							"post": [0, 0, -5],
							"lerp_mode": "catmullrom"
						}
					}
				}
			}
		}
	},
	"geckolib_format_version": 2
}