{
	"credit": "",
	"texture_size": [32, 32],
	"textures": {
		"0": "custom/blocks/drums",
		"1": "custom/blocks/drums_texture",
		"particle": "custom/blocks/drums"
	},
	"elements": [
		{
			"from": [1, 9.2388, 5.82683],
			"to": [15, 31.15224, 5.82683],
			"rotation": {"angle": 0, "axis": "y", "origin": [14, -3.7612, 6.82683]},
			"faces": {
				"north": {"uv": [0, 0, 8, 12.57143], "texture": "#1"}
			}
		},
		{
			"from": [2, 24.46097, 18.2969],
			"to": [14, 30.5, 18.2969],
			"rotation": {"angle": -22.5, "axis": "x", "origin": [14, -4.53903, 6.2969]},
			"faces": {
				"north": {"uv": [8, 0, 14.85714, 3.42857], "texture": "#1"}
			}
		},
		{
			"from": [1, 9.7612, -0.82683],
			"to": [15, 18.7612, -0.82683],
			"rotation": {"angle": 22.5, "axis": "x", "origin": [0, -1.2388, -0.82683]},
			"faces": {
				"north": {"uv": [8, 3.42857, 16, 8.28571], "texture": "#1"},
				"east": {"uv": [8, 3.42857, 16, 7.14286], "texture": "#1"},
				"south": {"uv": [8, 3.42857, 16, 7.14286], "texture": "#1"},
				"west": {"uv": [8, 3.42857, 16, 7.14286], "texture": "#1"},
				"up": {"uv": [8, 3.42857, 16, 7.14286], "texture": "#1"},
				"down": {"uv": [8, 3.42857, 16, 7.14286], "texture": "#1"}
			}
		},
		{
			"from": [0, 25.46097, 17.2969],
			"to": [2, 32, 19.2969],
			"rotation": {"angle": -22.5, "axis": "x", "origin": [0, -4.53903, 6.2969]},
			"faces": {
				"north": {"uv": [5.76, 12.16, 6.4, 14.24], "texture": "#0"},
				"east": {"uv": [5.12, 12.16, 5.76, 14.24], "texture": "#0"},
				"south": {"uv": [5.76, 12.16, 5.12, 14.24], "texture": "#0"},
				"west": {"uv": [6.4, 12.16, 5.76, 14.24], "texture": "#0"},
				"up": {"uv": [3.6, 7.04, 2.96, 6.4], "texture": "#0"}
			}
		},
		{
			"from": [0, 17.2388, 4.82683],
			"to": [2, 28.15224, 6.82683],
			"rotation": {"angle": 0, "axis": "y", "origin": [0, -3.7612, 6.82683]},
			"faces": {
				"north": {"uv": [5.28, 8.64, 5.92, 12.16], "texture": "#0"},
				"east": {"uv": [7.2, 9.76, 7.84, 13.28], "texture": "#0"},
				"south": {"uv": [7.84, 9.76, 7.2, 13.28], "texture": "#0"},
				"west": {"uv": [5.92, 8.64, 5.28, 12.16], "texture": "#0"}
			}
		},
		{
			"from": [0, 8.7612, -2.82683],
			"to": [2, 18.7612, -0.82683],
			"rotation": {"angle": 22.5, "axis": "x", "origin": [0, -1.2388, -0.82683]},
			"faces": {
				"north": {"uv": [6.56, 8.64, 7.2, 11.84], "texture": "#0"},
				"east": {"uv": [5.92, 8.64, 6.56, 11.84], "texture": "#0"},
				"south": {"uv": [6.56, 8.64, 5.92, 11.84], "texture": "#0"},
				"west": {"uv": [7.2, 8.64, 6.56, 11.84], "texture": "#0"}
			}
		},
		{
			"from": [1, 9.7612, -0.82683],
			"to": [15, 18.7612, 3.17317],
			"rotation": {"angle": 22.5, "axis": "x", "origin": [0, -1.2388, -0.82683]},
			"faces": {
				"east": {"uv": [9.44, 15.68, 12.32, 14.4], "rotation": 90, "texture": "#0"},
				"west": {"uv": [9.44, 14.4, 12.32, 15.68], "rotation": 90, "texture": "#0"}
			}
		},
		{
			"from": [0.1, 30, 4],
			"to": [2, 32, 13],
			"faces": {
				"east": {"uv": [9.6, 13.68, 6.4, 14.32], "texture": "#0"},
				"west": {"uv": [6.4, 13.68, 9.6, 14.32], "texture": "#0"},
				"up": {"uv": [12.32, 13.44, 11.68, 10.24], "texture": "#0"},
				"down": {"uv": [11.68, 10.24, 12.32, 13.44], "texture": "#0"}
			}
		},
		{
			"from": [0.1, 0, 13],
			"to": [2, 32, 15],
			"faces": {
				"north": {"uv": [12.32, 0, 11.68, 10.24], "texture": "#0"},
				"east": {"uv": [11.68, 0, 12.32, 10.24], "texture": "#0"},
				"south": {"uv": [12.32, 0, 11.68, 10.24], "texture": "#0"},
				"west": {"uv": [11.68, 0, 12.32, 10.24], "texture": "#0"},
				"up": {"uv": [4.48, 6.4, 3.84, 5.76], "texture": "#0"},
				"down": {"uv": [4.48, 6.4, 3.84, 7.04], "texture": "#0"}
			}
		},
		{
			"from": [0, 0, 1],
			"to": [2, 8, 3],
			"faces": {
				"north": {"uv": [4.48, 12.16, 5.12, 14.72], "texture": "#0"},
				"east": {"uv": [5.12, 12.16, 4.48, 14.72], "texture": "#0"},
				"south": {"uv": [4.48, 12.16, 5.12, 14.72], "texture": "#0"},
				"west": {"uv": [5.12, 12.16, 4.48, 14.72], "texture": "#0"},
				"down": {"uv": [2.96, 6.08, 2.32, 6.72], "texture": "#0"}
			}
		},
		{
			"from": [14, 25.46097, 17.2969],
			"to": [16, 32, 19.2969],
			"rotation": {"angle": -22.5, "axis": "x", "origin": [14, -4.53903, 6.2969]},
			"faces": {
				"north": {"uv": [6.4, 12.16, 5.76, 14.24], "texture": "#0"},
				"east": {"uv": [5.76, 12.16, 6.4, 14.24], "texture": "#0"},
				"south": {"uv": [5.12, 12.16, 5.76, 14.24], "texture": "#0"},
				"west": {"uv": [5.76, 12.16, 5.12, 14.24], "texture": "#0"},
				"up": {"uv": [2.96, 7.04, 3.6, 6.4], "texture": "#0"}
			}
		},
		{
			"from": [2, 30.36097, 17.2969],
			"to": [14, 32, 19.2969],
			"rotation": {"angle": -22.5, "axis": "x", "origin": [14, -4.53903, 6.2969]},
			"faces": {
				"north": {"uv": [3.84, 15.36, 7.68, 15.92], "texture": "#0"},
				"south": {"uv": [0, 15.36, 3.84, 15.92], "texture": "#0"},
				"up": {"uv": [3.84, 15.36, 0, 14.72], "texture": "#0"},
				"down": {"uv": [7.68, 14.72, 3.84, 15.36], "texture": "#0"}
			}
		},
		{
			"from": [2, 25.46097, 18.0969],
			"to": [14, 25.9, 19.2969],
			"rotation": {"angle": -22.5, "axis": "x", "origin": [14, -4.53903, 6.2969]},
			"faces": {
				"north": {"uv": [5.12, 14.56, 8.96, 14.72], "texture": "#0"},
				"up": {"uv": [8.96, 14.72, 5.12, 14.56], "texture": "#0"},
				"down": {"uv": [8.96, 14.56, 5.12, 14.72], "texture": "#0"}
			}
		},
		{
			"from": [2, 24.46097, 18.2969],
			"to": [14, 30.5, 19.2969],
			"rotation": {"angle": -22.5, "axis": "x", "origin": [14, -4.53903, 6.2969]},
			"faces": {
				"south": {"uv": [0, 0, 3.84, 1.92], "texture": "#0"}
			}
		},
		{
			"from": [14, 17.2388, 4.82683],
			"to": [16, 28.15224, 6.82683],
			"rotation": {"angle": 0, "axis": "y", "origin": [14, -3.7612, 6.82683]},
			"faces": {
				"north": {"uv": [5.92, 8.64, 5.28, 12.16], "texture": "#0"},
				"east": {"uv": [5.28, 8.64, 5.92, 12.16], "texture": "#0"},
				"south": {"uv": [7.2, 9.76, 7.84, 13.28], "texture": "#0"},
				"west": {"uv": [7.84, 9.76, 7.2, 13.28], "texture": "#0"}
			}
		},
		{
			"from": [1, 9.2388, 5.82683],
			"to": [15, 31.15224, 14.42683],
			"rotation": {"angle": 0, "axis": "y", "origin": [14, -3.7612, 6.82683]},
			"faces": {
				"east": {"uv": [8.96, 0, 11.68, 7.04], "texture": "#0"},
				"south": {"uv": [4.48, 0, 8.96, 7.04], "texture": "#0"},
				"west": {"uv": [8.96, 0, 11.68, 7.04], "texture": "#0"},
				"up": {"uv": [11.68, 9.76, 7.2, 7.04], "texture": "#0"}
			}
		},
		{
			"from": [14, 8.7612, -2.82683],
			"to": [16, 18.7612, -0.82683],
			"rotation": {"angle": 22.5, "axis": "x", "origin": [14, -1.2388, -0.82683]},
			"faces": {
				"north": {"uv": [7.2, 8.64, 6.56, 11.84], "texture": "#0"},
				"east": {"uv": [6.56, 8.64, 7.2, 11.84], "texture": "#0"},
				"south": {"uv": [5.92, 8.64, 6.56, 11.84], "texture": "#0"},
				"west": {"uv": [6.56, 8.64, 5.92, 11.84], "texture": "#0"}
			}
		},
		{
			"from": [14, 30, 4],
			"to": [15.9, 32, 13],
			"rotation": {"angle": 0, "axis": "y", "origin": [14, 0, 0]},
			"faces": {
				"east": {"uv": [9.6, 13.68, 6.4, 14.32], "texture": "#0"},
				"west": {"uv": [6.4, 13.68, 9.6, 14.32], "texture": "#0"},
				"up": {"uv": [12.32, 13.44, 11.68, 10.24], "texture": "#0"},
				"down": {"uv": [12.32, 10.24, 11.68, 13.44], "texture": "#0"}
			}
		},
		{
			"from": [14, 0, 13],
			"to": [15.9, 32, 15],
			"rotation": {"angle": 0, "axis": "y", "origin": [14, 0, 0]},
			"faces": {
				"north": {"uv": [11.68, 0, 12.32, 10.24], "texture": "#0"},
				"east": {"uv": [12.32, 0, 11.68, 10.24], "texture": "#0"},
				"south": {"uv": [11.68, 0, 12.32, 10.24], "texture": "#0"},
				"west": {"uv": [12.32, 0, 11.68, 10.24], "texture": "#0"},
				"up": {"uv": [4.48, 6.4, 3.84, 5.76], "texture": "#0"},
				"down": {"uv": [4.48, 6.4, 3.84, 7.04], "texture": "#0"}
			}
		},
		{
			"from": [14, 0, 1],
			"to": [16, 8, 3],
			"rotation": {"angle": 0, "axis": "y", "origin": [14, 0, 0]},
			"faces": {
				"north": {"uv": [5.12, 12.16, 4.48, 14.72], "texture": "#0"},
				"east": {"uv": [4.48, 12.16, 5.12, 14.72], "texture": "#0"},
				"south": {"uv": [5.12, 12.16, 4.48, 14.72], "texture": "#0"},
				"west": {"uv": [4.48, 12.16, 5.12, 14.72], "texture": "#0"},
				"down": {"uv": [2.96, 6.08, 2.32, 6.72], "texture": "#0"}
			}
		},
		{
			"from": [1, 0, 2],
			"to": [15, 8, 14],
			"faces": {
				"north": {"uv": [0, 12.16, 4.48, 14.72], "texture": "#0"},
				"east": {"uv": [7.84, 9.76, 11.68, 12.32], "texture": "#0"},
				"south": {"uv": [0, 12.16, 4.48, 14.72], "texture": "#0"},
				"west": {"uv": [7.84, 9.76, 11.68, 12.32], "texture": "#0"},
				"down": {"uv": [4.48, 1.92, 0, 5.76], "texture": "#0"}
			}
		},
		{
			"from": [-0.2, 8, -0.8],
			"to": [16.2, 10, 15.2],
			"faces": {
				"north": {"uv": [12.96, 5.28, 12.32, 0], "rotation": 90, "texture": "#0"},
				"east": {"uv": [12.96, 5.28, 12.32, 10.4], "rotation": 90, "texture": "#0"},
				"south": {"uv": [12.32, 10.4, 12.96, 15.68], "rotation": 90, "texture": "#0"},
				"west": {"uv": [12.96, 10.4, 12.32, 5.28], "rotation": 90, "texture": "#0"},
				"up": {"uv": [5.28, 12.16, 0, 7.04], "texture": "#0"},
				"down": {"uv": [5.28, 7.04, 0, 12.16], "texture": "#0"}
			}
		},
		{
			"from": [0.6, 1.6, 8.5],
			"to": [2, 6.6, 11.5],
			"faces": {
				"north": {"uv": [5.76, 7.04, 5.28, 8.64], "texture": "#0"},
				"south": {"uv": [5.28, 7.04, 5.76, 8.64], "texture": "#0"},
				"west": {"uv": [5.76, 7.04, 6.72, 8.64], "texture": "#0"},
				"up": {"uv": [5.76, 8, 5.28, 7.04], "texture": "#0"},
				"down": {"uv": [5.76, 7.04, 5.28, 8], "texture": "#0"}
			}
		},
		{
			"from": [11.9, 9.7, 0.8],
			"to": [13.3, 10.7, 2.2],
			"faces": {
				"north": {"uv": [1.52, 5.76, 2, 6.08], "texture": "#0"},
				"east": {"uv": [1.52, 5.76, 2, 6.08], "texture": "#0"},
				"south": {"uv": [1.52, 5.76, 2, 6.08], "texture": "#0"},
				"west": {"uv": [1.52, 5.76, 2, 6.08], "texture": "#0"},
				"up": {"uv": [0.48, 7.04, 0, 6.56], "texture": "#0"}
			}
		},
		{
			"from": [8.7, 9.7, 0.6],
			"to": [10.5, 10.4, 2.4],
			"faces": {
				"north": {"uv": [0.96, 6.8, 1.52, 7.04], "texture": "#0"},
				"east": {"uv": [0.96, 6.8, 1.52, 7.04], "texture": "#0"},
				"south": {"uv": [0.96, 6.8, 1.52, 7.04], "texture": "#0"},
				"west": {"uv": [0.96, 6.8, 1.52, 7.04], "texture": "#0"},
				"up": {"uv": [4.4, 1.68, 3.84, 1.12], "texture": "#0"}
			}
		},
		{
			"from": [8.9, 9.7, 0.8],
			"to": [10.3, 10.7, 2.2],
			"faces": {
				"north": {"uv": [0.96, 6.48, 1.44, 6.8], "texture": "#0"},
				"east": {"uv": [0.96, 6.48, 1.44, 6.8], "texture": "#0"},
				"south": {"uv": [0.96, 6.48, 1.44, 6.8], "texture": "#0"},
				"west": {"uv": [0.96, 6.48, 1.44, 6.8], "texture": "#0"},
				"up": {"uv": [0.96, 7.04, 0.48, 6.56], "texture": "#0"}
			}
		},
		{
			"from": [5.7, 9.7, 0.6],
			"to": [7.5, 10.4, 2.4],
			"faces": {
				"north": {"uv": [2, 6.8, 2.56, 7.04], "texture": "#0"},
				"east": {"uv": [2, 6.8, 2.56, 7.04], "texture": "#0"},
				"south": {"uv": [2, 6.8, 2.56, 7.04], "texture": "#0"},
				"west": {"uv": [2, 6.8, 2.56, 7.04], "texture": "#0"},
				"up": {"uv": [4.4, 0.56, 3.84, 0], "texture": "#0"}
			}
		},
		{
			"from": [5.9, 9.7, 0.8],
			"to": [7.3, 10.7, 2.2],
			"faces": {
				"north": {"uv": [1.2, 6.08, 1.68, 6.4], "texture": "#0"},
				"east": {"uv": [1.2, 6.08, 1.68, 6.4], "texture": "#0"},
				"south": {"uv": [1.2, 6.08, 1.68, 6.4], "texture": "#0"},
				"west": {"uv": [1.2, 6.08, 1.68, 6.4], "texture": "#0"},
				"up": {"uv": [2, 7.04, 1.52, 6.56], "texture": "#0"}
			}
		},
		{
			"from": [11.7, 9.7, 0.6],
			"to": [13.5, 10.4, 2.4],
			"faces": {
				"north": {"uv": [0, 6.32, 0.56, 6.56], "texture": "#0"},
				"east": {"uv": [0, 6.32, 0.56, 6.56], "texture": "#0"},
				"south": {"uv": [0, 6.32, 0.56, 6.56], "texture": "#0"},
				"west": {"uv": [0, 6.32, 0.56, 6.56], "texture": "#0"},
				"up": {"uv": [4.4, 1.12, 3.84, 0.56], "texture": "#0"}
			}
		},
		{
			"from": [1.9, 8.5, -1],
			"to": [4.9, 9.5, 1],
			"faces": {
				"north": {"uv": [0.56, 5.76, 1.52, 6.08], "texture": "#0"},
				"east": {"uv": [0.56, 6.08, 1.2, 6.4], "texture": "#0"},
				"south": {"uv": [0.56, 5.76, 1.52, 6.08], "texture": "#0"},
				"west": {"uv": [0.56, 6.08, 1.2, 6.4], "texture": "#0"},
				"up": {"uv": [1.52, 5.76, 0.56, 6.08], "texture": "#0"},
				"down": {"uv": [1.52, 5.76, 0.56, 6.08], "texture": "#0"}
			}
		},
		{
			"from": [10.9, 8.5, -1],
			"to": [13.9, 9.5, 1],
			"faces": {
				"north": {"uv": [2, 5.76, 2.96, 6.08], "texture": "#0"},
				"east": {"uv": [1.68, 6.08, 2.32, 6.4], "texture": "#0"},
				"south": {"uv": [2, 5.76, 2.96, 6.08], "texture": "#0"},
				"west": {"uv": [1.68, 6.08, 2.32, 6.4], "texture": "#0"},
				"up": {"uv": [2.96, 5.76, 2, 6.08], "texture": "#0"},
				"down": {"uv": [2.96, 5.76, 2, 6.08], "texture": "#0"}
			}
		},
		{
			"from": [11.6, 14.4612, -1.82683],
			"to": [12.15, 14.9612, 2.47317],
			"rotation": {"angle": 22.5, "axis": "x", "origin": [0, -1.2388, -0.82683]},
			"faces": {
				"north": {"uv": [0.56, 6.4, 0.72, 6.56], "texture": "#0"},
				"east": {"uv": [0.56, 6.4, 0.72, 6.56], "texture": "#0"},
				"south": {"uv": [0.56, 6.4, 0.72, 6.56], "texture": "#0"},
				"west": {"uv": [0.56, 6.4, 0.72, 6.56], "texture": "#0"},
				"up": {"uv": [0.72, 6.56, 0.56, 6.4], "texture": "#0"},
				"down": {"uv": [0.72, 6.4, 0.56, 6.56], "texture": "#0"}
			}
		},
		{
			"from": [11.3, 14.0612, -1.82683],
			"to": [11.6, 14.6612, 2.47317],
			"rotation": {"angle": 22.5, "axis": "x", "origin": [0, -1.2388, -0.82683]},
			"faces": {
				"north": {"uv": [4.4, 0, 4.48, 0.16], "texture": "#0"},
				"east": {"uv": [4.4, 0, 4.48, 0.16], "texture": "#0"},
				"south": {"uv": [4.4, 0, 4.48, 0.16], "texture": "#0"},
				"west": {"uv": [4.4, 0, 4.48, 0.16], "texture": "#0"},
				"up": {"uv": [4.48, 0.16, 4.4, 0], "texture": "#0"},
				"down": {"uv": [4.48, 0, 4.4, 0.16], "texture": "#0"}
			}
		},
		{
			"from": [10.6, 12.3612, -1.82683],
			"to": [12.3, 14.0612, 2.47317],
			"rotation": {"angle": 22.5, "axis": "x", "origin": [0, -1.2388, -0.82683]},
			"faces": {
				"north": {"uv": [0, 5.76, 0.56, 6.32], "texture": "#0"},
				"east": {"uv": [0, 5.76, 0.56, 6.32], "texture": "#0"},
				"south": {"uv": [0, 5.76, 0.56, 6.32], "texture": "#0"},
				"west": {"uv": [0, 5.76, 0.56, 6.32], "texture": "#0"},
				"up": {"uv": [0.56, 6.32, 0, 5.76], "texture": "#0"},
				"down": {"uv": [0.56, 5.76, 0, 6.32], "texture": "#0"}
			}
		},
		{
			"from": [8.1, 14.4612, -1.82683],
			"to": [8.65, 14.9612, 2.47317],
			"rotation": {"angle": 22.5, "axis": "x", "origin": [0, -1.2388, -0.82683]},
			"faces": {
				"north": {"uv": [0.56, 6.4, 0.72, 6.56], "texture": "#0"},
				"east": {"uv": [0.56, 6.4, 0.72, 6.56], "texture": "#0"},
				"south": {"uv": [0.56, 6.4, 0.72, 6.56], "texture": "#0"},
				"west": {"uv": [0.56, 6.4, 0.72, 6.56], "texture": "#0"},
				"up": {"uv": [0.72, 6.56, 0.56, 6.4], "texture": "#0"},
				"down": {"uv": [0.72, 6.4, 0.56, 6.56], "texture": "#0"}
			}
		},
		{
			"from": [7.8, 14.0612, -1.82683],
			"to": [8.1, 14.6612, 2.47317],
			"rotation": {"angle": 22.5, "axis": "x", "origin": [0, -1.2388, -0.82683]},
			"faces": {
				"north": {"uv": [4.4, 0, 4.48, 0.16], "texture": "#0"},
				"east": {"uv": [4.4, 0, 4.48, 0.16], "texture": "#0"},
				"south": {"uv": [4.4, 0, 4.48, 0.16], "texture": "#0"},
				"west": {"uv": [4.4, 0, 4.48, 0.16], "texture": "#0"},
				"up": {"uv": [4.48, 0.16, 4.4, 0], "texture": "#0"},
				"down": {"uv": [4.48, 0, 4.4, 0.16], "texture": "#0"}
			}
		},
		{
			"from": [7.1, 12.3612, -1.82683],
			"to": [8.8, 14.0612, 2.47317],
			"rotation": {"angle": 22.5, "axis": "x", "origin": [0, -1.2388, -0.82683]},
			"faces": {
				"north": {"uv": [0, 5.76, 0.56, 6.32], "texture": "#0"},
				"east": {"uv": [0, 5.76, 0.56, 6.32], "texture": "#0"},
				"south": {"uv": [0, 5.76, 0.56, 6.32], "texture": "#0"},
				"west": {"uv": [0, 5.76, 0.56, 6.32], "texture": "#0"},
				"up": {"uv": [0.56, 6.32, 0, 5.76], "texture": "#0"},
				"down": {"uv": [0.56, 5.76, 0, 6.32], "texture": "#0"}
			}
		},
		{
			"from": [4.7, 14.4612, -1.82683],
			"to": [5.25, 14.9612, 2.47317],
			"rotation": {"angle": 22.5, "axis": "x", "origin": [0, -1.2388, -0.82683]},
			"faces": {
				"north": {"uv": [0.56, 6.4, 0.72, 6.56], "texture": "#0"},
				"east": {"uv": [0.56, 6.4, 0.72, 6.56], "texture": "#0"},
				"south": {"uv": [0.56, 6.4, 0.72, 6.56], "texture": "#0"},
				"west": {"uv": [0.56, 6.4, 0.72, 6.56], "texture": "#0"},
				"up": {"uv": [0.72, 6.56, 0.56, 6.4], "texture": "#0"},
				"down": {"uv": [0.72, 6.4, 0.56, 6.56], "texture": "#0"}
			}
		},
		{
			"from": [4.4, 14.0612, -1.82683],
			"to": [4.7, 14.6612, 2.47317],
			"rotation": {"angle": 22.5, "axis": "x", "origin": [0, -1.2388, -0.82683]},
			"faces": {
				"north": {"uv": [4.4, 0, 4.48, 0.16], "texture": "#0"},
				"east": {"uv": [4.4, 0, 4.48, 0.16], "texture": "#0"},
				"south": {"uv": [4.4, 0, 4.48, 0.16], "texture": "#0"},
				"west": {"uv": [4.4, 0, 4.48, 0.16], "texture": "#0"},
				"up": {"uv": [4.48, 0.16, 4.4, 0], "texture": "#0"},
				"down": {"uv": [4.48, 0, 4.4, 0.16], "texture": "#0"}
			}
		},
		{
			"from": [3.7, 12.3612, -1.82683],
			"to": [5.4, 14.0612, 2.47317],
			"rotation": {"angle": 22.5, "axis": "x", "origin": [0, -1.2388, -0.82683]},
			"faces": {
				"north": {"uv": [0, 5.76, 0.56, 6.32], "texture": "#0"},
				"east": {"uv": [0, 5.76, 0.56, 6.32], "texture": "#0"},
				"south": {"uv": [0, 5.76, 0.56, 6.32], "texture": "#0"},
				"west": {"uv": [0, 5.76, 0.56, 6.32], "texture": "#0"},
				"up": {"uv": [0.56, 6.32, 0, 5.76], "texture": "#0"},
				"down": {"uv": [0.56, 5.76, 0, 6.32], "texture": "#0"}
			}
		},
		{
			"from": [3, 11.9612, -1.72683],
			"to": [13, 15.0612, -1.42683],
			"rotation": {"angle": 22.5, "axis": "x", "origin": [0, -1.2388, -0.82683]},
			"faces": {
				"north": {"uv": [7.84, 12.32, 11.04, 13.28], "texture": "#0"},
				"east": {"uv": [7.92, 12.4, 9.28, 13.36], "texture": "#0"},
				"west": {"uv": [8, 12.4, 9.36, 13.36], "texture": "#0"},
				"up": {"uv": [11.04, 13.68, 7.84, 12.32], "texture": "#0"},
				"down": {"uv": [11.04, 12.32, 7.84, 13.68], "texture": "#0"}
			}
		},
		{
			"from": [3, 11.2612, -1.12683],
			"to": [13, 15.7612, 3.17317],
			"rotation": {"angle": 22.5, "axis": "x", "origin": [0, -1.2388, -0.82683]},
			"faces": {
				"north": {"uv": [7.84, 12.32, 11.04, 13.68], "texture": "#0"},
				"east": {"uv": [9.04, 12.32, 10.4, 13.68], "texture": "#0"},
				"south": {"uv": [7.84, 12.32, 11.04, 13.68], "texture": "#0"},
				"west": {"uv": [8.24, 12.32, 9.6, 13.6], "texture": "#0"},
				"up": {"uv": [11.04, 13.68, 7.84, 12.32], "texture": "#0"},
				"down": {"uv": [11.04, 12.32, 7.84, 13.68], "texture": "#0"}
			}
		},
		{
			"from": [3, 11.4612, -1.42683],
			"to": [13, 15.5612, 2.47317],
			"rotation": {"angle": 22.5, "axis": "x", "origin": [0, -1.2388, -0.82683]},
			"faces": {
				"north": {"uv": [7.84, 12.32, 11.04, 13.6], "texture": "#0"},
				"east": {"uv": [8.08, 12.4, 9.36, 13.68], "texture": "#0"},
				"west": {"uv": [8.24, 12.4, 9.52, 13.68], "texture": "#0"},
				"up": {"uv": [11.04, 13.6, 7.84, 12.32], "texture": "#0"},
				"down": {"uv": [11.04, 12.32, 7.84, 13.6], "texture": "#0"}
			}
		},
		{
			"from": [9.5, 11.8612, -1.97683],
			"to": [10, 15.1612, 2.47317],
			"rotation": {"angle": 22.5, "axis": "x", "origin": [0, -1.2388, -0.82683]},
			"faces": {
				"north": {"uv": [0.72, 6.4, 0.88, 6.56], "texture": "#0"},
				"east": {"uv": [0.72, 6.4, 0.88, 6.56], "texture": "#0"},
				"south": {"uv": [0.72, 6.4, 0.88, 6.56], "texture": "#0"},
				"west": {"uv": [0.72, 6.4, 0.88, 6.56], "texture": "#0"},
				"up": {"uv": [0.88, 6.56, 0.72, 6.4], "texture": "#0"},
				"down": {"uv": [0.88, 6.4, 0.72, 6.56], "texture": "#0"}
			}
		},
		{
			"from": [9.5, 11.1612, -1.37683],
			"to": [10, 15.8612, 3.17317],
			"rotation": {"angle": 22.5, "axis": "x", "origin": [0, -1.2388, -0.82683]},
			"faces": {
				"north": {"uv": [0.72, 6.4, 0.88, 6.56], "texture": "#0"},
				"east": {"uv": [0.72, 6.4, 0.88, 6.56], "texture": "#0"},
				"south": {"uv": [0.72, 6.4, 0.88, 6.56], "texture": "#0"},
				"west": {"uv": [0.72, 6.4, 0.88, 6.56], "texture": "#0"},
				"up": {"uv": [0.88, 6.56, 0.72, 6.4], "texture": "#0"},
				"down": {"uv": [0.88, 6.4, 0.72, 6.56], "texture": "#0"}
			}
		},
		{
			"from": [9.5, 11.3612, -1.67683],
			"to": [10, 15.6612, 2.47317],
			"rotation": {"angle": 22.5, "axis": "x", "origin": [0, -1.2388, -0.82683]},
			"faces": {
				"north": {"uv": [0.72, 6.4, 0.88, 6.56], "texture": "#0"},
				"east": {"uv": [0.72, 6.4, 0.88, 6.56], "texture": "#0"},
				"south": {"uv": [0.72, 6.4, 0.88, 6.56], "texture": "#0"},
				"west": {"uv": [0.72, 6.4, 0.88, 6.56], "texture": "#0"},
				"up": {"uv": [0.88, 6.56, 0.72, 6.4], "texture": "#0"},
				"down": {"uv": [0.88, 6.4, 0.72, 6.56], "texture": "#0"}
			}
		},
		{
			"from": [6, 11.8612, -1.97683],
			"to": [6.5, 15.1612, 2.47317],
			"rotation": {"angle": 22.5, "axis": "x", "origin": [0, -1.2388, -0.82683]},
			"faces": {
				"north": {"uv": [0.72, 6.4, 0.88, 6.56], "texture": "#0"},
				"east": {"uv": [0.72, 6.4, 0.88, 6.56], "texture": "#0"},
				"south": {"uv": [0.72, 6.4, 0.88, 6.56], "texture": "#0"},
				"west": {"uv": [0.72, 6.4, 0.88, 6.56], "texture": "#0"},
				"up": {"uv": [0.88, 6.56, 0.72, 6.4], "texture": "#0"},
				"down": {"uv": [0.88, 6.4, 0.72, 6.56], "texture": "#0"}
			}
		},
		{
			"from": [6, 11.1612, -1.37683],
			"to": [6.5, 15.8612, 3.17317],
			"rotation": {"angle": 22.5, "axis": "x", "origin": [0, -1.2388, -0.82683]},
			"faces": {
				"north": {"uv": [0.72, 6.4, 0.88, 6.56], "texture": "#0"},
				"east": {"uv": [0.72, 6.4, 0.88, 6.56], "texture": "#0"},
				"south": {"uv": [0.72, 6.4, 0.88, 6.56], "texture": "#0"},
				"west": {"uv": [0.72, 6.4, 0.88, 6.56], "texture": "#0"},
				"up": {"uv": [0.88, 6.56, 0.72, 6.4], "texture": "#0"},
				"down": {"uv": [0.88, 6.4, 0.72, 6.56], "texture": "#0"}
			}
		},
		{
			"from": [6, 11.3612, -1.67683],
			"to": [6.5, 15.6612, 2.47317],
			"rotation": {"angle": 22.5, "axis": "x", "origin": [0, -1.2388, -0.82683]},
			"faces": {
				"north": {"uv": [0.72, 6.4, 0.88, 6.56], "texture": "#0"},
				"east": {"uv": [0.72, 6.4, 0.88, 6.56], "texture": "#0"},
				"south": {"uv": [0.72, 6.4, 0.88, 6.56], "texture": "#0"},
				"west": {"uv": [0.72, 6.4, 0.88, 6.56], "texture": "#0"},
				"up": {"uv": [0.88, 6.56, 0.72, 6.4], "texture": "#0"},
				"down": {"uv": [0.88, 6.4, 0.72, 6.56], "texture": "#0"}
			}
		}
	],
	"display": {
		"thirdperson_righthand": {
			"rotation": [78, 0, 0],
			"scale": [0.38, 0.38, 0.38]
		},
		"thirdperson_lefthand": {
			"rotation": [78, 0, 0],
			"scale": [0.38, 0.38, 0.38]
		},
		"firstperson_righthand": {
			"rotation": [0, -180, 0],
			"scale": [0.38, 0.38, 0.38]
		},
		"firstperson_lefthand": {
			"rotation": [0, -180, 0],
			"scale": [0.38, 0.38, 0.38]
		},
		"gui": {
			"rotation": [-180, 0, -180],
			"scale": [0.9, 0.9, 0.9]
		},
		"head": {
			"translation": [0, -31.25, 0],
			"scale": [1.49, 1.49, 1.49]
		}
	},
	"groups": [
		{
			"name": "group",
			"origin": [0, -1.2388, -0.82683],
			"color": 0,
			"children": [0, 1, 2]
		},
		{
			"name": "group",
			"origin": [8, 8, 8],
			"color": 0,
			"children": [
				{
					"name": "SIDE",
					"origin": [0, 0, 0],
					"color": 0,
					"children": [
						3,
						4,
						5,
						6,
						7,
						8,
						9,
						{
							"name": "SIDE",
							"origin": [0, 0, 0],
							"color": 0,
							"children": [10, 11, 12, 13, 14, 15, 16, 17, 18, 19]
						}
					]
				},
				20,
				21,
				22,
				{
					"name": "BUTTONS",
					"origin": [0, 0, 0],
					"color": 0,
					"children": [23, 24, 25, 26, 27, 28]
				},
				{
					"name": "cash",
					"origin": [0, 0, 0],
					"color": 0,
					"children": [29, 30]
				},
				{
					"name": "APPLE",
					"origin": [0, -1.2388, -0.82683],
					"color": 0,
					"children": [
						31,
						32,
						33,
						{
							"name": "group",
							"origin": [0, -1.2388, -0.82683],
							"color": 0,
							"children": [
								34,
								35,
								36,
								{
									"name": "group",
									"origin": [0, -1.2388, -0.82683],
									"color": 0,
									"children": [37, 38, 39]
								}
							]
						}
					]
				},
				{
					"name": "group",
					"origin": [0, -1.2388, -0.82683],
					"color": 0,
					"children": [
						40,
						41,
						42,
						{
							"name": "group",
							"origin": [0, -1.2388, -0.82683],
							"color": 0,
							"children": [43, 44, 45]
						},
						{
							"name": "group",
							"origin": [0, -1.2388, -0.82683],
							"color": 0,
							"children": [46, 47, 48]
						}
					]
				}
			]
		}
	]
}