{
	"credit": "Made with Blockbench",
	"textures": {
		"0": "minecraft:ranks/mod",
		"particle": "minecraft:ranks/mod"
	},
	"elements": [
		{
			"name": "mod_0",
			"from": [6.85714, 0, 7],
			"to": [9.14286, 16, 8.14286],
			"rotation": {"angle": 0, "axis": "y", "origin": [0, 0, 7]},
			"faces": {
				"north": {"uv": [9.14286, 0, 6.85714, 16], "texture": "#0"},
				"east": {"uv": [8, 0, 9.14286, 16], "texture": "#0"},
				"south": {"uv": [6.85714, 0, 9.14286, 16], "texture": "#0"},
				"west": {"uv": [6.85714, 0, 8, 16], "texture": "#0"},
				"up": {"uv": [6.85714, 0, 9.14286, 1.14286], "texture": "#0"},
				"down": {"uv": [6.85714, 14.85714, 9.14286, 16], "texture": "#0"}
			}
		},
		{
			"name": "mod_1",
			"from": [4.57143, 1.14286, 7],
			"to": [6.85714, 14.85714, 8.14286],
			"rotation": {"angle": 0, "axis": "y", "origin": [0, 0, 7]},
			"faces": {
				"north": {"uv": [6.85714, 1.14286, 4.57143, 14.85714], "texture": "#0"},
				"east": {"uv": [5.71429, 1.14286, 6.85714, 14.85714], "texture": "#0"},
				"south": {"uv": [4.57143, 1.14286, 6.85714, 14.85714], "texture": "#0"},
				"west": {"uv": [4.57143, 1.14286, 5.71429, 14.85714], "texture": "#0"},
				"up": {"uv": [4.57143, 1.14286, 6.85714, 2.28571], "texture": "#0"},
				"down": {"uv": [4.57143, 13.71429, 6.85714, 14.85714], "texture": "#0"}
			}
		},
		{
			"name": "mod_2",
			"from": [9.14286, 1.14286, 7],
			"to": [11.42857, 14.85714, 8.14286],
			"rotation": {"angle": 0, "axis": "y", "origin": [0, 0, 7]},
			"faces": {
				"north": {"uv": [11.42857, 1.14286, 9.14286, 14.85714], "texture": "#0"},
				"east": {"uv": [10.28571, 1.14286, 11.42857, 14.85714], "texture": "#0"},
				"south": {"uv": [9.14286, 1.14286, 11.42857, 14.85714], "texture": "#0"},
				"west": {"uv": [9.14286, 1.14286, 10.28571, 14.85714], "texture": "#0"},
				"up": {"uv": [9.14286, 1.14286, 11.42857, 2.28571], "texture": "#0"},
				"down": {"uv": [9.14286, 13.71429, 11.42857, 14.85714], "texture": "#0"}
			}
		},
		{
			"name": "mod_3",
			"from": [1.14286, 4.57143, 7],
			"to": [4.57143, 13.71429, 8.14286],
			"rotation": {"angle": 0, "axis": "y", "origin": [0, 0, 7]},
			"faces": {
				"north": {"uv": [4.57143, 2.28571, 1.14286, 11.42857], "texture": "#0"},
				"east": {"uv": [3.42857, 2.28571, 4.57143, 11.42857], "texture": "#0"},
				"south": {"uv": [1.14286, 2.28571, 4.57143, 11.42857], "texture": "#0"},
				"west": {"uv": [1.14286, 2.28571, 2.28571, 11.42857], "texture": "#0"},
				"up": {"uv": [1.14286, 2.28571, 4.57143, 3.42857], "texture": "#0"},
				"down": {"uv": [1.14286, 10.28571, 4.57143, 11.42857], "texture": "#0"}
			}
		},
		{
			"name": "mod_4",
			"from": [11.42857, 4.57143, 7],
			"to": [14.85714, 13.71429, 8.14286],
			"rotation": {"angle": 0, "axis": "y", "origin": [0, 0, 7]},
			"faces": {
				"north": {"uv": [14.85714, 2.28571, 11.42857, 11.42857], "texture": "#0"},
				"east": {"uv": [13.71429, 2.28571, 14.85714, 11.42857], "texture": "#0"},
				"south": {"uv": [11.42857, 2.28571, 14.85714, 11.42857], "texture": "#0"},
				"west": {"uv": [11.42857, 2.28571, 12.57143, 11.42857], "texture": "#0"},
				"up": {"uv": [11.42857, 2.28571, 14.85714, 3.42857], "texture": "#0"},
				"down": {"uv": [11.42857, 10.28571, 14.85714, 11.42857], "texture": "#0"}
			}
		},
		{
			"name": "mod_5",
			"from": [2.28571, 3.42857, 7],
			"to": [4.57143, 4.57143, 8.14286],
			"rotation": {"angle": 0, "axis": "y", "origin": [0, 0, 7]},
			"faces": {
				"north": {"uv": [4.57143, 11.42857, 2.28571, 12.57143], "texture": "#0"},
				"east": {"uv": [3.42857, 11.42857, 4.57143, 12.57143], "texture": "#0"},
				"south": {"uv": [2.28571, 11.42857, 4.57143, 12.57143], "texture": "#0"},
				"west": {"uv": [2.28571, 11.42857, 3.42857, 12.57143], "texture": "#0"},
				"up": {"uv": [2.28571, 11.42857, 4.57143, 12.57143], "texture": "#0"},
				"down": {"uv": [2.28571, 11.42857, 4.57143, 12.57143], "texture": "#0"}
			}
		},
		{
			"name": "mod_6",
			"from": [11.42857, 3.42857, 7],
			"to": [13.71429, 4.57143, 8.14286],
			"rotation": {"angle": 0, "axis": "y", "origin": [0, 0, 7]},
			"faces": {
				"north": {"uv": [13.71429, 11.42857, 11.42857, 12.57143], "texture": "#0"},
				"east": {"uv": [12.57143, 11.42857, 13.71429, 12.57143], "texture": "#0"},
				"south": {"uv": [11.42857, 11.42857, 13.71429, 12.57143], "texture": "#0"},
				"west": {"uv": [11.42857, 11.42857, 12.57143, 12.57143], "texture": "#0"},
				"up": {"uv": [11.42857, 11.42857, 13.71429, 12.57143], "texture": "#0"},
				"down": {"uv": [11.42857, 11.42857, 13.71429, 12.57143], "texture": "#0"}
			}
		},
		{
			"name": "mod_7",
			"from": [3.42857, 2.28571, 7],
			"to": [4.57143, 3.42857, 8.14286],
			"rotation": {"angle": 0, "axis": "y", "origin": [0, 0, 7]},
			"faces": {
				"north": {"uv": [4.57143, 12.57143, 3.42857, 13.71429], "texture": "#0"},
				"east": {"uv": [3.42857, 12.57143, 4.57143, 13.71429], "texture": "#0"},
				"south": {"uv": [3.42857, 12.57143, 4.57143, 13.71429], "texture": "#0"},
				"west": {"uv": [3.42857, 12.57143, 4.57143, 13.71429], "texture": "#0"},
				"up": {"uv": [3.42857, 12.57143, 4.57143, 13.71429], "texture": "#0"},
				"down": {"uv": [3.42857, 12.57143, 4.57143, 13.71429], "texture": "#0"}
			}
		},
		{
			"name": "mod_8",
			"from": [11.42857, 2.28571, 7],
			"to": [12.57143, 3.42857, 8.14286],
			"rotation": {"angle": 0, "axis": "y", "origin": [0, 0, 7]},
			"faces": {
				"north": {"uv": [12.57143, 12.57143, 11.42857, 13.71429], "texture": "#0"},
				"east": {"uv": [11.42857, 12.57143, 12.57143, 13.71429], "texture": "#0"},
				"south": {"uv": [11.42857, 12.57143, 12.57143, 13.71429], "texture": "#0"},
				"west": {"uv": [11.42857, 12.57143, 12.57143, 13.71429], "texture": "#0"},
				"up": {"uv": [11.42857, 12.57143, 12.57143, 13.71429], "texture": "#0"},
				"down": {"uv": [11.42857, 12.57143, 12.57143, 13.71429], "texture": "#0"}
			}
		},
		{
			"name": "mod_9",
			"from": [5.71429, 0, 7],
			"to": [6.85714, 1.14286, 8.14286],
			"rotation": {"angle": 0, "axis": "y", "origin": [0, 0, 7]},
			"faces": {
				"north": {"uv": [6.85714, 14.85714, 5.71429, 16], "texture": "#0"},
				"east": {"uv": [5.71429, 14.85714, 6.85714, 16], "texture": "#0"},
				"south": {"uv": [5.71429, 14.85714, 6.85714, 16], "texture": "#0"},
				"west": {"uv": [5.71429, 14.85714, 6.85714, 16], "texture": "#0"},
				"up": {"uv": [5.71429, 14.85714, 6.85714, 16], "texture": "#0"},
				"down": {"uv": [5.71429, 14.85714, 6.85714, 16], "texture": "#0"}
			}
		},
		{
			"name": "mod_10",
			"from": [9.14286, 0, 7],
			"to": [10.28571, 1.14286, 8.14286],
			"rotation": {"angle": 0, "axis": "y", "origin": [0, 0, 7]},
			"faces": {
				"north": {"uv": [10.28571, 14.85714, 9.14286, 16], "texture": "#0"},
				"east": {"uv": [9.14286, 14.85714, 10.28571, 16], "texture": "#0"},
				"south": {"uv": [9.14286, 14.85714, 10.28571, 16], "texture": "#0"},
				"west": {"uv": [9.14286, 14.85714, 10.28571, 16], "texture": "#0"},
				"up": {"uv": [9.14286, 14.85714, 10.28571, 16], "texture": "#0"},
				"down": {"uv": [9.14286, 14.85714, 10.28571, 16], "texture": "#0"}
			}
		}
	],
	"display": {
		"thirdperson_righthand": {
			"translation": [0, 2.25, 0.25],
			"scale": [0.29, 0.29, 0.29]
		},
		"thirdperson_lefthand": {
			"rotation": [90, 90, 0],
			"translation": [2.5, -2, 9.25],
			"scale": [0.29, 0.29, 0.29]
		},
		"firstperson_righthand": {
			"translation": [1.5, 1, 0],
			"scale": [0.29, 0.29, 0.29]
		},
		"firstperson_lefthand": {
			"rotation": [0, 225, 0],
			"translation": [8, 0, 0],
			"scale": [0.4, 0.4, 0.4]
		},
		"ground": {
			"translation": [0, 3, 0],
			"scale": [0.5, 0.5, 0.5]
		},
		"gui": {
			"rotation": [30, 225, 0],
			"scale": [0.9, 0.9, 0.9]
		},
		"head": {
			"translation": [0, 6, -7],
			"scale": [0.5, 0.5, 0.5]
		},
		"fixed": {
			"scale": [0.89, 0.89, 0.89]
		}
	},
	"groups": [
		{
			"name": "mod",
			"origin": [8, 8, 8],
			"color": 0,
			"children": [0, 1, 2, 3, 4, 5, 6, 7, 8, 9, 10]
		}
	]
}