{
	"credit": "Designed by - with BDcraft Cubik PRO 1.03 Beta - http://bdcraft.net",
	"textures": {
		"particle": "item/negro"
	},
	"elements": [
		{
			"name": "AnyConv.com__scen",
			"from": [5.75, 0.5, 7.75],
			"to": [6.375, 15.625, 8.25],
			"faces": {
				"north": {"uv": [9.625, 0.375, 10.25, 15.5], "texture": "#particle"},
				"east": {"uv": [7.75, 0.375, 8.25, 15.5], "texture": "#particle"},
				"south": {"uv": [5.75, 0.375, 6.375, 15.5], "texture": "#particle"},
				"west": {"uv": [7.75, 0.375, 8.25, 15.5], "texture": "#particle"},
				"up": {"uv": [5.75, 7.75, 6.375, 8.25], "texture": "#particle"},
				"down": {"uv": [10.25, 8.25, 9.625, 7.75], "texture": "#particle"}
			}
		},
		{
			"name": "AnyConv.com__scen",
			"from": [5.75, 0.25, 7.875],
			"to": [6.375, 0.5, 8.125],
			"faces": {
				"north": {"uv": [9.625, 15.5, 10.25, 15.75], "texture": "#particle"},
				"east": {"uv": [7.875, 15.5, 8.125, 15.75], "texture": "#particle"},
				"south": {"uv": [5.75, 15.5, 6.375, 15.75], "texture": "#particle"},
				"west": {"uv": [7.875, 15.5, 8.125, 15.75], "texture": "#particle"},
				"down": {"uv": [10.25, 8.125, 9.625, 7.875], "texture": "#particle"}
			}
		},
		{
			"name": "AnyConv.com__scen",
			"from": [5.75, 15.625, 7.875],
			"to": [6.375, 15.75, 8.125],
			"faces": {
				"north": {"uv": [9.625, 0.25, 10.25, 0.375], "texture": "#particle"},
				"east": {"uv": [7.875, 0.25, 8.125, 0.375], "texture": "#particle"},
				"south": {"uv": [5.75, 0.25, 6.375, 0.375], "texture": "#particle"},
				"west": {"uv": [7.875, 0.25, 8.125, 0.375], "texture": "#particle"},
				"up": {"uv": [5.75, 7.875, 6.375, 8.125], "texture": "#particle"}
			}
		},
		{
			"name": "AnyConv.com__scen",
			"from": [5.875, 0.375, 7.625],
			"to": [6.25, 0.5, 7.875],
			"faces": {
				"north": {"uv": [9.75, 15.5, 10.125, 15.625], "texture": "#particle"},
				"east": {"uv": [8.125, 15.5, 8.375, 15.625], "texture": "#particle"},
				"west": {"uv": [7.625, 15.5, 7.875, 15.625], "texture": "#particle"},
				"up": {"uv": [5.875, 7.625, 6.25, 7.875], "texture": "#particle"},
				"down": {"uv": [10.125, 7.875, 9.75, 7.625], "texture": "#particle"}
			}
		},
		{
			"name": "AnyConv.com__scen",
			"from": [5.875, 0.5, 7.625],
			"to": [6.25, 15.625, 7.75],
			"faces": {
				"north": {"uv": [9.75, 0.375, 10.125, 15.5], "texture": "#particle"},
				"east": {"uv": [8.25, 0.375, 8.375, 15.5], "texture": "#particle"},
				"west": {"uv": [7.625, 0.375, 7.75, 15.5], "texture": "#particle"},
				"up": {"uv": [5.875, 7.625, 6.25, 7.75], "texture": "#particle"}
			}
		},
		{
			"name": "AnyConv.com__scen",
			"from": [5.875, 0.125, 7.75],
			"to": [6.25, 0.25, 8.25],
			"faces": {
				"north": {"uv": [9.75, 15.75, 10.125, 15.875], "texture": "#particle"},
				"east": {"uv": [7.75, 15.75, 8.25, 15.875], "texture": "#particle"},
				"south": {"uv": [5.875, 15.75, 6.25, 15.875], "texture": "#particle"},
				"west": {"uv": [7.75, 15.75, 8.25, 15.875], "texture": "#particle"},
				"up": {"uv": [5.875, 7.75, 6.25, 8.25], "texture": "#particle"},
				"down": {"uv": [10.125, 8.25, 9.75, 7.75], "texture": "#particle"}
			}
		},
		{
			"name": "AnyConv.com__scen",
			"from": [5.875, 0.25, 7.75],
			"to": [6.375, 0.375, 7.875],
			"faces": {
				"north": {"uv": [9.625, 15.625, 10.125, 15.75], "texture": "#particle"},
				"east": {"uv": [8.125, 15.625, 8.25, 15.75], "texture": "#particle"},
				"west": {"uv": [7.75, 15.625, 7.875, 15.75], "texture": "#particle"},
				"up": {"uv": [5.875, 7.75, 6.375, 7.875], "texture": "#particle"},
				"down": {"uv": [10.125, 7.875, 9.625, 7.75], "texture": "#particle"}
			}
		},
		{
			"name": "AnyConv.com__scen",
			"from": [5.875, 15.625, 7.75],
			"to": [6.375, 15.875, 7.875],
			"faces": {
				"north": {"uv": [9.625, 0.125, 10.125, 0.375], "texture": "#particle"},
				"east": {"uv": [8.125, 0.125, 8.25, 0.375], "texture": "#particle"},
				"south": {"uv": [5.875, 0.125, 6.375, 0.375], "texture": "#particle"},
				"west": {"uv": [7.75, 0.125, 7.875, 0.375], "texture": "#particle"},
				"up": {"uv": [5.875, 7.75, 6.375, 7.875], "texture": "#particle"}
			}
		},
		{
			"name": "AnyConv.com__scen",
			"from": [5.875, 0, 7.875],
			"to": [6.25, 0.125, 8.125],
			"faces": {
				"north": {"uv": [9.75, 15.875, 10.125, 16], "texture": "#particle"},
				"east": {"uv": [7.875, 15.875, 8.125, 16], "texture": "#particle"},
				"south": {"uv": [5.875, 15.875, 6.25, 16], "texture": "#particle"},
				"west": {"uv": [7.875, 15.875, 8.125, 16], "texture": "#particle"},
				"down": {"uv": [10.125, 8.125, 9.75, 7.875], "texture": "#particle", "cullface": "down"}
			}
		},
		{
			"name": "AnyConv.com__scen",
			"from": [5.875, 15.75, 7.875],
			"to": [6.375, 15.875, 8.25],
			"faces": {
				"east": {"uv": [7.75, 0.125, 8.125, 0.25], "texture": "#particle"},
				"south": {"uv": [5.875, 0.125, 6.375, 0.25], "texture": "#particle"},
				"west": {"uv": [7.875, 0.125, 8.25, 0.25], "texture": "#particle"},
				"up": {"uv": [5.875, 7.875, 6.375, 8.25], "texture": "#particle"},
				"down": {"uv": [10.125, 8.25, 9.625, 7.875], "texture": "#particle"}
			}
		},
		{
			"name": "AnyConv.com__scen",
			"from": [5.875, 15.875, 7.875],
			"to": [6.25, 16, 8.125],
			"faces": {
				"north": {"uv": [9.75, 0, 10.125, 0.125], "texture": "#particle"},
				"east": {"uv": [7.875, 0, 8.125, 0.125], "texture": "#particle"},
				"south": {"uv": [5.875, 0, 6.25, 0.125], "texture": "#particle"},
				"west": {"uv": [7.875, 0, 8.125, 0.125], "texture": "#particle"},
				"up": {"uv": [5.875, 7.875, 6.25, 8.125], "texture": "#particle", "cullface": "up"}
			}
		},
		{
			"name": "AnyConv.com__scen",
			"from": [5.875, 0.25, 8.125],
			"to": [6.375, 0.5, 8.25],
			"faces": {
				"east": {"uv": [7.75, 15.5, 7.875, 15.75], "texture": "#particle"},
				"south": {"uv": [5.875, 15.5, 6.375, 15.75], "texture": "#particle"},
				"west": {"uv": [8.125, 15.5, 8.25, 15.75], "texture": "#particle"},
				"down": {"uv": [10.125, 8.25, 9.625, 8.125], "texture": "#particle"}
			}
		},
		{
			"name": "AnyConv.com__scen",
			"from": [5.875, 15.625, 8.125],
			"to": [6.375, 15.75, 8.25],
			"faces": {
				"east": {"uv": [7.75, 0.25, 7.875, 0.375], "texture": "#particle"},
				"south": {"uv": [5.875, 0.25, 6.375, 0.375], "texture": "#particle"},
				"west": {"uv": [8.125, 0.25, 8.25, 0.375], "texture": "#particle"}
			}
		},
		{
			"name": "AnyConv.com__scen",
			"from": [5.875, 0.375, 8.25],
			"to": [6.25, 15.625, 8.375],
			"faces": {
				"north": {"uv": [9.75, 0.375, 10.125, 15.625], "texture": "#particle"},
				"east": {"uv": [7.625, 0.375, 7.75, 15.625], "texture": "#particle"},
				"south": {"uv": [5.875, 0.375, 6.25, 15.625], "texture": "#particle"},
				"west": {"uv": [8.25, 0.375, 8.375, 15.625], "texture": "#particle"},
				"up": {"uv": [5.875, 8.25, 6.25, 8.375], "texture": "#particle"},
				"down": {"uv": [10.125, 8.375, 9.75, 8.25], "texture": "#particle"}
			}
		},
		{
			"name": "AnyConv.com__scen",
			"from": [6, 0.25, 7.625],
			"to": [6.25, 0.375, 7.75],
			"faces": {
				"north": {"uv": [9.75, 15.625, 10, 15.75], "texture": "#particle"},
				"east": {"uv": [8.25, 15.625, 8.375, 15.75], "texture": "#particle"},
				"west": {"uv": [7.625, 15.625, 7.75, 15.75], "texture": "#particle"},
				"down": {"uv": [10, 7.75, 9.75, 7.625], "texture": "#particle"}
			}
		},
		{
			"name": "AnyConv.com__scen",
			"from": [6, 15.625, 7.625],
			"to": [6.25, 15.75, 7.75],
			"faces": {
				"north": {"uv": [9.75, 0.25, 10, 0.375], "texture": "#particle"},
				"east": {"uv": [8.25, 0.25, 8.375, 0.375], "texture": "#particle"},
				"west": {"uv": [7.625, 0.25, 7.75, 0.375], "texture": "#particle"},
				"up": {"uv": [6, 7.625, 6.25, 7.75], "texture": "#particle"}
			}
		},
		{
			"name": "AnyConv.com__scen",
			"from": [6, 15.875, 7.75],
			"to": [6.125, 16, 7.875],
			"faces": {
				"north": {"uv": [9.875, 0, 10, 0.125], "texture": "#particle"},
				"east": {"uv": [8.125, 0, 8.25, 0.125], "texture": "#particle"},
				"west": {"uv": [7.75, 0, 7.875, 0.125], "texture": "#particle"},
				"up": {"uv": [6, 7.75, 6.125, 7.875], "texture": "#particle", "cullface": "up"}
			}
		},
		{
			"name": "AnyConv.com__scen",
			"from": [6, 15.875, 8.125],
			"to": [6.125, 16, 8.25],
			"faces": {
				"east": {"uv": [7.75, 0, 7.875, 0.125], "texture": "#particle"},
				"south": {"uv": [6, 0, 6.125, 0.125], "texture": "#particle"},
				"west": {"uv": [8.125, 0, 8.25, 0.125], "texture": "#particle"},
				"up": {"uv": [6, 8.125, 6.125, 8.25], "texture": "#particle", "cullface": "up"}
			}
		},
		{
			"name": "AnyConv.com__scen",
			"from": [6, 0.25, 8.25],
			"to": [6.25, 0.375, 8.375],
			"faces": {
				"east": {"uv": [7.625, 15.625, 7.75, 15.75], "texture": "#particle"},
				"south": {"uv": [6, 15.625, 6.25, 15.75], "texture": "#particle"},
				"west": {"uv": [8.25, 15.625, 8.375, 15.75], "texture": "#particle"},
				"down": {"uv": [10, 8.375, 9.75, 8.25], "texture": "#particle"}
			}
		},
		{
			"name": "AnyConv.com__scen",
			"from": [6, 15.625, 8.25],
			"to": [6.25, 15.75, 8.375],
			"faces": {
				"east": {"uv": [7.625, 0.25, 7.75, 0.375], "texture": "#particle"},
				"south": {"uv": [6, 0.25, 6.25, 0.375], "texture": "#particle"},
				"west": {"uv": [8.25, 0.25, 8.375, 0.375], "texture": "#particle"},
				"up": {"uv": [6, 8.25, 6.25, 8.375], "texture": "#particle"}
			}
		},
		{
			"name": "AnyConv.com__scen",
			"from": [6.25, 3.625, 7.625],
			"to": [6.375, 5.375, 7.75],
			"faces": {
				"north": {"uv": [9.625, 10.625, 9.75, 12.375], "texture": "#particle"},
				"east": {"uv": [8.25, 10.625, 8.375, 12.375], "texture": "#particle"},
				"up": {"uv": [6.25, 7.625, 6.375, 7.75], "texture": "#particle"},
				"down": {"uv": [9.75, 7.75, 9.625, 7.625], "texture": "#particle"}
			}
		},
		{
			"name": "AnyConv.com__scen",
			"from": [6.25, 0.375, 7.75],
			"to": [6.375, 0.5, 7.875],
			"faces": {
				"north": {"uv": [9.625, 15.5, 9.75, 15.625], "texture": "#particle"},
				"east": {"uv": [8.125, 15.5, 8.25, 15.625], "texture": "#particle"}
			}
		},
		{
			"name": "AnyConv.com__scen",
			"from": [6.25, 0.125, 7.875],
			"to": [6.375, 0.25, 8.125],
			"faces": {
				"north": {"uv": [9.625, 15.75, 9.75, 15.875], "texture": "#particle"},
				"east": {"uv": [7.875, 15.75, 8.125, 15.875], "texture": "#particle"},
				"south": {"uv": [6.25, 15.75, 6.375, 15.875], "texture": "#particle"},
				"down": {"uv": [9.75, 8.125, 9.625, 7.875], "texture": "#particle"}
			}
		},
		{
			"name": "AnyConv.com__scen",
			"from": [6.25, 3.625, 8.25],
			"to": [6.375, 5.375, 8.375],
			"faces": {
				"east": {"uv": [7.625, 10.625, 7.75, 12.375], "texture": "#particle"},
				"south": {"uv": [6.25, 10.625, 6.375, 12.375], "texture": "#particle"},
				"up": {"uv": [6.25, 8.25, 6.375, 8.375], "texture": "#particle"},
				"down": {"uv": [9.75, 8.375, 9.625, 8.25], "texture": "#particle"}
			}
		},
		{
			"name": "AnyConv.com__scen",
			"from": [6.375, 4, 7.625],
			"to": [6.5, 4.875, 8.375],
			"faces": {
				"north": {"uv": [9.5, 11.125, 9.625, 12], "texture": "#particle"},
				"east": {"uv": [7.625, 11.125, 8.375, 12], "texture": "#particle"},
				"south": {"uv": [6.375, 11.125, 6.5, 12], "texture": "#particle"},
				"west": {"uv": [7.625, 11.125, 8.375, 12], "texture": "#particle"},
				"up": {"uv": [6.375, 7.625, 6.5, 8.375], "texture": "#particle"},
				"down": {"uv": [9.625, 8.375, 9.5, 7.625], "texture": "#particle"}
			}
		},
		{
			"name": "AnyConv.com__scen",
			"from": [6.375, 3.75, 7.75],
			"to": [6.5, 4, 8.25],
			"faces": {
				"north": {"uv": [9.5, 12, 9.625, 12.25], "texture": "#particle"},
				"east": {"uv": [7.75, 12, 8.25, 12.25], "texture": "#particle"},
				"south": {"uv": [6.375, 12, 6.5, 12.25], "texture": "#particle"},
				"down": {"uv": [9.625, 8.25, 9.5, 7.75], "texture": "#particle"}
			}
		},
		{
			"name": "AnyConv.com__scen",
			"from": [6.375, 4.875, 7.75],
			"to": [6.5, 5.25, 8.25],
			"faces": {
				"north": {"uv": [9.5, 10.75, 9.625, 11.125], "texture": "#particle"},
				"east": {"uv": [7.75, 10.75, 8.25, 11.125], "texture": "#particle"},
				"south": {"uv": [6.375, 10.75, 6.5, 11.125], "texture": "#particle"},
				"up": {"uv": [6.375, 7.75, 6.5, 8.25], "texture": "#particle"}
			}
		},
		{
			"name": "AnyConv.com__scen",
			"from": [6.375, 3.5, 7.875],
			"to": [6.5, 3.75, 8.125],
			"faces": {
				"north": {"uv": [9.5, 12.25, 9.625, 12.5], "texture": "#particle"},
				"east": {"uv": [7.875, 12.25, 8.125, 12.5], "texture": "#particle"},
				"south": {"uv": [6.375, 12.25, 6.5, 12.5], "texture": "#particle"},
				"down": {"uv": [9.625, 8.125, 9.5, 7.875], "texture": "#particle"}
			}
		},
		{
			"name": "AnyConv.com__scen",
			"from": [6.375, 5.25, 7.875],
			"to": [6.5, 5.75, 8.125],
			"faces": {
				"north": {"uv": [9.5, 10.25, 9.625, 10.75], "texture": "#particle"},
				"east": {"uv": [7.875, 10.25, 8.125, 10.75], "texture": "#particle"},
				"south": {"uv": [6.375, 10.25, 6.5, 10.75], "texture": "#particle"},
				"up": {"uv": [6.375, 7.875, 6.5, 8.125], "texture": "#particle"}
			}
		},
		{
			"name": "AnyConv.com__scen",
			"from": [6.5, 4.125, 7.625],
			"to": [6.625, 4.75, 8.375],
			"faces": {
				"north": {"uv": [9.375, 11.25, 9.5, 11.875], "texture": "#particle"},
				"east": {"uv": [7.625, 11.25, 8.375, 11.875], "texture": "#particle"},
				"south": {"uv": [6.5, 11.25, 6.625, 11.875], "texture": "#particle"},
				"up": {"uv": [6.5, 7.625, 6.625, 8.375], "texture": "#particle"},
				"down": {"uv": [9.5, 8.375, 9.375, 7.625], "texture": "#particle"}
			}
		},
		{
			"name": "AnyConv.com__scen",
			"from": [6.5, 4, 7.75],
			"to": [6.625, 4.125, 8.25],
			"faces": {
				"north": {"uv": [9.375, 11.875, 9.5, 12], "texture": "#particle"},
				"east": {"uv": [7.75, 11.875, 8.25, 12], "texture": "#particle"},
				"south": {"uv": [6.5, 11.875, 6.625, 12], "texture": "#particle"},
				"down": {"uv": [9.5, 8.25, 9.375, 7.75], "texture": "#particle"}
			}
		},
		{
			"name": "AnyConv.com__scen",
			"from": [6.5, 4.75, 7.75],
			"to": [6.625, 4.875, 8.25],
			"faces": {
				"north": {"uv": [9.375, 11.125, 9.5, 11.25], "texture": "#particle"},
				"east": {"uv": [7.75, 11.125, 8.25, 11.25], "texture": "#particle"},
				"south": {"uv": [6.5, 11.125, 6.625, 11.25], "texture": "#particle"},
				"up": {"uv": [6.5, 7.75, 6.625, 8.25], "texture": "#particle"}
			}
		},
		{
			"name": "AnyConv.com__scen",
			"from": [6.5, 4.875, 7.875],
			"to": [6.625, 5, 8.125],
			"faces": {
				"north": {"uv": [9.375, 11, 9.5, 11.125], "texture": "#particle"},
				"east": {"uv": [7.875, 11, 8.125, 11.125], "texture": "#particle"},
				"south": {"uv": [6.5, 11, 6.625, 11.125], "texture": "#particle"},
				"up": {"uv": [6.5, 7.875, 6.625, 8.125], "texture": "#particle"}
			}
		},
		{
			"name": "AnyConv.com__scen",
			"from": [6.625, 4.25, 7.625],
			"to": [6.75, 4.75, 8.375],
			"faces": {
				"north": {"uv": [9.25, 11.25, 9.375, 11.75], "texture": "#particle"},
				"east": {"uv": [7.625, 11.25, 8.375, 11.75], "texture": "#particle"},
				"south": {"uv": [6.625, 11.25, 6.75, 11.75], "texture": "#particle"},
				"up": {"uv": [6.625, 7.625, 6.75, 8.375], "texture": "#particle"},
				"down": {"uv": [9.375, 8.375, 9.25, 7.625], "texture": "#particle"}
			}
		},
		{
			"name": "AnyConv.com__scen",
			"from": [6.625, 4.125, 7.75],
			"to": [10.125, 4.25, 8.25],
			"faces": {
				"north": {"uv": [5.875, 11.75, 9.375, 11.875], "texture": "#particle"},
				"east": {"uv": [7.75, 11.75, 8.25, 11.875], "texture": "#particle"},
				"south": {"uv": [6.625, 11.75, 10.125, 11.875], "texture": "#particle"},
				"up": {"uv": [6.625, 7.75, 10.125, 8.25], "texture": "#particle"},
				"down": {"uv": [9.375, 8.25, 5.875, 7.75], "texture": "#particle"}
			}
		},
		{
			"name": "AnyConv.com__scen",
			"from": [6.625, 4, 7.875],
			"to": [6.75, 4.125, 8.125],
			"faces": {
				"north": {"uv": [9.25, 11.875, 9.375, 12], "texture": "#particle"},
				"east": {"uv": [7.875, 11.875, 8.125, 12], "texture": "#particle"},
				"south": {"uv": [6.625, 11.875, 6.75, 12], "texture": "#particle"},
				"down": {"uv": [9.375, 8.125, 9.25, 7.875], "texture": "#particle"}
			}
		},
		{
			"name": "AnyConv.com__scen",
			"from": [6.625, 4.75, 7.875],
			"to": [6.75, 4.875, 8.125],
			"faces": {
				"north": {"uv": [9.25, 11.125, 9.375, 11.25], "texture": "#particle"},
				"east": {"uv": [7.875, 11.125, 8.125, 11.25], "texture": "#particle"},
				"south": {"uv": [6.625, 11.125, 6.75, 11.25], "texture": "#particle"},
				"up": {"uv": [6.625, 7.875, 6.75, 8.125], "texture": "#particle"}
			}
		},
		{
			"name": "AnyConv.com__scen",
			"from": [6.75, 4.25, 7.625],
			"to": [10.125, 4.625, 8.375],
			"faces": {
				"north": {"uv": [5.875, 11.375, 9.25, 11.75], "texture": "#particle"},
				"east": {"uv": [7.625, 11.375, 8.375, 11.75], "texture": "#particle"},
				"south": {"uv": [6.75, 11.375, 10.125, 11.75], "texture": "#particle"},
				"up": {"uv": [6.75, 7.625, 10.125, 8.375], "texture": "#particle"},
				"down": {"uv": [9.25, 8.375, 5.875, 7.625], "texture": "#particle"}
			}
		},
		{
			"name": "AnyConv.com__scen",
			"from": [6.75, 4.625, 7.75],
			"to": [10.125, 4.75, 8.25],
			"faces": {
				"north": {"uv": [5.875, 11.25, 9.25, 11.375], "texture": "#particle"},
				"east": {"uv": [7.75, 11.25, 8.25, 11.375], "texture": "#particle"},
				"south": {"uv": [6.75, 11.25, 10.125, 11.375], "texture": "#particle"},
				"up": {"uv": [6.75, 7.75, 10.125, 8.25], "texture": "#particle"}
			}
		},
		{
			"name": "AnyConv.com__scen",
			"from": [7.125, 4.625, 7.625],
			"to": [9, 4.75, 7.75],
			"faces": {
				"north": {"uv": [7, 11.25, 8.875, 11.375], "texture": "#particle"},
				"east": {"uv": [8.25, 11.25, 8.375, 11.375], "texture": "#particle"},
				"west": {"uv": [7.625, 11.25, 7.75, 11.375], "texture": "#particle"},
				"up": {"uv": [7.125, 7.625, 9, 7.75], "texture": "#particle"}
			}
		},
		{
			"name": "AnyConv.com__scen",
			"from": [7.125, 4, 7.875],
			"to": [9, 4.125, 8.125],
			"faces": {
				"north": {"uv": [7, 11.875, 8.875, 12], "texture": "#particle"},
				"east": {"uv": [7.875, 11.875, 8.125, 12], "texture": "#particle"},
				"south": {"uv": [7.125, 11.875, 9, 12], "texture": "#particle"},
				"west": {"uv": [7.875, 11.875, 8.125, 12], "texture": "#particle"},
				"down": {"uv": [8.875, 8.125, 7, 7.875], "texture": "#particle"}
			}
		},
		{
			"name": "AnyConv.com__scen",
			"from": [7.125, 4.75, 7.875],
			"to": [9, 4.875, 8.125],
			"faces": {
				"north": {"uv": [7, 11.125, 8.875, 11.25], "texture": "#particle"},
				"east": {"uv": [7.875, 11.125, 8.125, 11.25], "texture": "#particle"},
				"south": {"uv": [7.125, 11.125, 9, 11.25], "texture": "#particle"},
				"west": {"uv": [7.875, 11.125, 8.125, 11.25], "texture": "#particle"},
				"up": {"uv": [7.125, 7.875, 9, 8.125], "texture": "#particle"}
			}
		},
		{
			"name": "AnyConv.com__scen",
			"from": [7.125, 4.625, 8.25],
			"to": [9, 4.75, 8.375],
			"faces": {
				"east": {"uv": [7.625, 11.25, 7.75, 11.375], "texture": "#particle"},
				"south": {"uv": [7.125, 11.25, 9, 11.375], "texture": "#particle"},
				"west": {"uv": [8.25, 11.25, 8.375, 11.375], "texture": "#particle"},
				"up": {"uv": [7.125, 8.25, 9, 8.375], "texture": "#particle"}
			}
		},
		{
			"name": "AnyConv.com__scen",
			"from": [7.25, 4.125, 7.625],
			"to": [8.875, 4.25, 7.75],
			"faces": {
				"north": {"uv": [7.125, 11.75, 8.75, 11.875], "texture": "#particle"},
				"east": {"uv": [8.25, 11.75, 8.375, 11.875], "texture": "#particle"},
				"west": {"uv": [7.625, 11.75, 7.75, 11.875], "texture": "#particle"},
				"down": {"uv": [8.75, 7.75, 7.125, 7.625], "texture": "#particle"}
			}
		},
		{
			"name": "AnyConv.com__scen",
			"from": [7.25, 4.125, 8.25],
			"to": [8.875, 4.25, 8.375],
			"faces": {
				"east": {"uv": [7.625, 11.75, 7.75, 11.875], "texture": "#particle"},
				"south": {"uv": [7.25, 11.75, 8.875, 11.875], "texture": "#particle"},
				"west": {"uv": [8.25, 11.75, 8.375, 11.875], "texture": "#particle"},
				"down": {"uv": [8.75, 8.375, 7.125, 8.25], "texture": "#particle"}
			}
		},
		{
			"name": "AnyConv.com__scen",
			"from": [7.375, 4.75, 7.75],
			"to": [8.875, 4.875, 7.875],
			"faces": {
				"north": {"uv": [7.125, 11.125, 8.625, 11.25], "texture": "#particle"},
				"east": {"uv": [8.125, 11.125, 8.25, 11.25], "texture": "#particle"},
				"west": {"uv": [7.75, 11.125, 7.875, 11.25], "texture": "#particle"},
				"up": {"uv": [7.375, 7.75, 8.875, 7.875], "texture": "#particle"}
			}
		},
		{
			"name": "AnyConv.com__scen",
			"from": [7.375, 4.75, 8.125],
			"to": [8.875, 4.875, 8.25],
			"faces": {
				"east": {"uv": [7.75, 11.125, 7.875, 11.25], "texture": "#particle"},
				"south": {"uv": [7.375, 11.125, 8.875, 11.25], "texture": "#particle"},
				"west": {"uv": [8.125, 11.125, 8.25, 11.25], "texture": "#particle"},
				"up": {"uv": [7.375, 8.125, 8.875, 8.25], "texture": "#particle"}
			}
		},
		{
			"name": "AnyConv.com__scen",
			"from": [7.5, 4, 7.75],
			"to": [8.75, 4.125, 7.875],
			"faces": {
				"north": {"uv": [7.25, 11.875, 8.5, 12], "texture": "#particle"},
				"east": {"uv": [8.125, 11.875, 8.25, 12], "texture": "#particle"},
				"west": {"uv": [7.75, 11.875, 7.875, 12], "texture": "#particle"},
				"down": {"uv": [8.5, 7.875, 7.25, 7.75], "texture": "#particle"}
			}
		},
		{
			"name": "AnyConv.com__scen",
			"from": [7.5, 4, 8.125],
			"to": [8.75, 4.125, 8.25],
			"faces": {
				"east": {"uv": [7.75, 11.875, 7.875, 12], "texture": "#particle"},
				"south": {"uv": [7.5, 11.875, 8.75, 12], "texture": "#particle"},
				"west": {"uv": [8.125, 11.875, 8.25, 12], "texture": "#particle"},
				"down": {"uv": [8.5, 8.25, 7.25, 8.125], "texture": "#particle"}
			}
		},
		{
			"name": "AnyConv.com__scen",
			"from": [8, 4.375, 7.5],
			"to": [8.375, 4.5, 7.625],
			"faces": {
				"north": {"uv": [7.625, 11.5, 8, 11.625], "texture": "#particle"},
				"east": {"uv": [8.375, 11.5, 8.5, 11.625], "texture": "#particle"},
				"west": {"uv": [7.5, 11.5, 7.625, 11.625], "texture": "#particle"},
				"up": {"uv": [8, 7.5, 8.375, 7.625], "texture": "#particle"},
				"down": {"uv": [8, 7.625, 7.625, 7.5], "texture": "#particle"}
			}
		},
		{
			"name": "AnyConv.com__scen",
			"from": [8, 4.375, 8.375],
			"to": [8.375, 4.5, 8.5],
			"faces": {
				"east": {"uv": [7.5, 11.5, 7.625, 11.625], "texture": "#particle"},
				"south": {"uv": [8, 11.5, 8.375, 11.625], "texture": "#particle"},
				"west": {"uv": [8.375, 11.5, 8.5, 11.625], "texture": "#particle"},
				"up": {"uv": [8, 8.375, 8.375, 8.5], "texture": "#particle"},
				"down": {"uv": [8, 8.5, 7.625, 8.375], "texture": "#particle"}
			}
		},
		{
			"name": "AnyConv.com__scen",
			"from": [9.5, 4.125, 7.625],
			"to": [10.125, 4.25, 7.75],
			"faces": {
				"north": {"uv": [5.875, 11.75, 6.5, 11.875], "texture": "#particle"},
				"east": {"uv": [8.25, 11.75, 8.375, 11.875], "texture": "#particle"},
				"west": {"uv": [7.625, 11.75, 7.75, 11.875], "texture": "#particle"},
				"down": {"uv": [6.5, 7.75, 5.875, 7.625], "texture": "#particle"}
			}
		},
		{
			"name": "AnyConv.com__scen",
			"from": [9.5, 4.625, 7.625],
			"to": [10.125, 4.75, 7.75],
			"faces": {
				"north": {"uv": [5.875, 11.25, 6.5, 11.375], "texture": "#particle"},
				"east": {"uv": [8.25, 11.25, 8.375, 11.375], "texture": "#particle"},
				"west": {"uv": [7.625, 11.25, 7.75, 11.375], "texture": "#particle"},
				"up": {"uv": [9.5, 7.625, 10.125, 7.75], "texture": "#particle"}
			}
		},
		{
			"name": "AnyConv.com__scen",
			"from": [9.5, 4, 7.75],
			"to": [10, 4.125, 8.25],
			"faces": {
				"north": {"uv": [6, 11.875, 6.5, 12], "texture": "#particle"},
				"east": {"uv": [7.75, 11.875, 8.25, 12], "texture": "#particle"},
				"south": {"uv": [9.5, 11.875, 10, 12], "texture": "#particle"},
				"west": {"uv": [7.75, 11.875, 8.25, 12], "texture": "#particle"},
				"down": {"uv": [6.5, 8.25, 6, 7.75], "texture": "#particle"}
			}
		},
		{
			"name": "AnyConv.com__scen",
			"from": [9.5, 4.75, 7.75],
			"to": [10.125, 4.875, 8.25],
			"faces": {
				"north": {"uv": [5.875, 11.125, 6.5, 11.25], "texture": "#particle"},
				"east": {"uv": [7.75, 11.125, 8.25, 11.25], "texture": "#particle"},
				"south": {"uv": [9.5, 11.125, 10.125, 11.25], "texture": "#particle"},
				"west": {"uv": [7.75, 11.125, 8.25, 11.25], "texture": "#particle"},
				"up": {"uv": [9.5, 7.75, 10.125, 8.25], "texture": "#particle"}
			}
		},
		{
			"name": "AnyConv.com__scen",
			"from": [9.5, 4.125, 8.25],
			"to": [10.125, 4.25, 8.375],
			"faces": {
				"east": {"uv": [7.625, 11.75, 7.75, 11.875], "texture": "#particle"},
				"south": {"uv": [9.5, 11.75, 10.125, 11.875], "texture": "#particle"},
				"west": {"uv": [8.25, 11.75, 8.375, 11.875], "texture": "#particle"},
				"down": {"uv": [6.5, 8.375, 5.875, 8.25], "texture": "#particle"}
			}
		},
		{
			"name": "AnyConv.com__scen",
			"from": [9.5, 4.625, 8.25],
			"to": [10.125, 4.75, 8.375],
			"faces": {
				"east": {"uv": [7.625, 11.25, 7.75, 11.375], "texture": "#particle"},
				"south": {"uv": [9.5, 11.25, 10.125, 11.375], "texture": "#particle"},
				"west": {"uv": [8.25, 11.25, 8.375, 11.375], "texture": "#particle"},
				"up": {"uv": [9.5, 8.25, 10.125, 8.375], "texture": "#particle"}
			}
		},
		{
			"name": "AnyConv.com__scen",
			"from": [9.625, 4.25, 7.375],
			"to": [9.75, 4.625, 7.625],
			"faces": {
				"north": {"uv": [6.25, 11.375, 6.375, 11.75], "texture": "#particle"},
				"east": {"uv": [8.375, 11.375, 8.625, 11.75], "texture": "#particle"},
				"west": {"uv": [7.375, 11.375, 7.625, 11.75], "texture": "#particle"},
				"up": {"uv": [9.625, 7.375, 9.75, 7.625], "texture": "#particle"},
				"down": {"uv": [6.375, 7.625, 6.25, 7.375], "texture": "#particle"}
			}
		},
		{
			"name": "AnyConv.com__scen",
			"from": [9.625, 4, 7.5],
			"to": [9.875, 4.125, 7.75],
			"faces": {
				"north": {"uv": [6.125, 11.875, 6.375, 12], "texture": "#particle"},
				"east": {"uv": [8.25, 11.875, 8.5, 12], "texture": "#particle"},
				"west": {"uv": [7.5, 11.875, 7.75, 12], "texture": "#particle"},
				"up": {"uv": [9.625, 7.5, 9.875, 7.75], "texture": "#particle"},
				"down": {"uv": [6.375, 7.75, 6.125, 7.5], "texture": "#particle"}
			}
		},
		{
			"name": "AnyConv.com__scen",
			"from": [9.625, 4.125, 7.5],
			"to": [10, 4.25, 7.625],
			"faces": {
				"north": {"uv": [6, 11.75, 6.375, 11.875], "texture": "#particle"},
				"east": {"uv": [8.375, 11.75, 8.5, 11.875], "texture": "#particle"},
				"west": {"uv": [7.5, 11.75, 7.625, 11.875], "texture": "#particle"},
				"up": {"uv": [9.625, 7.5, 10, 7.625], "texture": "#particle"},
				"down": {"uv": [6.375, 7.625, 6, 7.5], "texture": "#particle"}
			}
		},
		{
			"name": "AnyConv.com__scen",
			"from": [9.625, 4.625, 7.5],
			"to": [9.875, 4.875, 7.625],
			"faces": {
				"north": {"uv": [6.125, 11.125, 6.375, 11.375], "texture": "#particle"},
				"east": {"uv": [8.375, 11.125, 8.5, 11.375], "texture": "#particle"},
				"south": {"uv": [9.625, 11.125, 9.875, 11.375], "texture": "#particle"},
				"west": {"uv": [7.5, 11.125, 7.625, 11.375], "texture": "#particle"},
				"up": {"uv": [9.625, 7.5, 9.875, 7.625], "texture": "#particle"},
				"down": {"uv": [6.375, 7.625, 6.125, 7.5], "texture": "#particle"}
			}
		},
		{
			"name": "AnyConv.com__scen",
			"from": [9.625, 3.875, 7.625],
			"to": [9.875, 4, 8.375],
			"faces": {
				"north": {"uv": [6.125, 12, 6.375, 12.125], "texture": "#particle"},
				"east": {"uv": [7.625, 12, 8.375, 12.125], "texture": "#particle"},
				"south": {"uv": [9.625, 12, 9.875, 12.125], "texture": "#particle"},
				"west": {"uv": [7.625, 12, 8.375, 12.125], "texture": "#particle"},
				"up": {"uv": [9.625, 7.625, 9.875, 8.375], "texture": "#particle"},
				"down": {"uv": [6.375, 8.375, 6.125, 7.625], "texture": "#particle"}
			}
		},
		{
			"name": "AnyConv.com__scen",
			"from": [9.625, 4.75, 7.625],
			"to": [9.875, 5, 7.75],
			"faces": {
				"north": {"uv": [6.125, 11, 6.375, 11.25], "texture": "#particle"},
				"east": {"uv": [8.25, 11, 8.375, 11.25], "texture": "#particle"},
				"south": {"uv": [9.625, 11, 9.875, 11.25], "texture": "#particle"},
				"west": {"uv": [7.625, 11, 7.75, 11.25], "texture": "#particle"},
				"up": {"uv": [9.625, 7.625, 9.875, 7.75], "texture": "#particle"}
			}
		},
		{
			"name": "AnyConv.com__scen",
			"from": [9.625, 4.875, 7.75],
			"to": [9.875, 5, 8.375],
			"faces": {
				"east": {"uv": [7.625, 11, 8.25, 11.125], "texture": "#particle"},
				"south": {"uv": [9.625, 11, 9.875, 11.125], "texture": "#particle"},
				"west": {"uv": [7.75, 11, 8.375, 11.125], "texture": "#particle"},
				"up": {"uv": [9.625, 7.75, 9.875, 8.375], "texture": "#particle"},
				"down": {"uv": [6.375, 8.375, 6.125, 7.75], "texture": "#particle"}
			}
		},
		{
			"name": "AnyConv.com__scen",
			"from": [9.625, 4, 8.25],
			"to": [9.875, 4.125, 8.5],
			"faces": {
				"east": {"uv": [7.5, 11.875, 7.75, 12], "texture": "#particle"},
				"south": {"uv": [9.625, 11.875, 9.875, 12], "texture": "#particle"},
				"west": {"uv": [8.25, 11.875, 8.5, 12], "texture": "#particle"},
				"up": {"uv": [9.625, 8.25, 9.875, 8.5], "texture": "#particle"},
				"down": {"uv": [6.375, 8.5, 6.125, 8.25], "texture": "#particle"}
			}
		},
		{
			"name": "AnyConv.com__scen",
			"from": [9.625, 4.75, 8.25],
			"to": [9.875, 4.875, 8.5],
			"faces": {
				"east": {"uv": [7.5, 11.125, 7.75, 11.25], "texture": "#particle"},
				"south": {"uv": [9.625, 11.125, 9.875, 11.25], "texture": "#particle"},
				"west": {"uv": [8.25, 11.125, 8.5, 11.25], "texture": "#particle"},
				"up": {"uv": [9.625, 8.25, 9.875, 8.5], "texture": "#particle"},
				"down": {"uv": [6.375, 8.5, 6.125, 8.25], "texture": "#particle"}
			}
		},
		{
			"name": "AnyConv.com__scen",
			"from": [9.625, 4.125, 8.375],
			"to": [10, 4.75, 8.5],
			"faces": {
				"north": {"uv": [6, 11.25, 6.375, 11.875], "texture": "#particle"},
				"east": {"uv": [7.5, 11.25, 7.625, 11.875], "texture": "#particle"},
				"south": {"uv": [9.625, 11.25, 10, 11.875], "texture": "#particle"},
				"west": {"uv": [8.375, 11.25, 8.5, 11.875], "texture": "#particle"},
				"up": {"uv": [9.625, 8.375, 10, 8.5], "texture": "#particle"},
				"down": {"uv": [6.375, 8.5, 6, 8.375], "texture": "#particle"}
			}
		},
		{
			"name": "AnyConv.com__scen",
			"from": [9.625, 4.25, 8.5],
			"to": [9.75, 4.625, 8.625],
			"faces": {
				"east": {"uv": [7.375, 11.375, 7.5, 11.75], "texture": "#particle"},
				"south": {"uv": [9.625, 11.375, 9.75, 11.75], "texture": "#particle"},
				"west": {"uv": [8.5, 11.375, 8.625, 11.75], "texture": "#particle"},
				"up": {"uv": [9.625, 8.5, 9.75, 8.625], "texture": "#particle"},
				"down": {"uv": [6.375, 8.625, 6.25, 8.5], "texture": "#particle"}
			}
		},
		{
			"name": "AnyConv.com__scen",
			"from": [9.75, 4.375, 7.375],
			"to": [9.875, 4.5, 7.625],
			"faces": {
				"north": {"uv": [6.125, 11.5, 6.25, 11.625], "texture": "#particle"},
				"east": {"uv": [8.375, 11.5, 8.625, 11.625], "texture": "#particle"},
				"up": {"uv": [9.75, 7.375, 9.875, 7.625], "texture": "#particle"},
				"down": {"uv": [6.25, 7.625, 6.125, 7.375], "texture": "#particle"}
			}
		},
		{
			"name": "AnyConv.com__scen",
			"from": [9.75, 4.25, 7.5],
			"to": [10, 4.375, 7.625],
			"faces": {
				"north": {"uv": [6, 11.625, 6.25, 11.75], "texture": "#particle"},
				"east": {"uv": [8.375, 11.625, 8.5, 11.75], "texture": "#particle"},
				"up": {"uv": [9.75, 7.5, 10, 7.625], "texture": "#particle"}
			}
		},
		{
			"name": "AnyConv.com__scen",
			"from": [9.75, 4.5, 7.5],
			"to": [10, 4.625, 7.625],
			"faces": {
				"north": {"uv": [6, 11.375, 6.25, 11.5], "texture": "#particle"},
				"east": {"uv": [8.375, 11.375, 8.5, 11.5], "texture": "#particle"},
				"up": {"uv": [9.75, 7.5, 10, 7.625], "texture": "#particle"},
				"down": {"uv": [6.25, 7.625, 6, 7.5], "texture": "#particle"}
			}
		},
		{
			"name": "AnyConv.com__scen",
			"from": [9.75, 4.375, 8.5],
			"to": [9.875, 4.5, 8.625],
			"faces": {
				"east": {"uv": [7.375, 11.5, 7.5, 11.625], "texture": "#particle"},
				"south": {"uv": [9.75, 11.5, 9.875, 11.625], "texture": "#particle"},
				"up": {"uv": [9.75, 8.5, 9.875, 8.625], "texture": "#particle"},
				"down": {"uv": [6.25, 8.625, 6.125, 8.5], "texture": "#particle"}
			}
		},
		{
			"name": "AnyConv.com__scen",
			"from": [9.875, 4.375, 7.5],
			"to": [10, 4.5, 7.625],
			"faces": {
				"north": {"uv": [6, 11.5, 6.125, 11.625], "texture": "#particle"},
				"east": {"uv": [8.375, 11.5, 8.5, 11.625], "texture": "#particle"}
			}
		},
		{
			"name": "AnyConv.com__scen",
			"from": [9.875, 4.625, 7.5],
			"to": [10, 4.75, 7.625],
			"faces": {
				"north": {"uv": [6, 11.25, 6.125, 11.375], "texture": "#particle"},
				"east": {"uv": [8.375, 11.25, 8.5, 11.375], "texture": "#particle"},
				"up": {"uv": [9.875, 7.5, 10, 7.625], "texture": "#particle"}
			}
		},
		{
			"name": "AnyConv.com__scen",
			"from": [9.875, 4, 7.625],
			"to": [10, 4.125, 7.75],
			"faces": {
				"north": {"uv": [6, 11.875, 6.125, 12], "texture": "#particle"},
				"east": {"uv": [8.25, 11.875, 8.375, 12], "texture": "#particle"},
				"down": {"uv": [6.125, 7.75, 6, 7.625], "texture": "#particle"}
			}
		},
		{
			"name": "AnyConv.com__scen",
			"from": [9.875, 4.75, 7.625],
			"to": [10, 4.875, 7.75],
			"faces": {
				"north": {"uv": [6, 11.125, 6.125, 11.25], "texture": "#particle"},
				"east": {"uv": [8.25, 11.125, 8.375, 11.25], "texture": "#particle"},
				"up": {"uv": [9.875, 7.625, 10, 7.75], "texture": "#particle"}
			}
		},
		{
			"name": "AnyConv.com__scen",
			"from": [9.875, 3.875, 7.875],
			"to": [10, 4, 8.125],
			"faces": {
				"north": {"uv": [6, 12, 6.125, 12.125], "texture": "#particle"},
				"east": {"uv": [7.875, 12, 8.125, 12.125], "texture": "#particle"},
				"south": {"uv": [9.875, 12, 10, 12.125], "texture": "#particle"},
				"down": {"uv": [6.125, 8.125, 6, 7.875], "texture": "#particle"}
			}
		},
		{
			"name": "AnyConv.com__scen",
			"from": [9.875, 4.875, 7.875],
			"to": [10, 5, 8.125],
			"faces": {
				"north": {"uv": [6, 11, 6.125, 11.125], "texture": "#particle"},
				"east": {"uv": [7.875, 11, 8.125, 11.125], "texture": "#particle"},
				"south": {"uv": [9.875, 11, 10, 11.125], "texture": "#particle"},
				"up": {"uv": [9.875, 7.875, 10, 8.125], "texture": "#particle"}
			}
		},
		{
			"name": "AnyConv.com__scen",
			"from": [9.875, 4, 8.25],
			"to": [10, 4.125, 8.375],
			"faces": {
				"east": {"uv": [7.625, 11.875, 7.75, 12], "texture": "#particle"},
				"south": {"uv": [9.875, 11.875, 10, 12], "texture": "#particle"},
				"down": {"uv": [6.125, 8.375, 6, 8.25], "texture": "#particle"}
			}
		},
		{
			"name": "AnyConv.com__scen",
			"from": [9.875, 4.75, 8.25],
			"to": [10, 4.875, 8.375],
			"faces": {
				"east": {"uv": [7.625, 11.125, 7.75, 11.25], "texture": "#particle"},
				"south": {"uv": [9.875, 11.125, 10, 11.25], "texture": "#particle"},
				"up": {"uv": [9.875, 8.25, 10, 8.375], "texture": "#particle"}
			}
		},
		{
			"name": "AnyConv.com__scen",
			"from": [10, 4, 7.875],
			"to": [10.125, 4.125, 8.125],
			"faces": {
				"north": {"uv": [5.875, 11.875, 6, 12], "texture": "#particle"},
				"east": {"uv": [7.875, 11.875, 8.125, 12], "texture": "#particle"},
				"south": {"uv": [10, 11.875, 10.125, 12], "texture": "#particle"},
				"down": {"uv": [6, 8.125, 5.875, 7.875], "texture": "#particle"}
			}
		},
		{
			"name": "AnyConv.com__scen",
			"from": [10.125, 4.25, 7.75],
			"to": [10.25, 4.625, 8.25],
			"faces": {
				"north": {"uv": [5.75, 11.375, 5.875, 11.75], "texture": "#particle"},
				"east": {"uv": [7.75, 11.375, 8.25, 11.75], "texture": "#particle"},
				"south": {"uv": [10.125, 11.375, 10.25, 11.75], "texture": "#particle"},
				"up": {"uv": [10.125, 7.75, 10.25, 8.25], "texture": "#particle"},
				"down": {"uv": [5.875, 8.25, 5.75, 7.75], "texture": "#particle"}
			}
		}
	],
	"display": {
		"thirdperson_righthand": {
			"rotation": [0, 180, 0],
			"translation": [1.12, 2.65, 1.51],
			"scale": [1.5, 1.5, 1.5]
		},
		"thirdperson_lefthand": {
			"rotation": [92, 0, 0],
			"translation": [1.12, -2.1, 7.01],
			"scale": [1.5, 1.5, 1.5]
		},
		"ground": {
			"rotation": [-45, 0, 0],
			"translation": [1.5, 6, 0]
		},
		"gui": {
			"rotation": [0, 0, 45],
			"translation": [1.5, 1.25, 0],
			"scale": [1.11, 1.11, 1.11]
		},
		"fixed": {
			"rotation": [0, 0, 45],
			"translation": [2, 1.75, 0],
			"scale": [1.34, 1.34, 1.34]
		}
	}
}