{
	"credit": "Made with Blockbench",
	"texture_size": [32, 32],
	"textures": {
		"0": "simplehats:block/custom/nhmay",
		"particle": "simplehats:block/custom/nhmay"
	},
	"elements": [
		{
			"name": "hat_main",
			"from": [4.5, 0, 4.5],
			"to": [11.5, 3.5, 11],
			"faces": {
				"north": {"uv": [3, 10, 6.5, 11.75], "texture": "#0"},
				"east": {"uv": [11.5, 2, 14.75, 3.75], "texture": "#0"},
				"south": {"uv": [11.5, 0, 15, 1.75], "texture": "#0"},
				"west": {"uv": [0, 12, 3.25, 13.75], "texture": "#0"},
				"up": {"uv": [12, 8.25, 8.5, 5], "texture": "#0"},
				"down": {"uv": [12, 8.5, 8.5, 11.75], "texture": "#0"}
			}
		},
		{
			"name": "hat_back",
			"from": [4.75, 0, 11],
			"to": [11.25, 3, 11.5],
			"faces": {
				"north": {"uv": [3.5, 12, 6.75, 13.5], "texture": "#0"},
				"east": {"uv": [3, 7, 3.25, 8.5], "texture": "#0"},
				"south": {"uv": [12, 4, 15.25, 5.5], "texture": "#0"},
				"west": {"uv": [3.5, 7, 3.75, 8.5], "texture": "#0"},
				"up": {"uv": [15.25, 5.75, 12, 5.5], "texture": "#0"},
				"down": {"uv": [15.25, 6, 12, 6.25], "texture": "#0"}
			}
		},
		{
			"name": "hat_ribbon",
			"from": [2.75, 0, 11.5],
			"to": [13.25, 6.5, 11.5],
			"rotation": {"angle": 22.5, "axis": "x", "origin": [8, 0, 11.5]},
			"faces": {
				"north": {"uv": [0, 0, 5.25, 3.25], "texture": "#0"},
				"east": {"uv": [0, 0, 0, 3.25], "texture": "#0"},
				"south": {"uv": [0, 3.5, 5.25, 6.75], "texture": "#0"},
				"west": {"uv": [0, 0, 0, 3.25], "texture": "#0"},
				"up": {"uv": [5.25, 0, 0, 0], "texture": "#0"},
				"down": {"uv": [5.25, 0, 0, 0], "texture": "#0"}
			}
		}
	],
	"display": {
		"thirdperson_righthand": {
			"rotation": [38, 0, 0],
			"translation": [0, 5.75, 2.5],
			"scale": [0.75, 0.75, 0.75]
		},
		"thirdperson_lefthand": {
			"rotation": [38, 0, 0],
			"translation": [0, 5.75, 2.5],
			"scale": [0.75, 0.75, 0.75]
		},
		"firstperson_righthand": {
			"rotation": [-180, 64, -180],
			"translation": [0, 6.75, 0],
			"scale": [0.75, 0.75, 0.75]
		},
		"firstperson_lefthand": {
			"rotation": [-180, 64, -180],
			"translation": [0, 6.75, 0],
			"scale": [0.75, 0.75, 0.75]
		},
		"ground": {
			"rotation": [21.33, 0.46, 2.43],
			"translation": [0, 8, 0],
			"scale": [0.85, 0.85, 0.85]
		},
		"gui": {
			"rotation": [-155.25, 50.25, -180],
			"translation": [0, 5, 0],
			"scale": [0.75, 0.75, 0.75]
		},
		"head": {
			"rotation": [7.25, 0, 0],
			"translation": [0, 18.5, 2.25],
			"scale": [2.3, 2.3, 2.3]
		},
		"fixed": {
			"rotation": [-66, 0, 0],
			"translation": [0, 3.75, -16.5],
			"scale": [2, 2, 2]
		}
	}
}