{
	"credit": "Made with Blockbench",
	"texture_size": [32, 32],
	"textures": {
		"0": "simplehats:block/custom/redhat",
		"particle": "simplehats:block/custom/redhat"
	},
	"elements": [
		{
			"name": "hatfront",
			"from": [5, 0, 5],
			"to": [11, 3.5, 7],
			"faces": {
				"north": {"uv": [0, 0, 3, 1.75], "texture": "#0"},
				"east": {"uv": [3, 7, 4, 8.75], "texture": "#0"},
				"south": {"uv": [0, 2, 3, 3.75], "texture": "#0"},
				"west": {"uv": [7, 4, 8, 5.75], "texture": "#0"},
				"up": {"uv": [7, 6, 4, 5], "texture": "#0"},
				"down": {"uv": [9, 0, 6, 1], "texture": "#0"}
			}
		},
		{
			"name": "hatbrim",
			"from": [5, 0, 2.5],
			"to": [11, 0, 5],
			"rotation": {"angle": 0, "axis": "y", "origin": [0, -0.15, 0]},
			"faces": {
				"north": {"uv": [0, 0, 3, 0], "texture": "#0"},
				"east": {"uv": [0, 0, 1.25, 0], "texture": "#0"},
				"south": {"uv": [0, 0, 3, 0], "texture": "#0"},
				"west": {"uv": [0, 0, 1.25, 0], "texture": "#0"},
				"up": {"uv": [6, 1.25, 3, 0], "texture": "#0"},
				"down": {"uv": [6, 1.5, 3, 2.75], "texture": "#0"}
			}
		},
		{
			"name": "hatmid",
			"from": [7, 1.5, 7],
			"to": [9, 3.5, 11],
			"faces": {
				"north": {"uv": [2, 4, 3, 5], "texture": "#0"},
				"east": {"uv": [5, 6, 7, 7], "texture": "#0"},
				"south": {"uv": [1, 8, 2, 9], "texture": "#0"},
				"west": {"uv": [7, 1, 9, 2], "texture": "#0"},
				"up": {"uv": [3, 9, 2, 7], "texture": "#0"},
				"down": {"uv": [8, 2, 7, 4], "texture": "#0"}
			}
		},
		{
			"name": "hatsnap",
			"from": [6.5, 0, 11.1],
			"to": [9.5, 0.75, 11.1],
			"faces": {
				"north": {"uv": [7, 8, 8.5, 8.5], "texture": "#0"},
				"east": {"uv": [0, 0, 0, 0.5], "texture": "#0"},
				"south": {"uv": [7, 8.5, 8.5, 9], "texture": "#0"},
				"west": {"uv": [0, 0, 0, 0.5], "texture": "#0"},
				"up": {"uv": [1.5, 0, 0, 0], "texture": "#0"},
				"down": {"uv": [1.5, 0, 0, 0], "texture": "#0"}
			}
		},
		{
			"name": "hatleft",
			"from": [5, 0, 7],
			"to": [7, 3.5, 11],
			"faces": {
				"north": {"uv": [5, 7, 6, 8.75], "texture": "#0"},
				"east": {"uv": [3, 3, 5, 4.75], "texture": "#0"},
				"south": {"uv": [6, 7, 7, 8.75], "texture": "#0"},
				"west": {"uv": [0, 4, 2, 5.75], "texture": "#0"},
				"up": {"uv": [1, 8, 0, 6], "texture": "#0"},
				"down": {"uv": [2, 6, 1, 8], "texture": "#0"}
			}
		},
		{
			"name": "hatright",
			"from": [9, 0, 7],
			"to": [11, 3.5, 11],
			"faces": {
				"north": {"uv": [7, 6, 8, 7.75], "texture": "#0"},
				"east": {"uv": [2, 5, 4, 6.75], "texture": "#0"},
				"south": {"uv": [0, 8, 1, 9.75], "texture": "#0"},
				"west": {"uv": [5, 3, 7, 4.75], "texture": "#0"},
				"up": {"uv": [7, 3, 6, 1], "texture": "#0"},
				"down": {"uv": [5, 6, 4, 8], "texture": "#0"}
			}
		}
	],
	"display": {
		"thirdperson_righthand": {
			"rotation": [25.5, 0, 0],
			"translation": [0, 6.25, 1.75],
			"scale": [0.8, 0.8, 0.8]
		},
		"thirdperson_lefthand": {
			"rotation": [25.5, 0, 0],
			"translation": [0, 6.25, 1.75],
			"scale": [0.8, 0.8, 0.8]
		},
		"firstperson_righthand": {
			"rotation": [-160, 80, 160],
			"translation": [0, 8.25, 0]
		},
		"firstperson_lefthand": {
			"rotation": [-160, 80, 160],
			"translation": [0, 8.25, 0]
		},
		"ground": {
			"translation": [0, 8, 0],
			"scale": [0.85, 0.85, 0.85]
		},
		"gui": {
			"rotation": [-153.5, 44.5, -180],
			"translation": [0.5, 6.5, 0],
			"scale": [1.2, 1.2, 1.2]
		},
		"head": {
			"translation": [0, 20.25, 0],
			"scale": [2.41, 2.41, 2.41]
		},
		"fixed": {
			"rotation": [-90, 0, 0],
			"translation": [0, 0.75, -20.25],
			"scale": [2.5, 2.5, 2.5]
		}
	},
	"groups": [
		{
			"name": "hat",
			"origin": [0, 0, 0],
			"color": 0,
			"children": [0, 1, 2, 3, 4, 5]
		},
		{
			"name": "hair",
			"origin": [5, 0, 7.5],
			"color": 0,
			"children": []
		}
	]
}