{
	"credit": "Made with Blockbench",
	"texture_size": [64, 64],
	"textures": {
		"1": "block/torta"
	},
	"elements": [
		{
			"from": [0, 0, 0],
			"to": [16, 6, 16],
			"faces": {
				"north": {"uv": [7, 4, 11, 5.5], "texture": "#1"},
				"east": {"uv": [7, 5.5, 11, 7], "texture": "#1"},
				"south": {"uv": [7, 7, 11, 8.5], "texture": "#1"},
				"west": {"uv": [0, 8, 4, 9.5], "texture": "#1"},
				"up": {"uv": [4, 8, 0, 4], "texture": "#1"},
				"down": {"uv": [8, 0, 4, 4], "texture": "#1"}
			}
		},
		{
			"from": [2, 6, 2],
			"to": [14, 12, 14],
			"rotation": {"angle": 0, "axis": "y", "origin": [0, 6, 0]},
			"faces": {
				"north": {"uv": [8, 0, 11, 1.5], "texture": "#1"},
				"east": {"uv": [8, 1.5, 11, 3], "texture": "#1"},
				"south": {"uv": [7, 8.5, 10, 10], "texture": "#1"},
				"west": {"uv": [0, 9.5, 3, 11], "texture": "#1"},
				"up": {"uv": [7, 7, 4, 4], "texture": "#1"},
				"down": {"uv": [7, 7, 4, 10], "texture": "#1"}
			}
		},
		{
			"from": [4, 12, 4],
			"to": [12, 18, 12],
			"rotation": {"angle": 0, "axis": "y", "origin": [0, 12, 0]},
			"faces": {
				"north": {"uv": [7, 10, 9, 11.5], "texture": "#1"},
				"east": {"uv": [10, 8.5, 12, 10], "texture": "#1"},
				"south": {"uv": [9, 10, 11, 11.5], "texture": "#1"},
				"west": {"uv": [0, 11, 2, 12.5], "texture": "#1"},
				"up": {"uv": [5, 12, 3, 10], "texture": "#1"},
				"down": {"uv": [7, 10, 5, 12], "texture": "#1"}
			}
		},
		{
			"name": "Head",
			"from": [10, 24, 7.5],
			"to": [12, 26, 9.5],
			"rotation": {"angle": 0, "axis": "y", "origin": [14, 0, 11]},
			"faces": {
				"north": {"uv": [0.5, 0.5, 1, 1], "texture": "#1"},
				"east": {"uv": [0, 0.5, 0.5, 1], "texture": "#1"},
				"south": {"uv": [1.5, 0.5, 2, 1], "texture": "#1"},
				"west": {"uv": [1, 0.5, 1.5, 1], "texture": "#1"},
				"up": {"uv": [1, 0.5, 0.5, 0], "texture": "#1"},
				"down": {"uv": [1.5, 0, 1, 0.5], "texture": "#1"}
			}
		},
		{
			"name": "Body",
			"from": [10, 21, 8],
			"to": [12, 24, 9],
			"rotation": {"angle": 0, "axis": "y", "origin": [14, 9, 10]},
			"faces": {
				"north": {"uv": [0.25, 2.25, 0.75, 3], "texture": "#1"},
				"east": {"uv": [0, 2.25, 0.25, 3], "texture": "#1"},
				"south": {"uv": [1, 2.25, 1.5, 3], "texture": "#1"},
				"west": {"uv": [0.75, 2.25, 1, 3], "texture": "#1"},
				"up": {"uv": [0.75, 2.25, 0.25, 2], "texture": "#1"},
				"down": {"uv": [1.25, 2, 0.75, 2.25], "texture": "#1"}
			}
		},
		{
			"name": "Right Arm",
			"from": [12, 21, 8],
			"to": [13, 24, 9],
			"rotation": {"angle": 0, "axis": "y", "origin": [8, 9, 10]},
			"faces": {
				"north": {"uv": [2.25, 1.25, 2.5, 2], "texture": "#1"},
				"east": {"uv": [2, 1.25, 2.25, 2], "texture": "#1"},
				"south": {"uv": [2.75, 1.25, 3, 2], "texture": "#1"},
				"west": {"uv": [2.5, 1.25, 2.75, 2], "texture": "#1"},
				"up": {"uv": [2.5, 1.25, 2.25, 1], "texture": "#1"},
				"down": {"uv": [2.75, 1, 2.5, 1.25], "texture": "#1"}
			}
		},
		{
			"name": "Left Arm",
			"from": [9, 21, 8],
			"to": [10, 24, 9],
			"rotation": {"angle": -22.5, "axis": "z", "origin": [10, 24, 8]},
			"faces": {
				"north": {"uv": [1.75, 2.25, 2, 3], "texture": "#1"},
				"east": {"uv": [1.5, 2.25, 1.75, 3], "texture": "#1"},
				"south": {"uv": [2.25, 2.25, 2.5, 3], "texture": "#1"},
				"west": {"uv": [2, 2.25, 2.25, 3], "texture": "#1"},
				"up": {"uv": [2, 2.25, 1.75, 2], "texture": "#1"},
				"down": {"uv": [2.25, 2, 2, 2.25], "texture": "#1"}
			}
		},
		{
			"name": "Right Leg",
			"from": [10.9, 18, 8],
			"to": [11.9, 21, 9],
			"rotation": {"angle": 0, "axis": "y", "origin": [11, 18, 10]},
			"faces": {
				"north": {"uv": [2.75, 2.25, 3, 3], "texture": "#1"},
				"east": {"uv": [2.5, 2.25, 2.75, 3], "texture": "#1"},
				"south": {"uv": [3.25, 2.25, 3.5, 3], "texture": "#1"},
				"west": {"uv": [3, 2.25, 3.25, 3], "texture": "#1"},
				"up": {"uv": [3, 2.25, 2.75, 2], "texture": "#1"},
				"down": {"uv": [3.25, 2, 3, 2.25], "texture": "#1"}
			}
		},
		{
			"name": "Left Leg",
			"from": [10.1, 18, 8],
			"to": [11.1, 21, 9],
			"rotation": {"angle": 0, "axis": "y", "origin": [14, 18, 10]},
			"faces": {
				"north": {"uv": [0.25, 3.25, 0.5, 4], "texture": "#1"},
				"east": {"uv": [0, 3.25, 0.25, 4], "texture": "#1"},
				"south": {"uv": [0.75, 3.25, 1, 4], "texture": "#1"},
				"west": {"uv": [0.5, 3.25, 0.75, 4], "texture": "#1"},
				"up": {"uv": [0.5, 3.25, 0.25, 3], "texture": "#1"},
				"down": {"uv": [0.75, 3, 0.5, 3.25], "texture": "#1"}
			}
		},
		{
			"name": "Head",
			"from": [4, 24, 7.5],
			"to": [6, 26, 9.5],
			"rotation": {"angle": 0, "axis": "y", "origin": [8, 0, 11]},
			"faces": {
				"north": {"uv": [0.5, 1.5, 1, 2], "texture": "#1"},
				"east": {"uv": [0, 1.5, 0.5, 2], "texture": "#1"},
				"south": {"uv": [1.5, 1.5, 2, 2], "texture": "#1"},
				"west": {"uv": [1, 1.5, 1.5, 2], "texture": "#1"},
				"up": {"uv": [1, 1.5, 0.5, 1], "texture": "#1"},
				"down": {"uv": [1.5, 1, 1, 1.5], "texture": "#1"}
			}
		},
		{
			"name": "Body",
			"from": [4, 21, 8],
			"to": [6, 24, 9],
			"rotation": {"angle": 0, "axis": "y", "origin": [8, 9, 10]},
			"faces": {
				"north": {"uv": [2.25, 0.25, 2.75, 1], "texture": "#1"},
				"east": {"uv": [2, 0.25, 2.25, 1], "texture": "#1"},
				"south": {"uv": [3, 0.25, 3.5, 1], "texture": "#1"},
				"west": {"uv": [2.75, 0.25, 3, 1], "texture": "#1"},
				"up": {"uv": [2.75, 0.25, 2.25, 0], "texture": "#1"},
				"down": {"uv": [3.25, 0, 2.75, 0.25], "texture": "#1"}
			}
		},
		{
			"name": "Right Arm",
			"from": [6, 21, 8],
			"to": [7, 24, 9],
			"rotation": {"angle": 22.5, "axis": "z", "origin": [6, 24, 9]},
			"faces": {
				"north": {"uv": [3.25, 3.25, 3.5, 4], "texture": "#1"},
				"east": {"uv": [3, 3.25, 3.25, 4], "texture": "#1"},
				"south": {"uv": [3.75, 3.25, 4, 4], "texture": "#1"},
				"west": {"uv": [3.5, 3.25, 3.75, 4], "texture": "#1"},
				"up": {"uv": [3.5, 3.25, 3.25, 3], "texture": "#1"},
				"down": {"uv": [3.75, 3, 3.5, 3.25], "texture": "#1"}
			}
		},
		{
			"name": "Left Arm",
			"from": [3, 21, 8],
			"to": [4, 24, 9],
			"rotation": {"angle": 0, "axis": "y", "origin": [4, 24, 8]},
			"faces": {
				"north": {"uv": [2.25, 3.25, 2.5, 4], "texture": "#1"},
				"east": {"uv": [2, 3.25, 2.25, 4], "texture": "#1"},
				"south": {"uv": [2.75, 3.25, 3, 4], "texture": "#1"},
				"west": {"uv": [2.5, 3.25, 2.75, 4], "texture": "#1"},
				"up": {"uv": [2.5, 3.25, 2.25, 3], "texture": "#1"},
				"down": {"uv": [2.75, 3, 2.5, 3.25], "texture": "#1"}
			}
		},
		{
			"name": "Right Leg",
			"from": [4.9, 18, 8],
			"to": [5.9, 21, 9],
			"rotation": {"angle": 0, "axis": "y", "origin": [5, 18, 10]},
			"faces": {
				"north": {"uv": [3.25, 1.25, 3.5, 2], "texture": "#1"},
				"east": {"uv": [3, 1.25, 3.25, 2], "texture": "#1"},
				"south": {"uv": [3.75, 1.25, 4, 2], "texture": "#1"},
				"west": {"uv": [3.5, 1.25, 3.75, 2], "texture": "#1"},
				"up": {"uv": [3.5, 1.25, 3.25, 1], "texture": "#1"},
				"down": {"uv": [3.75, 1, 3.5, 1.25], "texture": "#1"}
			}
		},
		{
			"name": "Left Leg",
			"from": [4.1, 18, 8],
			"to": [5.1, 21, 9],
			"rotation": {"angle": 0, "axis": "y", "origin": [8, 18, 10]},
			"faces": {
				"north": {"uv": [1.25, 3.25, 1.5, 4], "texture": "#1"},
				"east": {"uv": [1, 3.25, 1.25, 4], "texture": "#1"},
				"south": {"uv": [1.75, 3.25, 2, 4], "texture": "#1"},
				"west": {"uv": [1.5, 3.25, 1.75, 4], "texture": "#1"},
				"up": {"uv": [1.5, 3.25, 1.25, 3], "texture": "#1"},
				"down": {"uv": [1.75, 3, 1.5, 3.25], "texture": "#1"}
			}
		},
		{
			"from": [4, 26, 8.5],
			"to": [6, 28, 8.5],
			"rotation": {"angle": 0, "axis": "y", "origin": [4, 26, 8]},
			"faces": {
				"north": {"uv": [3.5, 0, 4, 0.5], "texture": "#1"},
				"east": {"uv": [0, 0, 0, 0.5], "texture": "#1"},
				"south": {"uv": [3.5, 0.5, 4, 1], "texture": "#1"},
				"west": {"uv": [0, 0, 0, 0.5], "texture": "#1"},
				"up": {"uv": [0.5, 0, 0, 0], "texture": "#1"},
				"down": {"uv": [0.5, 0, 0, 0], "texture": "#1"}
			}
		}
	],
	"display": {
		"thirdperson_righthand": {
			"rotation": [75, 45, 0],
			"translation": [0, 7.25, 3.25],
			"scale": [0.75, 0.75, 0.75]
		},
		"thirdperson_lefthand": {
			"rotation": [75, 45, 0],
			"translation": [0, 7, 2.5],
			"scale": [0.75, 0.75, 0.75]
		},
		"firstperson_righthand": {
			"rotation": [0, 45, 0],
			"scale": [0.4, 0.4, 0.4]
		},
		"firstperson_lefthand": {
			"rotation": [0, 225, 0],
			"scale": [0.4, 0.4, 0.4]
		},
		"ground": {
			"translation": [0, 3, 0],
			"scale": [1.09, 1.09, 1.09]
		},
		"gui": {
			"rotation": [30, 225, 0],
			"translation": [0, -1.25, 0],
			"scale": [0.49, 0.49, 0.49]
		},
		"head": {
			"translation": [0, -2.75, 0],
			"scale": [1.87, 1.87, 1.87]
		},
		"fixed": {
			"rotation": [-90, 0, 0],
			"translation": [0, 0, -13.5],
			"scale": [1.94, 1.94, 1.94]
		}
	}
}