{
	"format_version": "1.8.0",
	"animations": {
		"animation.profector.ground_idle": {
			"loop": true,
			"animation_length": 3,
			"bones": {
				"head": {
					"position": {
						"0.0": {
							"post": [0, 0, 0],
							"lerp_mode": "catmullrom"
						},
						"1.5": {
							"post": [-1, -1, 0],
							"lerp_mode": "catmullrom"
						},
						"3.0": {
							"post": [0, 0, 0],
							"lerp_mode": "catmullrom"
						}
					}
				},
				"uppertorso": {
					"position": {
						"0.0": {
							"post": [0, 0, 0],
							"lerp_mode": "catmullrom"
						},
						"1.5": {
							"post": [-1.25, -1.75, 0],
							"lerp_mode": "catmullrom"
						},
						"3.0": {
							"post": [0, 0, 0],
							"lerp_mode": "catmullrom"
						}
					}
				},
				"lowertorso": {
					"rotation": {
						"0.0": {
							"post": [0, 0, 0],
							"lerp_mode": "catmullrom"
						},
						"1.5": {
							"post": [0, 0, -7.5],
							"lerp_mode": "catmullrom"
						},
						"3.0": {
							"post": [0, 0, 0],
							"lerp_mode": "catmullrom"
						}
					}
				}
			}
		},
		"animation.profector.ground_walk": {
			"loop": true,
			"animation_length": 1.7083,
			"bones": {
				"head": {
					"rotation": {
						"0.0": {
							"post": [-7.5, 0, 0],
							"lerp_mode": "catmullrom"
						},
						"0.875": {
							"post": [7.5, 0, 0],
							"lerp_mode": "catmullrom"
						},
						"1.7083": {
							"post": [-7.5, 0, 0],
							"lerp_mode": "catmullrom"
						}
					},
					"position": {
						"0.0": {
							"post": [-2, -1, -3],
							"lerp_mode": "catmullrom"
						},
						"0.875": {
							"post": [-2, -1, 4],
							"lerp_mode": "catmullrom"
						},
						"1.7083": {
							"post": [-2, -1, -3],
							"lerp_mode": "catmullrom"
						}
					}
				},
				"torso": {
					"rotation": {
						"0.0": {
							"post": [7.5, 0, -10],
							"lerp_mode": "catmullrom"
						},
						"0.875": {
							"post": [-7.5, 0, -10],
							"lerp_mode": "catmullrom"
						},
						"1.7083": {
							"post": [7.5, 0, -10],
							"lerp_mode": "catmullrom"
						}
					}
				},
				"uppertorso": {
					"position": {
						"0.0": {
							"post": [0, 0, 0],
							"lerp_mode": "catmullrom"
						},
						"0.4167": {
							"post": [0, 1, 0],
							"lerp_mode": "catmullrom"
						},
						"0.875": {
							"post": [0, 0, 0],
							"lerp_mode": "catmullrom"
						},
						"1.2917": {
							"post": [0, 1, 0],
							"lerp_mode": "catmullrom"
						},
						"1.7083": {
							"post": [0, 0, 0],
							"lerp_mode": "catmullrom"
						}
					}
				},
				"leftleg": {
					"rotation": {
						"0.0": {
							"post": [2.56942, 30.76073, 34.62984],
							"lerp_mode": "catmullrom"
						},
						"0.4167": {
							"post": [0.06293, 25.45279, 2.45947],
							"lerp_mode": "catmullrom"
						},
						"0.875": {
							"post": [1.87551, 17.63362, -41.92595],
							"lerp_mode": "catmullrom"
						},
						"1.2917": {
							"post": [1.03749, 28.48895, 19.72341],
							"lerp_mode": "catmullrom"
						},
						"1.7083": {
							"post": [2.56942, 30.76073, 34.62984],
							"lerp_mode": "catmullrom"
						}
					},
					"position": {
						"0.0": {
							"post": [0, 0, 0],
							"lerp_mode": "catmullrom"
						},
						"1.7083": {
							"post": [0, 0, 0],
							"lerp_mode": "catmullrom"
						}
					}
				},
				"leftleg2": {
					"rotation": {
						"0.0": {
							"post": [0, 0, 0],
							"lerp_mode": "catmullrom"
						},
						"0.4167": {
							"post": [0, 0, -12.5],
							"lerp_mode": "catmullrom"
						},
						"0.875": {
							"post": [0, 0, -27.5],
							"lerp_mode": "catmullrom"
						},
						"1.2917": {
							"post": [0, 0, -60],
							"lerp_mode": "catmullrom"
						},
						"1.7083": {
							"post": [0, 0, 0],
							"lerp_mode": "catmullrom"
						}
					}
				},
				"leftfoot": {
					"position": {
						"0.0": {
							"post": [0, 0, 0],
							"lerp_mode": "catmullrom"
						},
						"0.2083": {
							"post": [0, -2, 0],
							"lerp_mode": "catmullrom"
						},
						"0.75": {
							"post": [0, -2, 0],
							"lerp_mode": "catmullrom"
						},
						"1.0833": {
							"post": [0, 0, 0],
							"lerp_mode": "catmullrom"
						}
					}
				},
				"rightleg": {
					"rotation": {
						"0.0": {
							"post": [-5.4576, -14.47438, -54.70853],
							"lerp_mode": "catmullrom"
						},
						"0.4167": {
							"post": [-2.47576, -22.43865, -2.66071],
							"lerp_mode": "catmullrom"
						},
						"0.875": {
							"post": [-2.74348, -29.90738, 43.49098],
							"lerp_mode": "catmullrom"
						},
						"1.2917": {
							"post": [-2.61991, -21.74954, -7.61512],
							"lerp_mode": "catmullrom"
						},
						"1.7083": {
							"post": [-5.4576, -14.47438, -54.70853],
							"lerp_mode": "catmullrom"
						}
					}
				},
				"rightleg2": {
					"rotation": {
						"0.0": {
							"post": [0, 0, -35],
							"lerp_mode": "catmullrom"
						},
						"0.4167": {
							"post": [0, 0, -67.5],
							"lerp_mode": "catmullrom"
						},
						"0.875": {
							"post": [0, 0, -10],
							"lerp_mode": "catmullrom"
						},
						"1.2917": {
							"post": [0, 0, -10],
							"lerp_mode": "catmullrom"
						},
						"1.7083": {
							"post": [0, 0, -35],
							"lerp_mode": "catmullrom"
						}
					}
				},
				"rightfoot": {
					"position": {
						"0.0": {
							"post": [0, 0, 0],
							"lerp_mode": "catmullrom"
						},
						"0.9167": {
							"post": [0, 0, 0],
							"lerp_mode": "catmullrom"
						},
						"1.0417": {
							"post": [0, -2, 0],
							"lerp_mode": "catmullrom"
						},
						"1.4167": {
							"post": [0, -2, 0],
							"lerp_mode": "catmullrom"
						},
						"1.7083": {
							"post": [0, 0, 0],
							"lerp_mode": "catmullrom"
						}
					}
				},
				"leftarm": {
					"rotation": {
						"0.0": {
							"post": [-2.44081, -0.54094, -12.48848],
							"lerp_mode": "catmullrom"
						}
					},
					"position": {
						"0.0": {
							"post": [-3, -4, -1],
							"lerp_mode": "catmullrom"
						},
						"0.875": {
							"post": [-3, -4, 3],
							"lerp_mode": "catmullrom"
						},
						"1.7083": {
							"post": [-3, -4, -1],
							"lerp_mode": "catmullrom"
						}
					}
				},
				"leftbicep": {
					"rotation": {
						"0.0": {
							"post": [0, 0, -15],
							"lerp_mode": "catmullrom"
						}
					}
				},
				"leftarm2": {
					"rotation": {
						"0.0": {
							"post": [10, 0, -5],
							"lerp_mode": "catmullrom"
						},
						"0.875": {
							"post": [0, 0, -5],
							"lerp_mode": "catmullrom"
						},
						"1.7083": {
							"post": [10, 0, -5],
							"lerp_mode": "catmullrom"
						}
					},
					"position": {
						"0.0": {
							"post": [-1.25, 0, 0],
							"lerp_mode": "catmullrom"
						},
						"1.7083": {
							"post": [-1.25, 0, 0],
							"lerp_mode": "catmullrom"
						}
					}
				},
				"leftfist": {
					"rotation": {
						"0.0": {
							"post": [0, 0, -30],
							"lerp_mode": "catmullrom"
						}
					}
				},
				"rightarm": {
					"position": {
						"0.0": {
							"post": [0, 0, -3],
							"lerp_mode": "catmullrom"
						},
						"0.875": {
							"post": [0, 0, 0],
							"lerp_mode": "catmullrom"
						},
						"1.6667": {
							"post": [0, 0, -3],
							"lerp_mode": "catmullrom"
						}
					}
				},
				"rightbicep": {
					"rotation": {
						"0.0": {
							"post": [-2.8498, 10.36073, -31.16788],
							"lerp_mode": "catmullrom"
						}
					},
					"position": {
						"0.0": {
							"post": [-3, -3, 0],
							"lerp_mode": "catmullrom"
						}
					}
				},
				"rightarm2": {
					"rotation": {
						"0.0": {
							"post": [7.5, 0, 0],
							"lerp_mode": "catmullrom"
						},
						"0.875": {
							"post": [2.5, 0, 0],
							"lerp_mode": "catmullrom"
						},
						"1.7083": {
							"post": [7.5, 0, 0],
							"lerp_mode": "catmullrom"
						}
					}
				},
				"rightfist": {
					"rotation": {
						"0.0": {
							"post": [-0.01153, -2.4407, -19.45857],
							"lerp_mode": "catmullrom"
						}
					}
				}
			}
		},
		"animation.profector.battle_idle": {
			"loop": true,
			"animation_length": 4,
			"bones": {
				"head": {
					"position": {
						"0.0": [10, 6, 0],
						"2.0": [10, 5, 0],
						"4.0": [10, 6, 0]
					}
				},
				"torso": {
					"rotation": [0, 0, 27.5]
				},
				"uppertorso": {
					"position": {
						"0.0": [0, 0, 0],
						"2.0": [1, 0, 0],
						"4.0": [0, 0, 0]
					}
				},
				"vines": {
					"rotation": [0, 0, -27.5],
					"position": [12.25, 5, 0]
				},
				"leftleg": {
					"rotation": [-7.8042, -33.75573, 9.1827]
				},
				"rightleg": {
					"rotation": [12.54934, 41.07635, 9.27341]
				},
				"leftbicep": {
					"rotation": {
						"0.0": {
							"post": [-20, 0, -37.5],
							"lerp_mode": "catmullrom"
						},
						"4.0": [-20, 0, -37.5]
					},
					"position": {
						"0.0": {
							"post": [11, 2, 0],
							"lerp_mode": "catmullrom"
						},
						"2.0": {
							"post": [11, 0, -1],
							"lerp_mode": "catmullrom"
						},
						"4.0": [11, 2, 0]
					}
				},
				"leftarm2": {
					"rotation": [0, 0, 35]
				},
				"leftfist": {
					"rotation": [0, 0, 50]
				},
				"rightarm": {
					"rotation": [35, 0, 0],
					"position": [10, 3, 0]
				},
				"rightbicep": {
					"rotation": {
						"0.0": {
							"post": [-20, 0, -37.5],
							"lerp_mode": "catmullrom"
						},
						"4.0": [-20, 0, -37.5]
					},
					"position": {
						"0.0": {
							"post": [0, 2, 0],
							"lerp_mode": "catmullrom"
						},
						"2.0": {
							"post": [0, -1, 0],
							"lerp_mode": "catmullrom"
						},
						"2.9583": {
							"post": [0, 0.38, 0],
							"lerp_mode": "catmullrom"
						},
						"4.0": [0, 2, 0]
					}
				},
				"rightarm2": {
					"rotation": [0, 0, 35]
				},
				"rightfist": {
					"rotation": [0, 0, 50]
				}
			}
		},
		"animation.profector.faint": {
			"loop": "hold_on_last_frame",
			"animation_length": 3,
			"bones": {
				"head": {
					"rotation": {
						"0.0": [0, 0, 0],
						"0.75": [0, 0, -27.5]
					},
					"position": {
						"0.0": [0, 0, 0],
						"0.75": [0, -11, 0]
					}
				},
				"leftpupil": {
					"position": {
						"0.0": [0, 0, 0],
						"0.5417": [0, 0, 0],
						"0.75": [1, 0, 0]
					}
				},
				"leftpupil2": {
					"position": {
						"0.0": [0, 0, 0],
						"0.5417": [0, 0, 0],
						"0.75": [1, 0, 0]
					}
				},
				"uppertorso": {
					"position": {
						"0.0": [0, 0, 0],
						"0.75": [0, -8, 0]
					}
				},
				"lowertorso": {
					"position": {
						"0.0": [0, 0, 0],
						"0.75": [0, -7, 0]
					}
				},
				"legs": {
					"position": {
						"0.0": [0, 0, 0],
						"0.75": [0, -8, 0]
					}
				},
				"leftleg": {
					"rotation": {
						"0.0": [0, 0, 0],
						"0.75": [7.75617, 22.97629, 34.38316]
					}
				},
				"leftleg2": {
					"rotation": {
						"0.0": [0, 0, 0],
						"0.75": [0, 0, -47.5]
					}
				},
				"leftfoot": {
					"rotation": {
						"0.0": [0, 0, 0],
						"0.75": [0, 0, -77.5]
					},
					"position": {
						"0.0": [0, 0, 0],
						"0.75": [-3, -2.25, 0]
					}
				},
				"rightleg": {
					"rotation": {
						"0.0": [0, 0, 0],
						"0.75": [-2.26084, -18.72717, 36.37576]
					}
				},
				"rightthigh": {
					"rotation": {
						"0.0": [0, 0, 0],
						"0.75": [0, -2.5, 0]
					}
				},
				"rightleg2": {
					"rotation": {
						"0.0": [0, 0, 0],
						"0.75": [0, 0, -47.5]
					}
				},
				"rightfoot": {
					"rotation": {
						"0.0": [0, 0, 0],
						"0.75": [0, 0, -80]
					},
					"position": {
						"0.0": [0, 0, 0],
						"0.75": [0, -4, 0]
					}
				},
				"leftarm": {
					"position": {
						"0.0": [0, 0, 0],
						"0.75": [0, -9, 0]
					}
				},
				"leftbicep": {
					"rotation": {
						"0.0": [0, 0, 0],
						"0.75": [-45.31702, -4.03345, -2.97243]
					}
				},
				"leftarm2": {
					"rotation": {
						"0.0": [0, 0, 0],
						"0.75": [45, 0, 0]
					}
				},
				"rightbicep": {
					"rotation": {
						"0.0": [0, 0, 0],
						"0.75": [-29.84332, 11.83632, -4.02911]
					},
					"position": {
						"0.0": [0, 0, 0],
						"0.75": [0, -13, 2]
					}
				},
				"rightarm2": {
					"rotation": {
						"0.0": [0, 0, 0],
						"0.75": [-35, 0, 0]
					}
				},
				"rightfist": {
					"rotation": {
						"0.0": [0, 0, 0],
						"0.75": [-27.5, 0, 0]
					},
					"position": {
						"0.0": [0, 0, 0],
						"0.75": [0, 0, 1]
					}
				}
			}
		}
	}
}