{
  "parent": "simplehats:item/hatparent",
  "textures": {
		"0": "simplehats:item/hats/explorerhat"
	},"elements": [
    {
      "from": [0.7, 11.48, 0.7],
      "to": [15.3, 15.86, 15.3],
      "rotation": {"angle": 0, "axis": "y", "origin": [-3.68, 0, -3.68]},
      "faces": {
        "north": {"uv": [6, 0, 8.5, 0.75], "texture": "#0"},
        "east": {"uv": [6, 0.75, 8.5, 1.5], "texture": "#0"},
        "south": {"uv": [6, 1.5, 8.5, 2.25], "texture": "#0"},
        "west": {"uv": [6, 2.25, 8.5, 3], "texture": "#0"},
        "up": {"uv": [6, 2.5, 3.5, 0], "texture": "#0"},
        "down": {"uv": [6, 2.5, 3.5, 5], "texture": "#0"}
      }
    },
    {
      "from": [2.16, 15.86, 2.16],
      "to": [13.84, 17.32, 13.84],
      "rotation": {"angle": 0, "axis": "y", "origin": [-3.68, 0, -3.68]},
      "faces": {
        "north": {"uv": [6, 4, 8, 4.25], "texture": "#0"},
        "east": {"uv": [6, 4.25, 8, 4.5], "texture": "#0"},
        "south": {"uv": [6, 4.5, 8, 4.75], "texture": "#0"},
        "west": {"uv": [6, 4.75, 8, 5], "texture": "#0"},
        "up": {"uv": [5.5, 7, 3.5, 5], "texture": "#0"},
        "down": {"uv": [7.5, 5, 5.5, 7], "texture": "#0"}
      }
    },
    {
      "from": [-2.22, 10.02, -2.22],
      "to": [18.22, 11.48, 18.22],
      "rotation": {"angle": 0, "axis": "y", "origin": [-3.68, 0, -3.68]},
      "faces": {
        "north": {"uv": [6, 3, 9.5, 3.25], "texture": "#0"},
        "east": {"uv": [6, 3.25, 9.5, 3.5], "texture": "#0"},
        "south": {"uv": [6, 3.5, 9.5, 3.75], "texture": "#0"},
        "west": {"uv": [6, 3.75, 9.5, 4], "texture": "#0"},
        "up": {"uv": [3.5, 3.5, 0, 0], "texture": "#0"},
        "down": {"uv": [3.5, 3.5, 0, 7], "texture": "#0"}
      }
    }
  ],
  "display": {
    "thirdperson_righthand": {
      "translation": [0, -0.75, 0],
      "scale": [0.39, 0.39, 0.39]
    },
    "thirdperson_lefthand": {
      "translation": [0, -0.75, 0],
      "scale": [0.39, 0.39, 0.39]
    },
    "firstperson_righthand": {
      "rotation": [0, 135, 0],
      "scale": [0.48, 0.48, 0.48]
    },
    "firstperson_lefthand": {
      "rotation": [0, 135, 0],
      "scale": [0.48, 0.48, 0.48]
    },
    "ground": {
      "translation": [0, -5, 0],
      "scale": [0.67, 0.67, 0.67]
    },
    "gui": {
      "rotation": [35, -135, 0],
      "translation": [0, -1.75, 0],
      "scale": [0.48, 0.48, 0.48]
    },
    "fixed": {
      "translation": [0, -5.75, 0],
      "scale": [1, 1, 0.01]
    }
  },
  "overrides": [
  {"predicate": {"custom_model_data":100}, "model": "simplehats:block/orejitas"},
  {"predicate": {"custom_model_data":101}, "model": "simplehats:block/bonsly_hat"},
  {"predicate": {"custom_model_data":102}, "model": "simplehats:block/gengar_beanie"},
  {"predicate": {"custom_model_data":103}, "model": "simplehats:block/magikarp_hat"},
  {"predicate": {"custom_model_data":104}, "model": "simplehats:block/pikachu_hat"},
  {"predicate": {"custom_model_data":105}, "model": "simplehats:block/psyduck_hat"},
  {"predicate": {"custom_model_data":106}, "model": "simplehats:block/rata-negra"},
  {"predicate": {"custom_model_data":107}, "model": "simplehats:block/togepi_hat"},
  {"predicate": {"custom_model_data":108}, "model": "simplehats:block/dragonite_hat"},
  {"predicate": {"custom_model_data":109}, "model": "simplehats:block/furret_hat"},
  {"predicate": {"custom_model_data":110}, "model": "simplehats:block/mimikyu_hat"},
  {"predicate": {"custom_model_data":111}, "model": "simplehats:block/weezing_hat"},
  {"predicate": {"custom_model_data":112}, "model": "simplehats:block/pharaoh_headpiece"},
  {"predicate": {"custom_model_data":113}, "model": "simplehats:block/gorro_steelix"},
  {"predicate": {"custom_model_data":114}, "model": "simplehats:block/police_cap_siren"},
  {"predicate": {"custom_model_data":115}, "model": "simplehats:block/scavenger_crown"},
  {"predicate": {"custom_model_data":116}, "model": "simplehats:block/mascara_nuclear"},
  {"predicate": {"custom_model_data":117}, "model": "simplehats:block/chefs_hat"},
  {"predicate": {"custom_model_data":118}, "model": "simplehats:block/chefs_hat_rat"},
  {"predicate": {"custom_model_data":119}, "model": "simplehats:block/petit_orejitas"},
  {"predicate": {"custom_model_data":120}, "model": "simplehats:block/hard_hat_arquitecto"},
  {"predicate": {"custom_model_data":121}, "model": "simplehats:block/hard_hat_operario"},
  {"predicate": {"custom_model_data":122}, "model": "simplehats:block/fiesta_gorro"},
  {"predicate": {"custom_model_data":123}, "model": "simplehats:block/hard_hat_minero"},
  {"predicate": {"custom_model_data":2000}, "model": "simplehats:block/custom/redhat"},
  {"predicate": {"custom_model_data":2001}, "model": "simplehats:block/custom/leafhat"},
  {"predicate": {"custom_model_data":2002}, "model": "simplehats:block/custom/goldhat"},
  {"predicate": {"custom_model_data":2003}, "model": "simplehats:block/custom/brendanhat"},
  {"predicate": {"custom_model_data":2004}, "model": "simplehats:block/custom/lucashat"},
  {"predicate": {"custom_model_data":2005}, "model": "simplehats:block/custom/dawnhat"},
  {"predicate": {"custom_model_data":2006}, "model": "simplehats:block/custom/hilberthat"},
  {"predicate": {"custom_model_data":2007}, "model": "simplehats:block/custom/hildahat"},
  {"predicate": {"custom_model_data":2008}, "model": "simplehats:block/custom/natehat"},
  {"predicate": {"custom_model_data":2009}, "model": "simplehats:block/custom/rosahat"},
  {"predicate": {"custom_model_data":2010}, "model": "simplehats:block/custom/biancahat"},
  {"predicate": {"custom_model_data":2011}, "model": "simplehats:block/custom/calemhat"},
  {"predicate": {"custom_model_data":2012}, "model": "simplehats:block/custom/serenahat"},
  {"predicate": {"custom_model_data":2013}, "model": "simplehats:block/custom/eliohat"},
  {"predicate": {"custom_model_data":2014}, "model": "simplehats:block/custom/selenehat"},
  {"predicate": {"custom_model_data":2015}, "model": "simplehats:block/custom/victorhat"},
  {"predicate": {"custom_model_data":2016}, "model": "simplehats:block/custom/gloriahat"},
  {"predicate": {"custom_model_data":2017}, "model": "simplehats:block/custom/pennyhat"},
  {"predicate": {"custom_model_data":2018}, "model": "simplehats:block/custom/mayhat"},
  {"predicate": {"custom_model_data":2019}, "model": "simplehats:block/eevee/eevee_hat"},
  {"predicate": {"custom_model_data":2020}, "model": "simplehats:block/eevee/espeon_hat"},
  {"predicate": {"custom_model_data":2021}, "model": "simplehats:block/eevee/flareon_hat"},
  {"predicate": {"custom_model_data":2022}, "model": "simplehats:block/eevee/glaceon_hat"},
  {"predicate": {"custom_model_data":2023}, "model": "simplehats:block/eevee/jolteon_hat"},
  {"predicate": {"custom_model_data":2024}, "model": "simplehats:block/eevee/leafeon_hat"},
  {"predicate": {"custom_model_data":2025}, "model": "simplehats:block/eevee/sylveon_hat"},
  {"predicate": {"custom_model_data":2026}, "model": "simplehats:block/eevee/umbreon_hat"},
  {"predicate": {"custom_model_data":2027}, "model": "simplehats:block/eevee/vaporeon_hat"},
  {"predicate": {"custom_model_data":3000}, "model": "simplehats:block/lavachicken/chicken_hat"},
  {"predicate": {"custom_model_data":3001}, "model": "simplehats:block/lavachicken/arrow_hat"},
  {"predicate": {"custom_model_data":3002}, "model": "simplehats:block/lavachicken/bucket_hat"},
  {"predicate": {"custom_model_data":3003}, "model": "simplehats:block/lavachicken/piglin_head"},
  {"predicate": {"custom_model_data":3004}, "model": "simplehats:block/lavachicken/villager_head"}
 ]
}