{
	"credit": "Made with Blockbench",
	"textures": {
		"0": "block/petit_cafe",
		"particle": "block/petit_cafe"
	},
	"elements": [
		{
			"from": [-5.6, -2.2, -1.6],
			"to": [22.4, 15.8, -1.6],
			"rotation": {"angle": -22.5, "axis": "x", "origin": [5.8, 15.4, -1.6]},
			"faces": {
				"north": {"uv": [11.625, 13.1875, 16, 16], "texture": "#0"},
				"east": {"uv": [0, 5, 0, 7.0625], "texture": "#0"},
				"south": {"uv": [16, 13.1875, 11.625, 16], "texture": "#0"},
				"west": {"uv": [4.1875, 5, 4.1875, 7.0625], "texture": "#0"},
				"up": {"uv": [4.1875, 5, 0, 5], "texture": "#0"},
				"down": {"uv": [8.375, 5, 4.1875, 5], "texture": "#0"}
			}
		}
	],
	"gui_light": "front",
	"display": {
		"thirdperson_righthand": {
			"rotation": [75, 16, 0],
			"translation": [0, 2.5, 0],
			"scale": [0.5, 0.5, 0.5]
		},
		"thirdperson_lefthand": {
			"rotation": [75, 19, 0],
			"translation": [0, 2.5, 0],
			"scale": [0.5, 0.5, 0.5]
		},
		"firstperson_righthand": {
			"rotation": [0, 133, 0],
			"scale": [0.4, 0.4, 0.4]
		},
		"firstperson_lefthand": {
			"rotation": [0, 129, 0],
			"scale": [0.4, 0.4, 0.4]
		},
		"ground": {
			"translation": [0, 3, 0],
			"scale": [0.25, 0.25, 0.25]
		},
		"gui": {
			"rotation": [-7, 179, 0],
			"translation": [0, -0.25, 0],
			"scale": [0.4, 0.4, 0.4]
		},
		"head": {
			"translation": [0, -3.5, -7.75],
			"scale": [1.18, 1.18, 1.18]
		},
		"fixed": {
			"translation": [0, -9.25, -18.5],
			"scale": [3.15, 3.15, 3.15]
		}
	},
	"groups": [
		0,
		{
			"name": "Cabeza",
			"origin": [5.2, 21.2, 3],
			"color": 0,
			"children": []
		},
		{
			"name": "brazo",
			"origin": [17.82681, 17.68407, 1.38678],
			"color": 0,
			"children": []
		}
	]
}