{
	"format_version": "1.12.0",
	"minecraft:geometry": [
		{
			"description": {
				"identifier": "geometry.unknown",
				"texture_width": 64,
				"texture_height": 64,
				"visible_bounds_width": 2,
				"visible_bounds_height": 2.5,
				"visible_bounds_offset": [0, 0.75, 0]
			},
			"bones": [
				{
					"name": "whole",
					"pivot": [0, 0, 0]
				},
				{
					"name": "head",
					"parent": "whole",
					"pivot": [0, 9, 0],
					"cubes": [
						{"origin": [-4, 9, -3], "size": [8, 5, 6], "uv": [0, 23]}
					]
				},
				{
					"name": "topegg",
					"parent": "head",
					"pivot": [-0.97227, 0.39122, -0.34876],
					"cubes": [
						{"origin": [-9.52773, 9.89122, -0.34876], "size": [7, 4, 0], "pivot": [0.97227, 0.39122, -0.34876], "rotation": [0, 5.0019, -5.0019], "uv": [22, 23]},
						{"origin": [2.52773, 9.89122, -0.34876], "size": [7, 4, 0], "pivot": [-0.97227, 0.39122, -0.34876], "rotation": [0, -5.0019, 5.0019], "uv": [0, 34]}
					]
				},
				{
					"name": "eyes",
					"parent": "head",
					"pivot": [0, 9, 0]
				},
				{
					"name": "left",
					"parent": "eyes",
					"pivot": [0, 9, 0],
					"cubes": [
						{"origin": [-3, 10, -3.01], "size": [2, 2, 0], "uv": [16, 46]}
					]
				},
				{
					"name": "right",
					"parent": "eyes",
					"pivot": [0, 9, 0],
					"cubes": [
						{"origin": [1, 10, -3.01], "size": [2, 2, 0], "uv": [20, 46]}
					]
				},
				{
					"name": "body",
					"parent": "whole",
					"pivot": [0, 0, 0]
				},
				{
					"name": "eggy",
					"parent": "body",
					"pivot": [0, 0, 0],
					"cubes": [
						{"origin": [-5, 0, -4], "size": [10, 4, 8], "uv": [0, 0]},
						{"origin": [-5, 6, -4], "size": [10, 3, 8], "uv": [0, 12]},
						{"origin": [-4.5, 4, -3], "size": [9, 2, 6], "inflate": 0.25, "uv": [22, 28]}
					]
				},
				{
					"name": "wings",
					"parent": "body",
					"pivot": [5, 6, 0]
				},
				{
					"name": "leftwing",
					"parent": "wings",
					"pivot": [5, 6, 0],
					"rotation": [0, 0, 37.50009],
					"cubes": [
						{"origin": [4, 4, -2], "size": [4, 4, 4], "uv": [28, 12]},
						{"origin": [7, 5, -1], "size": [3, 2, 2], "uv": [22, 36]}
					]
				},
				{
					"name": "rightwing",
					"parent": "wings",
					"pivot": [-5, 6, 0],
					"rotation": [0, 0, -37.50009],
					"cubes": [
						{"origin": [-8, 4, -2], "size": [4, 4, 4], "uv": [28, 0]},
						{"origin": [-10, 5, -1], "size": [3, 2, 2], "uv": [14, 34]}
					]
				}
			]
		}
	]
}