{
	"credit": "Made with Blockbench",
	"textures": {
		"0": "simplehats:block/nuclear",
		"1": "simplehats:block/nuclear_smoke",
		"particle": "simplehats:block/nuclear"
	},
	"elements": [
		{
			"from": [3, -2, 3],
			"to": [13, 10, 13],
			"rotation": {"angle": 0, "axis": "y", "origin": [-1, 0, -1]},
			"faces": {
				"north": {"uv": [12.66667, 12, 16, 16], "texture": "#0", "tintindex": 0},
				"east": {"uv": [9.33333, 12, 12.66667, 16], "texture": "#0", "tintindex": 0},
				"south": {"uv": [0, 0, 3.33333, 4], "texture": "#0", "tintindex": 0},
				"west": {"uv": [12.66667, 12, 9.33333, 16], "texture": "#0", "tintindex": 0},
				"up": {"uv": [4.66667, 2.66667, 8, 6], "texture": "#0", "tintindex": 0},
				"down": {"uv": [12.66667, 8.66667, 16, 12], "texture": "#0", "tintindex": 0}
			}
		},
		{
			"from": [2.6, 0.1, 2.6],
			"to": [13.4, 8.4, 7.4],
			"rotation": {"angle": 0, "axis": "y", "origin": [-1, 0, -1]},
			"faces": {
				"north": {"uv": [3.33333, 0, 6.66667, 2.66667], "texture": "#0", "tintindex": 0},
				"east": {"uv": [6.66667, 0, 8, 2.66667], "texture": "#0", "tintindex": 0},
				"west": {"uv": [8, 0, 6.66667, 2.66667], "texture": "#0", "tintindex": 0}
			}
		},
		{
			"from": [2.2, 0.8, 1.8],
			"to": [13.8, 7.4, 5.4],
			"rotation": {"angle": 0, "axis": "y", "origin": [-0.1, 0, 0]},
			"faces": {
				"north": {"uv": [0, 4, 3.66667, 6], "texture": "#0"},
				"east": {"uv": [0, 6, 1, 8], "texture": "#0"},
				"west": {"uv": [1, 6, 0, 8], "texture": "#0"},
				"up": {"uv": [4.66667, 6, 8.33333, 7], "texture": "#0"},
				"down": {"uv": [4.66667, 7, 8.33333, 8], "texture": "#0"}
			}
		},
		{
			"from": [2.5, 1.1, 2.1],
			"to": [13.5, 7.1, 5.1],
			"rotation": {"angle": 0, "axis": "y", "origin": [-0.1, 0, 0]},
			"faces": {
				"north": {"uv": [1, 6, 4.66667, 8], "texture": "#0"},
				"east": {"uv": [0, 8, 1, 10], "texture": "#0"},
				"west": {"uv": [1, 8, 0, 10], "texture": "#0"}
			}
		},
		{
			"from": [5.2, -2.7, -0.2],
			"to": [10.8, 2.9, 2.4],
			"rotation": {"angle": -22.5, "axis": "x", "origin": [8.4, -2.5, 2.5]},
			"faces": {
				"north": {"uv": [1, 9.66667, 2.66667, 11.33333], "texture": "#0"},
				"east": {"uv": [2.66667, 8, 4.33333, 8.66667], "rotation": 90, "texture": "#0"},
				"west": {"uv": [2.66667, 8.66667, 4.33333, 8], "rotation": 90, "texture": "#0"},
				"up": {"uv": [2.66667, 8, 4.33333, 8.66667], "texture": "#0"},
				"down": {"uv": [2.66667, 8.66667, 4.33333, 8], "texture": "#0"}
			}
		},
		{
			"from": [5.5, -2.4, 0.1],
			"to": [10.5, 2.6, 6.1],
			"rotation": {"angle": -22.5, "axis": "x", "origin": [8.4, -2.5, 2.5]},
			"faces": {
				"north": {"uv": [1, 8, 2.66667, 9.66667], "texture": "#0"},
				"east": {"uv": [2.66667, 8, 4.33333, 10], "rotation": 90, "texture": "#0"},
				"west": {"uv": [2.66667, 10, 4.33333, 8], "rotation": 90, "texture": "#0"},
				"up": {"uv": [2.66667, 8, 4.33333, 10], "texture": "#0"},
				"down": {"uv": [2.66667, 10, 4.33333, 8], "texture": "#0"}
			}
		},
		{
			"from": [9.5, -2.3683, -3.94065],
			"to": [12.5, 0.6317, 1.05935],
			"rotation": {"angle": -45, "axis": "y", "origin": [8, 0.1317, 2.05935]},
			"faces": {
				"north": {"uv": [2.66667, 10, 3.66667, 11], "rotation": 90, "texture": "#0"},
				"east": {"uv": [3.66667, 11.66667, 4.66667, 10], "rotation": 90, "texture": "#0"},
				"west": {"uv": [3.66667, 10, 4.66667, 11.66667], "rotation": 90, "texture": "#0"},
				"up": {"uv": [3.66667, 11.66667, 4, 10], "texture": "#0"},
				"down": {"uv": [4.33333, 10, 4.66667, 11.66667], "texture": "#0"}
			}
		},
		{
			"from": [9.5, -2.3683, -3.94065],
			"to": [12.5, 0.6317, 1.05935],
			"rotation": {"angle": -45, "axis": "y", "origin": [8, 0.1317, 2.05935]},
			"faces": {
				"east": {"uv": [0, 11.66667, 1, 10], "rotation": 90, "texture": "#0"},
				"west": {"uv": [0, 10, 1, 11.66667], "rotation": 90, "texture": "#0"},
				"up": {"uv": [0, 11.66667, 0.33333, 10], "texture": "#0"},
				"down": {"uv": [0.66667, 10, 1, 11.66667], "texture": "#0"}
			}
		},
		{
			"from": [9.3, -2.5683, -4.14065],
			"to": [12.7, 0.8317, -0.74065],
			"rotation": {"angle": -45, "axis": "y", "origin": [8, 0.1317, 2.05935]},
			"faces": {
				"east": {"uv": [2.66667, 11, 3.66667, 12], "rotation": 90, "texture": "#0"},
				"west": {"uv": [2.66667, 12, 3.66667, 11], "rotation": 90, "texture": "#0"},
				"up": {"uv": [2.66667, 11, 3, 12], "texture": "#0"},
				"down": {"uv": [3.33333, 12, 3.66667, 11], "texture": "#0"}
			}
		},
		{
			"from": [12.7, 0.8317, -0.74065],
			"to": [9.3, -2.5683, -4.14065],
			"rotation": {"angle": -45, "axis": "y", "origin": [8, 0.1317, 2.05935]},
			"faces": {
				"east": {"uv": [3.66667, 12, 2.66667, 11], "rotation": 90, "texture": "#0"},
				"west": {"uv": [3.66667, 11, 2.66667, 12], "rotation": 90, "texture": "#0"},
				"up": {"uv": [3.66667, 12, 3.33333, 11], "texture": "#0"},
				"down": {"uv": [3, 11, 2.66667, 12], "texture": "#0"}
			}
		},
		{
			"from": [3.5, -2.3683, -3.94065],
			"to": [6.5, 0.6317, 1.05935],
			"rotation": {"angle": 45, "axis": "y", "origin": [8, 0.1317, 2.05935]},
			"faces": {
				"north": {"uv": [2.66667, 11, 3.66667, 10], "rotation": 90, "texture": "#0"},
				"east": {"uv": [3.66667, 11.66667, 4.66667, 10], "rotation": 90, "texture": "#0"},
				"west": {"uv": [3.66667, 10, 4.66667, 11.66667], "rotation": 90, "texture": "#0"},
				"up": {"uv": [4, 11.66667, 3.66667, 10], "texture": "#0"},
				"down": {"uv": [4.66667, 10, 4.33333, 11.66667], "texture": "#0"}
			}
		},
		{
			"from": [3.5, -2.3683, -3.94065],
			"to": [6.5, 0.6317, 1.05935],
			"rotation": {"angle": 45, "axis": "y", "origin": [8, 0.1317, 2.05935]},
			"faces": {
				"east": {"uv": [0, 11.66667, 1, 10], "rotation": 90, "texture": "#0"},
				"west": {"uv": [0, 10, 1, 11.66667], "rotation": 90, "texture": "#0"},
				"up": {"uv": [0.33333, 11.66667, 0, 10], "texture": "#0"},
				"down": {"uv": [1, 10, 0.66667, 11.66667], "texture": "#0"}
			}
		},
		{
			"from": [3.3, -2.5683, -4.14065],
			"to": [6.7, 0.8317, -0.74065],
			"rotation": {"angle": 45, "axis": "y", "origin": [8, 0.1317, 2.05935]},
			"faces": {
				"east": {"uv": [2.66667, 11, 3.66667, 12], "rotation": 90, "texture": "#0"},
				"west": {"uv": [2.66667, 12, 3.66667, 11], "rotation": 90, "texture": "#0"},
				"up": {"uv": [3, 11, 2.66667, 12], "texture": "#0"},
				"down": {"uv": [3.66667, 12, 3.33333, 11], "texture": "#0"}
			}
		},
		{
			"from": [6.7, 0.8317, -0.74065],
			"to": [3.3, -2.5683, -4.14065],
			"rotation": {"angle": 45, "axis": "y", "origin": [8, 0.1317, 2.05935]},
			"faces": {
				"east": {"uv": [3.66667, 12, 2.66667, 11], "rotation": 90, "texture": "#0"},
				"west": {"uv": [3.66667, 11, 2.66667, 12], "rotation": 90, "texture": "#0"},
				"up": {"uv": [3.33333, 12, 3.66667, 11], "texture": "#0"},
				"down": {"uv": [2.66667, 11, 3, 12], "texture": "#0"}
			}
		},
		{
			"from": [13.5, 10.5, 13.5],
			"to": [2.5, -2.5, 2.5],
			"rotation": {"angle": 0, "axis": "y", "origin": [-1, 0, -1]},
			"faces": {
				"north": {"uv": [0, 11.66667, 0.33333, 12], "texture": "#0"},
				"east": {"uv": [0, 11.66667, 0.33333, 12], "texture": "#0"},
				"south": {"uv": [0, 11.66667, 0.33333, 12], "texture": "#0"},
				"west": {"uv": [0, 11.66667, 0.33333, 12], "texture": "#0"},
				"up": {"uv": [0, 11.66667, 0.33333, 12], "texture": "#0"},
				"down": {"uv": [0, 11.66667, 0.33333, 12], "texture": "#0"}
			}
		},
		{
			"from": [11.3, 3.4, 2.9],
			"to": [4.7, -3.2, -0.7],
			"rotation": {"angle": -22.5, "axis": "x", "origin": [8.4, -2.5, 2.5]},
			"faces": {
				"east": {"uv": [0, 11.66667, 0.33333, 12], "texture": "#0"},
				"south": {"uv": [0, 11.66667, 0.33333, 12], "texture": "#0"},
				"west": {"uv": [0, 11.66667, 0.33333, 12], "texture": "#0"},
				"up": {"uv": [0, 11.66667, 0.33333, 12], "texture": "#0"},
				"down": {"uv": [0, 11.66667, 0.33333, 12], "texture": "#0"}
			}
		},
		{
			"from": [13, -3, 2.5],
			"to": [22, 13, 2.5],
			"rotation": {"angle": 22.5, "axis": "y", "origin": [8, 0.29925, -0.96823]},
			"faces": {
				"north": {"uv": [2, 0, 11, 16], "texture": "#1"},
				"east": {"uv": [3.625, 0.75, 3.5, 0.875], "texture": "#1"},
				"south": {"uv": [11, 0, 2, 16], "texture": "#1"},
				"west": {"uv": [3.625, 0.75, 3.5, 0.875], "texture": "#1"},
				"up": {"uv": [3.375, 1.375, 3.875, 1.5], "rotation": 270, "texture": "#1"},
				"down": {"uv": [3.375, 1.375, 3.875, 1.5], "rotation": 90, "texture": "#1"}
			}
		},
		{
			"from": [-6, -3, 2.5],
			"to": [3, 13, 2.5],
			"rotation": {"angle": -22.5, "axis": "y", "origin": [8, 0.29925, -0.96823]},
			"faces": {
				"north": {"uv": [11, 0, 2, 16], "texture": "#1"},
				"east": {"uv": [3.5, 0.75, 3.625, 0.875], "texture": "#1"},
				"south": {"uv": [2, 0, 11, 16], "texture": "#1"},
				"west": {"uv": [3.5, 0.75, 3.625, 0.875], "texture": "#1"},
				"up": {"uv": [3.375, 1.5, 3.875, 1.375], "rotation": 270, "texture": "#1"},
				"down": {"uv": [3.375, 1.5, 3.875, 1.375], "rotation": 90, "texture": "#1"}
			}
		}
	],
	"gui_light": "front",
	"display": {
		"thirdperson_righthand": {
			"rotation": [63, 34, 0],
			"translation": [0, 1, -1],
			"scale": [0.37891, 0.37891, 0.37891]
		},
		"thirdperson_lefthand": {
			"rotation": [63, 34, 0],
			"translation": [0, 1, -1],
			"scale": [0.37891, 0.37891, 0.37891]
		},
		"firstperson_righthand": {
			"rotation": [3, 112, -13],
			"translation": [9.5, 0, -5.75],
			"scale": [0.35547, 0.35547, 0.35547]
		},
		"firstperson_lefthand": {
			"rotation": [3, 112, -13],
			"translation": [9.5, 0, -5.75],
			"scale": [0.35547, 0.35547, 0.35547]
		},
		"ground": {
			"translation": [0, 6.75, 0],
			"scale": [0.46, 0.46, 0.46]
		},
		"gui": {
			"rotation": [-149.61, -31.92, -180],
			"translation": [-1, 3.75, 0],
			"scale": [0.7578, 0.7578, 0.7578]
		},
		"head": {
			"rotation": [3.75, 0, 0],
			"translation": [0, 8.25, 1],
			"scale": [1.61953, 1.61953, 1.61953]
		},
		"fixed": {
			"translation": [0, -3.25, -7.5]
		}
	}
}