{
	"format_version": "1.21.6",
	"credit": "by _danZL_",
	"textures": {
		"0": "simplehats:block/orejitas/bunny_ears_white",
		"particle": "simplehats:block/orejitas/bunny_ears_white"
	},
	"elements": [
		{
			"name": "Bunny Ear",
			"from": [4, 0, 7],
			"to": [7, 7, 9],
			"rotation": {"angle": 22.5, "axis": "z", "origin": [7, 0, 9]},
			"faces": {
				"north": {"uv": [2, 2, 5, 9], "texture": "#0"},
				"east": {"uv": [0, 2, 2, 9], "texture": "#0"},
				"south": {"uv": [7, 2, 10, 9], "texture": "#0"},
				"west": {"uv": [5, 2, 7, 9], "texture": "#0"},
				"up": {"uv": [5, 2, 2, 0], "texture": "#0"},
				"down": {"uv": [8, 0, 5, 2], "texture": "#0"}
			}
		},
		{
			"name": "Bunny Ear Layer",
			"from": [3.75, -0.25, 6.75],
			"to": [7.25, 7.25, 9.25],
			"rotation": {"angle": 22.5, "axis": "z", "origin": [7, 0, 9]},
			"faces": {
				"north": {"uv": [8, 9, 11, 16], "texture": "#0"},
				"east": {"uv": [6, 9, 8, 16], "texture": "#0"},
				"south": {"uv": [13, 9, 16, 16], "texture": "#0"},
				"west": {"uv": [11, 9, 13, 16], "texture": "#0"},
				"up": {"uv": [6, 11, 3, 9], "texture": "#0"},
				"down": {"uv": [3, 9, 0, 11], "texture": "#0"}
			}
		},
		{
			"name": "Bunny Ear",
			"from": [9, 0, 7],
			"to": [12, 7, 9],
			"rotation": {"angle": -22.5, "axis": "z", "origin": [9, 0, 9]},
			"faces": {
				"north": {"uv": [5, 2, 2, 9], "texture": "#0"},
				"east": {"uv": [7, 2, 5, 9], "texture": "#0"},
				"south": {"uv": [10, 2, 7, 9], "texture": "#0"},
				"west": {"uv": [2, 2, 0, 9], "texture": "#0"},
				"up": {"uv": [2, 2, 5, 0], "texture": "#0"},
				"down": {"uv": [5, 0, 8, 2], "texture": "#0"}
			}
		},
		{
			"name": "Bunny Ear Layer",
			"from": [8.75, -0.25, 6.75],
			"to": [12.25, 7.25, 9.25],
			"rotation": {"angle": -22.5, "axis": "z", "origin": [9, 0, 9]},
			"faces": {
				"north": {"uv": [11, 9, 8, 16], "texture": "#0"},
				"east": {"uv": [13, 9, 11, 16], "texture": "#0"},
				"south": {"uv": [16, 9, 13, 16], "texture": "#0"},
				"west": {"uv": [8, 9, 6, 16], "texture": "#0"},
				"up": {"uv": [3, 11, 6, 9], "texture": "#0"},
				"down": {"uv": [0, 9, 3, 11], "texture": "#0"}
			}
		}
	],
	"display": {
		"thirdperson_righthand": {
			"translation": [0, 3, 1],
			"scale": [0.55, 0.55, 0.55]
		},
		"thirdperson_lefthand": {
			"translation": [-6, 5.25, 0]
		},
		"firstperson_righthand": {
			"translation": [0, 7.75, 0]
		},
		"firstperson_lefthand": {
			"translation": [0, 7.75, 0]
		},
		"ground": {
			"rotation": [90, 0, 0],
			"translation": [0, -2, 2],
			"scale": [0.5, 0.5, 0.5]
		},
		"gui": {
			"rotation": [30, 145, 0],
			"translation": [0, 4.5, 0]
		},
		"head": {
			"translation": [0, 19.2, 0],
			"scale": [1.6, 1.6, 1.6]
		},
		"fixed": {
			"translation": [0, 11, 0],
			"scale": [2, 2, 2]
		}
	},
	"groups": [
		{
			"name": "Bunny_Ears",
			"origin": [9, 0, 9],
			"color": 0,
			"children": [
				{
					"name": "Left_Bunny_Ear",
					"origin": [7, 0, 9],
					"color": 0,
					"children": [0, 1]
				},
				{
					"name": "Right_Bunny_Ear",
					"origin": [9, 0, 9],
					"color": 0,
					"children": [2, 3]
				}
			]
		}
	]
}