{
	"credit": "DemoProjects",
	"texture_size": [64, 64],
	"textures": {
		"0": "simplehats:block/eevee/espeon_hat",
		"particle": "simplehats:block/eevee/espeon_hat"
	},
	"elements": [
		{
			"from": [5.9, -0.25, 2.5],
			"to": [10.9, 1.75, 3.5],
			"rotation": {"angle": 0, "axis": "y", "origin": [8, -27, 8]},
			"faces": {
				"north": {"uv": [7.5, 1.25, 8.75, 1.75], "texture": "#0"},
				"east": {"uv": [7.25, 1.25, 7.5, 1.75], "texture": "#0"},
				"south": {"uv": [9, 1.25, 10.25, 1.75], "texture": "#0"},
				"west": {"uv": [8.75, 1.25, 9, 1.75], "texture": "#0"},
				"up": {"uv": [8.75, 1.25, 7.5, 1], "texture": "#0"},
				"down": {"uv": [10, 1, 8.75, 1.25], "texture": "#0"}
			}
		},
		{
			"from": [-4.25, 1, 6.5],
			"to": [3.75, 5, 6.5],
			"rotation": {"angle": 22.5, "axis": "z", "origin": [4, 5, 8]},
			"faces": {
				"north": {"uv": [7.25, 2, 9.25, 3], "texture": "#0"},
				"east": {"uv": [7.25, 2, 7.25, 3], "texture": "#0"},
				"south": {"uv": [9.25, 2, 11.25, 3], "texture": "#0"},
				"west": {"uv": [9.25, 2, 9.25, 3], "texture": "#0"},
				"up": {"uv": [9.25, 2, 7.25, 2], "texture": "#0"},
				"down": {"uv": [11.25, 2, 9.25, 2], "texture": "#0"}
			}
		},
		{
			"from": [-7.5, 4, 6.5],
			"to": [6.5, 10, 6.5],
			"rotation": {"angle": 0, "axis": "y", "origin": [5, 6, 8]},
			"faces": {
				"north": {"uv": [5.25, 5.5, 8.75, 7], "texture": "#0"},
				"east": {"uv": [5.25, 5.5, 5.25, 7], "texture": "#0"},
				"south": {"uv": [8.75, 5.5, 12.25, 7], "texture": "#0"},
				"west": {"uv": [8.75, 5.5, 8.75, 7], "texture": "#0"},
				"up": {"uv": [8.75, 5.5, 5.25, 5.5], "texture": "#0"},
				"down": {"uv": [12.25, 5.5, 8.75, 5.5], "texture": "#0"}
			}
		},
		{
			"from": [9.5, 4, 6.5],
			"to": [23.5, 10, 6.5],
			"rotation": {"angle": 0, "axis": "y", "origin": [11, 6, 8]},
			"faces": {
				"north": {"uv": [8.75, 5.5, 5.25, 7], "texture": "#0"},
				"east": {"uv": [8.75, 5.5, 8.75, 7], "texture": "#0"},
				"south": {"uv": [12.25, 5.5, 8.75, 7], "texture": "#0"},
				"west": {"uv": [5.25, 5.5, 5.25, 7], "texture": "#0"},
				"up": {"uv": [5.25, 5.5, 8.75, 5.5], "texture": "#0"},
				"down": {"uv": [8.75, 5.5, 12.25, 5.5], "texture": "#0"}
			}
		},
		{
			"from": [12.25, 1, 6.5],
			"to": [20.25, 5, 6.5],
			"rotation": {"angle": -22.5, "axis": "z", "origin": [11, 5, 8]},
			"faces": {
				"north": {"uv": [9.25, 2, 7.25, 3], "texture": "#0"},
				"east": {"uv": [9.25, 2, 9.25, 3], "texture": "#0"},
				"south": {"uv": [11.25, 2, 9.25, 3], "texture": "#0"},
				"west": {"uv": [7.25, 2, 7.25, 3], "texture": "#0"},
				"up": {"uv": [7.25, 2, 9.25, 2], "texture": "#0"},
				"down": {"uv": [9.25, 2, 11.25, 2], "texture": "#0"}
			}
		},
		{
			"from": [3, 0, 3],
			"to": [13, 5, 13],
			"rotation": {"angle": 0, "axis": "y", "origin": [8, 5, 8]},
			"faces": {
				"north": {"uv": [4.25, 7.25, 7, 9], "texture": "#0"},
				"east": {"uv": [3.5, 3.25, 5.5, 5.5], "texture": "#0"},
				"south": {"uv": [3.5, 3.5, 5.5, 5.5], "texture": "#0"},
				"west": {"uv": [3.5, 2, 5.25, 4.25], "texture": "#0"},
				"up": {"uv": [5.5, 3.75, 3.5, 2], "texture": "#0"},
				"down": {"uv": [4.5, 3.75, 4.75, 4], "texture": "#0"}
			}
		}
	],
	"display": {
		"thirdperson_righthand": {
			"rotation": [91, 0, 0],
			"translation": [0, 0, 1.5],
			"scale": [0.65, 0.65, 0.65]
		},
		"thirdperson_lefthand": {
			"rotation": [91, 0, 0],
			"translation": [0, 0, 1.5],
			"scale": [0.65, 0.65, 0.65]
		},
		"firstperson_righthand": {
			"translation": [0, 2.25, 0],
			"scale": [0.65, 0.65, 0.65]
		},
		"firstperson_lefthand": {
			"translation": [0, 2.25, 0],
			"scale": [0.65, 0.65, 0.65]
		},
		"ground": {
			"translation": [0, 2.75, 0],
			"scale": [0.65, 0.65, 0.56]
		},
		"gui": {
			"rotation": [180, -63.5, 180],
			"translation": [-0.5, 2.75, 0]
		},
		"head": {
			"translation": [0, 14, 0],
			"scale": [1.6, 1.6, 1.6]
		}
	},
	"groups": [
		{
			"name": "espeon_hat",
			"origin": [0, 0, 0],
			"color": 0,
			"nbt": "{}",
			"children": [0, 1, 2, 3, 4, 5]
		}
	]
}