{
	"credit": "Made with Blockbench",
	"texture_size": [64, 64],
	"textures": {
		"3": "block/bonsly_hat"
	},
	"elements": [
		{
			"from": [3, 19.8, 4.1],
			"to": [13, 21.8, 14.1],
			"rotation": {"angle": 22.5, "axis": "x", "origin": [8, 22.7, 8]},
			"faces": {
				"north": {"uv": [4.75, 4, 7.25, 4.5], "texture": "#3"},
				"east": {"uv": [4.75, 5.75, 7.25, 6.25], "texture": "#3"},
				"south": {"uv": [6, 4.5, 8.5, 5], "texture": "#3"},
				"west": {"uv": [6, 5, 8.5, 5.5], "texture": "#3"},
				"up": {"uv": [2.5, 2.5, 0, 0], "texture": "#3"},
				"down": {"uv": [2.5, 2.5, 0, 5], "texture": "#3"}
			}
		},
		{
			"from": [3.4, 18.7641, 4.96202],
			"to": [12.6, 22.1641, 13.56202],
			"rotation": {"angle": 22.5, "axis": "x", "origin": [7.57305, 20.98247, 13.90268]},
			"faces": {
				"north": {"uv": [4.75, 2.5, 7, 3.25], "texture": "#3"},
				"east": {"uv": [4.75, 3.25, 7, 4], "texture": "#3"},
				"south": {"uv": [0, 5, 2.25, 5.75], "texture": "#3"},
				"west": {"uv": [0, 5.75, 2.25, 6.5], "texture": "#3"},
				"up": {"uv": [4.75, 2.25, 2.5, 0], "texture": "#3"},
				"down": {"uv": [4.75, 2.25, 2.5, 4.5], "texture": "#3"}
			}
		},
		{
			"from": [4.4, 22.0706, 9.14568],
			"to": [11.6, 26.6706, 14.44568],
			"rotation": {"angle": -22.5, "axis": "x", "origin": [7.57305, 20.98247, 13.90268]},
			"faces": {
				"north": {"uv": [2.5, 4.5, 4.25, 5.75], "texture": "#3"},
				"east": {"uv": [2.25, 5.75, 3.5, 7], "texture": "#3"},
				"south": {"uv": [4.25, 4.5, 6, 5.75], "texture": "#3"},
				"west": {"uv": [3.5, 5.75, 4.75, 7], "texture": "#3"},
				"up": {"uv": [6.5, 1.25, 4.75, 0], "texture": "#3"},
				"down": {"uv": [6.5, 1.25, 4.75, 2.5], "texture": "#3"}
			}
		},
		{
			"from": [6.4, 22.0758, 10.37224],
			"to": [9.6, 24.6758, 15.67224],
			"rotation": {"angle": 22.5, "axis": "x", "origin": [7.57305, 20.98247, 13.90268]},
			"faces": {
				"north": {"uv": [7, 3.25, 7.75, 4], "texture": "#3"},
				"east": {"uv": [6.75, 6.25, 8, 7], "texture": "#3"},
				"south": {"uv": [4, 7, 4.75, 7.75], "texture": "#3"},
				"west": {"uv": [2, 7, 3.25, 7.75], "texture": "#3"},
				"up": {"uv": [7.75, 3.25, 7, 2], "texture": "#3"},
				"down": {"uv": [4, 7, 3.25, 8.25], "texture": "#3"}
			}
		},
		{
			"from": [7.1, 18.88966, 15.63018],
			"to": [8.9, 22.38966, 17.43018],
			"rotation": {"angle": -22.5, "axis": "x", "origin": [7.57305, 20.98247, 13.90268]},
			"faces": {
				"north": {"uv": [6.25, 7.25, 6.75, 8.25], "texture": "#3"},
				"east": {"uv": [7.75, 2.25, 8.25, 3.25], "texture": "#3"},
				"south": {"uv": [7.75, 3.25, 8.25, 4.25], "texture": "#3"},
				"west": {"uv": [4, 7.75, 4.5, 8.75], "texture": "#3"},
				"up": {"uv": [7, 2.5, 6.5, 2], "texture": "#3"},
				"down": {"uv": [7.75, 4, 7.25, 4.5], "texture": "#3"}
			}
		},
		{
			"from": [6, 18.0758, 16.37224],
			"to": [10, 22.0758, 20.37224],
			"rotation": {"angle": 22.5, "axis": "x", "origin": [7.57305, 20.98247, 13.90268]},
			"faces": {
				"north": {"uv": [4.75, 6.25, 5.75, 7.25], "texture": "#3"},
				"east": {"uv": [5.75, 6.25, 6.75, 7.25], "texture": "#3"},
				"south": {"uv": [0, 6.5, 1, 7.5], "texture": "#3"},
				"west": {"uv": [6.5, 0, 7.5, 1], "texture": "#3"},
				"up": {"uv": [2, 7.5, 1, 6.5], "texture": "#3"},
				"down": {"uv": [7.5, 1, 6.5, 2], "texture": "#3"}
			}
		},
		{
			"from": [4.91339, 22.46901, 15.35948],
			"to": [7.91339, 25.46901, 18.35948],
			"rotation": {"angle": 45, "axis": "z", "origin": [7.57305, 20.98247, 13.90268]},
			"faces": {
				"north": {"uv": [6.75, 7, 7.5, 7.75], "texture": "#3"},
				"east": {"uv": [4.75, 7.25, 5.5, 8], "texture": "#3"},
				"south": {"uv": [5.5, 7.25, 6.25, 8], "texture": "#3"},
				"west": {"uv": [7.25, 5.5, 8, 6.25], "texture": "#3"},
				"up": {"uv": [0.75, 8.25, 0, 7.5], "texture": "#3"},
				"down": {"uv": [8.25, 0, 7.5, 0.75], "texture": "#3"}
			}
		},
		{
			"from": [7.66849, 22.03323, 16.88847],
			"to": [10.66849, 25.03323, 19.88847],
			"rotation": {"angle": -45, "axis": "z", "origin": [7.57305, 20.98247, 13.90268]},
			"faces": {
				"north": {"uv": [0.75, 7.5, 1.5, 8.25], "texture": "#3"},
				"east": {"uv": [7.5, 0.75, 8.25, 1.5], "texture": "#3"},
				"south": {"uv": [7.5, 7, 8.25, 7.75], "texture": "#3"},
				"west": {"uv": [1.5, 7.75, 2.25, 8.5], "texture": "#3"},
				"up": {"uv": [8.5, 2.25, 7.75, 1.5], "texture": "#3"},
				"down": {"uv": [3, 7.75, 2.25, 8.5], "texture": "#3"}
			}
		}
	],
	"display": {
		"thirdperson_righthand": {
			"rotation": [75, 45, 0],
			"translation": [0, 0.75, -4.25],
			"scale": [0.375, 0.375, 0.375]
		},
		"thirdperson_lefthand": {
			"rotation": [75, 45, 0],
			"translation": [0, 1, -4.5],
			"scale": [0.375, 0.375, 0.375]
		},
		"firstperson_righthand": {
			"rotation": [0, 45, 0],
			"translation": [0, -2.25, 0],
			"scale": [0.4, 0.4, 0.4]
		},
		"firstperson_lefthand": {
			"rotation": [0, 225, 0],
			"translation": [0, -3.5, 0],
			"scale": [0.4, 0.4, 0.4]
		},
		"ground": {
			"translation": [0, -10.5, 0]
		},
		"gui": {
			"rotation": [19.5, 141, 0],
			"translation": [-1.75, -14.5, 0]
		},
		"head": {
			"translation": [0, -16.25, -0.5],
			"scale": [1.6, 1.6, 1.6]
		},
		"fixed": {
			"rotation": [-66, 180, 0],
			"translation": [0, -1, 11.25]
		}
	},
	"groups": [
		{
			"name": "hat5",
			"origin": [8, 23, 8],
			"color": 0,
			"children": [0, 1, 2, 3, 4, 5, 6, 7]
		}
	]
}