{
	"credit": "Made with Blockbench",
	"textures": {
		"0": "block/orejitas",
		"particle": "block/orejitas"
	},
	"elements": [
		{
			"from": [5, 7, 5],
			"to": [6, 8, 6],
			"rotation": {"angle": 0, "axis": "x", "origin": [5, 0, 5]},
			"faces": {
				"north": {"uv": [10, 9, 11, 10], "texture": "#0"},
				"east": {"uv": [10, 10, 11, 11], "texture": "#0"},
				"south": {"uv": [11, 0, 12, 1], "texture": "#0"},
				"west": {"uv": [11, 1, 12, 2], "texture": "#0"},
				"up": {"uv": [12, 3, 11, 2], "texture": "#0"},
				"down": {"uv": [12, 3, 11, 4], "texture": "#0"}
			}
		},
		{
			"from": [5, 0, 4],
			"to": [6, 7, 7],
			"rotation": {"angle": 0, "axis": "x", "origin": [5, 0, 5]},
			"faces": {
				"north": {"uv": [6, 8, 7, 15], "texture": "#0"},
				"east": {"uv": [0, 0, 3, 7], "texture": "#0"},
				"south": {"uv": [7, 8, 8, 15], "texture": "#0"},
				"west": {"uv": [3, 0, 6, 7], "texture": "#0"},
				"up": {"uv": [4, 13, 3, 10], "texture": "#0"},
				"down": {"uv": [11, 3, 10, 6], "texture": "#0"}
			}
		},
		{
			"from": [5, 0, 9],
			"to": [6, 4, 12],
			"rotation": {"angle": 0, "axis": "y", "origin": [5, 0, 9]},
			"faces": {
				"north": {"uv": [8, 8, 9, 12], "texture": "#0"},
				"east": {"uv": [6, 0, 9, 4], "texture": "#0"},
				"south": {"uv": [9, 0, 10, 4], "texture": "#0"},
				"west": {"uv": [6, 4, 9, 8], "texture": "#0"},
				"up": {"uv": [2, 13, 1, 10], "texture": "#0"},
				"down": {"uv": [3, 10, 2, 13], "texture": "#0"}
			}
		},
		{
			"from": [5.4, 6, 10],
			"to": [6.4, 7, 11],
			"rotation": {"angle": 45, "axis": "z", "origin": [5, 3, 10]},
			"faces": {
				"north": {"uv": [4, 10, 5, 11], "texture": "#0"},
				"east": {"uv": [5, 10, 6, 11], "texture": "#0"},
				"south": {"uv": [10, 6, 11, 7], "texture": "#0"},
				"west": {"uv": [10, 7, 11, 8], "texture": "#0"},
				"up": {"uv": [11, 9, 10, 8], "texture": "#0"},
				"down": {"uv": [10, 10, 9, 11], "texture": "#0"}
			}
		},
		{
			"from": [5.4, 3, 9],
			"to": [6.4, 6, 12],
			"rotation": {"angle": 45, "axis": "z", "origin": [5, 3, 10]},
			"faces": {
				"north": {"uv": [9, 4, 10, 7], "texture": "#0"},
				"east": {"uv": [0, 7, 3, 10], "texture": "#0"},
				"south": {"uv": [9, 7, 10, 10], "texture": "#0"},
				"west": {"uv": [3, 7, 6, 10], "texture": "#0"},
				"up": {"uv": [1, 13, 0, 10], "texture": "#0"},
				"down": {"uv": [11, 0, 10, 3], "texture": "#0"}
			}
		}
	],
	"display": {
		"thirdperson_righthand": {
			"rotation": [-20, 0, 0],
			"translation": [2.5, 4.75, -0.75],
			"scale": [0.7, 0.7, 0.7]
		},
		"thirdperson_lefthand": {
			"rotation": [-20, 0, 0],
			"translation": [-2.5, 4.75, -0.75],
			"scale": [0.7, 0.7, 0.7]
		},
		"firstperson_righthand": {
			"rotation": [0, 77, 0],
			"translation": [-0.5, 5, 0],
			"scale": [0.57, 0.57, 0.57]
		},
		"firstperson_lefthand": {
			"rotation": [0, -106, 0],
			"translation": [0, 5, 0],
			"scale": [0.57, 0.57, 0.57]
		},
		"ground": {
			"rotation": [0, -89, -180],
			"translation": [0, -4, 0],
			"scale": [0.61, 0.61, 0.61]
		},
		"gui": {
			"rotation": [0, 56, 0],
			"translation": [1.75, 6, 0],
			"scale": [1.47, 1.47, 1.47]
		},
		"head": {
			"rotation": [0, -90, 0],
			"translation": [0, 18.25, 2.75],
			"scale": [1.5, 1.5, 1.5]
		},
		"fixed": {
			"rotation": [0, -81, 0],
			"translation": [0, 6.75, 3.75],
			"scale": [1.81, 1.81, 1.81]
		}
	},
	"groups": [
		{
			"name": "group",
			"origin": [5, 0, 4],
			"color": 0,
			"children": [0, 1]
		},
		{
			"name": "group",
			"origin": [5, 4, 9],
			"color": 0,
			"children": [2, 3, 4]
		}
	]
}