{
	"credit": "Made with Blockbench",
	"texture_size": [64, 64],
	"textures": {
		"0": "sables:item/holocron_sith",
		"particle": "sables:item/holocron_sith"
	},
	"elements": [
		{
			"name": "core",
			"from": [2, 3, 2],
			"to": [14, 3, 14],
			"rotation": {"angle": 0, "axis": "y", "origin": [8, -11, 8]},
			"faces": {
				"north": {"uv": [0, 0, 3, 3], "texture": "#0"},
				"east": {"uv": [0, 0, 3, 3], "texture": "#0"},
				"south": {"uv": [0, 0, 3, 3], "texture": "#0"},
				"west": {"uv": [0, 0, 3, 3], "texture": "#0"},
				"up": {"uv": [3, 3, 0, 0], "texture": "#0"},
				"down": {"uv": [3, 0, 0, 3], "texture": "#0"}
			}
		},
		{
			"name": "core",
			"from": [7, 14.75, 7],
			"to": [9, 14.75, 8],
			"rotation": {"angle": 0, "axis": "y", "origin": [8, -11, 8]},
			"faces": {
				"north": {"uv": [2.5, 11.5, 3, 11.5], "texture": "#0"},
				"east": {"uv": [2.5, 11.5, 2.75, 11.5], "texture": "#0"},
				"south": {"uv": [2.5, 11.5, 3, 11.5], "texture": "#0"},
				"west": {"uv": [2.5, 11.5, 2.75, 11.5], "texture": "#0"},
				"up": {"uv": [2.5, 11.75, 3, 11.5], "texture": "#0"},
				"down": {"uv": [2.5, 11.75, 3, 11.5], "texture": "#0"}
			}
		},
		{
			"name": "core",
			"from": [7, 14.75, 8],
			"to": [9, 14.75, 9],
			"rotation": {"angle": 0, "axis": "y", "origin": [8, -11, 8]},
			"faces": {
				"north": {"uv": [3, 11.5, 2.5, 11.5], "texture": "#0"},
				"east": {"uv": [2.75, 11.5, 2.5, 11.5], "texture": "#0"},
				"south": {"uv": [3, 11.5, 2.5, 11.5], "texture": "#0"},
				"west": {"uv": [2.75, 11.5, 2.5, 11.5], "texture": "#0"},
				"up": {"uv": [3, 11.75, 2.5, 11.5], "texture": "#0"},
				"down": {"uv": [3, 11.75, 2.5, 11.5], "texture": "#0"}
			}
		},
		{
			"name": "core",
			"from": [1, 3, 2],
			"to": [15, 17, 2],
			"rotation": {"angle": 22.5, "axis": "x", "origin": [8, 3, 2]},
			"faces": {
				"north": {"uv": [1, 11.5, 4.5, 15], "texture": "#0"},
				"east": {"uv": [1, 11.5, 4.5, 15], "texture": "#0"},
				"south": {"uv": [1, 11.5, 4.5, 15], "texture": "#0"},
				"west": {"uv": [1, 11.5, 4.5, 15], "texture": "#0"},
				"up": {"uv": [4.5, 15, 1, 11.5], "texture": "#0"},
				"down": {"uv": [4.5, 11.5, 1, 15], "texture": "#0"}
			}
		},
		{
			"name": "core",
			"from": [2, 3, 1],
			"to": [2, 17, 15],
			"rotation": {"angle": -22.5, "axis": "z", "origin": [2, 3, 8]},
			"faces": {
				"north": {"uv": [1, 11.5, 4.5, 15], "texture": "#0"},
				"east": {"uv": [1, 11.5, 4.5, 15], "texture": "#0"},
				"south": {"uv": [1, 11.5, 4.5, 15], "texture": "#0"},
				"west": {"uv": [1, 11.5, 4.5, 15], "texture": "#0"},
				"up": {"uv": [4.5, 15, 1, 11.5], "texture": "#0"},
				"down": {"uv": [4.5, 11.5, 1, 15], "texture": "#0"}
			}
		},
		{
			"name": "core",
			"from": [14, 3, 1],
			"to": [14, 17, 15],
			"rotation": {"angle": 22.5, "axis": "z", "origin": [14, 3, 8]},
			"faces": {
				"north": {"uv": [1, 11.5, 4.5, 15], "texture": "#0"},
				"east": {"uv": [1, 11.5, 4.5, 15], "texture": "#0"},
				"south": {"uv": [1, 11.5, 4.5, 15], "texture": "#0"},
				"west": {"uv": [1, 11.5, 4.5, 15], "texture": "#0"},
				"up": {"uv": [4.5, 15, 1, 11.5], "texture": "#0"},
				"down": {"uv": [4.5, 11.5, 1, 15], "texture": "#0"}
			}
		},
		{
			"name": "core",
			"from": [1, 3, 14],
			"to": [15, 17, 14],
			"rotation": {"angle": -22.5, "axis": "x", "origin": [8, 3, 14]},
			"faces": {
				"north": {"uv": [1, 11.5, 4.5, 15], "texture": "#0"},
				"east": {"uv": [1, 11.5, 4.5, 15], "texture": "#0"},
				"south": {"uv": [1, 11.5, 4.5, 15], "texture": "#0"},
				"west": {"uv": [1, 11.5, 4.5, 15], "texture": "#0"},
				"up": {"uv": [4.5, 15, 1, 11.5], "texture": "#0"},
				"down": {"uv": [4.5, 11.5, 1, 15], "texture": "#0"}
			}
		},
		{
			"name": "innerframe",
			"from": [-0.1, 1.9, 3.9],
			"to": [12.1, 14.1, 12.1],
			"rotation": {"angle": 22.5, "axis": "z", "origin": [8, 8, 8]},
			"faces": {
				"north": {"uv": [4.25, 4, 7.25, 7], "texture": "#0"},
				"east": {"uv": [0.5, 3.25, 2.55, 6.3], "texture": "#0"},
				"south": {"uv": [4.25, 4, 7.25, 7], "texture": "#0"},
				"west": {"uv": [4.25, 4, 7.25, 7], "texture": "#0"},
				"up": {"uv": [4.25, 4, 7.25, 7], "texture": "#0"},
				"down": {"uv": [4.25, 4, 7.25, 7], "texture": "#0"}
			}
		},
		{
			"name": "innerframe",
			"from": [3.9, 1.9, 3.9],
			"to": [16.1, 14.1, 12.1],
			"rotation": {"angle": -22.5, "axis": "z", "origin": [8, 8, 8]},
			"faces": {
				"north": {"uv": [4.75, 4.75, 7.75, 7.75], "texture": "#0"},
				"east": {"uv": [4.75, 4.75, 7.75, 7.75], "texture": "#0"},
				"south": {"uv": [4.75, 4.75, 7.75, 7.75], "texture": "#0"},
				"west": {"uv": [0.5, 3.25, 2.55, 6.3], "texture": "#0"},
				"up": {"uv": [4.75, 4.75, 7.75, 7.75], "texture": "#0"},
				"down": {"uv": [4.75, 4.75, 7.75, 7.75], "texture": "#0"}
			}
		},
		{
			"name": "innerframe",
			"from": [3.9, 1.9, -0.1],
			"to": [12.1, 14.1, 12.1],
			"rotation": {"angle": -22.5, "axis": "x", "origin": [8, 8, 8]},
			"faces": {
				"north": {"uv": [3.75, 4.25, 6.75, 7.25], "texture": "#0"},
				"east": {"uv": [3.75, 4.25, 6.75, 7.25], "texture": "#0"},
				"south": {"uv": [0.5, 3.25, 2.5, 6.25], "texture": "#0"},
				"west": {"uv": [5, 4.25, 7.05, 7.3], "texture": "#0"},
				"up": {"uv": [3.75, 4.25, 6.75, 7.25], "texture": "#0"},
				"down": {"uv": [3.75, 4.25, 6.75, 7.25], "texture": "#0"}
			}
		},
		{
			"name": "innerframe",
			"from": [3.9, 1.9, 3.9],
			"to": [12.1, 14.1, 16.1],
			"rotation": {"angle": 22.5, "axis": "x", "origin": [8, 8, 8]},
			"faces": {
				"north": {"uv": [0.5, 3.25, 2.5, 6.25], "texture": "#0"},
				"east": {"uv": [3.75, 4.5, 6.75, 7.5], "texture": "#0"},
				"south": {"uv": [3.75, 4.5, 6.75, 7.5], "texture": "#0"},
				"west": {"uv": [4.75, 4.5, 6.8, 7.55], "texture": "#0"},
				"up": {"uv": [3.75, 4.5, 6.75, 7.5], "texture": "#0"},
				"down": {"uv": [3.75, 4.5, 6.75, 7.5], "texture": "#0"}
			}
		}
	],
	"display": {
		"thirdperson_righthand": {
			"rotation": [75, 45, 0],
			"translation": [0, 2.5, 0],
			"scale": [0.375, 0.375, 0.375]
		},
		"thirdperson_lefthand": {
			"rotation": [75, 45, 0],
			"translation": [0, 2.5, 0],
			"scale": [0.375, 0.375, 0.375]
		},
		"firstperson_righthand": {
			"rotation": [0, 45, 0],
			"scale": [0.4, 0.4, 0.4]
		},
		"firstperson_lefthand": {
			"rotation": [0, 225, 0],
			"scale": [0.4, 0.4, 0.4]
		},
		"ground": {
			"translation": [0, 3, 0],
			"scale": [0.4, 0.4, 0.4]
		},
		"gui": {
			"rotation": [30, 225, 0],
			"scale": [0.625, 0.625, 0.625]
		},
		"head": {
			"translation": [0, 9.75, 0],
			"scale": [0.4, 0.4, 0.4]
		},
		"fixed": {
			"rotation": [-90, 0, 0],
			"translation": [0, 0, -5.75],
			"scale": [0.91, 0.91, 0.91]
		}
	},
	"groups": [
		{
			"name": "jedi_holocron",
			"origin": [8, 8, 8],
			"color": 0,
			"children": [
				0,
				{
					"name": "group",
					"origin": [8, -11, 8],
					"color": 0,
					"children": [1, 2]
				},
				{
					"name": "group",
					"origin": [8, 2, 2],
					"color": 0,
					"children": [3, 4, 5, 6]
				}
			]
		},
		7,
		8,
		9,
		10
	]
}