{
	"credit": "Made with Blockbench",
	"texture_size": [32, 32],
	"textures": {
		"1": "sables:item/sable_naranja",
		"3": "sables:item/sable_naranja_rayos",
		"particle": "sables:item/sable_naranja"
	},
	"elements": [
		{
			"from": [7.5, 11.25, 7.5],
			"to": [8.5, 11.75, 8.5],
			"rotation": {"angle": 0, "axis": "y", "origin": [7.96231, 8, 7.9779]},
			"faces": {
				"north": {"uv": [8.66667, 6.66667, 10, 7.33333], "texture": "#1"},
				"east": {"uv": [7.33333, 6.66667, 8.66667, 7.33333], "texture": "#1"},
				"south": {"uv": [11.33333, 6.66667, 12.66667, 7.33333], "texture": "#1"},
				"west": {"uv": [10, 6.66667, 11.33333, 7.33333], "texture": "#1"},
				"up": {"uv": [10, 6.66667, 8.66667, 5.33333], "texture": "#1"},
				"down": {"uv": [11.33333, 5.33333, 10, 6.66667], "texture": "#1"}
			}
		},
		{
			"from": [7.5, 8, 7.5],
			"to": [8.5, 8.25, 8.5],
			"rotation": {"angle": 0, "axis": "y", "origin": [7.96231, 8, 7.9779]},
			"faces": {
				"north": {"uv": [8.66667, 9, 10, 9.33333], "texture": "#1"},
				"east": {"uv": [7.33333, 9, 8.66667, 9.33333], "texture": "#1"},
				"south": {"uv": [11.33333, 9, 12.66667, 9.33333], "texture": "#1"},
				"west": {"uv": [10, 9, 11.33333, 9.33333], "texture": "#1"},
				"up": {"uv": [10, 9, 8.66667, 7.66667], "texture": "#1"},
				"down": {"uv": [11.33333, 7.66667, 10, 9], "texture": "#1"}
			}
		},
		{
			"from": [7.625, 8.25, 7.625],
			"to": [8.375, 11.25, 8.375],
			"rotation": {"angle": 0, "axis": "y", "origin": [7.96231, 8, 7.9779]},
			"faces": {
				"north": {"uv": [8.33333, 1, 9.33333, 5], "texture": "#1"},
				"east": {"uv": [7.33333, 1, 8.33333, 5], "texture": "#1"},
				"south": {"uv": [10.33333, 1, 11.33333, 5], "texture": "#1"},
				"west": {"uv": [9.33333, 1, 10.33333, 5], "texture": "#1"},
				"up": {"uv": [9.33333, 1, 8.33333, 0], "texture": "#1"},
				"down": {"uv": [10.33333, 0, 9.33333, 1], "texture": "#1"}
			}
		},
		{
			"from": [7.51302, 11.5004, 7.47513],
			"to": [8.51301, 11.7504, 8.47513],
			"rotation": {"angle": 0, "axis": "y", "origin": [7.96231, 8, 7.9779]},
			"faces": {
				"north": {"uv": [11.33333, 9, 12.66667, 9.33333], "rotation": 180, "texture": "#1"},
				"east": {"uv": [7.33333, 9, 8.66667, 9.33333], "rotation": 180, "texture": "#1"},
				"south": {"uv": [8.66667, 9, 10, 9.33333], "rotation": 180, "texture": "#1"},
				"west": {"uv": [10, 9, 11.33333, 9.33333], "rotation": 180, "texture": "#1"},
				"up": {"uv": [11.33333, 7.66667, 10, 9], "texture": "#1"},
				"down": {"uv": [10, 9, 8.66667, 7.66667], "texture": "#1"}
			}
		},
		{
			"name": "lighting",
			"from": [7.94209, 12.95, 6.30142],
			"to": [7.94209, 18.45, 9.55142],
			"rotation": {"angle": 45, "axis": "y", "origin": [7.96231, 8, 7.9779]},
			"faces": {
				"north": {"uv": [13.0606, 5.0606, 15.96969, 14.0606], "texture": "#3"},
				"east": {"uv": [0, 0, 6.5, 11], "texture": "#3"},
				"south": {"uv": [11.57576, 2.87878, 15.21212, 11.87878], "texture": "#3"},
				"west": {"uv": [0, 0, 6.5, 11], "texture": "#3"},
				"up": {"uv": [16, 4.33333, 10.90909, 0], "texture": "#3"},
				"down": {"uv": [16, 0, 10.90909, 4.33333], "texture": "#3"}
			}
		},
		{
			"from": [7.75, 11.75, 7.75],
			"to": [8.25, 22, 8.25],
			"rotation": {"angle": 0, "axis": "y", "origin": [7.96231, 8, 7.9779]},
			"faces": {
				"north": {"uv": [5, 0.66667, 5.66667, 11.33333], "texture": "#1"},
				"east": {"uv": [4.33333, 0.66667, 5, 11.33333], "texture": "#1"},
				"south": {"uv": [6.33333, 0.66667, 7, 11.33333], "texture": "#1"},
				"west": {"uv": [5.66667, 0.66667, 6.33333, 11.33333], "texture": "#1"},
				"up": {"uv": [5.66667, 0.66667, 5, 0], "texture": "#1"},
				"down": {"uv": [6.33333, 0, 5.66667, 0.66667], "texture": "#1"}
			}
		},
		{
			"from": [8.375, 22.1275, 8.375],
			"to": [7.625, 11.7525, 7.625],
			"rotation": {"angle": 0, "axis": "y", "origin": [7.96231, 8, 7.9779]},
			"faces": {
				"north": {"uv": [1, 12, 2, 1], "texture": "#1"},
				"east": {"uv": [0, 12, 1, 1], "texture": "#1"},
				"south": {"uv": [4, 12, 3, 1], "texture": "#1"},
				"west": {"uv": [2, 12, 3, 1], "texture": "#1"},
				"up": {"uv": [1, 0, 2, 1], "texture": "#1"},
				"down": {"uv": [1, 1, 2, 0], "texture": "#1"}
			}
		},
		{
			"from": [7.5, 4.25, 7.5],
			"to": [8.5, 4.75, 8.5],
			"rotation": {"angle": 0, "axis": "y", "origin": [7.96231, 8, 7.9779]},
			"faces": {
				"north": {"uv": [8.66667, 7.33333, 10, 6.66667], "texture": "#1"},
				"east": {"uv": [7.33333, 7.33333, 8.66667, 6.66667], "texture": "#1"},
				"south": {"uv": [11.33333, 7.33333, 12.66667, 6.66667], "texture": "#1"},
				"west": {"uv": [10, 7.33333, 11.33333, 6.66667], "texture": "#1"},
				"up": {"uv": [11.33333, 6.66667, 10, 5.33333], "texture": "#1"},
				"down": {"uv": [10, 5.33333, 8.66667, 6.66667], "texture": "#1"}
			}
		},
		{
			"from": [7.5, 7.75, 7.5],
			"to": [8.5, 8, 8.5],
			"rotation": {"angle": 0, "axis": "y", "origin": [7.96231, 8, 7.9779]},
			"faces": {
				"north": {"uv": [8.66667, 9.33333, 10, 9], "texture": "#1"},
				"east": {"uv": [7.33333, 9.33333, 8.66667, 9], "texture": "#1"},
				"south": {"uv": [11.33333, 9.33333, 12.66667, 9], "texture": "#1"},
				"west": {"uv": [10, 9.33333, 11.33333, 9], "texture": "#1"},
				"up": {"uv": [11.33333, 9, 10, 7.66667], "texture": "#1"},
				"down": {"uv": [10, 7.66667, 8.66667, 9], "texture": "#1"}
			}
		},
		{
			"from": [7.625, 4.75, 7.625],
			"to": [8.375, 7.75, 8.375],
			"rotation": {"angle": 0, "axis": "y", "origin": [7.96231, 8, 7.9779]},
			"faces": {
				"north": {"uv": [8.33333, 5, 9.33333, 1], "texture": "#1"},
				"east": {"uv": [7.33333, 5, 8.33333, 1], "texture": "#1"},
				"south": {"uv": [10.33333, 5, 11.33333, 1], "texture": "#1"},
				"west": {"uv": [9.33333, 5, 10.33333, 1], "texture": "#1"},
				"up": {"uv": [10.33333, 1, 9.33333, 0], "texture": "#1"},
				"down": {"uv": [9.33333, 0, 8.33333, 1], "texture": "#1"}
			}
		},
		{
			"from": [7.51302, 4.2496, 7.47513],
			"to": [8.51301, 4.4996, 8.47513],
			"rotation": {"angle": 0, "axis": "y", "origin": [7.96231, 8, 7.9779]},
			"faces": {
				"north": {"uv": [11.33333, 9.33333, 12.66667, 9], "rotation": 180, "texture": "#1"},
				"east": {"uv": [7.33333, 9.33333, 8.66667, 9], "rotation": 180, "texture": "#1"},
				"south": {"uv": [8.66667, 9.33333, 10, 9], "rotation": 180, "texture": "#1"},
				"west": {"uv": [10, 9.33333, 11.33333, 9], "rotation": 180, "texture": "#1"},
				"up": {"uv": [10, 7.66667, 8.66667, 9], "texture": "#1"},
				"down": {"uv": [11.33333, 9, 10, 7.66667], "texture": "#1"}
			}
		},
		{
			"name": "lighting",
			"from": [7.94209, -2.45, 6.30142],
			"to": [7.94209, 3.05, 9.55142],
			"rotation": {"angle": 45, "axis": "y", "origin": [7.96231, 8, 7.9779]},
			"faces": {
				"north": {"uv": [13.0606, 14.0606, 15.96969, 5.0606], "texture": "#3"},
				"east": {"uv": [0, 11, 6.5, 0], "texture": "#3"},
				"south": {"uv": [11.57576, 11.87878, 15.21212, 2.87878], "texture": "#3"},
				"west": {"uv": [0, 11, 6.5, 0], "texture": "#3"},
				"up": {"uv": [16, 4.33333, 10.90909, 0], "texture": "#3"},
				"down": {"uv": [16, 0, 10.90909, 4.33333], "texture": "#3"}
			}
		},
		{
			"from": [7.75, -6, 7.75],
			"to": [8.25, 4.25, 8.25],
			"rotation": {"angle": 0, "axis": "y", "origin": [7.96231, 8, 7.9779]},
			"faces": {
				"north": {"uv": [5, 11.33333, 5.66667, 0.66667], "texture": "#1"},
				"east": {"uv": [4.33333, 11.33333, 5, 0.66667], "texture": "#1"},
				"south": {"uv": [6.33333, 11.33333, 7, 0.66667], "texture": "#1"},
				"west": {"uv": [5.66667, 11.33333, 6.33333, 0.66667], "texture": "#1"},
				"up": {"uv": [6.33333, 0.66667, 5.66667, 0], "texture": "#1"},
				"down": {"uv": [5.66667, 0, 5, 0.66667], "texture": "#1"}
			}
		},
		{
			"from": [8.375, 4.2475, 8.375],
			"to": [7.625, -6.1275, 7.625],
			"rotation": {"angle": 0, "axis": "y", "origin": [7.96231, 8, 7.9779]},
			"faces": {
				"north": {"uv": [1, 1, 2, 12], "texture": "#1"},
				"east": {"uv": [0, 1, 1, 12], "texture": "#1"},
				"south": {"uv": [4, 1, 3, 12], "texture": "#1"},
				"west": {"uv": [2, 1, 3, 12], "texture": "#1"},
				"up": {"uv": [1, 0, 2, 1], "texture": "#1"},
				"down": {"uv": [1, 1, 2, 0], "texture": "#1"}
			}
		}
	],
	"gui_light": "front",
	"display": {
		"thirdperson_righthand": {
			"translation": [0, -1.5, 1.5],
			"scale": [2, 2, 2]
		},
		"thirdperson_lefthand": {
			"translation": [0, -1.5, 1.5],
			"scale": [2, 2, 2]
		},
		"firstperson_righthand": {
			"translation": [3.25, -4, 0],
			"scale": [1.4, 1.4, 1.4]
		},
		"firstperson_lefthand": {
			"translation": [3.25, -4, 0],
			"scale": [1.4, 1.4, 1.4]
		},
		"ground": {
			"translation": [0, 7.75, 0],
			"scale": [0.7, 0.7, 0.7]
		},
		"gui": {
			"rotation": [90, 45, -90],
			"translation": [0, 0, -2.5]
		},
		"fixed": {
			"rotation": [-90, 45, 90],
			"translation": [0, 0, -2],
			"scale": [3.71, 3.71, 3.71]
		}
	},
	"groups": [
		{
			"name": "group",
			"origin": [8, 27, 6],
			"color": 0,
			"children": [
				{
					"name": "group",
					"origin": [8, 27, 6],
					"color": 0,
					"children": [
						{
							"name": "group",
							"origin": [8.02603, 13.76961, 8],
							"color": 0,
							"children": [0, 1, 2, 3, 4, 5, 6]
						}
					]
				}
			]
		},
		{
			"name": "group",
			"origin": [8.02603, 13.76961, 8],
			"color": 0,
			"children": [7, 8, 9, 10, 11, 12, 13]
		}
	]
}