{
	"credit": "",
	"texture_size": [32, 32],
	"textures": {
		"0": "custom/blocks/minesweeper",
		"1": "custom/blocks/minesweeper_anim",
		"particle": "custom/blocks/minesweeper"
	},
	"elements": [
		{
			"from": [2, 14, 4],
			"to": [14, 32, 4],
			"rotation": {"angle": 0, "axis": "y", "origin": [1, 22, 1]},
			"faces": {
				"north": {"uv": [0, 0, 10.66667, 16], "texture": "#1"}
			}
		},
		{
			"from": [1, 0, 1],
			"to": [15, 2, 15],
			"rotation": {"angle": 0, "axis": "y", "origin": [1, 0, 1]},
			"faces": {
				"north": {"uv": [0, 13.47368, 5.89474, 14.31579], "texture": "#0"},
				"east": {"uv": [0, 13.47368, 5.89474, 14.31579], "texture": "#0"},
				"south": {"uv": [0, 13.47368, 5.89474, 14.31579], "texture": "#0"},
				"west": {"uv": [0, 13.47368, 5.89474, 14.31579], "texture": "#0"},
				"up": {"uv": [16, 5.89474, 10.10526, 0], "texture": "#0"},
				"down": {"uv": [16, 0, 10.10526, 5.89474], "texture": "#0"}
			}
		},
		{
			"from": [1, 12, 1],
			"to": [15, 14, 15],
			"rotation": {"angle": 0, "axis": "y", "origin": [1, 12, 1]},
			"faces": {
				"north": {"uv": [5.89474, 12.21053, 11.78947, 13.05263], "texture": "#0"},
				"east": {"uv": [5.89474, 12.21053, 11.78947, 13.05263], "texture": "#0"},
				"south": {"uv": [5.89474, 12.21053, 11.78947, 13.05263], "texture": "#0"},
				"west": {"uv": [5.89474, 12.21053, 11.78947, 13.05263], "texture": "#0"},
				"up": {"uv": [5.89474, 13.47368, 0, 7.57895], "texture": "#0"},
				"down": {"uv": [5.89474, 7.57895, 0, 13.47368], "texture": "#0"}
			}
		},
		{
			"from": [2, 2, 3],
			"to": [14, 12, 15],
			"rotation": {"angle": 0, "axis": "y", "origin": [1, 2, 1]},
			"faces": {
				"north": {"uv": [5.89474, 7.57895, 10.94737, 11.78947], "texture": "#0"},
				"east": {"uv": [0, 0, 5.05263, 4.21053], "texture": "#0"},
				"south": {"uv": [0, 0, 5.05263, 4.21053], "texture": "#0"},
				"west": {"uv": [0, 0, 5.05263, 4.21053], "texture": "#0"}
			}
		},
		{
			"from": [2, 14, 4],
			"to": [14, 32, 15],
			"rotation": {"angle": 0, "axis": "y", "origin": [1, 22, 1]},
			"faces": {
				"east": {"uv": [5.26316, 0, 9.89474, 7.57895], "texture": "#0"},
				"south": {"uv": [5.05263, 0, 10.10526, 7.57895], "texture": "#0"},
				"west": {"uv": [5.26316, 0, 9.89474, 7.57895], "texture": "#0"},
				"up": {"uv": [16, 12.21053, 10.94737, 7.57895], "texture": "#0"}
			}
		},
		{
			"from": [13, 14, 2],
			"to": [14, 32, 4],
			"rotation": {"angle": 0, "axis": "y", "origin": [1, 22, -10]},
			"faces": {
				"north": {"uv": [5.89474, 13.89474, 13.47368, 14.31579], "rotation": 90, "texture": "#0"},
				"east": {"uv": [5.89474, 13.89474, 13.47368, 13.05263], "rotation": 90, "texture": "#0"},
				"west": {"uv": [5.89474, 13.05263, 13.47368, 13.89474], "rotation": 90, "texture": "#0"}
			}
		},
		{
			"from": [11, 2, 2],
			"to": [12, 12, 3],
			"rotation": {"angle": 0, "axis": "y", "origin": [-1, 10, -10]},
			"faces": {
				"north": {"uv": [11.78947, 12.63158, 16, 13.05263], "rotation": 90, "texture": "#0"},
				"east": {"uv": [11.78947, 12.63158, 16, 12.21053], "rotation": 90, "texture": "#0"},
				"west": {"uv": [11.78947, 12.21053, 16, 12.63158], "rotation": 90, "texture": "#0"}
			}
		},
		{
			"from": [4, 2, 2],
			"to": [5, 12, 3],
			"rotation": {"angle": 0, "axis": "y", "origin": [-8, 10, -10]},
			"faces": {
				"north": {"uv": [11.78947, 12.63158, 16, 13.05263], "rotation": 90, "texture": "#0"},
				"east": {"uv": [11.78947, 12.63158, 16, 12.21053], "rotation": 90, "texture": "#0"},
				"west": {"uv": [11.78947, 12.21053, 16, 12.63158], "rotation": 90, "texture": "#0"}
			}
		},
		{
			"from": [2, 22.44365, 12.58579],
			"to": [14, 26.44365, 15.58579],
			"rotation": {"angle": -45, "axis": "x", "origin": [0, 16.44365, 0.58579]},
			"faces": {
				"north": {"uv": [10.10526, 5.89474, 15.15789, 7.57895], "texture": "#0"},
				"east": {"uv": [14.31579, 14.31579, 16, 13.05263], "rotation": 90, "texture": "#0"},
				"south": {"uv": [0, 4.21053, 5.05263, 5.89474], "texture": "#0"},
				"west": {"uv": [14.31579, 13.05263, 16, 14.31579], "rotation": 90, "texture": "#0"},
				"up": {"uv": [5.05263, 7.15789, 0, 5.89474], "texture": "#0"}
			}
		},
		{
			"from": [2, 14, 2],
			"to": [3, 32, 4],
			"rotation": {"angle": 0, "axis": "y", "origin": [-10, 22, -10]},
			"faces": {
				"north": {"uv": [5.89474, 14.31579, 13.47368, 13.89474], "rotation": 90, "texture": "#0"},
				"east": {"uv": [13.47368, 13.89474, 5.89474, 13.05263], "rotation": 90, "texture": "#0"},
				"west": {"uv": [5.89474, 13.05263, 13.47368, 13.89474], "rotation": 90, "texture": "#0"}
			}
		}
	],
	"gui_light": "front",
	"display": {
		"thirdperson_righthand": {
			"rotation": [67, 0, 0],
			"scale": [0.5, 0.5, 0.5]
		},
		"thirdperson_lefthand": {
			"rotation": [67, 0, 0],
			"scale": [0.5, 0.5, 0.5]
		},
		"firstperson_righthand": {
			"rotation": [0, 180, 0],
			"scale": [0.5, 0.5, 0.5]
		},
		"firstperson_lefthand": {
			"rotation": [0, 180, 0],
			"scale": [0.5, 0.5, 0.5]
		},
		"ground": {
			"translation": [0, 4.5, 0]
		},
		"gui": {
			"rotation": [0, 180, 0]
		},
		"head": {
			"translation": [0, -31.25, 0],
			"scale": [1.5, 1.5, 1.5]
		},
		"fixed": {
			"translation": [0, -1.5, 0]
		}
	},
	"groups": [
		0,
		{
			"name": "group",
			"origin": [-10, 22, -10],
			"color": 0,
			"children": [1, 2, 3, 4, 5, 6, 7, 8, 9]
		}
	]
}