{
	"credit": "",
	"texture_size": [62, 62],
	"textures": {
		"0": "custom/blocks/poker",
		"particle": "custom/blocks/poker"
	},
	"elements": [
		{
			"from": [-8, 13, -6],
			"to": [24, 15, 22],
			"faces": {
				"north": {"uv": [0.12903, 13.93548, 8.12903, 14.45161], "texture": "#0"},
				"east": {"uv": [0.51613, 13.93548, 7.74194, 14.45161], "texture": "#0"},
				"south": {"uv": [0.12903, 13.93548, 8.12903, 14.45161], "texture": "#0"},
				"west": {"uv": [0.3871, 13.93548, 7.6129, 14.45161], "texture": "#0"},
				"up": {"uv": [8.25806, 7.22581, 0, 0], "texture": "#0"},
				"down": {"uv": [8.25806, 7.22581, 0, 14.45161], "texture": "#0"}
			}
		},
		{
			"from": [-7, 12, -4],
			"to": [23, 13, 20],
			"faces": {
				"north": {"uv": [1.16129, 9.29032, 6.12903, 9.54839], "texture": "#0"},
				"east": {"uv": [0.90323, 9.48387, 7.09677, 9.74194], "texture": "#0"},
				"south": {"uv": [0.45161, 9.16129, 6.58065, 9.35484], "texture": "#0"},
				"west": {"uv": [0.51613, 9.22581, 6.70968, 9.48387], "texture": "#0"},
				"down": {"uv": [7.87097, 7.54839, 0.12903, 13.74194], "texture": "#0"}
			}
		},
		{
			"from": [-8, 14, 20],
			"to": [24, 16, 22],
			"faces": {
				"north": {"uv": [0.12903, 14.45161, 8.12903, 14.96774], "rotation": 180, "texture": "#0"},
				"east": {"uv": [2, 15.48387, 2.51613, 16], "texture": "#0"},
				"south": {"uv": [0, 15.48387, 8.25806, 16], "texture": "#0"},
				"west": {"uv": [0.90323, 15.48387, 1.41935, 16], "texture": "#0"},
				"up": {"uv": [8.25806, 14.96774, 0, 14.45161], "texture": "#0"}
			}
		},
		{
			"from": [14.75, 14, -6],
			"to": [24, 16, -4],
			"faces": {
				"north": {"uv": [2.83871, 15.48387, 5.16129, 16], "texture": "#0"},
				"east": {"uv": [3.74194, 15.48387, 4.25806, 16], "texture": "#0"},
				"south": {"uv": [2.90323, 14.45161, 5.22581, 14.96774], "rotation": 180, "texture": "#0"},
				"west": {"uv": [4.70968, 14.96774, 5.22581, 14.45161], "texture": "#0"},
				"up": {"uv": [9.80645, 7.48387, 10.32258, 9.80645], "rotation": 90, "texture": "#0"}
			}
		},
		{
			"from": [-8, 14, -6],
			"to": [1, 16, -4],
			"faces": {
				"north": {"uv": [4.3871, 15.48387, 6.70968, 16], "texture": "#0"},
				"east": {"uv": [1.93548, 14.96774, 2.45161, 15.48387], "texture": "#0"},
				"south": {"uv": [1.93548, 14.96774, 4.25806, 15.48387], "texture": "#0"},
				"west": {"uv": [5.09677, 15.48387, 5.6129, 16], "texture": "#0"},
				"up": {"uv": [9.80645, 9.80645, 10.32258, 7.48387], "rotation": 90, "texture": "#0"}
			}
		},
		{
			"from": [30, 13, 1],
			"to": [32, 15, 15],
			"faces": {
				"north": {"uv": [2.77419, 13.93548, 3.29032, 14.45161], "texture": "#0"},
				"east": {"uv": [2.51613, 13.93548, 6.12903, 14.45161], "texture": "#0"},
				"south": {"uv": [1.80645, 13.93548, 2.32258, 14.45161], "texture": "#0"},
				"down": {"uv": [8.25806, 6.70968, 8.77419, 10.32258], "texture": "#0"}
			}
		},
		{
			"from": [30, 15, 1],
			"to": [32, 16, 15],
			"faces": {
				"north": {"uv": [1.93548, 15.48387, 2.45161, 15.74194], "texture": "#0"},
				"east": {"uv": [3.29032, 15.48387, 6.90323, 15.74194], "texture": "#0"},
				"south": {"uv": [3.74194, 15.48387, 4.25806, 15.74194], "texture": "#0"},
				"west": {"uv": [2.45161, 14.96774, 6.06452, 15.22581], "texture": "#0"},
				"up": {"uv": [8.77419, 10.32258, 9.29032, 6.70968], "texture": "#0"}
			}
		},
		{
			"from": [-16, 15, 1],
			"to": [-14, 16, 15],
			"faces": {
				"north": {"uv": [2.70968, 15.48387, 3.22581, 15.74194], "texture": "#0"},
				"east": {"uv": [2.32258, 14.96774, 5.93548, 15.22581], "texture": "#0"},
				"south": {"uv": [4.06452, 15.48387, 4.58065, 15.74194], "texture": "#0"},
				"west": {"uv": [2.70968, 15.48387, 6.32258, 15.74194], "texture": "#0"},
				"up": {"uv": [9.29032, 10.32258, 8.77419, 6.70968], "texture": "#0"}
			}
		},
		{
			"from": [28, 15, 15],
			"to": [30, 16, 18],
			"faces": {
				"north": {"uv": [3.29032, 14.96774, 3.80645, 15.22581], "texture": "#0"},
				"east": {"uv": [2.83871, 15.48387, 3.6129, 15.74194], "texture": "#0"},
				"south": {"uv": [1.16129, 15.48387, 1.67742, 15.74194], "texture": "#0"},
				"west": {"uv": [2.3871, 14.96774, 3.16129, 15.22581], "texture": "#0"},
				"up": {"uv": [9.80645, 7.48387, 10.32258, 6.70968], "texture": "#0"}
			}
		},
		{
			"from": [-14, 15, 15],
			"to": [-12, 16, 18],
			"faces": {
				"north": {"uv": [1.16129, 14.96774, 1.67742, 15.22581], "texture": "#0"},
				"east": {"uv": [0.83871, 14.96774, 1.6129, 15.22581], "texture": "#0"},
				"south": {"uv": [2.06452, 15.48387, 2.58065, 15.74194], "texture": "#0"},
				"west": {"uv": [1.54839, 15.48387, 2.32258, 15.74194], "texture": "#0"},
				"up": {"uv": [10.32258, 7.48387, 9.80645, 6.70968], "texture": "#0"}
			}
		},
		{
			"from": [28, 15, -2],
			"to": [30, 16, 1],
			"faces": {
				"north": {"uv": [1.93548, 15.48387, 2.45161, 15.74194], "texture": "#0"},
				"east": {"uv": [5.87097, 15.48387, 6.64516, 15.74194], "texture": "#0"},
				"south": {"uv": [3.03226, 14.96774, 3.54839, 15.22581], "texture": "#0"},
				"west": {"uv": [2.58065, 14.96774, 3.35484, 15.22581], "texture": "#0"},
				"up": {"uv": [9.80645, 6.70968, 10.32258, 7.48387], "texture": "#0"}
			}
		},
		{
			"from": [-14, 15, -2],
			"to": [-12, 16, 1],
			"faces": {
				"north": {"uv": [0.96774, 15.48387, 1.48387, 15.74194], "texture": "#0"},
				"east": {"uv": [3.16129, 14.96774, 3.93548, 15.22581], "texture": "#0"},
				"south": {"uv": [2.06452, 14.96774, 2.58065, 15.22581], "texture": "#0"},
				"west": {"uv": [1.29032, 15.48387, 2.06452, 15.74194], "texture": "#0"},
				"up": {"uv": [10.32258, 6.70968, 9.80645, 7.48387], "texture": "#0"}
			}
		},
		{
			"from": [-16, 13, 1],
			"to": [-14, 15, 15],
			"faces": {
				"north": {"uv": [0.45161, 13.93548, 0.96774, 14.45161], "texture": "#0"},
				"south": {"uv": [6.70968, 13.93548, 7.22581, 14.45161], "texture": "#0"},
				"west": {"uv": [1.67742, 13.93548, 5.29032, 14.45161], "texture": "#0"},
				"down": {"uv": [8.77419, 6.70968, 8.25806, 10.32258], "texture": "#0"}
			}
		},
		{
			"from": [28, 13, -2],
			"to": [30, 15, 18],
			"faces": {
				"north": {"uv": [2.77419, 13.93548, 3.29032, 14.45161], "texture": "#0"},
				"east": {"uv": [1.67742, 13.93548, 6.83871, 14.45161], "texture": "#0"},
				"south": {"uv": [1.29032, 13.93548, 1.80645, 14.45161], "texture": "#0"},
				"up": {"uv": [10.32258, 14.96774, 9.80645, 9.80645], "texture": "#0"},
				"down": {"uv": [9.29032, 6.70968, 9.80645, 11.87097], "texture": "#0"}
			}
		},
		{
			"from": [-14, 13, -2],
			"to": [-12, 15, 18],
			"faces": {
				"north": {"uv": [2.19355, 13.93548, 2.70968, 14.45161], "texture": "#0"},
				"south": {"uv": [4.77419, 13.93548, 5.29032, 14.45161], "texture": "#0"},
				"west": {"uv": [1.93548, 13.93548, 7.09677, 14.45161], "texture": "#0"},
				"up": {"uv": [9.80645, 14.96774, 10.32258, 9.80645], "texture": "#0"},
				"down": {"uv": [9.80645, 6.70968, 9.29032, 11.87097], "texture": "#0"}
			}
		},
		{
			"from": [24, 13, -5],
			"to": [28, 15, 21],
			"faces": {
				"north": {"uv": [3.03226, 13.93548, 4.06452, 14.45161], "texture": "#0"},
				"east": {"uv": [0.19355, 13.93548, 6.90323, 14.45161], "texture": "#0"},
				"south": {"uv": [3.67742, 13.93548, 4.70968, 14.45161], "texture": "#0"},
				"up": {"uv": [9.29032, 6.70968, 8.25806, 0], "texture": "#0"},
				"down": {"uv": [10.32258, 0, 9.29032, 6.70968], "texture": "#0"}
			}
		},
		{
			"from": [24, 15, 18],
			"to": [28, 16, 21],
			"faces": {
				"north": {"uv": [5.29032, 14.96774, 6.32258, 15.22581], "texture": "#0"},
				"east": {"uv": [3.74194, 15.48387, 4.51613, 15.74194], "texture": "#0"},
				"south": {"uv": [6.06452, 15.48387, 7.09677, 15.74194], "texture": "#0"},
				"west": {"uv": [4.83871, 14.96774, 5.6129, 15.22581], "texture": "#0"},
				"up": {"uv": [9.29032, 11.09677, 8.25806, 10.32258], "texture": "#0"}
			}
		},
		{
			"from": [-12, 15, 18],
			"to": [-8, 16, 21],
			"faces": {
				"north": {"uv": [2.12903, 14.96774, 3.16129, 15.22581], "texture": "#0"},
				"east": {"uv": [3.93548, 14.96774, 4.70968, 15.22581], "texture": "#0"},
				"south": {"uv": [3.03226, 15.48387, 4.06452, 15.74194], "texture": "#0"},
				"west": {"uv": [3.09677, 15.48387, 3.87097, 15.74194], "texture": "#0"},
				"up": {"uv": [8.25806, 11.09677, 9.29032, 10.32258], "texture": "#0"}
			}
		},
		{
			"from": [24, 15, -5],
			"to": [28, 16, -2],
			"faces": {
				"north": {"uv": [2.70968, 15.48387, 3.74194, 15.74194], "texture": "#0"},
				"east": {"uv": [3.16129, 15.48387, 3.93548, 15.74194], "texture": "#0"},
				"south": {"uv": [1.94839, 14.98065, 2.98065, 15.23871], "texture": "#0"},
				"west": {"uv": [3.35484, 14.96774, 4.12903, 15.22581], "texture": "#0"},
				"up": {"uv": [9.29032, 10.32258, 8.25806, 11.09677], "texture": "#0"}
			}
		},
		{
			"from": [-12, 15, -5],
			"to": [-8, 16, -2],
			"faces": {
				"north": {"uv": [2.96774, 15.48387, 4, 15.74194], "texture": "#0"},
				"east": {"uv": [3.80645, 14.96774, 4.58065, 15.22581], "texture": "#0"},
				"south": {"uv": [4.51613, 14.96774, 5.54839, 15.22581], "texture": "#0"},
				"west": {"uv": [3.93548, 15.48387, 4.70968, 15.74194], "texture": "#0"},
				"up": {"uv": [8.25806, 10.32258, 9.29032, 11.09677], "texture": "#0"}
			}
		},
		{
			"from": [-12, 13, -5],
			"to": [-8, 15, 21],
			"faces": {
				"north": {"uv": [5.29032, 13.93548, 6.32258, 14.45161], "texture": "#0"},
				"south": {"uv": [3.35484, 13.93548, 4.3871, 14.45161], "texture": "#0"},
				"west": {"uv": [0.70968, 13.93548, 7.41935, 14.45161], "texture": "#0"},
				"up": {"uv": [8.25806, 6.70968, 9.29032, 0], "texture": "#0"},
				"down": {"uv": [9.29032, 0, 10.32258, 6.70968], "texture": "#0"}
			}
		},
		{
			"from": [10.4, 15, -3],
			"to": [11.4, 16, 2],
			"faces": {
				"north": {"uv": [9.41935, 11.93548, 9.48387, 12], "texture": "#0"},
				"east": {"uv": [9.41935, 13.16129, 9.48387, 11.87097], "rotation": 90, "texture": "#0"},
				"south": {"uv": [9.41935, 11.87097, 9.48387, 11.93548], "texture": "#0"},
				"west": {"uv": [9.41935, 11.87097, 9.48387, 13.16129], "rotation": 90, "texture": "#0"},
				"up": {"uv": [9.48387, 13.16129, 9.41935, 11.87097], "texture": "#0"},
				"down": {"uv": [9.48387, 11.87097, 9.41935, 13.16129], "texture": "#0"}
			}
		},
		{
			"from": [10.2, 15, -3],
			"to": [11.6, 15.8, 2],
			"faces": {
				"north": {"uv": [9.41935, 11.93548, 9.48387, 12], "texture": "#0"},
				"east": {"uv": [9.41935, 13.16129, 9.48387, 11.87097], "rotation": 90, "texture": "#0"},
				"south": {"uv": [9.41935, 11.87097, 9.48387, 11.93548], "texture": "#0"},
				"west": {"uv": [9.41935, 11.87097, 9.48387, 13.16129], "rotation": 90, "texture": "#0"},
				"up": {"uv": [9.48387, 13.16129, 9.41935, 11.87097], "texture": "#0"},
				"down": {"uv": [9.48387, 11.87097, 9.41935, 13.16129], "texture": "#0"}
			}
		},
		{
			"from": [8.9, 15, -3],
			"to": [9.9, 16, 2],
			"faces": {
				"north": {"uv": [9.29032, 11.93548, 9.35484, 12], "texture": "#0"},
				"east": {"uv": [9.29032, 13.16129, 9.35484, 11.87097], "rotation": 90, "texture": "#0"},
				"south": {"uv": [9.29032, 11.87097, 9.35484, 11.93548], "texture": "#0"},
				"west": {"uv": [9.29032, 11.87097, 9.35484, 13.16129], "rotation": 90, "texture": "#0"},
				"up": {"uv": [9.35484, 13.16129, 9.29032, 11.87097], "texture": "#0"},
				"down": {"uv": [9.35484, 11.87097, 9.29032, 13.16129], "texture": "#0"}
			}
		},
		{
			"from": [8.7, 15, -3],
			"to": [10.1, 15.8, 2],
			"faces": {
				"north": {"uv": [9.29032, 11.93548, 9.35484, 12], "texture": "#0"},
				"east": {"uv": [9.29032, 13.16129, 9.35484, 11.87097], "rotation": 90, "texture": "#0"},
				"south": {"uv": [9.29032, 11.87097, 9.35484, 11.93548], "texture": "#0"},
				"west": {"uv": [9.29032, 11.87097, 9.35484, 13.16129], "rotation": 90, "texture": "#0"},
				"up": {"uv": [9.35484, 13.16129, 9.29032, 11.87097], "texture": "#0"},
				"down": {"uv": [9.35484, 11.87097, 9.29032, 13.16129], "texture": "#0"}
			}
		},
		{
			"from": [9.6, 16, -2.8],
			"to": [10.6, 17.2, 1.8],
			"faces": {
				"north": {"uv": [9.48387, 13.22581, 9.54839, 13.29032], "texture": "#0"},
				"east": {"uv": [9.48387, 14.32258, 9.54839, 13.16129], "rotation": 90, "texture": "#0"},
				"south": {"uv": [9.48387, 13.16129, 9.54839, 13.22581], "texture": "#0"},
				"west": {"uv": [9.48387, 13.16129, 9.54839, 14.32258], "rotation": 90, "texture": "#0"},
				"up": {"uv": [9.54839, 14.32258, 9.48387, 13.16129], "texture": "#0"},
				"down": {"uv": [9.54839, 13.16129, 9.48387, 14.32258], "texture": "#0"}
			}
		},
		{
			"from": [9.4, 16.2, -2.8],
			"to": [10.8, 17, 1.8],
			"faces": {
				"north": {"uv": [9.48387, 13.22581, 9.54839, 13.29032], "texture": "#0"},
				"east": {"uv": [9.48387, 14.32258, 9.54839, 13.16129], "rotation": 90, "texture": "#0"},
				"south": {"uv": [9.48387, 13.16129, 9.54839, 13.22581], "texture": "#0"},
				"west": {"uv": [9.48387, 13.16129, 9.54839, 14.32258], "rotation": 90, "texture": "#0"},
				"up": {"uv": [9.54839, 14.32258, 9.48387, 13.16129], "texture": "#0"},
				"down": {"uv": [9.54839, 13.16129, 9.48387, 14.32258], "texture": "#0"}
			}
		},
		{
			"from": [8.1, 16, -2.8],
			"to": [9.1, 17.2, 1.8],
			"faces": {
				"north": {"uv": [9.29032, 13.22581, 9.35484, 13.29032], "texture": "#0"},
				"east": {"uv": [9.29032, 14.32258, 9.35484, 13.16129], "rotation": 90, "texture": "#0"},
				"south": {"uv": [9.29032, 13.16129, 9.35484, 13.22581], "texture": "#0"},
				"west": {"uv": [9.29032, 13.16129, 9.35484, 14.32258], "rotation": 90, "texture": "#0"},
				"up": {"uv": [9.35484, 14.32258, 9.29032, 13.16129], "texture": "#0"},
				"down": {"uv": [9.35484, 13.16129, 9.29032, 14.32258], "texture": "#0"}
			}
		},
		{
			"from": [7.9, 16.2, -2.8],
			"to": [9.3, 17, 1.8],
			"faces": {
				"north": {"uv": [9.29032, 13.22581, 9.35484, 13.29032], "texture": "#0"},
				"east": {"uv": [9.29032, 14.32258, 9.35484, 13.16129], "rotation": 90, "texture": "#0"},
				"south": {"uv": [9.29032, 13.16129, 9.35484, 13.22581], "texture": "#0"},
				"west": {"uv": [9.29032, 13.16129, 9.35484, 14.32258], "rotation": 90, "texture": "#0"},
				"up": {"uv": [9.35484, 14.32258, 9.29032, 13.16129], "texture": "#0"},
				"down": {"uv": [9.35484, 13.16129, 9.29032, 14.32258], "texture": "#0"}
			}
		},
		{
			"from": [7.4, 15, -3],
			"to": [8.4, 16, 2],
			"faces": {
				"north": {"uv": [9.16129, 11.16129, 9.22581, 11.22581], "texture": "#0"},
				"east": {"uv": [9.16129, 12.3871, 9.22581, 11.09677], "rotation": 90, "texture": "#0"},
				"south": {"uv": [9.16129, 11.09677, 9.22581, 11.16129], "texture": "#0"},
				"west": {"uv": [9.16129, 11.09677, 9.22581, 12.3871], "rotation": 90, "texture": "#0"},
				"up": {"uv": [9.22581, 12.3871, 9.16129, 11.09677], "texture": "#0"},
				"down": {"uv": [9.22581, 11.09677, 9.16129, 12.3871], "texture": "#0"}
			}
		},
		{
			"from": [7.2, 15, -3],
			"to": [8.6, 15.8, 2],
			"faces": {
				"north": {"uv": [9.16129, 11.16129, 9.22581, 11.22581], "texture": "#0"},
				"east": {"uv": [9.16129, 12.3871, 9.22581, 11.09677], "rotation": 90, "texture": "#0"},
				"south": {"uv": [9.16129, 11.09677, 9.22581, 11.16129], "texture": "#0"},
				"west": {"uv": [9.16129, 11.09677, 9.22581, 12.3871], "rotation": 90, "texture": "#0"},
				"up": {"uv": [9.22581, 12.3871, 9.16129, 11.09677], "texture": "#0"},
				"down": {"uv": [9.22581, 11.09677, 9.16129, 12.3871], "texture": "#0"}
			}
		},
		{
			"from": [6.6, 16, -2.8],
			"to": [7.6, 17.2, 1.8],
			"faces": {
				"north": {"uv": [9.35484, 13.22581, 9.41935, 13.29032], "texture": "#0"},
				"east": {"uv": [9.35484, 14.32258, 9.41935, 13.16129], "rotation": 90, "texture": "#0"},
				"south": {"uv": [9.35484, 13.16129, 9.41935, 13.22581], "texture": "#0"},
				"west": {"uv": [9.35484, 13.16129, 9.41935, 14.32258], "rotation": 90, "texture": "#0"},
				"up": {"uv": [9.41935, 14.32258, 9.35484, 13.16129], "texture": "#0"},
				"down": {"uv": [9.41935, 13.16129, 9.35484, 14.32258], "texture": "#0"}
			}
		},
		{
			"from": [6.4, 16.2, -2.8],
			"to": [7.8, 17, 1.8],
			"faces": {
				"north": {"uv": [9.35484, 13.22581, 9.41935, 13.29032], "texture": "#0"},
				"east": {"uv": [9.35484, 14.32258, 9.41935, 13.16129], "rotation": 90, "texture": "#0"},
				"south": {"uv": [9.35484, 13.16129, 9.41935, 13.22581], "texture": "#0"},
				"west": {"uv": [9.35484, 13.16129, 9.41935, 14.32258], "rotation": 90, "texture": "#0"},
				"up": {"uv": [9.41935, 14.32258, 9.35484, 13.16129], "texture": "#0"},
				"down": {"uv": [9.41935, 13.16129, 9.35484, 14.32258], "texture": "#0"}
			}
		},
		{
			"from": [5.9, 15, -3],
			"to": [6.9, 16, 2],
			"faces": {
				"north": {"uv": [9.35484, 11.87097, 9.41935, 11.93548], "texture": "#0"},
				"east": {"uv": [9.35484, 11.87097, 9.41935, 13.16129], "rotation": 90, "texture": "#0"},
				"south": {"uv": [9.35484, 11.87097, 9.41935, 11.93548], "texture": "#0"},
				"west": {"uv": [9.35484, 11.87097, 9.41935, 13.16129], "rotation": 90, "texture": "#0"},
				"up": {"uv": [9.41935, 13.16129, 9.35484, 11.87097], "texture": "#0"},
				"down": {"uv": [9.41935, 11.87097, 9.35484, 13.16129], "texture": "#0"}
			}
		},
		{
			"from": [5.7, 15, -3],
			"to": [7.1, 15.8, 2],
			"faces": {
				"north": {"uv": [9.35484, 11.87097, 9.41935, 11.93548], "texture": "#0"},
				"east": {"uv": [9.35484, 11.87097, 9.41935, 13.16129], "rotation": 90, "texture": "#0"},
				"south": {"uv": [9.35484, 11.87097, 9.41935, 11.93548], "texture": "#0"},
				"west": {"uv": [9.35484, 11.87097, 9.41935, 13.16129], "rotation": 90, "texture": "#0"},
				"up": {"uv": [9.41935, 13.16129, 9.35484, 11.87097], "texture": "#0"},
				"down": {"uv": [9.41935, 11.87097, 9.35484, 13.16129], "texture": "#0"}
			}
		},
		{
			"from": [5.1, 16, -2.8],
			"to": [6.1, 17.2, 1.8],
			"faces": {
				"north": {"uv": [9.41935, 14.25806, 9.48387, 14.32258], "texture": "#0"},
				"east": {"uv": [9.41935, 14.32258, 9.48387, 13.16129], "rotation": 90, "texture": "#0"},
				"south": {"uv": [9.41935, 13.16129, 9.48387, 13.22581], "texture": "#0"},
				"west": {"uv": [9.41935, 13.16129, 9.48387, 14.32258], "rotation": 90, "texture": "#0"},
				"up": {"uv": [9.48387, 14.32258, 9.41935, 13.16129], "texture": "#0"},
				"down": {"uv": [9.48387, 13.16129, 9.41935, 14.32258], "texture": "#0"}
			}
		},
		{
			"from": [4.9, 16.2, -2.8],
			"to": [6.3, 17, 1.8],
			"faces": {
				"north": {"uv": [9.41935, 13.22581, 9.48387, 13.29032], "texture": "#0"},
				"east": {"uv": [9.41935, 14.32258, 9.48387, 13.16129], "rotation": 90, "texture": "#0"},
				"south": {"uv": [9.41935, 13.16129, 9.48387, 13.22581], "texture": "#0"},
				"west": {"uv": [9.41935, 13.16129, 9.48387, 14.32258], "rotation": 90, "texture": "#0"},
				"up": {"uv": [9.48387, 14.32258, 9.41935, 13.16129], "texture": "#0"},
				"down": {"uv": [9.48387, 13.16129, 9.41935, 14.32258], "texture": "#0"}
			}
		},
		{
			"from": [4.4, 15, -3],
			"to": [5.4, 16, 2],
			"faces": {
				"north": {"uv": [9.22581, 11.16129, 9.29032, 11.22581], "texture": "#0"},
				"east": {"uv": [9.22581, 12.3871, 9.29032, 11.09677], "rotation": 90, "texture": "#0"},
				"south": {"uv": [9.22581, 11.09677, 9.29032, 11.16129], "texture": "#0"},
				"west": {"uv": [9.22581, 11.09677, 9.29032, 12.3871], "rotation": 90, "texture": "#0"},
				"up": {"uv": [9.29032, 12.3871, 9.22581, 11.09677], "texture": "#0"},
				"down": {"uv": [9.29032, 11.09677, 9.22581, 12.3871], "texture": "#0"}
			}
		},
		{
			"from": [4.2, 15, -3],
			"to": [5.6, 15.8, 2],
			"faces": {
				"north": {"uv": [9.22581, 11.16129, 9.29032, 11.22581], "texture": "#0"},
				"east": {"uv": [9.22581, 12.3871, 9.29032, 11.09677], "rotation": 90, "texture": "#0"},
				"south": {"uv": [9.22581, 11.09677, 9.29032, 11.16129], "texture": "#0"},
				"west": {"uv": [9.22581, 11.09677, 9.29032, 12.3871], "rotation": 90, "texture": "#0"},
				"up": {"uv": [9.29032, 12.3871, 9.22581, 11.09677], "texture": "#0"},
				"down": {"uv": [9.29032, 11.09677, 9.22581, 12.3871], "texture": "#0"}
			}
		},
		{
			"from": [-1.5, 0, 6.5],
			"to": [1.5, 13, 9.5],
			"faces": {
				"north": {"uv": [8.25806, 11.09677, 9.03226, 11.16129], "texture": "#0"},
				"east": {"uv": [8.25806, 11.09677, 9.03226, 11.16129], "texture": "#0"},
				"south": {"uv": [8.25806, 11.09677, 9.03226, 11.16129], "texture": "#0"},
				"west": {"uv": [8.25806, 11.09677, 9.03226, 11.16129], "texture": "#0"},
				"down": {"uv": [8.45161, 13.16129, 8.3871, 13.22581], "texture": "#0"}
			}
		},
		{
			"from": [14, 0.4, 6],
			"to": [18, 3.9, 10],
			"faces": {
				"north": {"uv": [8.25806, 15.09677, 9.29032, 16], "texture": "#0"},
				"east": {"uv": [8.25806, 15.09677, 9.29032, 16], "texture": "#0"},
				"south": {"uv": [8.25806, 15.09677, 9.29032, 16], "texture": "#0"},
				"west": {"uv": [9.29032, 15.09677, 10.32258, 16], "texture": "#0"},
				"up": {"uv": [8.45161, 13.22581, 8.3871, 13.16129], "texture": "#0"},
				"down": {"uv": [8.45161, 13.16129, 8.3871, 13.22581], "texture": "#0"}
			}
		},
		{
			"from": [14, 5, 6],
			"to": [18, 11.1, 10],
			"faces": {
				"north": {"uv": [8.25806, 13.09677, 9.29032, 14.64516], "texture": "#0"},
				"east": {"uv": [8.25806, 13.09677, 9.29032, 14.64516], "texture": "#0"},
				"south": {"uv": [8.25806, 13.09677, 9.29032, 14.64516], "texture": "#0"},
				"west": {"uv": [8.25806, 13.09677, 9.29032, 14.64516], "texture": "#0"},
				"down": {"uv": [8.45161, 13.16129, 8.3871, 13.22581], "texture": "#0"}
			}
		},
		{
			"from": [14.2, 4.3, 6.2],
			"to": [17.8, 11.8, 9.8],
			"faces": {
				"north": {"uv": [8.25806, 11.09677, 9.16129, 13.03226], "texture": "#0"},
				"east": {"uv": [8.25806, 11.09677, 9.16129, 13.03226], "texture": "#0"},
				"south": {"uv": [8.25806, 11.09677, 9.16129, 13.03226], "texture": "#0"},
				"west": {"uv": [8.25806, 11.09677, 9.16129, 13.03226], "texture": "#0"},
				"down": {"uv": [8.45161, 13.16129, 8.3871, 13.22581], "texture": "#0"}
			}
		},
		{
			"from": [14.5, 0, 6.5],
			"to": [17.5, 13, 9.5],
			"faces": {
				"north": {"uv": [8.25806, 11.09677, 9.03226, 11.16129], "texture": "#0"},
				"east": {"uv": [8.25806, 11.09677, 9.03226, 11.16129], "texture": "#0"},
				"south": {"uv": [8.25806, 11.09677, 9.03226, 11.16129], "texture": "#0"},
				"west": {"uv": [8.25806, 11.09677, 9.03226, 11.16129], "texture": "#0"},
				"down": {"uv": [8.45161, 13.16129, 8.3871, 13.22581], "texture": "#0"}
			}
		},
		{
			"from": [-2, 0.4, 6],
			"to": [2, 3.9, 10],
			"faces": {
				"north": {"uv": [8.25806, 15.09677, 9.29032, 16], "texture": "#0"},
				"east": {"uv": [9.29032, 15.09677, 10.32258, 16], "texture": "#0"},
				"south": {"uv": [8.25806, 15.09677, 9.29032, 16], "texture": "#0"},
				"west": {"uv": [8.25806, 15.09677, 9.29032, 16], "texture": "#0"},
				"up": {"uv": [8.45161, 13.22581, 8.3871, 13.16129], "texture": "#0"},
				"down": {"uv": [8.45161, 13.16129, 8.3871, 13.22581], "texture": "#0"}
			}
		},
		{
			"from": [2, 1.6, 7.5],
			"to": [14, 2.7, 8.5],
			"faces": {
				"north": {"uv": [9.80645, 11.87097, 9.54839, 14.96774], "rotation": 90, "texture": "#0"},
				"south": {"uv": [9.54839, 11.87097, 9.80645, 14.96774], "rotation": 90, "texture": "#0"},
				"up": {"uv": [9.80645, 14.96774, 9.54839, 11.87097], "rotation": 90, "texture": "#0"},
				"down": {"uv": [9.80645, 14.96774, 9.54839, 11.87097], "rotation": 90, "texture": "#0"}
			}
		},
		{
			"from": [-2, 5, 6],
			"to": [2, 11.1, 10],
			"faces": {
				"north": {"uv": [8.25806, 13.09677, 9.29032, 14.64516], "texture": "#0"},
				"east": {"uv": [8.25806, 13.09677, 9.29032, 14.64516], "texture": "#0"},
				"south": {"uv": [8.25806, 13.09677, 9.29032, 14.64516], "texture": "#0"},
				"west": {"uv": [8.25806, 13.09677, 9.29032, 14.64516], "texture": "#0"},
				"down": {"uv": [8.45161, 13.16129, 8.3871, 13.22581], "texture": "#0"}
			}
		},
		{
			"from": [-1.8, 4.3, 6.2],
			"to": [1.8, 11.8, 9.8],
			"faces": {
				"north": {"uv": [8.25806, 11.09677, 9.16129, 13.03226], "texture": "#0"},
				"east": {"uv": [8.25806, 11.09677, 9.16129, 13.03226], "texture": "#0"},
				"south": {"uv": [8.25806, 11.09677, 9.16129, 13.03226], "texture": "#0"},
				"west": {"uv": [8.25806, 11.09677, 9.16129, 13.03226], "texture": "#0"},
				"down": {"uv": [8.45161, 13.16129, 8.3871, 13.22581], "texture": "#0"}
			}
		},
		{
			"from": [-4, 1.7, 7],
			"to": [1, 3.7, 9],
			"rotation": {"angle": 22.5, "axis": "z", "origin": [0, 0, 0]},
			"faces": {
				"north": {"uv": [10.83871, 1.29032, 10.32258, 0], "rotation": 90, "texture": "#0"},
				"south": {"uv": [10.83871, 3.09677, 10.32258, 1.80645], "rotation": 90, "texture": "#0"},
				"west": {"uv": [10.32258, 1.29032, 10.83871, 1.80645], "texture": "#0"},
				"up": {"uv": [10.32258, 3.09677, 10.83871, 4.3871], "rotation": 90, "texture": "#0"},
				"down": {"uv": [10.83871, 5.67742, 10.32258, 4.3871], "rotation": 90, "texture": "#0"}
			}
		},
		{
			"from": [13.8, 7.8, 7],
			"to": [18.8, 9.8, 9],
			"rotation": {"angle": -22.5, "axis": "z", "origin": [0, 0, 0]},
			"faces": {
				"north": {"uv": [10.83871, 3.09677, 10.32258, 1.80645], "rotation": 90, "texture": "#0"},
				"east": {"uv": [10.32258, 1.29032, 10.83871, 1.80645], "texture": "#0"},
				"south": {"uv": [10.83871, 1.29032, 10.32258, 0], "rotation": 90, "texture": "#0"},
				"up": {"uv": [10.83871, 4.3871, 10.32258, 3.09677], "rotation": 90, "texture": "#0"},
				"down": {"uv": [10.32258, 4.3871, 10.83871, 5.67742], "rotation": 90, "texture": "#0"}
			}
		},
		{
			"from": [-1, 4.8, 6.8],
			"to": [1, 6.8, 11.8],
			"rotation": {"angle": 22.5, "axis": "x", "origin": [0, 0, 0]},
			"faces": {
				"east": {"uv": [10.83871, 3.09677, 10.32258, 1.80645], "rotation": 90, "texture": "#0"},
				"south": {"uv": [10.32258, 1.80645, 10.83871, 1.29032], "texture": "#0"},
				"west": {"uv": [10.83871, 1.29032, 10.32258, 0], "rotation": 90, "texture": "#0"},
				"up": {"uv": [10.32258, 3.09677, 10.83871, 4.3871], "texture": "#0"},
				"down": {"uv": [10.32258, 4.3871, 10.83871, 5.67742], "texture": "#0"}
			}
		},
		{
			"from": [15, 4.8, 6.8],
			"to": [17, 6.8, 11.8],
			"rotation": {"angle": 22.5, "axis": "x", "origin": [0, 0, 0]},
			"faces": {
				"east": {"uv": [10.83871, 3.09677, 10.32258, 1.80645], "rotation": 90, "texture": "#0"},
				"south": {"uv": [10.32258, 1.29032, 10.83871, 1.80645], "texture": "#0"},
				"west": {"uv": [10.83871, 1.29032, 10.32258, 0], "rotation": 90, "texture": "#0"},
				"up": {"uv": [10.83871, 4.3871, 10.32258, 3.09677], "rotation": 180, "texture": "#0"},
				"down": {"uv": [10.32258, 4.3871, 10.83871, 5.67742], "texture": "#0"}
			}
		},
		{
			"from": [-1, -1.4, 3.4],
			"to": [1, 0.6, 8.4],
			"rotation": {"angle": -22.5, "axis": "x", "origin": [0, 0, 0]},
			"faces": {
				"north": {"uv": [10.32258, 1.29032, 10.83871, 1.80645], "texture": "#0"},
				"east": {"uv": [10.83871, 1.29032, 10.32258, 0], "rotation": 90, "texture": "#0"},
				"west": {"uv": [10.83871, 3.09677, 10.32258, 1.80645], "rotation": 90, "texture": "#0"},
				"up": {"uv": [10.83871, 4.3871, 10.32258, 3.09677], "texture": "#0"},
				"down": {"uv": [10.32258, 4.3871, 10.83871, 5.6129], "rotation": 180, "texture": "#0"}
			}
		},
		{
			"from": [15, -1.4, 3.4],
			"to": [17, 0.6, 8.4],
			"rotation": {"angle": -22.5, "axis": "x", "origin": [0, 0, 0]},
			"faces": {
				"north": {"uv": [10.32258, 1.29032, 10.83871, 1.80645], "texture": "#0"},
				"east": {"uv": [10.83871, 1.29032, 10.32258, 0], "rotation": 90, "texture": "#0"},
				"west": {"uv": [10.83871, 3.09677, 10.32258, 1.80645], "rotation": 90, "texture": "#0"},
				"up": {"uv": [10.83871, 4.3871, 10.32258, 3.22581], "texture": "#0"},
				"down": {"uv": [10.32258, 4.3871, 10.83871, 5.67742], "rotation": 180, "texture": "#0"}
			}
		}
	],
	"display": {
		"thirdperson_righthand": {
			"scale": [0.5, 0.5, 0.5]
		},
		"thirdperson_lefthand": {
			"scale": [0.5, 0.5, 0.5]
		},
		"firstperson_righthand": {
			"scale": [0.5, 0.5, 0.5]
		},
		"firstperson_lefthand": {
			"scale": [0.5, 0.5, 0.5]
		},
		"ground": {
			"translation": [0, 4.25, 0]
		},
		"gui": {
			"rotation": [91, 0, 0],
			"scale": [0.6, 0.6, 0.6]
		},
		"head": {
			"translation": [0, -31, 0],
			"scale": [1.5, 1.5, 1.5]
		},
		"fixed": {
			"rotation": [-90, 0, 0],
			"scale": [0.5, 0.5, 0.5]
		}
	},
	"groups": [
		{
			"name": "group",
			"origin": [0, 0, 0],
			"color": 0,
			"children": [
				0,
				1,
				2,
				3,
				4,
				5,
				6,
				7,
				8,
				9,
				10,
				11,
				12,
				13,
				14,
				15,
				16,
				17,
				18,
				19,
				20,
				21,
				22,
				23,
				24,
				25,
				26,
				27,
				28,
				29,
				30,
				31,
				32,
				33,
				34,
				35,
				36,
				37,
				38,
				39,
				40,
				41,
				42,
				43,
				44,
				45,
				46,
				47,
				48,
				49,
				50,
				51,
				52,
				53
			]
		}
	]
}