{
	"credit": "",
	"texture_size": [42, 42],
	"textures": {
		"0": "custom/blocks/races",
		"particle": "custom/blocks/races"
	},
	"elements": [
		{
			"from": [1, 0, 1],
			"to": [15, 1, 15],
			"faces": {
				"north": {"uv": [0, 6.09524, 5.33333, 6.47619], "texture": "#0"},
				"east": {"uv": [0, 6.09524, 5.33333, 6.47619], "texture": "#0"},
				"south": {"uv": [0, 6.09524, 5.33333, 6.47619], "texture": "#0"},
				"west": {"uv": [0, 6.09524, 5.33333, 6.47619], "texture": "#0"},
				"up": {"uv": [16, 5.33333, 10.66667, 0], "texture": "#0"},
				"down": {"uv": [16, 0, 10.66667, 5.33333], "texture": "#0"}
			}
		},
		{
			"from": [2, 1, 3],
			"to": [14, 1.5, 5],
			"faces": {
				"north": {"uv": [5.33333, 6.09524, 5.52381, 6.28571], "texture": "#0"},
				"east": {"uv": [5.33333, 6.09524, 5.52381, 6.28571], "texture": "#0"},
				"west": {"uv": [5.33333, 6.09524, 5.52381, 6.28571], "texture": "#0"},
				"up": {"uv": [4.57143, 7.2381, 0, 6.47619], "texture": "#0"},
				"down": {"uv": [4.57143, 6.47619, 0, 7.2381], "texture": "#0"}
			}
		},
		{
			"from": [2, 1, 5],
			"to": [14, 14, 15],
			"faces": {
				"north": {"uv": [6.09524, 5.71429, 10.66667, 10.66667], "texture": "#0"},
				"east": {"uv": [11.42857, 10.28571, 15.2381, 15.2381], "texture": "#0"},
				"south": {"uv": [10.66667, 5.33333, 15.2381, 10.28571], "texture": "#0"},
				"west": {"uv": [15.2381, 10.28571, 11.42857, 15.2381], "texture": "#0"}
			}
		},
		{
			"from": [14, 11, 6],
			"to": [15, 11.4, 21],
			"rotation": {"angle": -22.5, "axis": "x", "origin": [0, 0, 0]},
			"faces": {
				"north": {"uv": [5.33333, 6.28571, 5.52381, 6.47619], "texture": "#0"},
				"east": {"uv": [5.33333, 6.28571, 5.52381, 6.47619], "texture": "#0"},
				"south": {"uv": [5.33333, 6.28571, 5.52381, 6.47619], "texture": "#0"},
				"west": {"uv": [5.33333, 6.09524, 5.52381, 6.28571], "texture": "#0"},
				"up": {"uv": [6.09524, 11.42857, 5.71429, 5.71429], "texture": "#0"}
			}
		},
		{
			"from": [1, 11, 6],
			"to": [2, 11.4, 21],
			"rotation": {"angle": -22.5, "axis": "x", "origin": [0, 0, 0]},
			"faces": {
				"north": {"uv": [5.33333, 6.28571, 5.52381, 6.47619], "texture": "#0"},
				"east": {"uv": [5.33333, 6.09524, 5.52381, 6.28571], "texture": "#0"},
				"south": {"uv": [5.33333, 6.28571, 5.52381, 6.47619], "texture": "#0"},
				"west": {"uv": [5.33333, 6.28571, 5.52381, 6.47619], "texture": "#0"},
				"up": {"uv": [5.71429, 11.42857, 6.09524, 5.71429], "texture": "#0"}
			}
		},
		{
			"from": [2, 11, 20],
			"to": [14, 11.4, 21],
			"rotation": {"angle": -22.5, "axis": "x", "origin": [0, 0, 0]},
			"faces": {
				"north": {"uv": [5.33333, 6.09524, 5.52381, 6.28571], "texture": "#0"},
				"south": {"uv": [5.33333, 6.28571, 5.52381, 6.47619], "texture": "#0"},
				"up": {"uv": [6.09524, 11.04762, 5.71429, 6.47619], "rotation": 90, "texture": "#0"}
			}
		},
		{
			"from": [2, 11, 6],
			"to": [14, 11.4, 7],
			"rotation": {"angle": -22.5, "axis": "x", "origin": [0, 0, 0]},
			"faces": {
				"north": {"uv": [5.33333, 6.28571, 5.52381, 6.47619], "texture": "#0"},
				"south": {"uv": [5.33333, 6.09524, 5.52381, 6.28571], "texture": "#0"},
				"up": {"uv": [5.71429, 10.95238, 6.09524, 6.38095], "rotation": 90, "texture": "#0"}
			}
		},
		{
			"from": [2, 11, 9.6],
			"to": [14, 11.2, 10],
			"rotation": {"angle": -22.5, "axis": "x", "origin": [0, 0, 0]},
			"faces": {
				"north": {"uv": [5.33333, 6.09524, 5.52381, 6.28571], "texture": "#0"},
				"south": {"uv": [5.33333, 6.09524, 5.52381, 6.28571], "texture": "#0"},
				"up": {"uv": [5.52381, 6.28571, 5.33333, 6.09524], "texture": "#0"},
				"down": {"uv": [5.52381, 6.09524, 5.33333, 6.28571], "texture": "#0"}
			}
		},
		{
			"from": [11.7, 11, 7.4],
			"to": [13.3, 11.2, 9],
			"rotation": {"angle": -22.5, "axis": "x", "origin": [0, 0, 0]},
			"faces": {
				"north": {"uv": [2, 9.14286, 2.57143, 9.2381], "texture": "#0"},
				"east": {"uv": [2, 9.04762, 2.57143, 9.14286], "texture": "#0"},
				"south": {"uv": [2, 9.04762, 2.57143, 9.14286], "texture": "#0"},
				"west": {"uv": [2, 8.95238, 2.57143, 9.04762], "texture": "#0"},
				"up": {"uv": [0.57143, 9.52381, 0, 8.95238], "texture": "#0"}
			}
		},
		{
			"from": [11.9, 11, 7.6],
			"to": [13.1, 11.4, 8.8],
			"rotation": {"angle": -22.5, "axis": "x", "origin": [0, 0, 0]},
			"faces": {
				"north": {"uv": [1.04762, 8.95238, 1.52381, 9.14286], "texture": "#0"},
				"east": {"uv": [1.52381, 8.95238, 2, 9.14286], "texture": "#0"},
				"south": {"uv": [1.52381, 8.95238, 2, 9.14286], "texture": "#0"},
				"west": {"uv": [1.52381, 9.14286, 2, 9.33333], "texture": "#0"},
				"up": {"uv": [1.04762, 9.42857, 0.57143, 8.95238], "texture": "#0"}
			}
		},
		{
			"from": [9.7, 11, 7.4],
			"to": [11.3, 11.2, 9],
			"rotation": {"angle": -22.5, "axis": "x", "origin": [0, 0, 0]},
			"faces": {
				"north": {"uv": [2, 9.71429, 2.57143, 9.80952], "texture": "#0"},
				"east": {"uv": [2, 9.61905, 2.57143, 9.71429], "texture": "#0"},
				"south": {"uv": [2, 9.61905, 2.57143, 9.71429], "texture": "#0"},
				"west": {"uv": [2, 9.52381, 2.57143, 9.61905], "texture": "#0"},
				"up": {"uv": [0.57143, 10.09524, 0, 9.52381], "texture": "#0"}
			}
		},
		{
			"from": [7.9, 11, 7.6],
			"to": [9.1, 11.4, 8.8],
			"rotation": {"angle": -22.5, "axis": "x", "origin": [0, 0, 0]},
			"faces": {
				"north": {"uv": [1.04762, 10.09524, 1.52381, 10.28571], "texture": "#0"},
				"east": {"uv": [1.52381, 10.09524, 2, 10.28571], "texture": "#0"},
				"south": {"uv": [1.52381, 10.09524, 2, 10.28571], "texture": "#0"},
				"west": {"uv": [1.52381, 10.28571, 2, 10.47619], "texture": "#0"},
				"up": {"uv": [1.04762, 10.57143, 0.57143, 10.09524], "texture": "#0"}
			}
		},
		{
			"from": [7.7, 11, 7.4],
			"to": [9.3, 11.2, 9],
			"rotation": {"angle": -22.5, "axis": "x", "origin": [0, 0, 0]},
			"faces": {
				"north": {"uv": [1.99048, 10.26667, 2.5619, 10.3619], "texture": "#0"},
				"east": {"uv": [2, 10.19048, 2.57143, 10.28571], "texture": "#0"},
				"south": {"uv": [2, 10.19048, 2.57143, 10.28571], "texture": "#0"},
				"west": {"uv": [2, 10.09524, 2.57143, 10.19048], "texture": "#0"},
				"up": {"uv": [0.57143, 10.66667, 0, 10.09524], "texture": "#0"}
			}
		},
		{
			"from": [2.7, 11, 8.8],
			"to": [4.3, 11.1, 9],
			"rotation": {"angle": -22.5, "axis": "x", "origin": [0, 0, 0]},
			"faces": {
				"north": {"uv": [5.33333, 6.09524, 5.52381, 6.28571], "texture": "#0"},
				"east": {"uv": [5.33333, 6.09524, 5.52381, 6.28571], "texture": "#0"},
				"south": {"uv": [5.33333, 6.09524, 5.52381, 6.28571], "texture": "#0"},
				"west": {"uv": [5.33333, 6.09524, 5.52381, 6.28571], "texture": "#0"},
				"up": {"uv": [5.52381, 6.28571, 5.33333, 6.09524], "texture": "#0"},
				"down": {"uv": [5.52381, 6.09524, 5.33333, 6.28571], "texture": "#0"}
			}
		},
		{
			"from": [2.7, 11, 8.3],
			"to": [4.3, 11.1, 8.5],
			"rotation": {"angle": -22.5, "axis": "x", "origin": [0, 0, 0]},
			"faces": {
				"north": {"uv": [5.33333, 6.09524, 5.52381, 6.28571], "texture": "#0"},
				"east": {"uv": [5.33333, 6.09524, 5.52381, 6.28571], "texture": "#0"},
				"south": {"uv": [5.33333, 6.09524, 5.52381, 6.28571], "texture": "#0"},
				"west": {"uv": [5.33333, 6.09524, 5.52381, 6.28571], "texture": "#0"},
				"up": {"uv": [5.52381, 6.28571, 5.33333, 6.09524], "texture": "#0"}
			}
		},
		{
			"from": [4.1, 11, 8.5],
			"to": [4.3, 11.1, 8.8],
			"rotation": {"angle": -22.5, "axis": "x", "origin": [0, 0, 0]},
			"faces": {
				"north": {"uv": [5.33333, 6.09524, 5.52381, 6.28571], "texture": "#0"},
				"east": {"uv": [5.33333, 6.09524, 5.52381, 6.28571], "texture": "#0"},
				"west": {"uv": [5.33333, 6.09524, 5.52381, 6.28571], "texture": "#0"},
				"up": {"uv": [5.52381, 6.28571, 5.33333, 6.09524], "texture": "#0"},
				"down": {"uv": [5.52381, 6.09524, 5.33333, 6.28571], "texture": "#0"}
			}
		},
		{
			"from": [2.7, 11, 8.5],
			"to": [2.9, 11.1, 8.8],
			"rotation": {"angle": -22.5, "axis": "x", "origin": [0, 0, 0]},
			"faces": {
				"east": {"uv": [5.33333, 6.09524, 5.52381, 6.28571], "texture": "#0"},
				"south": {"uv": [5.33333, 6.09524, 5.52381, 6.28571], "texture": "#0"},
				"west": {"uv": [5.33333, 6.09524, 5.52381, 6.28571], "texture": "#0"},
				"up": {"uv": [5.52381, 6.28571, 5.33333, 6.09524], "texture": "#0"},
				"down": {"uv": [5.52381, 6.09524, 5.33333, 6.28571], "texture": "#0"}
			}
		},
		{
			"from": [9.9, 11, 7.6],
			"to": [11.1, 11.4, 8.8],
			"rotation": {"angle": -22.5, "axis": "x", "origin": [0, 0, 0]},
			"faces": {
				"north": {"uv": [1.04762, 9.52381, 1.52381, 9.71429], "texture": "#0"},
				"east": {"uv": [1.04762, 9.71429, 1.52381, 9.90476], "texture": "#0"},
				"south": {"uv": [1.04762, 9.71429, 1.52381, 9.90476], "texture": "#0"},
				"west": {"uv": [1.52381, 9.71429, 2, 9.90476], "texture": "#0"},
				"up": {"uv": [1.04762, 10, 0.57143, 9.52381], "texture": "#0"}
			}
		},
		{
			"from": [1, 10, 6],
			"to": [15, 11, 21],
			"rotation": {"angle": -22.5, "axis": "x", "origin": [0, 0, 0]},
			"faces": {
				"north": {"uv": [0, 5.71429, 5.33333, 6.09524], "texture": "#0"},
				"east": {"uv": [0, 5.71429, 5.71429, 6.09524], "texture": "#0"},
				"south": {"uv": [0, 5.71429, 5.33333, 6.09524], "texture": "#0"},
				"west": {"uv": [0, 5.71429, 5.71429, 6.09524], "texture": "#0"},
				"up": {"uv": [5.33333, 5.71429, 0, 0], "texture": "#0"},
				"down": {"uv": [10.66667, 0, 5.33333, 5.71429], "texture": "#0"}
			}
		},
		{
			"from": [1.5, 9, 6.5],
			"to": [14.5, 10, 20.5],
			"rotation": {"angle": -22.5, "axis": "x", "origin": [0, 0, 0]},
			"faces": {
				"north": {"uv": [0, 7.2381, 4.95238, 7.61905], "texture": "#0"},
				"east": {"uv": [0, 7.2381, 5.33333, 7.61905], "texture": "#0"},
				"south": {"uv": [0, 7.2381, 4.95238, 7.61905], "texture": "#0"},
				"west": {"uv": [0, 7.2381, 5.33333, 7.61905], "texture": "#0"},
				"down": {"uv": [10.28571, 0, 5.33333, 5.33333], "texture": "#0"}
			}
		},
		{
			"from": [2, 7.52932, 9.4697],
			"to": [14, 9.32932, 19.4697],
			"rotation": {"angle": -22.5, "axis": "x", "origin": [0, -0.47068, 0.9697]},
			"faces": {
				"east": {"uv": [0, 8.28571, 3.80952, 8.95238], "texture": "#0"},
				"south": {"uv": [0, 7.61905, 4.57143, 8.28571], "texture": "#0"},
				"west": {"uv": [3.80952, 8.28571, 0, 8.95238], "texture": "#0"}
			}
		}
	],
	"display": {
		"thirdperson_righthand": {
			"scale": [0.65, 0.65, 0.65]
		},
		"thirdperson_lefthand": {
			"scale": [0.65, 0.65, 0.65]
		},
		"firstperson_righthand": {
			"rotation": [-180, 0, -180],
			"scale": [0.65, 0.65, 0.65]
		},
		"firstperson_lefthand": {
			"rotation": [0, -180, 0],
			"scale": [0.65, 0.65, 0.65]
		},
		"ground": {
			"translation": [0, 4.5, 0]
		},
		"gui": {
			"rotation": [-107.75, 0, -180]
		},
		"head": {
			"translation": [0, -31.25, 0],
			"scale": [1.49, 1.49, 1.49]
		},
		"fixed": {
			"rotation": [-66.75, 0, 0]
		}
	},
	"groups": [
		{
			"name": "group",
			"origin": [0, -0.47068, 0.9697],
			"color": 0,
			"children": [0, 1, 2, 3, 4, 5, 6, 7, 8, 9, 10, 11, 12, 13, 14, 15, 16, 17, 18, 19, 20]
		}
	]
}