{
	"credit": "",
	"texture_size": [32, 32],
	"textures": {
		"0": "custom/blocks/rockpaperscissors",
		"1": "custom/blocks/rockpaperscissors_anim",
		"particle": "custom/blocks/rockpaperscissors"
	},
	"elements": [
		{
			"from": [1, 27.5, 14],
			"to": [15, 32, 14],
			"faces": {
				"north": {"uv": [0, 0, 10.29885, 3.31034], "texture": "#1"}
			}
		},
		{
			"from": [2, 18, 14],
			"to": [14, 27, 14],
			"faces": {
				"north": {"uv": [0.73563, 3.31034, 9.56322, 9.93103], "texture": "#1"}
			}
		},
		{
			"from": [2, 13.08493, 5.46366],
			"to": [14, 22.08493, 5.46366],
			"rotation": {"angle": 22.5, "axis": "x", "origin": [0, -1.41507, 1.46366]},
			"faces": {
				"north": {"uv": [0.73563, 9.37931, 9.56322, 16], "texture": "#1"}
			}
		},
		{
			"from": [0.5, 0, 7],
			"to": [2, 10, 16],
			"faces": {
				"north": {"uv": [14.2, 8, 14.8, 12], "texture": "#0"},
				"east": {"uv": [11.2, 4, 14.8, 8], "texture": "#0"},
				"south": {"uv": [14.2, 8, 14.8, 12], "texture": "#0"},
				"west": {"uv": [11.2, 4, 14.8, 8], "texture": "#0"},
				"down": {"uv": [12, 7.5, 11.4, 7.9], "texture": "#0"}
			}
		},
		{
			"from": [14, 0, 7],
			"to": [15.5, 10, 16],
			"faces": {
				"north": {"uv": [14.2, 8, 14.8, 12], "texture": "#0"},
				"east": {"uv": [11.2, 4, 14.8, 8], "texture": "#0"},
				"south": {"uv": [14.2, 8, 14.8, 12], "texture": "#0"},
				"west": {"uv": [11.2, 4, 14.8, 8], "texture": "#0"},
				"down": {"uv": [12, 7.5, 11.4, 7.9], "texture": "#0"}
			}
		},
		{
			"from": [2, 0, 14],
			"to": [14, 10, 16],
			"faces": {
				"south": {"uv": [11.2, 0, 16, 4], "texture": "#0"},
				"down": {"uv": [12.1, 7.5, 11.9, 7.9], "texture": "#0"}
			}
		},
		{
			"from": [2, 18, 14],
			"to": [14, 27, 16],
			"faces": {
				"south": {"uv": [0.7, 5.1, 5.5, 8.7], "texture": "#0"},
				"up": {"uv": [11.8, 7.9, 11.4, 7.5], "texture": "#0"}
			}
		},
		{
			"from": [3, 11, 14],
			"to": [5, 18, 15.5],
			"faces": {
				"north": {"uv": [14.8, 7.1, 15.6, 9.9], "texture": "#0"},
				"east": {"uv": [14.8, 7.1, 15.6, 9.9], "texture": "#0"},
				"south": {"uv": [14.8, 7.1, 15.6, 9.9], "texture": "#0"},
				"west": {"uv": [14.8, 7.1, 15.6, 9.9], "texture": "#0"}
			}
		},
		{
			"from": [11, 11, 14],
			"to": [13, 18, 15.5],
			"faces": {
				"north": {"uv": [14.8, 7, 15.6, 9.8], "texture": "#0"},
				"east": {"uv": [14.8, 7, 15.6, 9.8], "texture": "#0"},
				"south": {"uv": [14.8, 7, 15.6, 9.8], "texture": "#0"},
				"west": {"uv": [14.8, 7, 15.6, 9.8], "texture": "#0"}
			}
		},
		{
			"from": [1, 18, 13.7],
			"to": [2, 27, 16],
			"faces": {
				"north": {"uv": [5.4, 9.6, 5.8, 13.2], "texture": "#0"},
				"east": {"uv": [4.6, 9.6, 5.5, 13.2], "texture": "#0"},
				"south": {"uv": [2.6, 5.2, 3, 8.8], "texture": "#0"},
				"west": {"uv": [5.8, 9.6, 4.9, 13.2], "texture": "#0"},
				"up": {"uv": [4.8, 13.6, 5.7, 14], "rotation": 90, "texture": "#0"}
			}
		},
		{
			"from": [14, 13.08493, 4.96366],
			"to": [15, 22.08493, 7.46366],
			"rotation": {"angle": 22.5, "axis": "x", "origin": [12, -1.41507, 1.46366]},
			"faces": {
				"north": {"uv": [6.4, 9.6, 6, 13.2], "texture": "#0"},
				"east": {"uv": [4.8, 9.6, 5.8, 13.2], "texture": "#0"},
				"south": {"uv": [2.6, 5.3, 3, 8.9], "texture": "#0"},
				"west": {"uv": [6.1, 9.6, 5.1, 13.2], "texture": "#0"}
			}
		},
		{
			"from": [14, 18, 13.7],
			"to": [15, 27, 16],
			"rotation": {"angle": 0, "axis": "y", "origin": [12, 0, 0]},
			"faces": {
				"north": {"uv": [6.4, 9.6, 6, 13.2], "texture": "#0"},
				"east": {"uv": [4.9, 9.6, 5.8, 13.2], "texture": "#0"},
				"south": {"uv": [3, 5.2, 3.4, 8.8], "texture": "#0"},
				"west": {"uv": [5.5, 9.6, 4.6, 13.2], "texture": "#0"},
				"up": {"uv": [4.8, 14, 5.7, 13.6], "rotation": 90, "texture": "#0"}
			}
		},
		{
			"from": [1, 27.5, 14],
			"to": [15, 32, 16],
			"faces": {
				"east": {"uv": [4.9, 10.2, 5.7, 12], "texture": "#0"},
				"south": {"uv": [0.3, 5.5, 5.9, 7.3], "texture": "#0"},
				"west": {"uv": [5.7, 10.2, 4.9, 12], "texture": "#0"},
				"up": {"uv": [12, 10.4, 6.4, 9.6], "texture": "#0"},
				"down": {"uv": [12, 10.8, 6.4, 11.6], "texture": "#0"}
			}
		},
		{
			"from": [14, 27.5, 13.7],
			"to": [15, 32, 14],
			"faces": {
				"north": {"uv": [6.4, 10.2, 6, 12], "texture": "#0"},
				"east": {"uv": [6.3, 10.2, 6.4, 12], "texture": "#0"},
				"west": {"uv": [6, 10.2, 6.1, 12], "texture": "#0"},
				"up": {"uv": [6, 10.3, 6.4, 10.2], "texture": "#0"},
				"down": {"uv": [6.4, 9.7, 6, 9.8], "texture": "#0"}
			}
		},
		{
			"from": [1, 27.5, 13.7],
			"to": [2, 32, 14],
			"faces": {
				"north": {"uv": [6, 10.2, 6.4, 12], "texture": "#0"},
				"east": {"uv": [6, 10.2, 6.1, 12], "texture": "#0"},
				"west": {"uv": [6.3, 10.2, 6.4, 12], "texture": "#0"},
				"up": {"uv": [6.4, 9.9, 6, 9.8], "texture": "#0"},
				"down": {"uv": [6.4, 9.6, 6, 9.7], "texture": "#0"}
			}
		},
		{
			"from": [2, 31, 13.7],
			"to": [14, 32, 14],
			"faces": {
				"north": {"uv": [6.8, 10.4, 11.6, 10.8], "texture": "#0"},
				"up": {"uv": [11.6, 10.5, 6.8, 10.4], "texture": "#0"},
				"down": {"uv": [11.6, 10.7, 6.8, 10.8], "texture": "#0"}
			}
		},
		{
			"from": [5, 27, 14],
			"to": [11, 27.5, 16],
			"faces": {
				"north": {"uv": [2.4, 6.8, 4.8, 7], "texture": "#0"},
				"east": {"uv": [3.2, 6.5, 4, 6.7], "texture": "#0"},
				"south": {"uv": [1.8, 5.8, 4.2, 6], "texture": "#0"},
				"west": {"uv": [1.8, 5.7, 2.6, 5.9], "texture": "#0"}
			}
		},
		{
			"from": [2, 13.08493, 5.46366],
			"to": [14, 22.08493, 7.46366],
			"rotation": {"angle": 22.5, "axis": "x", "origin": [0, -1.41507, 1.46366]},
			"faces": {
				"south": {"uv": [0, 9.6, 4.8, 13.2], "texture": "#0"}
			}
		},
		{
			"from": [1, 13.08493, 4.96366],
			"to": [2, 22.08493, 7.46366],
			"rotation": {"angle": 22.5, "axis": "x", "origin": [0, -1.41507, 1.46366]},
			"faces": {
				"north": {"uv": [6, 9.6, 6.4, 13.2], "texture": "#0"},
				"east": {"uv": [5.1, 9.6, 6.1, 13.2], "texture": "#0"},
				"south": {"uv": [2.2, 5.1, 2.6, 8.7], "texture": "#0"},
				"west": {"uv": [5.8, 9.6, 4.8, 13.2], "texture": "#0"}
			}
		},
		{
			"from": [2, 0, 12],
			"to": [14, 1, 14],
			"faces": {
				"down": {"uv": [12, 7.5, 11.4, 7.9], "texture": "#0"}
			}
		},
		{
			"from": [0, 10, 4],
			"to": [16, 11, 16],
			"faces": {
				"north": {"uv": [0, 13.2, 6.4, 13.6], "texture": "#0"},
				"east": {"uv": [0, 13.6, 4.8, 14], "texture": "#0"},
				"south": {"uv": [0, 13.6, 3.6, 14], "texture": "#0"},
				"west": {"uv": [4.8, 13.6, 0, 14], "texture": "#0"},
				"up": {"uv": [6.4, 4.8, 0, 0], "texture": "#0"},
				"down": {"uv": [6.4, 4.8, 0, 9.6], "texture": "#0"}
			}
		},
		{
			"from": [11, 11, 5.5],
			"to": [14, 11.2, 8.5],
			"faces": {
				"north": {"uv": [15, 4.2, 15.1, 4.3], "texture": "#0"},
				"east": {"uv": [15, 4.2, 15.1, 4.3], "texture": "#0"},
				"south": {"uv": [15, 4.2, 15.1, 4.3], "texture": "#0"},
				"west": {"uv": [15, 4.2, 15.1, 4.3], "texture": "#0"},
				"up": {"uv": [15.2, 4.4, 15, 4.2], "texture": "#0"}
			}
		},
		{
			"from": [11.3, 11.2, 5.8],
			"to": [13.7, 11.7, 8.2],
			"faces": {
				"north": {"uv": [15.8, 5, 16, 6], "rotation": 270, "texture": "#0"},
				"east": {"uv": [15.8, 5, 16, 6], "rotation": 270, "texture": "#0"},
				"south": {"uv": [15.8, 5, 16, 6], "rotation": 270, "texture": "#0"},
				"west": {"uv": [15.8, 5, 16, 6], "rotation": 270, "texture": "#0"},
				"up": {"uv": [15.8, 6, 14.8, 5], "texture": "#0"}
			}
		},
		{
			"from": [2, 11, 5.5],
			"to": [5, 11.2, 8.5],
			"faces": {
				"north": {"uv": [15, 4.2, 15.1, 4.3], "texture": "#0"},
				"east": {"uv": [15, 4.2, 15.1, 4.3], "texture": "#0"},
				"south": {"uv": [15, 4.2, 15.1, 4.3], "texture": "#0"},
				"west": {"uv": [15, 4.2, 15.1, 4.3], "texture": "#0"},
				"up": {"uv": [15.1, 4.3, 15, 4.2], "texture": "#0"}
			}
		},
		{
			"from": [2.3, 11.2, 5.8],
			"to": [4.7, 11.7, 8.2],
			"faces": {
				"north": {"uv": [16, 4, 15.8, 5], "rotation": 90, "texture": "#0"},
				"east": {"uv": [15.8, 4, 16, 5], "rotation": 270, "texture": "#0"},
				"south": {"uv": [15.8, 4, 16, 5], "rotation": 270, "texture": "#0"},
				"west": {"uv": [15.8, 4, 16, 5], "rotation": 270, "texture": "#0"},
				"up": {"uv": [15.8, 5, 14.8, 4], "texture": "#0"}
			}
		},
		{
			"from": [6.5, 11, 5.5],
			"to": [9.5, 11.2, 8.5],
			"faces": {
				"north": {"uv": [15, 4.2, 15.1, 4.3], "texture": "#0"},
				"east": {"uv": [15, 4.2, 15.1, 4.3], "texture": "#0"},
				"south": {"uv": [15, 4.2, 15.1, 4.3], "texture": "#0"},
				"west": {"uv": [15, 4.2, 15.1, 4.3], "texture": "#0"},
				"up": {"uv": [15.1, 4.3, 15, 4.2], "texture": "#0"}
			}
		},
		{
			"from": [6.8, 11.2, 5.8],
			"to": [9.2, 11.7, 8.2],
			"faces": {
				"north": {"uv": [16, 7, 15.8, 6], "rotation": 90, "texture": "#0"},
				"east": {"uv": [16, 6, 15.8, 7], "rotation": 90, "texture": "#0"},
				"south": {"uv": [16, 6, 15.8, 7], "rotation": 90, "texture": "#0"},
				"west": {"uv": [16, 6, 15.8, 7], "rotation": 90, "texture": "#0"},
				"up": {"uv": [15.8, 7, 14.8, 6], "texture": "#0"}
			}
		},
		{
			"from": [2, 0.53284, 14.67878],
			"to": [14, 11.53284, 15.67878],
			"rotation": {"angle": -22.5, "axis": "x", "origin": [0, -6.46716, 14.67878]},
			"faces": {
				"north": {"uv": [6.4, 0, 11.2, 4.4], "texture": "#0"}
			}
		},
		{
			"from": [2, 3.53284, 7.67878],
			"to": [14, 4.53284, 18.67878],
			"rotation": {"angle": -22.5, "axis": "x", "origin": [0, -6.46716, 14.67878]},
			"faces": {
				"north": {"uv": [6.4, 4.4, 11.2, 4.8], "texture": "#0"},
				"east": {"uv": [6.6, 4.4, 11, 4.8], "texture": "#0"},
				"west": {"uv": [6.8, 4.4, 11.2, 4.8], "texture": "#0"},
				"up": {"uv": [11.2, 9.2, 6.4, 4.8], "texture": "#0"},
				"down": {"uv": [11.2, 4.8, 6.4, 9.2], "texture": "#0"}
			}
		},
		{
			"from": [4, 3.53284, 6.67878],
			"to": [12, 4.53284, 7.67878],
			"rotation": {"angle": -22.5, "axis": "x", "origin": [0, -6.46716, 14.67878]},
			"faces": {
				"north": {"uv": [6.6, 4.4, 9.8, 4.8], "texture": "#0"},
				"east": {"uv": [7.8, 4.4, 8.2, 4.8], "texture": "#0"},
				"west": {"uv": [7.4, 4.4, 7.8, 4.8], "texture": "#0"},
				"up": {"uv": [10.4, 9.6, 7.2, 9.2], "texture": "#0"},
				"down": {"uv": [10.4, 9.2, 7.2, 9.6], "texture": "#0"}
			}
		}
	],
	"display": {
		"thirdperson_righthand": {
			"rotation": [39, 0, 0],
			"scale": [0.56, 0.56, 0.56]
		},
		"thirdperson_lefthand": {
			"rotation": [39, 0, 0],
			"scale": [0.56, 0.56, 0.56]
		},
		"firstperson_righthand": {
			"rotation": [0, 180, 0],
			"translation": [0, 0, 1],
			"scale": [0.56, 0.56, 0.56]
		},
		"firstperson_lefthand": {
			"rotation": [0, 180, 0],
			"translation": [0, 0, 1],
			"scale": [0.56, 0.56, 0.56]
		},
		"ground": {
			"translation": [0, 5, 0]
		},
		"gui": {
			"rotation": [0, 180, 0]
		},
		"head": {
			"translation": [0, -31.25, 0],
			"scale": [1.5, 1.5, 1.5]
		},
		"fixed": {
			"rotation": [-30, 0, 0],
			"translation": [0, 0, -1.25]
		}
	},
	"groups": [
		0,
		1,
		2,
		{
			"name": "group",
			"origin": [0, -6.46716, 14.67878],
			"color": 0,
			"children": [3, 4, 5, 6, 7, 8, 9, 10, 11, 12, 13, 14, 15, 16, 17, 18, 19, 20, 21, 22, 23, 24, 25, 26, 27, 28, 29]
		}
	]
}