{
	"credit": "Made with Blockbench",
	"texture_size": [64, 64],
	"textures": {
		"1": "simplehats:block/togepi"
	},
	"elements": [
		{
			"name": "torso",
			"from": [4, 1.5, 4],
			"to": [12, 6.5, 12],
			"rotation": {"angle": 0, "axis": "y", "origin": [8, 0, 8]},
			"faces": {
				"north": {"uv": [2, 6.25, 4, 7.5], "texture": "#1"},
				"east": {"uv": [0, 6.25, 2, 7.5], "texture": "#1"},
				"south": {"uv": [6, 6.25, 8, 7.5], "texture": "#1"},
				"west": {"uv": [4, 6.25, 6, 7.5], "texture": "#1"},
				"up": {"uv": [4, 6.25, 2, 4.25], "texture": "#1"},
				"down": {"uv": [6, 4.25, 4, 6.25], "texture": "#1"}
			}
		},
		{
			"name": "torso_shell",
			"from": [4, 6.5, 4],
			"to": [12, 8.5, 4],
			"rotation": {"angle": 0, "axis": "y", "origin": [8, 0, 8]},
			"faces": {
				"north": {"uv": [6, 4.25, 8, 4.75], "texture": "#1"},
				"east": {"uv": [6, 4.25, 6, 4.75], "texture": "#1"},
				"south": {"uv": [8, 4.25, 10, 4.75], "texture": "#1"},
				"west": {"uv": [8, 4.25, 8, 4.75], "texture": "#1"},
				"up": {"uv": [8, 4.25, 6, 4.25], "texture": "#1"},
				"down": {"uv": [10, 4.25, 8, 4.25], "texture": "#1"}
			}
		},
		{
			"name": "torso_shell",
			"from": [4, 6.5, 12],
			"to": [12, 8.5, 12],
			"rotation": {"angle": 0, "axis": "y", "origin": [8, 0, 8]},
			"faces": {
				"north": {"uv": [5.25, 1.25, 7.25, 1.75], "texture": "#1"},
				"east": {"uv": [5.25, 1.25, 5.25, 1.75], "texture": "#1"},
				"south": {"uv": [7.25, 1.25, 9.25, 1.75], "texture": "#1"},
				"west": {"uv": [7.25, 1.25, 7.25, 1.75], "texture": "#1"},
				"up": {"uv": [7.25, 1.25, 5.25, 1.25], "texture": "#1"},
				"down": {"uv": [9.25, 1.25, 7.25, 1.25], "texture": "#1"}
			}
		},
		{
			"name": "torso_shell",
			"from": [4, 6.5, 4],
			"to": [4, 8.5, 12],
			"rotation": {"angle": 0, "axis": "y", "origin": [8, 0, 8]},
			"faces": {
				"north": {"uv": [6, 7.5, 6, 8], "texture": "#1"},
				"east": {"uv": [4, 7.5, 6, 8], "texture": "#1"},
				"south": {"uv": [8, 7.5, 8, 8], "texture": "#1"},
				"west": {"uv": [6, 7.5, 8, 8], "texture": "#1"},
				"up": {"uv": [6, 7.5, 6, 5.5], "texture": "#1"},
				"down": {"uv": [6, 5.5, 6, 7.5], "texture": "#1"}
			}
		},
		{
			"name": "torso_shell",
			"from": [12, 6.5, 4],
			"to": [12, 8.5, 12],
			"rotation": {"angle": 0, "axis": "y", "origin": [8, 0, 8]},
			"faces": {
				"north": {"uv": [2, 7.5, 2, 8], "texture": "#1"},
				"east": {"uv": [0, 7.5, 2, 8], "texture": "#1"},
				"south": {"uv": [4, 7.5, 4, 8], "texture": "#1"},
				"west": {"uv": [2, 7.5, 4, 8], "texture": "#1"},
				"up": {"uv": [2, 7.5, 2, 5.5], "texture": "#1"},
				"down": {"uv": [2, 5.5, 2, 7.5], "texture": "#1"}
			}
		},
		{
			"name": "head",
			"from": [4.5, 2, 4.5],
			"to": [11.5, 11, 11.5],
			"rotation": {"angle": 0, "axis": "y", "origin": [8, 1, 8]},
			"faces": {
				"north": {"uv": [1.75, 1.75, 3.5, 4], "texture": "#1"},
				"east": {"uv": [0, 1.75, 1.75, 4.25], "texture": "#1"},
				"south": {"uv": [5.25, 1.75, 7, 4.25], "texture": "#1"},
				"west": {"uv": [3.5, 1.75, 5.25, 4.25], "texture": "#1"},
				"up": {"uv": [3.5, 1.75, 1.75, 0], "texture": "#1"},
				"down": {"uv": [5.25, 0, 3.5, 1.75], "texture": "#1"}
			}
		},
		{
			"name": "head_tuff_triangle",
			"from": [4.5, 9.5, 5.2],
			"to": [11.5, 14.5, 5.2],
			"rotation": {"angle": 22.5, "axis": "x", "origin": [7.75085, 11.98306, 8.6363]},
			"faces": {
				"north": {"uv": [5.25, 0, 7, 1.25], "texture": "#1"},
				"east": {"uv": [8.25, 1.75, 8.25, 3], "texture": "#1"},
				"south": {"uv": [5.25, 0, 7, 1.25], "texture": "#1"},
				"west": {"uv": [7, 1.75, 7, 3], "texture": "#1"},
				"up": {"uv": [8.25, 1.75, 7, 1.75], "rotation": 180, "texture": "#1"},
				"down": {"uv": [9.5, 1.75, 8.25, 1.75], "rotation": 180, "texture": "#1"}
			}
		},
		{
			"name": "head_tuff_triangle2",
			"from": [4.07246, 5.6504, 5.01571],
			"to": [4.07246, 10.6504, 10.01571],
			"rotation": {"angle": 22.5, "axis": "z", "origin": [-4.24915, 9.98306, -0.3637]},
			"faces": {
				"north": {"uv": [7, 1.75, 7, 3], "texture": "#1"},
				"east": {"uv": [8.25, 1.75, 9.5, 3], "texture": "#1"},
				"south": {"uv": [8.25, 1.75, 8.25, 3], "texture": "#1"},
				"west": {"uv": [7, 1.75, 8.25, 3], "texture": "#1"},
				"up": {"uv": [8.25, 1.75, 7, 1.75], "rotation": 270, "texture": "#1"},
				"down": {"uv": [9.5, 1.75, 8.25, 1.75], "rotation": 90, "texture": "#1"}
			}
		},
		{
			"name": "head_tuff_triangle3",
			"from": [10.86707, 11.9097, 5.08297],
			"to": [10.86707, 16.9097, 10.08297],
			"rotation": {"angle": -22.5, "axis": "z", "origin": [4.22591, 10.21603, -0.58938]},
			"faces": {
				"north": {"uv": [6, 4.75, 6, 6], "texture": "#1"},
				"east": {"uv": [7.25, 4.75, 8.5, 6], "texture": "#1"},
				"south": {"uv": [7.25, 4.75, 7.25, 6], "texture": "#1"},
				"west": {"uv": [6, 4.75, 7.25, 6], "texture": "#1"},
				"up": {"uv": [7.25, 4.75, 6, 4.75], "rotation": 270, "texture": "#1"},
				"down": {"uv": [8.5, 4.75, 7.25, 4.75], "rotation": 90, "texture": "#1"}
			}
		},
		{
			"name": "head_tuff_triangle4",
			"from": [3.5, 12.52893, 10.57824],
			"to": [8.5, 16.52893, 10.57824],
			"rotation": {"angle": 22.5, "axis": "x", "origin": [-2.31372, 10.84559, 3.11373]},
			"faces": {
				"north": {"uv": [0, 8, 1.25, 9], "texture": "#1"},
				"east": {"uv": [0, 8, 0, 9], "texture": "#1"},
				"south": {"uv": [1.25, 8, 2.5, 9], "texture": "#1"},
				"west": {"uv": [1.25, 8, 1.25, 9], "texture": "#1"},
				"up": {"uv": [1.25, 8, 0, 8], "texture": "#1"},
				"down": {"uv": [2.5, 8, 1.25, 8], "texture": "#1"}
			}
		},
		{
			"name": "head_tuff_triangle5",
			"from": [7.93548, 12.52129, 10.48997],
			"to": [12.93548, 16.52129, 10.48997],
			"rotation": {"angle": 22.5, "axis": "x", "origin": [2.2045, 10.86263, 3.10173]},
			"faces": {
				"north": {"uv": [7, 3, 8.25, 4], "texture": "#1"},
				"east": {"uv": [7, 3, 7, 4], "texture": "#1"},
				"south": {"uv": [8.25, 3, 9.5, 4], "texture": "#1"},
				"west": {"uv": [8.25, 3, 8.25, 4], "texture": "#1"},
				"up": {"uv": [8.25, 3, 7, 3], "texture": "#1"},
				"down": {"uv": [9.5, 3, 8.25, 3], "texture": "#1"}
			}
		},
		{
			"name": "mouth_closed",
			"from": [7.49, 7.79, 4.58],
			"to": [8.51, 8.81, 4.6],
			"rotation": {"angle": 0, "axis": "y", "origin": [8, 0, 8]},
			"faces": {
				"north": {"uv": [0, 1.5, 0.25, 1.75], "texture": "#1"},
				"east": {"uv": [0, 1.5, 0, 1.75], "texture": "#1"},
				"south": {"uv": [0.25, 1.5, 0.5, 1.75], "texture": "#1"},
				"west": {"uv": [0.25, 1.5, 0.25, 1.75], "texture": "#1"},
				"up": {"uv": [0.25, 1.5, 0, 1.5], "texture": "#1"},
				"down": {"uv": [0.5, 1.5, 0.25, 1.5], "texture": "#1"}
			}
		},
		{
			"name": "mouth_open",
			"from": [7.5, 7.8, 4.49],
			"to": [8.5, 8.8, 4.49],
			"rotation": {"angle": 0, "axis": "y", "origin": [8, 0, 8]},
			"faces": {
				"north": {"uv": [0.5, 1.5, 0.75, 1.75], "texture": "#1"},
				"east": {"uv": [0.5, 1.5, 0.5, 1.75], "texture": "#1"},
				"south": {"uv": [0.75, 1.5, 1, 1.75], "texture": "#1"},
				"west": {"uv": [0.75, 1.5, 0.75, 1.75], "texture": "#1"},
				"up": {"uv": [0.75, 1.5, 0.5, 1.5], "texture": "#1"},
				"down": {"uv": [1, 1.5, 0.75, 1.5], "texture": "#1"}
			}
		},
		{
			"name": "eye_right",
			"from": [8.84962, 7.99128, 4.49],
			"to": [9.84962, 9.99128, 4.49],
			"faces": {
				"north": {"uv": [1.5, 4.25, 1.75, 4.75], "texture": "#1"},
				"east": {"uv": [1.5, 4.25, 1.5, 4.75], "texture": "#1"},
				"south": {"uv": [1.75, 4.25, 2, 4.75], "texture": "#1"},
				"west": {"uv": [1.75, 4.25, 1.75, 4.75], "texture": "#1"},
				"up": {"uv": [1.75, 4.25, 1.5, 4.25], "texture": "#1"},
				"down": {"uv": [2, 4.25, 1.75, 4.25], "texture": "#1"}
			}
		},
		{
			"name": "eyelid_right",
			"from": [8.83962, 7.98128, 4.58],
			"to": [9.85962, 10.00128, 4.6],
			"faces": {
				"north": {"uv": [4.5, 9, 4.75, 9.5], "texture": "#1"},
				"east": {"uv": [4.5, 9, 4.5, 9.5], "texture": "#1"},
				"south": {"uv": [4.75, 9, 5, 9.5], "texture": "#1"},
				"west": {"uv": [4.75, 9, 4.75, 9.5], "texture": "#1"},
				"up": {"uv": [4.75, 9, 4.5, 9], "texture": "#1"},
				"down": {"uv": [5, 9, 4.75, 9], "texture": "#1"}
			}
		},
		{
			"name": "eye_left",
			"from": [6.15038, 7.99128, 4.49],
			"to": [7.15038, 9.99128, 4.49],
			"faces": {
				"north": {"uv": [1.5, 4.75, 1.75, 5.25], "texture": "#1"},
				"east": {"uv": [1.5, 4.75, 1.5, 5.25], "texture": "#1"},
				"south": {"uv": [1.75, 4.75, 2, 5.25], "texture": "#1"},
				"west": {"uv": [1.75, 4.75, 1.75, 5.25], "texture": "#1"},
				"up": {"uv": [1.75, 4.75, 1.5, 4.75], "texture": "#1"},
				"down": {"uv": [2, 4.75, 1.75, 4.75], "texture": "#1"}
			}
		},
		{
			"name": "eyelid_left",
			"from": [6.14038, 7.98128, 4.58],
			"to": [7.16038, 10.00128, 4.6],
			"faces": {
				"north": {"uv": [5.5, 9, 5.75, 9.5], "texture": "#1"},
				"east": {"uv": [5.5, 9, 5.5, 9.5], "texture": "#1"},
				"south": {"uv": [5.75, 9, 6, 9.5], "texture": "#1"},
				"west": {"uv": [5.75, 9, 5.75, 9.5], "texture": "#1"},
				"up": {"uv": [5.75, 9, 5.5, 9], "texture": "#1"},
				"down": {"uv": [6, 9, 5.75, 9], "texture": "#1"}
			}
		},
		{
			"name": "torso_decor",
			"from": [4, 4.5, 3.99],
			"to": [7, 7.5, 3.99],
			"rotation": {"angle": 0, "axis": "y", "origin": [8, 0, 8]},
			"faces": {
				"north": {"uv": [0, 9, 0.75, 9.75], "texture": "#1"},
				"east": {"uv": [0, 9, 0, 9.75], "texture": "#1"},
				"south": {"uv": [0.75, 9, 1.5, 9.75], "texture": "#1"},
				"west": {"uv": [0.75, 9, 0.75, 9.75], "texture": "#1"},
				"up": {"uv": [0.75, 9, 0, 9], "texture": "#1"},
				"down": {"uv": [1.5, 9, 0.75, 9], "texture": "#1"}
			}
		},
		{
			"name": "torso_decor",
			"from": [4, 1.5, 3.99],
			"to": [7, 3.5, 3.99],
			"rotation": {"angle": 0, "axis": "y", "origin": [8, 0, 8]},
			"faces": {
				"north": {"uv": [8.75, 0.75, 9.5, 1.25], "texture": "#1"},
				"east": {"uv": [8.75, 0.75, 8.75, 1.25], "texture": "#1"},
				"south": {"uv": [9.5, 0.75, 10.25, 1.25], "texture": "#1"},
				"west": {"uv": [9.5, 0.75, 9.5, 1.25], "texture": "#1"},
				"up": {"uv": [9.5, 0.75, 8.75, 0.75], "texture": "#1"},
				"down": {"uv": [10.25, 0.75, 9.5, 0.75], "texture": "#1"}
			}
		},
		{
			"name": "torso_decor",
			"from": [7, 3.5, 3.99],
			"to": [10, 6.5, 3.99],
			"rotation": {"angle": 0, "axis": "y", "origin": [8, 0, 8]},
			"faces": {
				"north": {"uv": [8.75, 0, 9.5, 0.75], "texture": "#1"},
				"east": {"uv": [8.75, 0, 8.75, 0.75], "texture": "#1"},
				"south": {"uv": [9.5, 0, 10.25, 0.75], "texture": "#1"},
				"west": {"uv": [9.5, 0, 9.5, 0.75], "texture": "#1"},
				"up": {"uv": [9.5, 0, 8.75, 0], "texture": "#1"},
				"down": {"uv": [10.25, 0, 9.5, 0], "texture": "#1"}
			}
		},
		{
			"name": "torso_decor",
			"from": [10, 1.5, 3.99],
			"to": [12, 4.5, 3.99],
			"rotation": {"angle": 0, "axis": "y", "origin": [8, 0, 8]},
			"faces": {
				"north": {"uv": [1.5, 9, 2, 9.75], "texture": "#1"},
				"east": {"uv": [1.5, 9, 1.5, 9.75], "texture": "#1"},
				"south": {"uv": [2, 9, 2.5, 9.75], "texture": "#1"},
				"west": {"uv": [2, 9, 2, 9.75], "texture": "#1"},
				"up": {"uv": [2, 9, 1.5, 9], "texture": "#1"},
				"down": {"uv": [2.5, 9, 2, 9], "texture": "#1"}
			}
		},
		{
			"name": "torso_decor",
			"from": [11, 4.5, 3.99],
			"to": [12, 6.5, 3.99],
			"rotation": {"angle": 0, "axis": "y", "origin": [8, 0, 8]},
			"faces": {
				"north": {"uv": [3.5, 9, 3.75, 9.5], "texture": "#1"},
				"east": {"uv": [3.5, 9, 3.5, 9.5], "texture": "#1"},
				"south": {"uv": [3.75, 9, 4, 9.5], "texture": "#1"},
				"west": {"uv": [3.75, 9, 3.75, 9.5], "texture": "#1"},
				"up": {"uv": [3.75, 9, 3.5, 9], "texture": "#1"},
				"down": {"uv": [4, 9, 3.75, 9], "texture": "#1"}
			}
		},
		{
			"name": "torso_decor",
			"from": [9, 4.5, 12.01],
			"to": [12, 7.5, 12.01],
			"rotation": {"angle": 0, "axis": "y", "origin": [8, 0, 8]},
			"faces": {
				"north": {"uv": [8, 6.25, 8.75, 7], "texture": "#1"},
				"east": {"uv": [8, 6.25, 8, 7], "texture": "#1"},
				"south": {"uv": [8.75, 6.25, 9.5, 7], "texture": "#1"},
				"west": {"uv": [8.75, 6.25, 8.75, 7], "texture": "#1"},
				"up": {"uv": [8.75, 6.25, 8, 6.25], "texture": "#1"},
				"down": {"uv": [9.5, 6.25, 8.75, 6.25], "texture": "#1"}
			}
		},
		{
			"name": "torso_decor",
			"from": [5, 5.5, 12.01],
			"to": [8, 7.5, 12.01],
			"rotation": {"angle": 0, "axis": "y", "origin": [8, 0, 8]},
			"faces": {
				"north": {"uv": [8.5, 4.75, 9.25, 5.25], "texture": "#1"},
				"east": {"uv": [8.5, 4.75, 8.5, 5.25], "texture": "#1"},
				"south": {"uv": [9.25, 4.75, 10, 5.25], "texture": "#1"},
				"west": {"uv": [9.25, 4.75, 9.25, 5.25], "texture": "#1"},
				"up": {"uv": [9.25, 4.75, 8.5, 4.75], "texture": "#1"},
				"down": {"uv": [10, 4.75, 9.25, 4.75], "texture": "#1"}
			}
		},
		{
			"name": "torso_decor",
			"from": [4, 2.5, 12.01],
			"to": [7, 5.5, 12.01],
			"rotation": {"angle": 0, "axis": "y", "origin": [8, 0, 8]},
			"faces": {
				"north": {"uv": [0, 0, 0.75, 0.75], "texture": "#1"},
				"east": {"uv": [0, 0, 0, 0.75], "texture": "#1"},
				"south": {"uv": [0.75, 0, 1.5, 0.75], "texture": "#1"},
				"west": {"uv": [0.75, 0, 0.75, 0.75], "texture": "#1"},
				"up": {"uv": [0.75, 0, 0, 0], "texture": "#1"},
				"down": {"uv": [1.5, 0, 0.75, 0], "texture": "#1"}
			}
		},
		{
			"name": "torso_decor",
			"from": [9.25, 1.5, 12.01],
			"to": [11.25, 3.5, 12.01],
			"rotation": {"angle": 0, "axis": "y", "origin": [8, 0, 8]},
			"faces": {
				"north": {"uv": [2.5, 9, 3, 9.5], "texture": "#1"},
				"east": {"uv": [2.5, 9, 2.5, 9.5], "texture": "#1"},
				"south": {"uv": [3, 9, 3.5, 9.5], "texture": "#1"},
				"west": {"uv": [3, 9, 3, 9.5], "texture": "#1"},
				"up": {"uv": [3, 9, 2.5, 9], "texture": "#1"},
				"down": {"uv": [3.5, 9, 3, 9], "texture": "#1"}
			}
		},
		{
			"name": "torso_decor",
			"from": [12.01, 1.5, 9.01],
			"to": [12.01, 4.5, 12.01],
			"rotation": {"angle": 0, "axis": "y", "origin": [8, 0, 8]},
			"faces": {
				"north": {"uv": [8.25, 8.5, 8.25, 9.25], "texture": "#1"},
				"east": {"uv": [7.5, 8.5, 8.25, 9.25], "texture": "#1"},
				"south": {"uv": [9, 8.5, 9, 9.25], "texture": "#1"},
				"west": {"uv": [8.25, 8.5, 9, 9.25], "texture": "#1"},
				"up": {"uv": [8.25, 8.5, 8.25, 7.75], "texture": "#1"},
				"down": {"uv": [8.25, 7.75, 8.25, 8.5], "texture": "#1"}
			}
		},
		{
			"name": "torso_decor",
			"from": [12.01, 5.5, 9.01],
			"to": [12.01, 7.5, 11.01],
			"rotation": {"angle": 0, "axis": "y", "origin": [8, 0, 8]},
			"faces": {
				"north": {"uv": [8.5, 7, 8.5, 7.5], "texture": "#1"},
				"east": {"uv": [8, 7, 8.5, 7.5], "texture": "#1"},
				"south": {"uv": [9, 7, 9, 7.5], "texture": "#1"},
				"west": {"uv": [8.5, 7, 9, 7.5], "texture": "#1"},
				"up": {"uv": [8.5, 7, 8.5, 6.5], "texture": "#1"},
				"down": {"uv": [8.5, 6.5, 8.5, 7], "texture": "#1"}
			}
		},
		{
			"name": "torso_decor",
			"from": [12.01, 2.5, 5.01],
			"to": [12.01, 5.5, 7.01],
			"rotation": {"angle": 0, "axis": "y", "origin": [8, 0, 8]},
			"faces": {
				"north": {"uv": [0.75, 5, 0.75, 5.75], "texture": "#1"},
				"east": {"uv": [0.25, 5, 0.75, 5.75], "texture": "#1"},
				"south": {"uv": [1.25, 5, 1.25, 5.75], "texture": "#1"},
				"west": {"uv": [0.75, 5, 1.25, 5.75], "texture": "#1"},
				"up": {"uv": [0.75, 5, 0.75, 4.5], "texture": "#1"},
				"down": {"uv": [0.75, 4.5, 0.75, 5], "texture": "#1"}
			}
		},
		{
			"name": "torso_decor",
			"from": [3.99, 1.5, 4.01],
			"to": [3.99, 4.5, 7.01],
			"rotation": {"angle": 0, "axis": "y", "origin": [8, 0, 8]},
			"faces": {
				"north": {"uv": [0.75, 4.25, 0.75, 5], "texture": "#1"},
				"east": {"uv": [0, 4.25, 0.75, 5], "texture": "#1"},
				"south": {"uv": [1.5, 4.25, 1.5, 5], "texture": "#1"},
				"west": {"uv": [0.75, 4.25, 1.5, 5], "texture": "#1"},
				"up": {"uv": [0.75, 4.25, 0.75, 3.5], "texture": "#1"},
				"down": {"uv": [0.75, 3.5, 0.75, 4.25], "texture": "#1"}
			}
		},
		{
			"name": "torso_decor",
			"from": [3.99, 2.5, 8.01],
			"to": [3.99, 5.5, 11.01],
			"rotation": {"angle": 0, "axis": "y", "origin": [8, 0, 8]},
			"faces": {
				"north": {"uv": [0.75, 0.75, 0.75, 1.5], "texture": "#1"},
				"east": {"uv": [0, 0.75, 0.75, 1.5], "texture": "#1"},
				"south": {"uv": [1.5, 0.75, 1.5, 1.5], "texture": "#1"},
				"west": {"uv": [0.75, 0.75, 1.5, 1.5], "texture": "#1"},
				"up": {"uv": [0.75, 0.75, 0.75, 0], "texture": "#1"},
				"down": {"uv": [0.75, 0, 0.75, 0.75], "texture": "#1"}
			}
		},
		{
			"name": "torso_decor",
			"from": [3.99, 5.5, 4.76],
			"to": [3.99, 7.5, 6.76],
			"rotation": {"angle": 0, "axis": "y", "origin": [8, 0, 8]},
			"faces": {
				"north": {"uv": [5, 8, 5, 8.5], "texture": "#1"},
				"east": {"uv": [4.5, 8, 5, 8.5], "texture": "#1"},
				"south": {"uv": [5.5, 8, 5.5, 8.5], "texture": "#1"},
				"west": {"uv": [5, 8, 5.5, 8.5], "texture": "#1"},
				"up": {"uv": [5, 8, 5, 7.5], "texture": "#1"},
				"down": {"uv": [5, 7.5, 5, 8], "texture": "#1"}
			}
		},
		{
			"name": "arm_right",
			"from": [1.5, 5, 6.5],
			"to": [4.5, 7, 8.5],
			"rotation": {"angle": 0, "axis": "y", "origin": [8, 0, 8]},
			"faces": {
				"north": {"uv": [8, 8, 8.75, 8.5], "texture": "#1"},
				"east": {"uv": [7.5, 8, 8, 8.5], "texture": "#1"},
				"south": {"uv": [9.25, 8, 10, 8.5], "texture": "#1"},
				"west": {"uv": [8.75, 8, 9.25, 8.5], "texture": "#1"},
				"up": {"uv": [8.75, 8, 8, 7.5], "texture": "#1"},
				"down": {"uv": [9.5, 7.5, 8.75, 8], "texture": "#1"}
			}
		},
		{
			"name": "arm_left",
			"from": [11.5, 5, 6.5],
			"to": [14.5, 7, 8.5],
			"rotation": {"angle": 0, "axis": "y", "origin": [8, 0, 8]},
			"faces": {
				"north": {"uv": [3, 8.5, 3.75, 9], "texture": "#1"},
				"east": {"uv": [2.5, 8.5, 3, 9], "texture": "#1"},
				"south": {"uv": [4.25, 8.5, 5, 9], "texture": "#1"},
				"west": {"uv": [3.75, 8.5, 4.25, 9], "texture": "#1"},
				"up": {"uv": [3.75, 8.5, 3, 8], "texture": "#1"},
				"down": {"uv": [4.5, 8, 3.75, 8.5], "texture": "#1"}
			}
		}
	],
	"display": {
		"thirdperson_righthand": {
			"rotation": [40, 0, 0],
			"translation": [0, 1.75, 0.5],
			"scale": [0.35, 0.35, 0.35]
		},
		"thirdperson_lefthand": {
			"rotation": [40, 0, 0],
			"translation": [0, 2, 0],
			"scale": [0.35, 0.35, 0.35]
		},
		"firstperson_righthand": {
			"scale": [0.35, 0.35, 0.35]
		},
		"firstperson_lefthand": {
			"scale": [0.35, 0.35, 0.35]
		},
		"ground": {
			"translation": [0, 5.25, 0],
			"scale": [0.65, 0.65, 0.65]
		},
		"gui": {
			"rotation": [159.24, 48.6, -164.41],
			"translation": [-0.5, -0.25, 0],
			"scale": [0.92, 0.92, 0.92]
		},
		"head": {
			"translation": [0, 13, 0],
			"scale": [1.83, 1.83, 1.83]
		}
	},
	"groups": [
		{
			"name": "togepi",
			"origin": [0, 0, 0],
			"color": 0,
			"children": [
				{
					"name": "body",
					"origin": [0, 0.5, 0],
					"color": 1,
					"children": [
						{
							"name": "torso",
							"origin": [0, 6.5, 0],
							"color": 2,
							"children": [
								0,
								{
									"name": "torso_shell",
									"origin": [0, 0.5, 0],
									"color": 3,
									"children": [1, 2, 3, 4]
								},
								{
									"name": "head",
									"origin": [0, 0.5, 0],
									"color": 4,
									"children": [
										5,
										{
											"name": "head_tuff",
											"origin": [0.5, 0.5, 0],
											"color": 5,
											"children": [
												{
													"name": "head_tuff_triangle",
													"origin": [0, 10.75695, -2.83269],
													"color": 6,
													"children": [6]
												},
												{
													"name": "head_tuff_triangle2",
													"origin": [-4.24746, 9.66807, -1.13179],
													"rotation": [0, 75, 0],
													"color": 7,
													"children": [7]
												},
												{
													"name": "head_tuff_triangle3",
													"origin": [4.17246, 10.15103, -1.16428],
													"rotation": [0, -75, 0],
													"color": 8,
													"children": [8]
												},
												{
													"name": "head_tuff_triangle4",
													"origin": [-2.43547, 10.57059, 2.95506],
													"rotation": [0, 142.5, 0],
													"color": 9,
													"children": [9]
												},
												{
													"name": "head_tuff_triangle5",
													"origin": [2.35669, 10.76263, 2.90339],
													"rotation": [0, -142.5, 0],
													"color": 0,
													"children": [10]
												}
											]
										},
										{
											"name": "mouth",
											"origin": [0, 0.5, 0],
											"color": 1,
											"children": [
												{
													"name": "mouth_closed",
													"origin": [0, 0.5, 0],
													"color": 2,
													"children": [11]
												},
												{
													"name": "mouth_open",
													"origin": [0, 0.5, 0],
													"color": 3,
													"children": [12]
												}
											]
										},
										{
											"name": "eyes",
											"origin": [0, 0.5, 0],
											"color": 4,
											"children": [
												{
													"name": "eye_right",
													"origin": [1.575, 9.175, -3.515],
													"rotation": [0, 0, 5],
													"color": 5,
													"children": [
														13,
														{
															"name": "eyelid_right",
															"origin": [0, 0.5, 0],
															"color": 6,
															"children": [14]
														}
													]
												},
												{
													"name": "eye_left",
													"origin": [-1.575, 9.175, -3.515],
													"rotation": [0, 0, -5],
													"color": 7,
													"children": [
														15,
														{
															"name": "eyelid_left",
															"origin": [0, 0.5, 0],
															"color": 8,
															"children": [16]
														}
													]
												}
											]
										}
									]
								},
								{
									"name": "torso_decor",
									"origin": [0, 0.5, 0],
									"color": 9,
									"children": [17, 18, 19, 20, 21, 22, 23, 24, 25, 26, 27, 28, 29, 30, 31]
								},
								{
									"name": "arm_right",
									"origin": [-3.75, 6, 0],
									"color": 0,
									"children": [32]
								},
								{
									"name": "arm_left",
									"origin": [3.75, 6, -0.5],
									"color": 1,
									"children": [33]
								}
							]
						},
						{
							"name": "leg_right",
							"origin": [-2, 0.5, -0.25],
							"color": 2,
							"children": []
						},
						{
							"name": "leg_left",
							"origin": [2, 0.5, 0],
							"color": 3,
							"children": []
						}
					]
				}
			]
		}
	]
}