{
	"credit": "Made with Blockbench",
	"textures": {
		"0": "block/music_3",
		"particle": "block/music_3"
	},
	"elements": [
		{
			"from": [4, 0, 4],
			"to": [12, 2, 12],
			"rotation": {"angle": -45, "axis": "y", "origin": [8, 1, 8]},
			"faces": {
				"north": {"uv": [4.5, 4, 5.5, 4.25], "texture": "#0"},
				"east": {"uv": [4.5, 4, 5.5, 4.25], "texture": "#0"},
				"south": {"uv": [4.5, 4, 5.5, 4.25], "texture": "#0"},
				"west": {"uv": [4.5, 4, 5.5, 4.25], "texture": "#0"},
				"up": {"uv": [4.5, 4.25, 5.5, 5.25], "texture": "#0"},
				"down": {"uv": [4.5, 4.125, 4.625, 4.25], "texture": "#0"}
			}
		},
		{
			"from": [7.2, 1.2, 7.2],
			"to": [8.8, 27.8, 8.8],
			"rotation": {"angle": -45, "axis": "y", "origin": [8, 14.5, 8]},
			"faces": {
				"north": {"uv": [6.375, 0.5, 6.25, 3.625], "texture": "#0"},
				"east": {"uv": [6.125, 0.5, 6.375, 3.625], "texture": "#0"},
				"south": {"uv": [6.25, 0.5, 6.125, 3.625], "texture": "#0"},
				"west": {"uv": [6.375, 0.5, 6.125, 3.625], "texture": "#0"},
				"up": {"uv": [6.375, 0.625, 6.875, 0.75], "texture": "#0"},
				"down": {"uv": [6.375, 0.625, 6.875, 0.75], "texture": "#0"}
			}
		},
		{
			"from": [6, 25, 7],
			"to": [10, 27, 10],
			"rotation": {"angle": 22.5, "axis": "x", "origin": [8, 27.5, 9]},
			"faces": {
				"north": {"uv": [6.375, 0.5, 6.875, 0.75], "texture": "#0"},
				"east": {"uv": [6.375, 0.5, 6.875, 0.75], "texture": "#0"},
				"south": {"uv": [6.375, 0.5, 6.875, 0.75], "texture": "#0"},
				"west": {"uv": [6.375, 0.5, 6.875, 0.75], "texture": "#0"},
				"up": {"uv": [6.375, 0.5, 6.875, 0.625], "texture": "#0"},
				"down": {"uv": [6.375, 0.625, 6.875, 0.75], "texture": "#0"}
			}
		},
		{
			"from": [6.5, 25.25, 1.5],
			"to": [9.5, 28.25, 8.5],
			"rotation": {"angle": 22.5, "axis": "x", "origin": [7.5, 17.25, 7.5]},
			"faces": {
				"east": {"uv": [4.5, 3.5, 5.375, 3.875], "texture": "#0"},
				"south": {"uv": [4.5, 3.5, 4.625, 3.875], "texture": "#0"},
				"west": {"uv": [5.375, 3.5, 4.5, 3.875], "texture": "#0"},
				"up": {"uv": [5.375, 3.625, 4.5, 3.5], "rotation": 90, "texture": "#0"},
				"down": {"uv": [5.375, 3.75, 4.5, 3.875], "rotation": 270, "texture": "#0"}
			}
		},
		{
			"from": [7, 25.75, 8.5],
			"to": [9, 27.75, 11.5],
			"rotation": {"angle": 22.5, "axis": "x", "origin": [7, 17.25, 7.5]},
			"faces": {
				"north": {"uv": [4.75, 3.5, 4.875, 3.75], "texture": "#0"},
				"east": {"uv": [4.5, 3.5, 4.875, 3.75], "texture": "#0"},
				"south": {"uv": [4.5, 3.5, 4.625, 3.75], "texture": "#0"},
				"west": {"uv": [4.875, 3.5, 4.5, 3.75], "texture": "#0"},
				"up": {"uv": [4.625, 3.5, 4.75, 3.625], "texture": "#0"},
				"down": {"uv": [4.5, 3.625, 4.875, 3.75], "rotation": 90, "texture": "#0"}
			}
		},
		{
			"from": [9.25, 2.5, 1.75],
			"to": [9.25, 27.5, 14.75],
			"rotation": {"angle": 22.5, "axis": "x", "origin": [7.5, 17.75, 7.5]},
			"faces": {
				"east": {"uv": [4.5, 0.5, 6.125, 3.5], "texture": "#0"},
				"west": {"uv": [6.125, 0.5, 4.5, 3.5], "texture": "#0"}
			}
		},
		{
			"from": [7.83102, 21.75, 11.23252],
			"to": [7.83102, 28.75, 17.23252],
			"rotation": {"angle": 45, "axis": "y", "origin": [8.33102, 25.25, 14.73252]},
			"faces": {
				"east": {"uv": [2.375, 12.25, 3.125, 13.125], "texture": "#0"},
				"west": {"uv": [3.125, 12.25, 2.375, 13.125], "texture": "#0"}
			}
		},
		{
			"from": [6, 24.75, -2.5],
			"to": [10, 28.75, 1.5],
			"rotation": {"angle": 22.5, "axis": "x", "origin": [7, 16.75, 7.5]},
			"faces": {
				"north": {"uv": [5.5, 4, 6, 4.5], "texture": "#0"},
				"east": {"uv": [5.375, 3.5, 5.875, 4], "texture": "#0"},
				"south": {"uv": [5.375, 3.625, 5.5, 3.5], "rotation": 270, "texture": "#0"},
				"west": {"uv": [5.875, 3.5, 5.375, 4], "texture": "#0"},
				"up": {"uv": [5.375, 3.625, 5.875, 3.5], "rotation": 270, "texture": "#0"},
				"down": {"uv": [5.375, 4, 5.875, 3.875], "rotation": 270, "texture": "#0"}
			}
		}
	],
	"gui_light": "front",
	"display": {
		"thirdperson_righthand": {
			"rotation": [63, 34, 0],
			"translation": [0, 1, -1],
			"scale": [0.37891, 0.37891, 0.37891]
		},
		"thirdperson_lefthand": {
			"rotation": [63, 34, 0],
			"translation": [0, 1, -1],
			"scale": [0.37891, 0.37891, 0.37891]
		},
		"firstperson_righthand": {
			"rotation": [3, 112, -13],
			"translation": [9.5, 0, -5.75],
			"scale": [0.35547, 0.35547, 0.35547]
		},
		"firstperson_lefthand": {
			"rotation": [3, 112, -13],
			"translation": [9.5, 0, -5.75],
			"scale": [0.35547, 0.35547, 0.35547]
		},
		"ground": {
			"translation": [0, 4.25, 0],
			"scale": [0.28906, 0.28906, 0.28906]
		},
		"gui": {
			"rotation": [30, -158, 0],
			"translation": [0.25, -1, 0],
			"scale": [0.52, 0.52, 0.52]
		},
		"head": {
			"translation": [0, -30.5, 0],
			"scale": [1.6, 1.6, 1.6]
		},
		"fixed": {
			"rotation": [-90, 0, 0],
			"translation": [0, 0.25, -11.5],
			"scale": [1.43, 1.43, 1.43]
		}
	}
}