{
	"format_version": "1.12.0",
	"minecraft:geometry": [
		{
			"description": {
				"identifier": "geometry.togepi",
				"texture_width": 64,
				"texture_height": 64,
				"visible_bounds_width": 4,
				"visible_bounds_height": 3.5,
				"visible_bounds_offset": [0, 1.25, 0]
			},
			"bones": [
				{
					"name": "togetic",
					"pivot": [0, 0, 0]
				},
				{
					"name": "body",
					"parent": "togetic",
					"pivot": [0, 0, 0]
				},
				{
					"name": "torso",
					"parent": "body",
					"pivot": [0, 7.04072, 1.81727],
					"cubes": [
						{"origin": [-4, 3.5, -3.75], "size": [8, 7, 11], "pivot": [1, 6.25, 2.25], "rotation": [-5, 0, 0], "uv": [0, 0]}
					]
				},
				{
					"name": "head",
					"parent": "torso",
					"pivot": [0, 9.75, -1.25],
					"rotation": [5, 0, 0],
					"cubes": [
						{"origin": [-1.5, 8.51859, -3.61913], "size": [3, 9, 4], "pivot": [0.5, 13.01859, -1.61913], "rotation": [10, 0, 0], "uv": [26, 28]},
						{"origin": [-3.5, 14.6041, -6.6342], "size": [7, 6, 8], "uv": [0, 18]}
					]
				},
				{
					"name": "head_tuff",
					"parent": "head",
					"pivot": [-0.75, 4.1041, -1.3842]
				},
				{
					"name": "head_tuff_triangle",
					"parent": "head_tuff",
					"pivot": [0, 20.41419, -5.79182],
					"cubes": [
						{"origin": [-3.5, 20.48214, -6.48498], "size": [7, 6, 0], "pivot": [0.75, 20.81564, -6.39647], "rotation": [-15, 0, 0], "uv": [38, 6]}
					]
				},
				{
					"name": "head_tuff_triangle2",
					"parent": "head_tuff",
					"pivot": [2.72938, 17.99566, -3.00154],
					"rotation": [0, -75, 0],
					"cubes": [
						{"origin": [-0.72946, 15.6005, -3.96681], "size": [9, 8, 0], "pivot": [3.59687, 18.32869, -5.38792], "rotation": [26.15889, 0.48808, 14.47805], "uv": [36, 24]}
					]
				},
				{
					"name": "head_tuff_triangle3",
					"parent": "head_tuff",
					"pivot": [-2.74628, 18.26369, -3.08186],
					"rotation": [0, 75, 0],
					"cubes": [
						{"origin": [-8.30884, 15.79359, -4.10657], "size": [9, 8, 0], "pivot": [-3.68844, 18.67814, -5.62486], "rotation": [26.15889, -0.48808, -14.47805], "uv": [0, 32]}
					]
				},
				{
					"name": "mouth",
					"parent": "head",
					"pivot": [0, 4.1041, -1.3842]
				},
				{
					"name": "mouth_closed",
					"parent": "mouth",
					"pivot": [0, 15.18005, -6.571],
					"cubes": [
						{"origin": [-1.5, 14.68005, -6.571], "size": [3, 1, 0], "inflate": 0.01, "uv": [0, 10]}
					]
				},
				{
					"name": "mouth_open",
					"parent": "mouth",
					"pivot": [0, 15.18005, -6.67099],
					"cubes": [
						{"origin": [-1.5, 14.68005, -6.67099], "size": [3, 1, 0], "uv": [0, 18]}
					]
				},
				{
					"name": "eyes",
					"parent": "head",
					"pivot": [0, 4.1041, -1.3842]
				},
				{
					"name": "eye_right",
					"parent": "eyes",
					"pivot": [-1.87121, 17.53938, -6.67099],
					"rotation": [0, 0, 5],
					"cubes": [
						{"origin": [-2.37121, 16.53938, -6.67099], "size": [1, 2, 0], "uv": [6, 5]}
					]
				},
				{
					"name": "eyelid_right",
					"parent": "eye_right",
					"pivot": [-1.87121, 17.53938, -6.571],
					"cubes": [
						{"origin": [-2.37121, 16.53938, -6.571], "size": [1, 2, 0], "inflate": 0.01, "uv": [0, 5]}
					]
				},
				{
					"name": "eye_left",
					"parent": "eyes",
					"pivot": [1.87121, 17.53938, -6.67099],
					"rotation": [0, 0, -5],
					"cubes": [
						{"origin": [1.37121, 16.53938, -6.67099], "size": [1, 2, 0], "uv": [6, 0]}
					]
				},
				{
					"name": "eyelid_left",
					"parent": "eye_left",
					"pivot": [1.87121, 17.53938, -6.571],
					"cubes": [
						{"origin": [1.37121, 16.53938, -6.571], "size": [1, 2, 0], "inflate": 0.01, "uv": [0, 0]}
					]
				},
				{
					"name": "arm_right",
					"parent": "torso",
					"pivot": [4, 8, -1.5],
					"cubes": [
						{"origin": [4, 7, -3], "size": [4, 2, 3], "uv": [0, 40]}
					]
				},
				{
					"name": "arm_left",
					"parent": "torso",
					"pivot": [-4, 8, -1.5],
					"cubes": [
						{"origin": [-8, 7, -3], "size": [4, 2, 3], "uv": [38, 12]}
					]
				},
				{
					"name": "wing_right",
					"parent": "torso",
					"pivot": [-1.5, 10.64358, 3.2519],
					"cubes": [
						{"origin": [-13.5, 10.64358, 0.2519], "size": [12, 0, 6], "pivot": [-1.5, 10.64358, 3.2519], "rotation": [-5, 0, 0], "uv": [21, 0]}
					]
				},
				{
					"name": "wing_left",
					"parent": "torso",
					"pivot": [1.5, 10.64358, 3.2519],
					"cubes": [
						{"origin": [1.5, 10.64358, 0.2519], "size": [12, 0, 6], "pivot": [1.5, 10.64358, 3.2519], "rotation": [-5, 0, 0], "uv": [16, 18]}
					]
				},
				{
					"name": "leg_right",
					"parent": "body",
					"pivot": [2.89151, 4.5, 2.26197],
					"cubes": [
						{"origin": [1.75, 0, 0], "size": [3, 1, 4], "pivot": [3.25, 0.75, 1.75], "rotation": [0, -35, 0], "uv": [36, 37]},
						{"origin": [2.25, 1, 1.75], "size": [2, 3, 2], "pivot": [3.25, 0.75, 1.75], "rotation": [0, -35, 0], "uv": [0, 5]}
					]
				},
				{
					"name": "leg_left",
					"parent": "body",
					"pivot": [-2.89151, 4.5, 2.26197],
					"cubes": [
						{"origin": [-4.75, 0, 0], "size": [3, 1, 4], "pivot": [-3.25, 0.75, 1.75], "rotation": [0, 35, 0], "uv": [14, 37]},
						{"origin": [-4.25, 1, 1.75], "size": [2, 3, 2], "pivot": [-3.25, 0.75, 1.75], "rotation": [0, 35, 0], "uv": [0, 0]}
					]
				}
			]
		}
	]
}