{
	"credit": "Made with Blockbench",
	"textures": {
		"0": "simplehats:block/custom/pennyhat",
		"particle": "simplehats:block/custom/pennyhat"
	},
	"elements": [
		{
			"name": "glasses",
			"from": [2.5, 3.5, 2.75],
			"to": [13.5, 8.5, 2.75],
			"rotation": {"angle": 0, "axis": "y", "origin": [7, 3.5, 0.75]},
			"faces": {
				"north": {"uv": [0, 0, 11, 5], "texture": "#0"},
				"east": {"uv": [0, 0, 0, 5], "texture": "#0"},
				"south": {"uv": [0, 5, 11, 10], "texture": "#0"},
				"west": {"uv": [0, 0, 0, 5], "texture": "#0"},
				"up": {"uv": [11, 0, 0, 0], "texture": "#0"},
				"down": {"uv": [11, 0, 0, 0], "texture": "#0"}
			}
		}
	],
	"display": {
		"thirdperson_righthand": {
			"translation": [0, 2.5, 2.5],
			"scale": [0.5, 0.5, 0.5]
		},
		"thirdperson_lefthand": {
			"translation": [0, 2.5, 2.5],
			"scale": [0.5, 0.5, 0.5]
		},
		"ground": {
			"translation": [0, 5, 4],
			"scale": [0.85, 0.85, 0.85]
		},
		"gui": {
			"translation": [0, 1.75, 0]
		},
		"head": {
			"translation": [0, 1.75, -0.5],
			"scale": [1.3, 1.3, 1.3]
		}
	}
}