{
	"credit": "DemoProjects",
	"texture_size": [64, 64],
	"textures": {
		"0": "simplehats:block/eevee/eevee_hat",
		"particle": "simplehats:block/eevee/eevee_hat"
	},
	"elements": [
		{
			"from": [5, 0.5, 2],
			"to": [11, 2.5, 3],
			"rotation": {"angle": 0, "axis": "y", "origin": [8, -7, 12]},
			"faces": {
				"north": {"uv": [9.25, 0.5, 10.75, 1], "texture": "#0"},
				"east": {"uv": [9, 0.5, 9.25, 1], "texture": "#0"},
				"south": {"uv": [11, 0.5, 12.5, 1], "texture": "#0"},
				"west": {"uv": [10.75, 0.5, 11, 1], "texture": "#0"},
				"up": {"uv": [10.75, 0.5, 9.25, 0.25], "texture": "#0"},
				"down": {"uv": [12.25, 0.25, 10.75, 0.5], "texture": "#0"}
			}
		},
		{
			"from": [7.5, 1.51, 1.99],
			"to": [8.5, 2.51, 1.99],
			"rotation": {"angle": 0, "axis": "y", "origin": [8, -7, 12]},
			"faces": {
				"north": {"uv": [13.25, 1.25, 13, 1.5], "texture": "#0"},
				"east": {"uv": [13.25, 1.25, 13.25, 1.5], "texture": "#0"},
				"south": {"uv": [13.5, 1.25, 13.25, 1.5], "texture": "#0"},
				"west": {"uv": [13, 1.25, 13, 1.5], "texture": "#0"},
				"up": {"uv": [13, 1.25, 13.25, 1.25], "texture": "#0"},
				"down": {"uv": [13.25, 1.25, 13.5, 1.25], "texture": "#0"}
			}
		},
		{
			"from": [9.5, 2, 2.97],
			"to": [11.5, 5, 2.97],
			"rotation": {"angle": 0, "axis": "y", "origin": [8, -7, 12]},
			"faces": {
				"north": {"uv": [13.75, 0, 14.25, 0.75], "texture": "#0"},
				"east": {"uv": [13.75, 0, 13.75, 0.75], "texture": "#0"},
				"south": {"uv": [14.25, 0, 14.75, 0.75], "texture": "#0"},
				"west": {"uv": [14.25, 0, 14.25, 0.75], "texture": "#0"},
				"up": {"uv": [14.25, 0, 13.75, 0], "texture": "#0"},
				"down": {"uv": [14.75, 0, 14.25, 0], "texture": "#0"}
			}
		},
		{
			"from": [4.5, 2, 2.97],
			"to": [6.5, 5, 2.97],
			"rotation": {"angle": 0, "axis": "y", "origin": [8, -7, 12]},
			"faces": {
				"north": {"uv": [14.25, 0, 13.75, 0.75], "texture": "#0"},
				"east": {"uv": [14.25, 0, 14.25, 0.75], "texture": "#0"},
				"south": {"uv": [14.75, 0, 14.25, 0.75], "texture": "#0"},
				"west": {"uv": [13.75, 0, 13.75, 0.75], "texture": "#0"},
				"up": {"uv": [13.75, 0, 14.25, 0], "texture": "#0"},
				"down": {"uv": [14.25, 0, 14.75, 0], "texture": "#0"}
			}
		},
		{
			"from": [11.75, 1, 6.5],
			"to": [15.75, 9, 6.5],
			"rotation": {"angle": -22.5, "axis": "z", "origin": [18, 6, 12]},
			"faces": {
				"north": {"uv": [1, 4.5, 0, 6.5], "texture": "#0"},
				"east": {"uv": [1, 4.5, 1, 6.5], "texture": "#0"},
				"south": {"uv": [2, 4.5, 1, 6.5], "texture": "#0"},
				"west": {"uv": [0, 4.5, 0, 6.5], "texture": "#0"},
				"up": {"uv": [0, 4.5, 1, 4.5], "texture": "#0"},
				"down": {"uv": [1, 4.5, 2, 4.5], "texture": "#0"}
			}
		},
		{
			"from": [0.25, 5, 6.5],
			"to": [4.25, 13, 6.5],
			"rotation": {"angle": 22.5, "axis": "z", "origin": [8, 6, 12]},
			"faces": {
				"north": {"uv": [0, 4.5, 1, 6.5], "texture": "#0"},
				"east": {"uv": [0, 4.5, 0, 6.5], "texture": "#0"},
				"south": {"uv": [1, 4.5, 2, 6.5], "texture": "#0"},
				"west": {"uv": [1, 4.5, 1, 6.5], "texture": "#0"},
				"up": {"uv": [1, 4.5, 0, 4.5], "texture": "#0"},
				"down": {"uv": [2, 4.5, 1, 4.5], "texture": "#0"}
			}
		},
		{
			"from": [5, 3, 6.75],
			"to": [11, 5, 6.75],
			"rotation": {"angle": 22.5, "axis": "x", "origin": [8, 10.5, 6]},
			"faces": {
				"north": {"uv": [13, 1.75, 14.5, 2.25], "texture": "#0"},
				"east": {"uv": [13, 1.75, 13, 2.25], "texture": "#0"},
				"south": {"uv": [14.5, 1.75, 16, 2.25], "texture": "#0"},
				"west": {"uv": [14.5, 1.75, 14.5, 2.25], "texture": "#0"},
				"up": {"uv": [14.5, 1.75, 13, 1.75], "texture": "#0"},
				"down": {"uv": [16, 1.75, 14.5, 1.75], "texture": "#0"}
			}
		},
		{
			"from": [3, 0, 3],
			"to": [13, 5, 13],
			"rotation": {"angle": 0, "axis": "y", "origin": [8, 5, 8]},
			"faces": {
				"north": {"uv": [7.75, 4.5, 10.5, 6.5], "texture": "#0"},
				"east": {"uv": [0, 3.25, 2.5, 4.5], "texture": "#0"},
				"south": {"uv": [7, 3, 9.5, 4.25], "texture": "#0"},
				"west": {"uv": [5, 3.25, 7.5, 4.5], "texture": "#0"},
				"up": {"uv": [5.75, 2.75, 3.25, 0.25], "texture": "#0"},
				"down": {"uv": [5.25, 0, 4.75, 0.25], "texture": "#0"}
			}
		}
	],
	"display": {
		"thirdperson_righthand": {
			"rotation": [100, 0, 0],
			"translation": [0, -1.75, 2],
			"scale": [0.65, 0.56, 0.65]
		},
		"thirdperson_lefthand": {
			"rotation": [100, 0, 0],
			"translation": [0, -2, 1.25],
			"scale": [0.65, 0.65, 0.65]
		},
		"firstperson_righthand": {
			"translation": [0, 5.75, 0]
		},
		"firstperson_lefthand": {
			"translation": [0, 5.75, 0]
		},
		"ground": {
			"translation": [0, 5, 0],
			"scale": [0.65, 0.65, 0.65]
		},
		"gui": {
			"rotation": [180, -39.5, 180],
			"translation": [0, 2.5, 0]
		},
		"head": {
			"translation": [0, 14.25, 0],
			"scale": [1.6, 1.6, 1.6]
		}
	},
	"groups": [
		{
			"name": "eevee_hat",
			"origin": [0, 0, 0],
			"color": 0,
			"children": [0, 1, 2, 3, 4, 5, 6, 7]
		}
	]
}