{
  "implemented": true,
  "name": "Togetic",
  "nationalPokedexNumber": 176,
  "primaryType": "fairy",
  "secondaryType": "flying",
  "abilities": [
    "hustle",
    "serenegrace",
    "h:superluck"
  ],
  "baseStats": {
    "hp": 55,
    "attack": 40,
    "defence": 85,
    "special_attack": 80,
    "special_defence": 105,
    "speed": 40
  },
  "catchRate": 75,
  "maleRatio": 0.875,
  "shoulderMountable": false,
  "baseExperienceYield": 142,
  "experienceGroup": "fast",
  "eggCycles": 10,
  "eggGroups": [
    "flying",
    "fairy"
  ],
  "moves": [
    "1:growl",
    "1:lifedew",
    "1:magicalleaf",
    "1:pound",
    "1:sweetkiss",
    "12:charm",
    "14:fairywind",
    "16:ancientpower",
    "17:encore",
    "20:yawn",
    "24:metronome",
    "25:bestow",
    "28:afteryou",
    "32:doubleedge",
    "36:safeguard",
    "40:followme",
    "44:batonpass",
    "48:lastresort",
    "52:wish",
    "tm:aerialace",
    "tm:attract",
    "tm:batonpass",
    "tm:bodyslam",
    "tm:brickbreak",
    "tm:captivate",
    "tm:charm",
    "tm:confide",
    "tm:dazzlinggleam",
    "tm:defog",
    "tm:doubleteam",
    "tm:drainingkiss",
    "tm:drainpunch",
    "tm:dreameater",
    "tm:echoedvoice",
    "tm:encore",
    "tm:endure",
    "tm:facade",
    "tm:fireblast",
    "tm:flamethrower",
    "tm:flash",
    "tm:fling",
    "tm:fly",
    "tm:focuspunch",
    "tm:frustration",
    "tm:futuresight",
    "tm:gigaimpact",
    "tm:grassknot",
    "tm:heatwave",
    "tm:helpinghand",
    "tm:hiddenpower",
    "tm:hyperbeam",
    "tm:hypervoice",
    "tm:imprison",
    "tm:incinerate",
    "tm:lightscreen",
    "tm:magicalleaf",
    "tm:megakick",
    "tm:megapunch",
    "tm:metronome",
    "tm:mysticalfire",
    "tm:nastyplot",
    "tm:naturalgift",
    "tm:playrough",
    "tm:protect",
    "tm:psychic",
    "tm:psychup",
    "tm:psyshock",
    "tm:raindance",
    "tm:reflect",
    "tm:rest",
    "tm:retaliate",
    "tm:return",
    "tm:rocksmash",
    "tm:roost",
    "tm:round",
    "tm:safeguard",
    "tm:secretpower",
    "tm:shadowball",
    "tm:shockwave",
    "tm:silverwind",
    "tm:sleeptalk",
    "tm:smartstrike",
    "tm:snore",
    "tm:solarbeam",
    "tm:steelwing",
    "tm:storedpower",
    "tm:substitute",
    "tm:sunnyday",
    "tm:swagger",
    "tm:swift",
    "tm:telekinesis",
    "tm:thunderwave",
    "tm:toxic",
    "tm:triattack",
    "tm:trick",
    "tm:uproar",
    "tm:waterpulse",
    "tm:workup",
    "tm:zenheadbutt",
    "tutor:afteryou",
    "tutor:aircutter",
    "tutor:ancientpower",
    "tutor:attract",
    "tutor:bodyslam",
    "tutor:charm",
    "tutor:counter",
    "tutor:covet",
    "tutor:curse",
    "tutor:defensecurl",
    "tutor:defog",
    "tutor:detect",
    "tutor:doubleedge",
    "tutor:doubleteam",
    "tutor:drainpunch",
    "tutor:dreameater",
    "tutor:dualwingbeat",
    "tutor:encore",
    "tutor:endeavor",
    "tutor:endure",
    "tutor:fireblast",
    "tutor:flash",
    "tutor:fly",
    "tutor:focuspunch",
    "tutor:frustration",
    "tutor:growl",
    "tutor:headbutt",
    "tutor:healbell",
    "tutor:heatwave",
    "tutor:hiddenpower",
    "tutor:hyperbeam",
    "tutor:hypervoice",
    "tutor:lastresort",
    "tutor:magiccoat",
    "tutor:megakick",
    "tutor:megapunch",
    "tutor:metronome",
    "tutor:mimic",
    "tutor:mudslap",
    "tutor:ominouswind",
    "tutor:protect",
    "tutor:psychic",
    "tutor:psychup",
    "tutor:raindance",
    "tutor:rest",
    "tutor:return",
    "tutor:rocksmash",
    "tutor:rollout",
    "tutor:roost",
    "tutor:safeguard",
    "tutor:seismictoss",
    "tutor:shadowball",
    "tutor:shockwave",
    "tutor:signalbeam",
    "tutor:skyattack",
    "tutor:sleeptalk",
    "tutor:snore",
    "tutor:softboiled",
    "tutor:solarbeam",
    "tutor:steelwing",
    "tutor:substitute",
    "tutor:sunnyday",
    "tutor:swagger",
    "tutor:sweetkiss",
    "tutor:swift",
    "tutor:tailwind",
    "tutor:telekinesis",
    "tutor:thunderwave",
    "tutor:toxic",
    "tutor:trick",
    "tutor:twister",
    "tutor:waterpulse",
    "tutor:zapcannon",
    "tutor:zenheadbutt"
  ],
  "labels": [
    "gen2"
  ],
  "pokedex": [
    "cobblemon.species.togetic.desc"
  ],
  "preEvolution": "togepi",
  "evolutions": [
    {
      "id": "togetic_togekiss",
      "variant": "item_interact",
      "result": "togekiss",
      "consumeHeldItem": false,
      "learnableMoves": [],
      "requirements": [],
      "requiredContext": "cobblemon:shiny_stone"
    }
  ],
  "baseScale": 1,
  "hitbox": {
    "width": 0.5,
    "height": 1.5,
    "fixed": false
  },
  "baseFriendship": 50,
  "evYield": {
    "hp": 0,
    "attack": 0,
    "defence": 0,
    "special_attack": 0,
    "special_defence": 2,
    "speed": 0
  },
  "height": 6,
  "weight": 32,
  "aspects": [],
  "cannotDynamax": false
}