{
	"credit": "Made with Blockbench",
	"texture_size": [128, 128],
	"textures": {
		"0": "block/slot_machine",
		"particle": "block/slot_machine"
	},
	"elements": [
		{
			"from": [0, 0, 3],
			"to": [2, 24, 16],
			"faces": {
				"north": {"uv": [0, 7.375, 0.25, 10.375], "texture": "#0"},
				"east": {"uv": [0, 0, 1.625, 3], "texture": "#0"},
				"south": {"uv": [0.25, 7.375, 0.5, 10.375], "texture": "#0"},
				"west": {"uv": [1.625, 0, 3.25, 3], "texture": "#0"},
				"up": {"uv": [5, 9.5, 4.75, 7.875], "texture": "#0"},
				"down": {"uv": [5.25, 7.875, 5, 9.5], "texture": "#0"}
			}
		},
		{
			"from": [14, 0, 3],
			"to": [16, 24, 16],
			"faces": {
				"north": {"uv": [0.5, 7.375, 0.75, 10.375], "texture": "#0"},
				"east": {"uv": [0, 3, 1.625, 6], "texture": "#0"},
				"south": {"uv": [0.75, 7.375, 1, 10.375], "texture": "#0"},
				"west": {"uv": [1.625, 3, 3.25, 6], "texture": "#0"},
				"up": {"uv": [5.5, 9.5, 5.25, 7.875], "texture": "#0"},
				"down": {"uv": [5.75, 7.875, 5.5, 9.5], "texture": "#0"}
			}
		},
		{
			"from": [2, 0, 14],
			"to": [14, 24, 16],
			"faces": {
				"north": {"uv": [3.25, 0, 4.75, 3], "texture": "#0"},
				"east": {"uv": [1, 7.375, 1.25, 10.375], "texture": "#0"},
				"south": {"uv": [3.25, 3, 4.75, 6], "texture": "#0"},
				"west": {"uv": [1.25, 7.375, 1.5, 10.375], "texture": "#0"},
				"up": {"uv": [9.5, 4.125, 8, 3.875], "texture": "#0"},
				"down": {"uv": [9.5, 4.125, 8, 4.375], "texture": "#0"}
			}
		},
		{
			"from": [2, 20, 3],
			"to": [14, 24, 14],
			"faces": {
				"north": {"uv": [6.25, 4.875, 7.75, 5.375], "texture": "#0"},
				"east": {"uv": [7.5, 5.875, 8.875, 6.375], "texture": "#0"},
				"south": {"uv": [6.25, 5.375, 7.75, 5.875], "texture": "#0"},
				"west": {"uv": [7.5, 6.375, 8.875, 6.875], "texture": "#0"},
				"up": {"uv": [1.5, 7.375, 0, 6], "texture": "#0"},
				"down": {"uv": [3, 6, 1.5, 7.375], "texture": "#0"}
			}
		},
		{
			"from": [0, 0, 0],
			"to": [2, 13, 3],
			"faces": {
				"north": {"uv": [5.75, 7.875, 6, 9.5], "texture": "#0"},
				"east": {"uv": [7.75, 0.375, 8.125, 2], "texture": "#0"},
				"south": {"uv": [6, 7.875, 6.25, 9.5], "texture": "#0"},
				"west": {"uv": [7.75, 2, 8.125, 3.625], "texture": "#0"},
				"up": {"uv": [3.875, 9.125, 3.625, 8.75], "texture": "#0"},
				"down": {"uv": [4.125, 8.75, 3.875, 9.125], "texture": "#0"}
			}
		},
		{
			"from": [14, 0, 0],
			"to": [16, 13, 3],
			"faces": {
				"north": {"uv": [6.25, 7.875, 6.5, 9.5], "texture": "#0"},
				"east": {"uv": [1.5, 7.875, 1.875, 9.5], "texture": "#0"},
				"south": {"uv": [6.5, 7.875, 6.75, 9.5], "texture": "#0"},
				"west": {"uv": [1.875, 7.875, 2.25, 9.5], "texture": "#0"},
				"up": {"uv": [4.375, 9.125, 4.125, 8.75], "texture": "#0"},
				"down": {"uv": [4.625, 8.75, 4.375, 9.125], "texture": "#0"}
			}
		},
		{
			"from": [1, 7, -7],
			"to": [15, 10, -4],
			"rotation": {"angle": 45, "axis": "x", "origin": [0, 0, 0]},
			"faces": {
				"north": {"uv": [7.5, 6.875, 9.25, 7.25], "texture": "#0"},
				"east": {"uv": [8.625, 2.875, 9, 3.25], "texture": "#0"},
				"south": {"uv": [7.5, 7.25, 9.25, 7.625], "texture": "#0"},
				"west": {"uv": [2.75, 8.75, 3.125, 9.125], "texture": "#0"},
				"up": {"uv": [9.25, 8, 7.5, 7.625], "texture": "#0"},
				"down": {"uv": [9.5, 0, 7.75, 0.375], "texture": "#0"}
			}
		},
		{
			"from": [0, 9.2, -9.19],
			"to": [2, 14.2, -6.19],
			"rotation": {"angle": 45, "axis": "x", "origin": [0, 0, 0]},
			"faces": {
				"north": {"uv": [8.625, 2.25, 8.875, 2.875], "texture": "#0"},
				"east": {"uv": [8.25, 8.5, 8.625, 9.125], "texture": "#0"},
				"south": {"uv": [8.625, 8.5, 8.875, 9.125], "texture": "#0"},
				"west": {"uv": [8.625, 0.375, 9, 1], "texture": "#0"},
				"up": {"uv": [9, 8.375, 8.75, 8], "texture": "#0"},
				"down": {"uv": [9.125, 2.25, 8.875, 2.625], "texture": "#0"}
			}
		},
		{
			"from": [14, 9.2, -9.19],
			"to": [16, 14.2, -6.19],
			"rotation": {"angle": 45, "axis": "x", "origin": [0, 0, 0]},
			"faces": {
				"north": {"uv": [2.25, 8.75, 2.5, 9.375], "texture": "#0"},
				"east": {"uv": [8.625, 1, 9, 1.625], "texture": "#0"},
				"south": {"uv": [2.5, 8.75, 2.75, 9.375], "texture": "#0"},
				"west": {"uv": [8.625, 1.625, 9, 2.25], "texture": "#0"},
				"up": {"uv": [9.125, 6.25, 8.875, 5.875], "texture": "#0"},
				"down": {"uv": [9.125, 6.25, 8.875, 6.625], "texture": "#0"}
			}
		},
		{
			"name": "spinner1",
			"from": [2, 14, -8],
			"to": [6, 18, -4],
			"rotation": {"angle": 45, "axis": "x", "origin": [0, 0, 0]},
			"faces": {
				"north": {"uv": [6.75, 7.875, 7.25, 8.375], "texture": "#0"},
				"east": {"uv": [7.25, 8, 7.75, 8.5], "texture": "#0"},
				"south": {"uv": [7.75, 8, 8.25, 8.5], "texture": "#0"},
				"west": {"uv": [8.125, 0.375, 8.625, 0.875], "texture": "#0"},
				"up": {"uv": [8.625, 1.375, 8.125, 0.875], "texture": "#0"},
				"down": {"uv": [8.625, 1.375, 8.125, 1.875], "texture": "#0"}
			}
		},
		{
			"name": "spinner3",
			"from": [10, 14, -8],
			"to": [14, 18, -4],
			"rotation": {"angle": 45, "axis": "x", "origin": [0, 0, 0]},
			"faces": {
				"north": {"uv": [8.125, 1.875, 8.625, 2.375], "texture": "#0"},
				"east": {"uv": [8.125, 2.375, 8.625, 2.875], "texture": "#0"},
				"south": {"uv": [8.125, 2.875, 8.625, 3.375], "texture": "#0"},
				"west": {"uv": [2.25, 8.25, 2.75, 8.75], "texture": "#0"},
				"up": {"uv": [3.25, 8.75, 2.75, 8.25], "texture": "#0"},
				"down": {"uv": [3.75, 8.25, 3.25, 8.75], "texture": "#0"}
			}
		},
		{
			"name": "spinner2",
			"from": [6, 14, -8],
			"to": [10, 18, -4],
			"rotation": {"angle": 45, "axis": "x", "origin": [0, 0, 0]},
			"faces": {
				"north": {"uv": [3.75, 8.25, 4.25, 8.75], "texture": "#0"},
				"east": {"uv": [4.25, 8.25, 4.75, 8.75], "texture": "#0"},
				"south": {"uv": [8.25, 8, 8.75, 8.5], "texture": "#0"},
				"west": {"uv": [6.75, 8.375, 7.25, 8.875], "texture": "#0"},
				"up": {"uv": [7.75, 9, 7.25, 8.5], "texture": "#0"},
				"down": {"uv": [8.25, 8.5, 7.75, 9], "texture": "#0"}
			}
		},
		{
			"from": [2, 0, 2],
			"to": [14, 11, 14],
			"faces": {
				"north": {"uv": [3, 6, 4.5, 7.375], "texture": "#0"},
				"east": {"uv": [4.5, 6, 6, 7.375], "texture": "#0"},
				"south": {"uv": [6, 6, 7.5, 7.375], "texture": "#0"},
				"west": {"uv": [6.25, 0, 7.75, 1.375], "texture": "#0"},
				"up": {"uv": [6.25, 1.5, 4.75, 0], "texture": "#0"},
				"down": {"uv": [6.25, 1.5, 4.75, 3], "texture": "#0"}
			}
		},
		{
			"from": [2, 9.5, 2],
			"to": [14, 13.5, 14],
			"faces": {
				"north": {"uv": [1.5, 7.375, 3, 7.875], "texture": "#0"},
				"east": {"uv": [3, 7.375, 4.5, 7.875], "texture": "#0"},
				"south": {"uv": [4.5, 7.375, 6, 7.875], "texture": "#0"},
				"west": {"uv": [6, 7.375, 7.5, 7.875], "texture": "#0"},
				"up": {"uv": [6.25, 4.5, 4.75, 3], "texture": "#0"},
				"down": {"uv": [6.25, 4.5, 4.75, 6], "texture": "#0"}
			}
		},
		{
			"from": [2, 18, 3],
			"to": [14, 20, 13],
			"faces": {
				"north": {"uv": [7.75, 4.875, 9.25, 5.25], "texture": "#0"},
				"east": {"uv": [2.25, 7.875, 3.5, 8.25], "texture": "#0"},
				"south": {"uv": [7.75, 5.25, 9.25, 5.625], "texture": "#0"},
				"west": {"uv": [3.5, 7.875, 4.75, 8.25], "texture": "#0"},
				"up": {"uv": [7.75, 2.625, 6.25, 1.375], "texture": "#0"},
				"down": {"uv": [7.75, 2.625, 6.25, 3.875], "texture": "#0"}
			}
		},
		{
			"from": [1, 24, 3],
			"to": [15, 28, 5],
			"faces": {
				"north": {"uv": [6.25, 3.875, 8, 4.375], "texture": "#0"},
				"east": {"uv": [3.125, 8.75, 3.375, 9.25], "texture": "#0"},
				"south": {"uv": [6.25, 4.375, 8, 4.875], "texture": "#0"},
				"west": {"uv": [3.375, 8.75, 3.625, 9.25], "texture": "#0"},
				"up": {"uv": [9.5, 3.875, 7.75, 3.625], "texture": "#0"},
				"down": {"uv": [9.5, 5.625, 7.75, 5.875], "texture": "#0"}
			}
		},
		{
			"from": [2, 28, 3],
			"to": [14, 29, 5],
			"faces": {
				"north": {"uv": [8.125, 3.375, 9.625, 3.5], "texture": "#0"},
				"east": {"uv": [6.25, 5.875, 6.5, 6], "texture": "#0"},
				"south": {"uv": [8.125, 3.5, 9.625, 3.625], "texture": "#0"},
				"west": {"uv": [6.5, 5.875, 6.75, 6], "texture": "#0"},
				"up": {"uv": [9.5, 4.625, 8, 4.375], "texture": "#0"},
				"down": {"uv": [9.5, 4.625, 8, 4.875], "texture": "#0"}
			}
		}
	],
	"gui_light": "front",
	"display": {
		"thirdperson_righthand": {
			"rotation": [75, 45, 0],
			"translation": [0, 2.5, 0],
			"scale": [0.375, 0.375, 0.375]
		},
		"thirdperson_lefthand": {
			"rotation": [75, 45, 0],
			"translation": [0, 2.5, 0],
			"scale": [0.375, 0.375, 0.375]
		},
		"firstperson_righthand": {
			"rotation": [0, 45, 0],
			"scale": [0.4, 0.4, 0.4]
		},
		"firstperson_lefthand": {
			"rotation": [0, 225, 0],
			"scale": [0.4, 0.4, 0.4]
		},
		"ground": {
			"translation": [0, 3, 0],
			"scale": [0.25, 0.25, 0.25]
		},
		"gui": {
			"rotation": [30, 225, 0],
			"scale": [0.625, 0.625, 0.625]
		},
		"head": {
			"translation": [0, 14.25, 0]
		},
		"fixed": {
			"rotation": [-90, 0, 0],
			"translation": [0, 0, -14.25],
			"scale": [2.05, 2.05, 2.05]
		}
	},
	"groups": [
		{
			"name": "SlotsMachine",
			"origin": [0, 0, 0],
			"color": 0,
			"children": [
				{
					"name": "Case",
					"origin": [0, 0, 0],
					"color": 0,
					"children": [0, 1, 2, 3]
				},
				{
					"name": "FrontPanel",
					"origin": [0, 0, 0],
					"color": 0,
					"children": [4, 5, 6, 7, 8]
				},
				{
					"name": "spinners",
					"origin": [0, 0, 0],
					"color": 0,
					"children": [9, 10, 11]
				},
				{
					"name": "insides",
					"origin": [8, 8, 8],
					"color": 0,
					"children": [12, 13, 14]
				},
				{
					"name": "TopSign",
					"origin": [0, 0, 0],
					"color": 0,
					"children": [15, 16]
				}
			]
		}
	]
}