{
"parent": "minecraft:item/generated",
"textures": {
"layer0": "minecraft:item/barrier"
},

"overrides": [
	{"predicate": {"custom_model_data":66601}, "model": "minecraft:custom/blocks/roulette"},
	{"predicate": {"custom_model_data":66602}, "model": "minecraft:custom/blocks/darts"},
	{"predicate": {"custom_model_data":66603}, "model": "minecraft:custom/blocks/drums"},
	{"predicate": {"custom_model_data":66604}, "model": "minecraft:custom/blocks/races"},
	{"predicate": {"custom_model_data":66605}, "model": "minecraft:custom/blocks/pyramid"},
	{"predicate": {"custom_model_data":66606}, "model": "minecraft:custom/blocks/stairs"},
	{"predicate": {"custom_model_data":66607}, "model": "minecraft:custom/blocks/lottery"},
	{"predicate": {"custom_model_data":66608}, "model": "minecraft:custom/blocks/crash"},
	{"predicate": {"custom_model_data":66609}, "model": "minecraft:custom/blocks/classic"},
	{"predicate": {"custom_model_data":66610}, "model": "minecraft:custom/blocks/blackjack"},
	{"predicate": {"custom_model_data":66611}, "model": "minecraft:custom/blocks/rockpaperscissors"},
	{"predicate": {"custom_model_data":66612}, "model": "minecraft:custom/blocks/tictactoe"},
	{"predicate": {"custom_model_data":66613}, "model": "minecraft:custom/blocks/deadmanschest"},
	{"predicate": {"custom_model_data":66614}, "model": "minecraft:custom/blocks/poker"},
	{"predicate": {"custom_model_data":66615}, "model": "minecraft:custom/blocks/dice"},
	{"predicate": {"custom_model_data":66616}, "model": "minecraft:custom/blocks/minesweeper"},
	{"predicate": {"custom_model_data":5600000}, "model": "minecraft:vegasgui/empty_button"},
	{"predicate": {"custom_model_data":5622101}, "model": "minecraft:vegasgui/13deadmanschest/bet"}
]
}