{
 "parent": "block/cube_column",
  "textures": {
    "particle": "block/pumpkin_side",
    "down": "block/pumpkin_top",
    "up": "block/pumpkin_top",
    "north": "block/carved_pumpkin",
    "south": "block/carved_pumpkin",
    "west": "block/pumpkin_side",
    "east": "block/pumpkin_side"
  },
 
 "overrides": [
  {"predicate": {"custom_model_data":91}, "model": "block/torta"},
  {"predicate": {"custom_model_data":92}, "model": "block/torta_v2"},
  {"predicate": {"custom_model_data":93}, "model": "block/arceus_hat"},
  {"predicate": {"custom_model_data":98}, "model": "block/cajero"},
  {"predicate": {"custom_model_data":100}, "model": "simplehats:block/orejitas"},
  {"predicate": {"custom_model_data":101}, "model": "simplehats:block/bonsly_hat"},
  {"predicate": {"custom_model_data":102}, "model": "simplehats:block/gengar_beanie"},
  {"predicate": {"custom_model_data":103}, "model": "simplehats:block/magikarp_hat"},
  {"predicate": {"custom_model_data":104}, "model": "simplehats:block/pikachu_hat"},
  {"predicate": {"custom_model_data":105}, "model": "simplehats:block/psyduck_hat"},
  {"predicate": {"custom_model_data":106}, "model": "simplehats:block/rata-negra"},
  {"predicate": {"custom_model_data":107}, "model": "simplehats:block/togepi_hat"},
  {"predicate": {"custom_model_data":108}, "model": "simplehats:block/dragonite_hat"},
  {"predicate": {"custom_model_data":109}, "model": "simplehats:block/furret_hat"},
  {"predicate": {"custom_model_data":110}, "model": "simplehats:block/mimikyu_hat"},
  {"predicate": {"custom_model_data":111}, "model": "simplehats:block/weezing_hat"},
  {"predicate": {"custom_model_data":112}, "model": "simplehats:block/pharaoh_headpiece"},
  {"predicate": {"custom_model_data":113}, "model": "simplehats:block/gorro_steelix"},
  {"predicate": {"custom_model_data":114}, "model": "simplehats:block/police_cap_siren"},
  {"predicate": {"custom_model_data":115}, "model": "simplehats:block/scavenger_crown"},
  {"predicate": {"custom_model_data":116}, "model": "simplehats:block/mascara_nuclear"},
  {"predicate": {"custom_model_data":117}, "model": "simplehats:block/chefs_hat"},
  {"predicate": {"custom_model_data":118}, "model": "simplehats:block/chefs_hat_rat"},
  {"predicate": {"custom_model_data":119}, "model": "simplehats:block/petit_orejitas"},
  {"predicate": {"custom_model_data":120}, "model": "simplehats:block/hard_hat_arquitecto"},
  {"predicate": {"custom_model_data":121}, "model": "simplehats:block/hard_hat_operario"},
  {"predicate": {"custom_model_data":122}, "model": "simplehats:block/fiesta_gorro"},
  {"predicate": {"custom_model_data":123}, "model": "simplehats:block/hard_hat_minero"},
  {"predicate": {"custom_model_data":2000}, "model": "simplehats:block/custom/redhat"},
  {"predicate": {"custom_model_data":2001}, "model": "simplehats:block/custom/leafhat"},
  {"predicate": {"custom_model_data":2002}, "model": "simplehats:block/custom/goldhat"},
  {"predicate": {"custom_model_data":2003}, "model": "simplehats:block/custom/brendanhat"},
  {"predicate": {"custom_model_data":2004}, "model": "simplehats:block/custom/lucashat"},
  {"predicate": {"custom_model_data":2005}, "model": "simplehats:block/custom/dawnhat"},
  {"predicate": {"custom_model_data":2006}, "model": "simplehats:block/custom/hilberthat"},
  {"predicate": {"custom_model_data":2007}, "model": "simplehats:block/custom/hildahat"},
  {"predicate": {"custom_model_data":2008}, "model": "simplehats:block/custom/natehat"},
  {"predicate": {"custom_model_data":2009}, "model": "simplehats:block/custom/rosahat"},
  {"predicate": {"custom_model_data":2010}, "model": "simplehats:block/custom/biancahat"},
  {"predicate": {"custom_model_data":2011}, "model": "simplehats:block/custom/calemhat"},
  {"predicate": {"custom_model_data":2012}, "model": "simplehats:block/custom/serenahat"},
  {"predicate": {"custom_model_data":2013}, "model": "simplehats:block/custom/eliohat"},
  {"predicate": {"custom_model_data":2014}, "model": "simplehats:block/custom/selenehat"},
  {"predicate": {"custom_model_data":2015}, "model": "simplehats:block/custom/victorhat"},
  {"predicate": {"custom_model_data":2016}, "model": "simplehats:block/custom/gloriahat"},
  {"predicate": {"custom_model_data":2017}, "model": "simplehats:block/custom/pennyhat"},
  {"predicate": {"custom_model_data":2018}, "model": "simplehats:block/custom/mayhat"},
  {"predicate": {"custom_model_data":2019}, "model": "simplehats:block/eevee/eevee_hat"},
  {"predicate": {"custom_model_data":2020}, "model": "simplehats:block/eevee/espeon_hat"},
  {"predicate": {"custom_model_data":2021}, "model": "simplehats:block/eevee/flareon_hat"},
  {"predicate": {"custom_model_data":2022}, "model": "simplehats:block/eevee/glaceon_hat"},
  {"predicate": {"custom_model_data":2023}, "model": "simplehats:block/eevee/jolteon_hat"},
  {"predicate": {"custom_model_data":2024}, "model": "simplehats:block/eevee/leafeon_hat"},
  {"predicate": {"custom_model_data":2025}, "model": "simplehats:block/eevee/sylveon_hat"},
  {"predicate": {"custom_model_data":2026}, "model": "simplehats:block/eevee/umbreon_hat"},
  {"predicate": {"custom_model_data":2027}, "model": "simplehats:block/eevee/vaporeon_hat"},
  {"predicate": {"custom_model_data":2028}, "model": "simplehats:block/celestial_hat"},
  {"predicate": {"custom_model_data":3000}, "model": "simplehats:block/lavachicken/chicken_hat"},
  {"predicate": {"custom_model_data":3001}, "model": "simplehats:block/lavachicken/arrow_hat"},
  {"predicate": {"custom_model_data":3002}, "model": "simplehats:block/lavachicken/bucket_hat"},
  {"predicate": {"custom_model_data":3003}, "model": "simplehats:block/lavachicken/piglin_head"},
  {"predicate": {"custom_model_data":3004}, "model": "simplehats:block/lavachicken/villager_head"},
  {"predicate": {"custom_model_data":4000}, "model": "simplehats:block/orejitas/bunny_ears_black"},
  {"predicate": {"custom_model_data":4001}, "model": "simplehats:block/orejitas/bunny_ears_black-pink"},
  {"predicate": {"custom_model_data":4002}, "model": "simplehats:block/orejitas/bunny_ears_black-white"},
  {"predicate": {"custom_model_data":4003}, "model": "simplehats:block/orejitas/bunny_ears_pink"},
  {"predicate": {"custom_model_data":4004}, "model": "simplehats:block/orejitas/bunny_ears_pink-black"},
  {"predicate": {"custom_model_data":4005}, "model": "simplehats:block/orejitas/bunny_ears_pink-white"},
  {"predicate": {"custom_model_data":4006}, "model": "simplehats:block/orejitas/bunny_ears_white"},
  {"predicate": {"custom_model_data":4007}, "model": "simplehats:block/orejitas/bunny_ears_white-black"},
  {"predicate": {"custom_model_data":4008}, "model": "simplehats:block/orejitas/bunny_ears_white-pink"},
  {"predicate": {"custom_model_data":4009}, "model": "simplehats:block/steampunk_glasses"}
 ]
}