{
	"format_version": "1.21.6",
	"credit": "Made with Blockbench",
	"textures": {
		"1": "item/solar_staff_anim",
		"2": "item/solar_staff"
	},
	"elements": [
		{
			"from": [7, -6, 7],
			"to": [9, 6, 9],
			"rotation": {"angle": 0, "axis": "y", "origin": [9, 16, 6.875]},
			"faces": {
				"north": {"uv": [14, 0, 13, 12], "texture": "#2"},
				"east": {"uv": [14, 0, 13, 12], "texture": "#2"},
				"south": {"uv": [14, 0, 13, 12], "texture": "#2"},
				"west": {"uv": [14, 0, 13, 12], "texture": "#2"}
			}
		},
		{
			"from": [6.8, -4.2, 6.8],
			"to": [9.2, 4.2, 9.2],
			"rotation": {"angle": 0, "axis": "y", "origin": [9, 16, 6.875]},
			"faces": {
				"north": {"uv": [15, 0, 14, 8], "texture": "#2", "tintindex": 0},
				"east": {"uv": [15, 0, 14, 8], "texture": "#2", "tintindex": 0},
				"south": {"uv": [15, 0, 14, 8], "texture": "#2", "tintindex": 0},
				"west": {"uv": [15, 0, 14, 8], "texture": "#2", "tintindex": 0}
			}
		},
		{
			"from": [1, 9, 8],
			"to": [15, 13, 8],
			"rotation": {"angle": 0, "axis": "y", "origin": [9, 15, 6.875]},
			"faces": {
				"north": {"uv": [11.5, 0, 4.5, 4], "texture": "#2"},
				"south": {"uv": [11.5, 0, 4.5, 4], "texture": "#2"}
			}
		},
		{
			"from": [6, 6, 6],
			"to": [10, 8, 10],
			"rotation": {"angle": 0, "axis": "y", "origin": [8, 7, 8]},
			"faces": {
				"north": {"uv": [9, 4, 7, 6], "texture": "#2"},
				"east": {"uv": [9, 4, 7, 6], "texture": "#2"},
				"south": {"uv": [9, 4, 7, 6], "texture": "#2"},
				"west": {"uv": [9, 4, 7, 6], "texture": "#2"},
				"up": {"uv": [9, 6, 7, 10], "texture": "#2"},
				"down": {"uv": [11, 4, 9, 8], "texture": "#2"}
			}
		},
		{
			"from": [6, -8, 6],
			"to": [10, -6, 10],
			"rotation": {"angle": 0, "axis": "y", "origin": [8, -9, 8]},
			"faces": {
				"north": {"uv": [9, 4, 7, 6], "texture": "#2"},
				"east": {"uv": [9, 4, 7, 6], "texture": "#2"},
				"south": {"uv": [9, 4, 7, 6], "texture": "#2"},
				"west": {"uv": [9, 4, 7, 6], "texture": "#2"},
				"up": {"uv": [9, 6, 7, 10], "texture": "#2"},
				"down": {"uv": [11, 4, 9, 8], "texture": "#2"}
			}
		},
		{
			"from": [3.5, 16, 8],
			"to": [12.5, 25, 8],
			"rotation": {"angle": 0, "axis": "y", "origin": [8, 20.5, 8]},
			"faces": {
				"north": {"uv": [4.5, 0, 0, 9], "texture": "#2"},
				"south": {"uv": [4.5, 0, 0, 9], "texture": "#2"}
			}
		},
		{
			"from": [6.5, 26, 8],
			"to": [9.5, 32, 8],
			"rotation": {"angle": 0, "axis": "y", "origin": [8, 20.5, 8]},
			"faces": {
				"north": {"uv": [10, 5, 7, 11], "texture": "#1"},
				"south": {"uv": [10, 5, 7, 11], "texture": "#1"}
			}
		},
		{
			"from": [13.5, 19, 8],
			"to": [19.5, 22, 8],
			"rotation": {"angle": 0, "axis": "y", "origin": [8, 20.5, 8]},
			"faces": {
				"north": {"uv": [10, 5, 7, 11], "rotation": 270, "texture": "#1"},
				"south": {"uv": [10, 5, 7, 11], "rotation": 90, "texture": "#1"}
			}
		},
		{
			"from": [-3.5, 19, 8],
			"to": [2.5, 22, 8],
			"rotation": {"angle": 0, "axis": "y", "origin": [8, 20.5, 8]},
			"faces": {
				"north": {"uv": [10, 5, 7, 11], "rotation": 90, "texture": "#1"},
				"south": {"uv": [10, 5, 7, 11], "rotation": 270, "texture": "#1"}
			}
		},
		{
			"from": [-3.5, 19, 8],
			"to": [2.5, 22, 8],
			"rotation": {"angle": -45, "axis": "z", "origin": [8, 20.5, 8]},
			"faces": {
				"north": {"uv": [10, 5, 7, 11], "rotation": 90, "texture": "#1"},
				"south": {"uv": [10, 5, 7, 11], "rotation": 270, "texture": "#1"}
			}
		},
		{
			"from": [6.5, 26, 8],
			"to": [9.5, 32, 8],
			"rotation": {"angle": -45, "axis": "z", "origin": [8, 20.5, 8]},
			"faces": {
				"north": {"uv": [10, 5, 7, 11], "texture": "#1"},
				"south": {"uv": [10, 5, 7, 11], "texture": "#1"}
			}
		},
		{
			"from": [-9.25, -7.25, 6.5],
			"to": [-5.25, -3.25, 9.5],
			"rotation": {"angle": 45, "axis": "z", "origin": [8, 10, 8]},
			"faces": {
				"north": {"uv": [7, 4, 5, 8], "texture": "#2"},
				"east": {"uv": [11, 7, 13, 4], "rotation": 270, "texture": "#2"},
				"south": {"uv": [5, 8, 7, 4], "rotation": 270, "texture": "#2"},
				"west": {"uv": [11, 7, 13, 4], "rotation": 90, "texture": "#2"},
				"up": {"uv": [13, 4, 11, 7], "texture": "#2"},
				"down": {"uv": [13, 4, 11, 7], "texture": "#2"}
			}
		},
		{
			"from": [7, 9, 6.5],
			"to": [11, 13, 9.5],
			"rotation": {"angle": 45, "axis": "z", "origin": [8, 10, 8]},
			"faces": {
				"north": {"uv": [7, 4, 5, 8], "texture": "#2"},
				"east": {"uv": [11, 7, 13, 4], "rotation": 270, "texture": "#2"},
				"south": {"uv": [5, 8, 7, 4], "rotation": 270, "texture": "#2"},
				"west": {"uv": [11, 7, 13, 4], "rotation": 90, "texture": "#2"},
				"up": {"uv": [13, 4, 11, 7], "texture": "#2"},
				"down": {"uv": [13, 4, 11, 7], "texture": "#2"}
			}
		},
		{
			"from": [11.5, 13.5, 10],
			"to": [6.5, 8.5, 6],
			"rotation": {"angle": 45, "axis": "z", "origin": [8, 10, 8]},
			"faces": {
				"north": {"uv": [15, 12, 16, 13], "texture": "#1"},
				"east": {"uv": [15, 12, 16, 13], "texture": "#1"},
				"south": {"uv": [15, 12, 16, 13], "texture": "#1"},
				"west": {"uv": [15, 12, 16, 13], "texture": "#1"},
				"up": {"uv": [15, 12, 16, 13], "texture": "#1"},
				"down": {"uv": [15, 12, 16, 13], "texture": "#1"}
			}
		},
		{
			"from": [10.5, 8.5, 10.5],
			"to": [5.5, 5.5, 5.5],
			"rotation": {"angle": 0, "axis": "y", "origin": [8, 7, 8]},
			"faces": {
				"north": {"uv": [15, 12, 16, 13], "texture": "#1"},
				"east": {"uv": [15, 12, 16, 13], "texture": "#1"},
				"south": {"uv": [15, 12, 16, 13], "texture": "#1"},
				"west": {"uv": [15, 12, 16, 13], "texture": "#1"},
				"up": {"uv": [15, 12, 16, 13], "texture": "#1"},
				"down": {"uv": [15, 12, 16, 13], "texture": "#1"}
			}
		},
		{
			"from": [-4.75, -2.75, 10],
			"to": [-9.75, -7.75, 6],
			"rotation": {"angle": 45, "axis": "z", "origin": [8, 10, 8]},
			"faces": {
				"north": {"uv": [15, 12, 16, 13], "texture": "#1"},
				"east": {"uv": [15, 12, 16, 13], "texture": "#1"},
				"south": {"uv": [15, 12, 16, 13], "texture": "#1"},
				"west": {"uv": [15, 12, 16, 13], "texture": "#1"},
				"up": {"uv": [15, 12, 16, 13], "texture": "#1"},
				"down": {"uv": [15, 12, 16, 13], "texture": "#1"}
			}
		},
		{
			"from": [10.5, -5.5, 10.5],
			"to": [5.5, -8.5, 5.5],
			"rotation": {"angle": 0, "axis": "y", "origin": [8, -9, 8]},
			"faces": {
				"north": {"uv": [15, 12, 16, 13], "texture": "#1"},
				"east": {"uv": [15, 12, 16, 13], "texture": "#1"},
				"south": {"uv": [15, 12, 16, 13], "texture": "#1"},
				"west": {"uv": [15, 12, 16, 13], "texture": "#1"},
				"up": {"uv": [15, 12, 16, 13], "texture": "#1"},
				"down": {"uv": [15, 12, 16, 13], "texture": "#1"}
			}
		}
	],
	"gui_light": "front",
	"display": {
		"thirdperson_righthand": {
			"rotation": [60.91, 32.49, -25.98],
			"translation": [4.5, 4.75, 6],
			"scale": [0.90625, 0.90625, 0.90625]
		},
		"thirdperson_lefthand": {
			"rotation": [60.91, 32.49, -25.98],
			"translation": [4.5, 4.75, 6],
			"scale": [0.90625, 0.90625, 0.90625]
		},
		"firstperson_righthand": {
			"rotation": [-158.87, 77.19, 152.62],
			"translation": [11.5, 3, -7.75],
			"scale": [0.55078, 0.55078, 0.55078]
		},
		"firstperson_lefthand": {
			"rotation": [-158.87, 77.19, 152.62],
			"translation": [11.5, 3, -7.75],
			"scale": [0.55078, 0.55078, 0.55078]
		},
		"ground": {
			"translation": [0, 4.25, 0],
			"scale": [0.43945, 0.43945, 0.43945]
		},
		"gui": {
			"rotation": [-1.43, -12.31, -44.3],
			"translation": [-0.25, -0.5, 0],
			"scale": [0.40197, 0.40197, 0.40197]
		},
		"head": {
			"rotation": [0, 3.25, 0],
			"translation": [0, 4.25, 0],
			"scale": [1.6, 1.6, 1.6]
		}
	}
}