{
	"format_version": "1.21.6",
	"credit": "Made with Blockbench",
	"textures": {
		"1": "simplehats:block/celestial_anim_1",
		"2": "simplehats:block/celestial_2",
		"3": "simplehats:block/sun_anim",
		"particle": "simplehats:block/sun_anim"
	},
	"elements": [
		{
			"from": [13.665, 13.695, 13.665],
			"to": [2.335, 0.305, 2.335],
			"rotation": {"angle": 0, "axis": "y", "origin": [10.575, -0.21, 9.545]},
			"faces": {
				"north": {"uv": [11, 2, 12, 3], "texture": "#1"},
				"east": {"uv": [11, 2, 12, 3], "texture": "#1"},
				"south": {"uv": [11, 2, 12, 3], "texture": "#1"},
				"west": {"uv": [11, 2, 12, 3], "texture": "#1"},
				"up": {"uv": [11, 2, 12, 3], "texture": "#1"},
				"down": {"uv": [11, 2, 12, 3], "texture": "#1"}
			}
		},
		{
			"from": [14.28815, 14.43145, 14.28815],
			"to": [1.71185, -0.43145, 1.71185],
			"rotation": {"angle": 0, "axis": "y", "origin": [10.85825, -1.0031, 9.71495]},
			"faces": {
				"north": {"uv": [11, 0, 12, 1], "texture": "#1"},
				"east": {"uv": [11, 0, 12, 1], "texture": "#1"},
				"south": {"uv": [11, 0, 12, 1], "texture": "#1"},
				"west": {"uv": [11, 0, 12, 1], "texture": "#1"},
				"up": {"uv": [11, 0, 12, 1], "texture": "#1"},
				"down": {"uv": [11, 0, 12, 1], "texture": "#1"}
			}
		},
		{
			"from": [2.7, 0.7, 2.7],
			"to": [13.3, 13.3, 13.3],
			"rotation": {"angle": 0, "axis": "y", "origin": [0, 0, -1]},
			"faces": {
				"north": {"uv": [3.33334, 8, 6.66667, 12.33333], "texture": "#2"},
				"east": {"uv": [12.66667, 0, 16, 4.33333], "texture": "#2"},
				"south": {"uv": [12.66667, 8.66667, 16, 13], "texture": "#2"},
				"west": {"uv": [16, 0, 12.66667, 4.33333], "texture": "#2"},
				"up": {"uv": [0, 7.66667, 3.33333, 11], "texture": "#2"},
				"down": {"uv": [6.66667, 4.33333, 10, 7.66667], "texture": "#2"}
			}
		},
		{
			"from": [3, 1, 3],
			"to": [13, 13, 13],
			"rotation": {"angle": 0, "axis": "y", "origin": [0, 0, -1]},
			"faces": {
				"north": {"uv": [0, 0.33333, 3.33333, 4.33333], "texture": "#2"},
				"east": {"uv": [3.33333, 0.33333, 6.66666, 4.33333], "texture": "#2"},
				"south": {"uv": [10, 0.33333, 6.66667, 4.33333], "texture": "#2"},
				"west": {"uv": [6.66666, 0.33333, 3.33333, 4.33333], "texture": "#2"},
				"up": {"uv": [0, 4.33333, 3.33333, 7.66667], "texture": "#2"},
				"down": {"uv": [6.66667, 4.33333, 10, 7.66667], "texture": "#2"}
			}
		},
		{
			"from": [1, 7, 7],
			"to": [1, 12, 17],
			"rotation": {"angle": 0, "axis": "y", "origin": [8, 9.5, 12]},
			"faces": {
				"north": {"uv": [0, 0, 0.33333, 0.33333], "texture": "#3"},
				"east": {"uv": [3.33333, 0, 0, 1.66667], "texture": "#3"},
				"south": {"uv": [0, 0, 0.33333, 0.33333], "texture": "#3"},
				"west": {"uv": [0, 0, 3.33333, 1.66667], "texture": "#3"},
				"up": {"uv": [0, 0, 0.33333, 0.33333], "texture": "#3"},
				"down": {"uv": [0, 0, 0.33333, 0.33333], "texture": "#3"}
			}
		},
		{
			"from": [15, 7, 7],
			"to": [15, 12, 17],
			"rotation": {"angle": 0, "axis": "y", "origin": [8, 9.5, 12]},
			"faces": {
				"north": {"uv": [0.33333, 0, 0, 0.33333], "texture": "#3"},
				"east": {"uv": [3.33333, 0, 0, 1.66667], "texture": "#3"},
				"south": {"uv": [0.33333, 0, 0, 0.33333], "texture": "#3"},
				"west": {"uv": [0, 0, 3.33333, 1.66667], "texture": "#3"},
				"up": {"uv": [0.33333, 0, 0, 0.33333], "texture": "#3"},
				"down": {"uv": [0.33333, 0, 0, 0.33333], "texture": "#3"}
			}
		},
		{
			"from": [-10.5, 8.5, -11.5],
			"to": [26.5, 8.5, 10.5],
			"rotation": {"angle": 45, "axis": "x", "origin": [12.5, 9.5, 9]},
			"faces": {
				"north": {"uv": [0, 0, 0, 0], "texture": "#3"},
				"east": {"uv": [0, 0, 0, 0], "texture": "#3"},
				"south": {"uv": [0, 0, 0, 0], "texture": "#3"},
				"west": {"uv": [0, 0, 0, 0], "texture": "#3"},
				"up": {"uv": [0, 9, 12.33333, 1.66667], "rotation": 180, "texture": "#3"},
				"down": {"uv": [0, 1.66667, 12.33333, 9], "rotation": 180, "texture": "#3"}
			}
		}
	],
	"gui_light": "front",
	"display": {
		"thirdperson_righthand": {
			"rotation": [55.5, 34, 0],
			"translation": [0, 1, 0.75],
			"scale": [0.52539, 0.52539, 0.52539]
		},
		"thirdperson_lefthand": {
			"rotation": [55.5, 34, 0],
			"translation": [0, 1, 0.75],
			"scale": [0.52539, 0.52539, 0.52539]
		},
		"firstperson_righthand": {
			"rotation": [21, 114.5, -13.75],
			"translation": [9.5, 0, -5.75],
			"scale": [0.41992, 0.41992, 0.41992]
		},
		"firstperson_lefthand": {
			"rotation": [21, 114.5, -13.75],
			"translation": [9.5, 0, -5.75],
			"scale": [0.41992, 0.41992, 0.41992]
		},
		"gui": {
			"rotation": [171.47, -31.48, 174.46],
			"translation": [-0.25, -1.75, 0],
			"scale": [0.61913, 0.61913, 0.61913]
		},
		"head": {
			"translation": [0, 3.25, 0],
			"scale": [1.45, 1.45, 1.45]
		}
	}
}