{
	"credit": "Made with Blockbench",
	"textures": {
		"0": "simplehats:block/party_hat",
		"particle": "simplehats:block/party_hat"
	},
	"elements": [
		{
			"from": [4.5, 8, 4.75],
			"to": [11.5, 17, 4.75],
			"rotation": {"angle": 22.5, "axis": "x", "origin": [8.5, 9.5, 6.5]},
			"faces": {
				"north": {"uv": [0, 0, 7, 9], "texture": "#0", "tintindex": 0},
				"south": {"uv": [0, 0, 7, 9], "texture": "#0", "tintindex": 0}
			}
		},
		{
			"from": [4.5, 8, 11.25],
			"to": [11.5, 17, 11.25],
			"rotation": {"angle": -22.5, "axis": "x", "origin": [8.5, 9.5, 9.5]},
			"faces": {
				"north": {"uv": [7, 0, 0, 9], "texture": "#0", "tintindex": 0},
				"south": {"uv": [7, 0, 0, 9], "texture": "#0", "tintindex": 0}
			}
		},
		{
			"from": [6.18112, 7.68793, 4.5],
			"to": [6.18112, 16.68793, 11.5],
			"rotation": {"angle": -22.5, "axis": "z", "origin": [8, 12.94133, 8]},
			"faces": {
				"east": {"uv": [7, 0, 0, 9], "texture": "#0", "tintindex": 0},
				"west": {"uv": [7, 0, 0, 9], "texture": "#0", "tintindex": 0}
			}
		},
		{
			"from": [5.93112, 7.68793, 4.5],
			"to": [5.93112, 16.68793, 11.5],
			"rotation": {"angle": -22.5, "axis": "z", "origin": [8, 12.94133, 8]},
			"faces": {
				"east": {"uv": [7, 0, 14, 9], "texture": "#0"},
				"west": {"uv": [14, 0, 7, 9], "texture": "#0"}
			}
		},
		{
			"from": [10.06888, 7.68793, 4.5],
			"to": [10.06888, 16.68793, 11.5],
			"rotation": {"angle": 22.5, "axis": "z", "origin": [8, 12.94133, 8]},
			"faces": {
				"east": {"uv": [7, 0, 14, 9], "texture": "#0"},
				"west": {"uv": [14, 0, 7, 9], "texture": "#0"}
			}
		},
		{
			"from": [4.5, 7.69521, 10.03227],
			"to": [11.5, 16.69521, 10.03227],
			"rotation": {"angle": -22.5, "axis": "x", "origin": [8, 13.03701, 8]},
			"faces": {
				"north": {"uv": [14, 0, 7, 9], "texture": "#0"},
				"south": {"uv": [7, 0, 14, 9], "texture": "#0"}
			}
		},
		{
			"from": [4.5, 7.69521, 5.96773],
			"to": [11.5, 16.69521, 5.96773],
			"rotation": {"angle": 22.5, "axis": "x", "origin": [8, 13.03701, 8]},
			"faces": {
				"north": {"uv": [14, 0, 7, 9], "texture": "#0"},
				"south": {"uv": [7, 0, 14, 9], "texture": "#0"}
			}
		},
		{
			"from": [9.81888, 7.68793, 4.5],
			"to": [9.81888, 16.68793, 11.5],
			"rotation": {"angle": 22.5, "axis": "z", "origin": [8, 12.94133, 8]},
			"faces": {
				"east": {"uv": [0, 0, 7, 9], "texture": "#0", "tintindex": 0},
				"west": {"uv": [0, 0, 7, 9], "texture": "#0", "tintindex": 0}
			}
		},
		{
			"from": [5.5, 16, 8],
			"to": [10.5, 21, 8],
			"rotation": {"angle": 0, "axis": "y", "origin": [8, 17.5, 8]},
			"faces": {
				"north": {"uv": [11, 11, 16, 16], "texture": "#0"},
				"south": {"uv": [11, 11, 16, 16], "texture": "#0"}
			}
		},
		{
			"from": [8, 16, 5.5],
			"to": [8, 21, 10.5],
			"rotation": {"angle": 0, "axis": "y", "origin": [8, 18.5, 8]},
			"faces": {
				"east": {"uv": [11, 11, 16, 16], "texture": "#0"},
				"west": {"uv": [11, 11, 16, 16], "texture": "#0"}
			}
		}
	],
	"gui_light": "front",
	"display": {
		"thirdperson_righthand": {
			"rotation": [55.5, 34, 0],
			"translation": [0, 1, 0.75],
			"scale": [0.52539, 0.52539, 0.52539]
		},
		"thirdperson_lefthand": {
			"rotation": [55.5, 34, 0],
			"translation": [0, 1, 0.75],
			"scale": [0.52539, 0.52539, 0.52539]
		},
		"firstperson_righthand": {
			"rotation": [21, 114.5, -13.75],
			"translation": [9.5, 0, -5.75],
			"scale": [0.41992, 0.41992, 0.41992]
		},
		"firstperson_lefthand": {
			"rotation": [21, 114.5, -13.75],
			"translation": [9.5, 0, -5.75],
			"scale": [0.41992, 0.41992, 0.41992]
		},
		"gui": {
			"rotation": [-149.61, -31.92, -180],
			"translation": [-0.25, -4.75, 0],
			"scale": [1.08789, 1.08789, 1.08789]
		},
		"head": {
			"rotation": [12.25, -13.75, 6],
			"translation": [0, 5, 0],
			"scale": [1.6, 1.6, 1.6]
		},
		"fixed": {
			"rotation": [-90, 0, 0],
			"translation": [0, 0, 1.25],
			"scale": [1.94, 1.94, 1.94]
		}
	}
}