{
	"format_version": "1.21.6",
	"credit": "By KeepMeow",
	"texture_size": [32, 32],
	"textures": {
		"0": "simplehats:block/steampunk_glasses"
	},
	"elements": [
		{
			"from": [9, 0, 3.5],
			"to": [12, 3, 6.5],
			"faces": {
				"north": {"uv": [3, 0, 4.5, 1.5], "texture": "#0"},
				"east": {"uv": [0, 0, 1.5, 1.5], "rotation": 90, "texture": "#0"},
				"south": {"uv": [1.5, 0, 3, 1.5], "texture": "#0"},
				"west": {"uv": [0, 0, 1.5, 1.5], "rotation": 270, "texture": "#0"},
				"up": {"uv": [0, 0, 1.5, 1.5], "texture": "#0"},
				"down": {"uv": [0, 0, 1.5, 1.5], "rotation": 180, "texture": "#0"}
			}
		},
		{
			"from": [9, 0, 6.5],
			"to": [12, 3, 3.5],
			"faces": {
				"north": {"uv": [1.5, 0, 3, 1.5], "texture": "#0"},
				"east": {"uv": [0, 1.5, 1.5, 0], "rotation": 90, "texture": "#0"},
				"south": {"uv": [3, 0, 4.5, 1.5], "texture": "#0"},
				"west": {"uv": [0, 1.5, 1.5, 0], "rotation": 270, "texture": "#0"},
				"up": {"uv": [0, 1.5, 1.5, 0], "texture": "#0"},
				"down": {"uv": [0, 1.5, 1.5, 0], "rotation": 180, "texture": "#0"}
			}
		},
		{
			"from": [4, 0, 6.5],
			"to": [7, 3, 3.5],
			"faces": {
				"north": {"uv": [1.5, 0, 3, 1.5], "texture": "#0"},
				"east": {"uv": [0, 1.5, 1.5, 0], "rotation": 90, "texture": "#0"},
				"south": {"uv": [3, 0, 4.5, 1.5], "texture": "#0"},
				"west": {"uv": [0, 1.5, 1.5, 0], "rotation": 270, "texture": "#0"},
				"up": {"uv": [0, 1.5, 1.5, 0], "texture": "#0"},
				"down": {"uv": [0, 1.5, 1.5, 0], "rotation": 180, "texture": "#0"}
			}
		},
		{
			"from": [4, 0, 3.5],
			"to": [7, 3, 6.5],
			"faces": {
				"north": {"uv": [3, 0, 4.5, 1.5], "texture": "#0"},
				"east": {"uv": [0, 0, 1.5, 1.5], "rotation": 90, "texture": "#0"},
				"south": {"uv": [1.5, 0, 3, 1.5], "texture": "#0"},
				"west": {"uv": [0, 0, 1.5, 1.5], "rotation": 270, "texture": "#0"},
				"up": {"uv": [0, 0, 1.5, 1.5], "texture": "#0"},
				"down": {"uv": [0, 0, 1.5, 1.5], "rotation": 180, "texture": "#0"}
			}
		},
		{
			"from": [3, 1, 4.5],
			"to": [13, 2, 9.5],
			"faces": {
				"north": {"uv": [0, 1.5, 5, 2], "texture": "#0"},
				"east": {"uv": [2.5, 2, 0, 2.5], "texture": "#0"},
				"south": {"uv": [3, 0, 4.5, 1.5], "texture": "#0"},
				"west": {"uv": [0, 2, 2.5, 2.5], "texture": "#0"},
				"up": {"uv": [3, 0, 4.5, 1.5], "texture": "#0"},
				"down": {"uv": [3, 0, 4.5, 1.5], "texture": "#0"}
			}
		},
		{
			"from": [3, 1, 9.5],
			"to": [13, 2, 4.5],
			"faces": {
				"north": {"uv": [3, 0, 4.5, 1.5], "texture": "#0"},
				"east": {"uv": [0, 2, 2.5, 2.5], "texture": "#0"},
				"south": {"uv": [5, 1.5, 0, 2], "texture": "#0"},
				"west": {"uv": [2.5, 2, 0, 2.5], "texture": "#0"},
				"up": {"uv": [3, 0, 4.5, 1.5], "texture": "#0"},
				"down": {"uv": [3, 0, 4.5, 1.5], "texture": "#0"}
			}
		},
		{
			"from": [2, 0, 9],
			"to": [4, 3, 12],
			"faces": {
				"north": {"uv": [7, 0, 6, 1.5], "texture": "#0"},
				"east": {"uv": [1.5, 0, 3, 1.5], "texture": "#0"},
				"south": {"uv": [6, 0, 7, 1.5], "texture": "#0"},
				"west": {"uv": [3, 0, 4.5, 1.5], "texture": "#0"},
				"up": {"uv": [6, 0, 7, 1.5], "texture": "#0"},
				"down": {"uv": [6, 0, 7, 1.5], "texture": "#0"}
			}
		},
		{
			"from": [12, 0, 9],
			"to": [14, 3, 12],
			"faces": {
				"north": {"uv": [6, 0, 7, 1.5], "texture": "#0"},
				"east": {"uv": [3, 0, 4.5, 1.5], "texture": "#0"},
				"south": {"uv": [7, 0, 6, 1.5], "texture": "#0"},
				"west": {"uv": [1.5, 0, 3, 1.5], "texture": "#0"},
				"up": {"uv": [7, 0, 6, 1.5], "texture": "#0"},
				"down": {"uv": [7, 0, 6, 1.5], "texture": "#0"}
			}
		},
		{
			"from": [12.5, 3, 9.5],
			"to": [12.5, 11, 11.5],
			"faces": {
				"north": {"uv": [0, 0, 0, 4], "texture": "#0"},
				"east": {"uv": [0, 2.5, 1, 6.5], "texture": "#0"},
				"south": {"uv": [0, 0, 0, 4], "texture": "#0"},
				"west": {"uv": [1, 2.5, 0, 6.5], "texture": "#0"},
				"up": {"uv": [0, 0, 0, 1], "texture": "#0"},
				"down": {"uv": [0, 0, 0, 1], "texture": "#0"}
			}
		},
		{
			"from": [3.5, 3, 9.5],
			"to": [3.5, 11, 11.5],
			"faces": {
				"north": {"uv": [0, 0, 0, 4], "texture": "#0"},
				"east": {"uv": [0, 2.5, 1, 6.5], "texture": "#0"},
				"south": {"uv": [0, 0, 0, 4], "texture": "#0"},
				"west": {"uv": [1, 2.5, 0, 6.5], "texture": "#0"},
				"up": {"uv": [0, 0, 0, 1], "texture": "#0"},
				"down": {"uv": [0, 0, 0, 1], "texture": "#0"}
			}
		},
		{
			"from": [9, 0, 4],
			"to": [12, 3, 4],
			"faces": {
				"north": {"uv": [7, 0, 8.5, 1.5], "texture": "#0"},
				"east": {"uv": [0, 0, 0, 1.5], "texture": "#0"},
				"south": {"uv": [8.5, 0, 7, 1.5], "texture": "#0"},
				"west": {"uv": [0, 0, 0, 1.5], "texture": "#0"},
				"up": {"uv": [0, 0, 1.5, 0], "texture": "#0"},
				"down": {"uv": [0, 0, 1.5, 0], "texture": "#0"}
			}
		},
		{
			"from": [4, 0, 4],
			"to": [7, 3, 4],
			"faces": {
				"north": {"uv": [7, 0, 8.5, 1.5], "texture": "#0"},
				"east": {"uv": [0, 0, 0, 1.5], "texture": "#0"},
				"south": {"uv": [8.5, 0, 7, 1.5], "texture": "#0"},
				"west": {"uv": [0, 0, 0, 1.5], "texture": "#0"},
				"up": {"uv": [0, 0, 1.5, 0], "texture": "#0"},
				"down": {"uv": [0, 0, 1.5, 0], "texture": "#0"}
			}
		},
		{
			"from": [13, 1, 10],
			"to": [14, 2, 11],
			"faces": {
				"north": {"uv": [7, 0.5, 7.5, 1], "texture": "#0"},
				"east": {"uv": [7, 0, 7.5, 0.5], "texture": "#0"},
				"south": {"uv": [7, 0.5, 7.5, 1], "texture": "#0"},
				"west": {"uv": [7, 0.5, 7.5, 1], "texture": "#0"},
				"up": {"uv": [7, 0.5, 7.5, 1], "texture": "#0"},
				"down": {"uv": [7, 0.5, 7.5, 1], "texture": "#0"}
			}
		},
		{
			"from": [2, 1, 10],
			"to": [3, 2, 11],
			"faces": {
				"north": {"uv": [7, 0.5, 7.5, 1], "texture": "#0"},
				"east": {"uv": [7, 0.5, 7.5, 1], "texture": "#0"},
				"south": {"uv": [7, 0.5, 7.5, 1], "texture": "#0"},
				"west": {"uv": [7, 0, 7.5, 0.5], "texture": "#0"},
				"up": {"uv": [7, 0.5, 7.5, 1], "texture": "#0"},
				"down": {"uv": [7, 0.5, 7.5, 1], "texture": "#0"}
			}
		},
		{
			"from": [3, 0, 9],
			"to": [2, 3, 12],
			"faces": {
				"north": {"uv": [6, 0, 6.5, 1.5], "texture": "#0"},
				"east": {"uv": [3, 0, 4.5, 1.5], "texture": "#0"},
				"south": {"uv": [6, 0, 6.5, 1.5], "texture": "#0"},
				"west": {"uv": [3, 0, 4.5, 1.5], "texture": "#0"},
				"up": {"uv": [6, 0, 6.5, 1.5], "texture": "#0"},
				"down": {"uv": [6, 0, 6.5, 1.5], "texture": "#0"}
			}
		},
		{
			"from": [14, 0, 9],
			"to": [13, 3, 12],
			"faces": {
				"north": {"uv": [6, 0, 6.5, 1.5], "texture": "#0"},
				"east": {"uv": [3, 0, 4.5, 1.5], "texture": "#0"},
				"south": {"uv": [6, 0, 6.5, 1.5], "texture": "#0"},
				"west": {"uv": [3, 0, 4.5, 1.5], "texture": "#0"},
				"up": {"uv": [6, 0, 6.5, 1.5], "texture": "#0"},
				"down": {"uv": [6, 0, 6.5, 1.5], "texture": "#0"}
			}
		},
		{
			"from": [2.5, 0, 9],
			"to": [2.5, 3, 12],
			"faces": {
				"north": {"uv": [0, 0, 0, 1.5], "texture": "#0"},
				"east": {"uv": [4.5, 0, 6, 1.5], "texture": "#0"},
				"south": {"uv": [0, 0, 0, 1.5], "texture": "#0"},
				"west": {"uv": [4.5, 0, 6, 1.5], "texture": "#0"},
				"up": {"uv": [0, 0, 0, 1.5], "texture": "#0"},
				"down": {"uv": [0, 0, 0, 1.5], "texture": "#0"}
			}
		},
		{
			"from": [13.5, 0, 9],
			"to": [13.5, 3, 12],
			"faces": {
				"north": {"uv": [0, 0, 0, 1.5], "texture": "#0"},
				"east": {"uv": [4.5, 0, 6, 1.5], "texture": "#0"},
				"south": {"uv": [0, 0, 0, 1.5], "texture": "#0"},
				"west": {"uv": [4.5, 0, 6, 1.5], "texture": "#0"},
				"up": {"uv": [0, 0, 0, 1.5], "texture": "#0"},
				"down": {"uv": [0, 0, 0, 1.5], "texture": "#0"}
			}
		}
	],
	"display": {
		"thirdperson_righthand": {
			"rotation": [75, 45, 0],
			"translation": [0, 2.5, 0],
			"scale": [0.25, 0.25, 0.25]
		},
		"thirdperson_lefthand": {
			"rotation": [75, 45, 0],
			"translation": [0, 2.5, 0],
			"scale": [0.25, 0.25, 0.25]
		},
		"firstperson_righthand": {
			"rotation": [0, 45, 0],
			"translation": [0, 1, 0],
			"scale": [0.25, 0.25, 0.25]
		},
		"firstperson_lefthand": {
			"rotation": [0, 45, 0],
			"translation": [0, 1, 0],
			"scale": [0.25, 0.25, 0.25]
		},
		"ground": {
			"translation": [0, 3, 0],
			"scale": [0.2, 0.2, 0.2]
		},
		"gui": {
			"rotation": [30, -135, 0],
			"translation": [0.5, 2, 0],
			"scale": [0.625, 0.625, 0.625]
		},
		"head": {
			"rotation": [45, 0, 0],
			"translation": [0, 10.5, 4.5],
			"scale": [1.65, 1.65, 1.65]
		},
		"fixed": {
			"rotation": [-90, 0, 0],
			"translation": [0, 0, -14],
			"scale": [2, 2, 2]
		}
	}
}