{
	"credit": "Made with Blockbench",
	"textures": {
		"0": "block/petit_cafe",
		"particle": "block/petit_cafe"
	},
	"elements": [
		{
			"from": [-6.4, -2.6, 5.6],
			"to": [22.4, 26.2, 8.8],
			"rotation": {"angle": 0, "axis": "y", "origin": [8, -1, 4.8]},
			"faces": {
				"north": {"uv": [0.5, 0.5, 5, 5], "texture": "#0"},
				"east": {"uv": [0, 0.5, 0.5, 5], "texture": "#0"},
				"south": {"uv": [0.5, 0.5, 5, 5], "texture": "#0"},
				"west": {"uv": [0, 0.5, 0.5, 5], "texture": "#0"},
				"up": {"uv": [5, 0.5, 0.5, 0], "texture": "#0"},
				"down": {"uv": [5, 0.5, 0.5, 0], "texture": "#0"}
			}
		},
		{
			"from": [0.2, 0.6, 2.4],
			"to": [10.2, 10.2, 5.6],
			"rotation": {"angle": 0, "axis": "y", "origin": [5.4, 15.8, 3.2]},
			"faces": {
				"north": {"uv": [5.125, 10.1875, 6.6875, 11.6875], "texture": "#0"},
				"east": {"uv": [7.1875, 10.1875, 6.6875, 11.6875], "texture": "#0"},
				"south": {"uv": [7.1875, 10.1875, 8.75, 11.6875], "texture": "#0"},
				"west": {"uv": [6.6875, 10.1875, 7.1875, 11.6875], "texture": "#0"},
				"up": {"uv": [6.6875, 10.1875, 5.125, 9.6875], "texture": "#0"},
				"down": {"uv": [8.25, 9.6875, 6.6875, 10.1875], "texture": "#0"}
			}
		},
		{
			"from": [-6.4, -13, -1.2],
			"to": [22.4, 6.6, -1.2],
			"rotation": {"angle": -22.5, "axis": "x", "origin": [5.8, 5.4, -1.6]},
			"faces": {
				"north": {"uv": [5.0625, 1.875, 9.5625, 4.9375], "texture": "#0"},
				"east": {"uv": [0, 5, 0, 7.0625], "texture": "#0"},
				"south": {"uv": [9.5625, 1.875, 5.0625, 4.9375], "texture": "#0"},
				"west": {"uv": [4.1875, 5, 4.1875, 7.0625], "texture": "#0"},
				"up": {"uv": [4.1875, 5, 0, 5], "texture": "#0"},
				"down": {"uv": [8.375, 5, 4.1875, 5], "texture": "#0"}
			}
		},
		{
			"from": [18.8, -4.4, -1.45],
			"to": [18.8, -2, 4.55],
			"rotation": {"angle": -22.5, "axis": "x", "origin": [5.8, 6.4, -1.85]},
			"faces": {
				"north": {"uv": [5.0625, 1.875, 9.5625, 4.9375], "texture": "#0"},
				"east": {"uv": [0, 5.125, 0.9375, 5.5], "texture": "#0"},
				"south": {"uv": [9.5625, 1.875, 5.0625, 4.9375], "texture": "#0"},
				"west": {"uv": [0.9375, 5.125, 0, 5.5], "texture": "#0"},
				"up": {"uv": [4.1875, 5, 0, 5], "texture": "#0"},
				"down": {"uv": [8.375, 5, 4.1875, 5], "texture": "#0"}
			}
		},
		{
			"from": [16.8, -0.2, -1.2],
			"to": [16.8, 2.2, 4.8],
			"rotation": {"angle": -22.5, "axis": "x", "origin": [3.8, 5.4, -1.6]},
			"faces": {
				"north": {"uv": [5.0625, 1.875, 9.5625, 4.9375], "texture": "#0"},
				"east": {"uv": [0, 5.125, 0.9375, 5.5], "texture": "#0"},
				"south": {"uv": [9.5625, 1.875, 5.0625, 4.9375], "texture": "#0"},
				"west": {"uv": [0.9375, 5.125, 0, 5.5], "texture": "#0"},
				"up": {"uv": [4.1875, 5, 0, 5], "texture": "#0"},
				"down": {"uv": [8.375, 5, 4.1875, 5], "texture": "#0"}
			}
		},
		{
			"from": [-2.8, -5.4, -1.2],
			"to": [-2.8, -3, 4.8],
			"rotation": {"angle": -22.5, "axis": "x", "origin": [10.2, 5.4, -1.6]},
			"faces": {
				"north": {"uv": [9.5625, 1.875, 5.0625, 4.9375], "texture": "#0"},
				"east": {"uv": [0, 5.125, 0.9375, 5.5], "texture": "#0"},
				"south": {"uv": [5.0625, 1.875, 9.5625, 4.9375], "texture": "#0"},
				"west": {"uv": [0.9375, 5.125, 0, 5.5], "texture": "#0"},
				"up": {"uv": [0, 5, 4.1875, 5], "texture": "#0"},
				"down": {"uv": [4.1875, 5, 8.375, 5], "texture": "#0"}
			}
		},
		{
			"from": [8, 1.03188, 7.81495],
			"to": [8, 3.43188, 13.81495],
			"rotation": {"angle": 0, "axis": "y", "origin": [8, -2.16812, 5.21495]},
			"faces": {
				"north": {"uv": [5.0625, 1.875, 9.5625, 4.9375], "rotation": 180, "texture": "#0"},
				"east": {"uv": [0, 5.125, 0.9375, 5.5], "rotation": 180, "texture": "#0"},
				"south": {"uv": [9.5625, 1.875, 5.0625, 4.9375], "rotation": 180, "texture": "#0"},
				"west": {"uv": [0.9375, 5.125, 0, 5.5], "rotation": 180, "texture": "#0"},
				"up": {"uv": [4.1875, 5, 8.375, 5], "texture": "#0"},
				"down": {"uv": [0, 5, 4.1875, 5], "texture": "#0"}
			}
		},
		{
			"from": [8, 20.16812, 7.81495],
			"to": [8, 22.56812, 13.81495],
			"rotation": {"angle": 0, "axis": "y", "origin": [8, 6.56812, 5.21495]},
			"faces": {
				"north": {"uv": [5.0625, 4.9375, 9.5625, 1.875], "rotation": 180, "texture": "#0"},
				"east": {"uv": [0, 5.5, 0.9375, 5.125], "rotation": 180, "texture": "#0"},
				"south": {"uv": [9.5625, 4.9375, 5.0625, 1.875], "rotation": 180, "texture": "#0"},
				"west": {"uv": [0.9375, 5.5, 0, 5.125], "rotation": 180, "texture": "#0"},
				"up": {"uv": [0, 5, 4.1875, 5], "texture": "#0"},
				"down": {"uv": [4.1875, 5, 8.375, 5], "texture": "#0"}
			}
		},
		{
			"from": [18.36812, 10.6, 7.81495],
			"to": [18.36812, 13, 13.81495],
			"rotation": {"angle": 0, "axis": "y", "origin": [18.36812, 11.8, 10.81495]},
			"faces": {
				"north": {"uv": [5.0625, 4.9375, 9.5625, 1.875], "rotation": 180, "texture": "#0"},
				"east": {"uv": [0, 5.5, 0.9375, 5.125], "rotation": 180, "texture": "#0"},
				"south": {"uv": [9.5625, 4.9375, 5.0625, 1.875], "rotation": 180, "texture": "#0"},
				"west": {"uv": [0.9375, 5.5, 0, 5.125], "rotation": 180, "texture": "#0"},
				"up": {"uv": [0, 5, 4.1875, 5], "texture": "#0"},
				"down": {"uv": [4.1875, 5, 8.375, 5], "texture": "#0"}
			}
		},
		{
			"from": [-2.36812, 10.6, 7.81495],
			"to": [-2.36812, 13, 13.81495],
			"rotation": {"angle": 0, "axis": "y", "origin": [-2.36812, 11.8, 10.81495]},
			"faces": {
				"north": {"uv": [5.0625, 1.875, 9.5625, 4.9375], "texture": "#0"},
				"east": {"uv": [0.9375, 5.125, 0, 5.5], "texture": "#0"},
				"south": {"uv": [9.5625, 1.875, 5.0625, 4.9375], "texture": "#0"},
				"west": {"uv": [0, 5.125, 0.9375, 5.5], "texture": "#0"},
				"up": {"uv": [0, 5, 4.1875, 5], "rotation": 180, "texture": "#0"},
				"down": {"uv": [4.1875, 5, 8.375, 5], "rotation": 180, "texture": "#0"}
			}
		},
		{
			"from": [0.2, 4.2, 0.4],
			"to": [10.2, 10.2, 0.4],
			"rotation": {"angle": 22.5, "axis": "x", "origin": [5.2, 5.4, 3.6]},
			"faces": {
				"north": {"uv": [9.875, 7.3125, 11.4375, 8.25], "texture": "#0"},
				"east": {"uv": [9.875, 7.3125, 9.875, 8.25], "texture": "#0"},
				"south": {"uv": [9.875, 7.3125, 11.4375, 8.25], "texture": "#0"},
				"west": {"uv": [11.4375, 7.3125, 11.4375, 8.25], "texture": "#0"},
				"up": {"uv": [11.4375, 7.3125, 9.875, 7.3125], "texture": "#0"},
				"down": {"uv": [13, 7.3125, 11.4375, 7.3125], "texture": "#0"}
			}
		},
		{
			"from": [-3.4, -3.4, 2.8],
			"to": [1, 7.8, 5.6],
			"rotation": {"angle": -22.5, "axis": "z", "origin": [5.2, 5.4, 3.8]},
			"faces": {
				"north": {"uv": [10.4375, 2.5, 11.125, 4.25], "texture": "#0"},
				"east": {"uv": [10, 2.5, 10.4375, 4.25], "texture": "#0"},
				"south": {"uv": [11.5625, 2.5, 12.25, 4.25], "texture": "#0"},
				"west": {"uv": [11.125, 2.5, 11.5625, 4.25], "texture": "#0"},
				"up": {"uv": [11.125, 2.5, 10.4375, 2.0625], "texture": "#0"},
				"down": {"uv": [11.8125, 2.0625, 11.125, 2.5], "texture": "#0"}
			}
		},
		{
			"from": [-4.2, 3.8, 2.25],
			"to": [1.4, 7, 5.85],
			"rotation": {"angle": -22.5, "axis": "z", "origin": [5.2, 5.4, 3.8]},
			"faces": {
				"north": {"uv": [9.3125, 10.9375, 10.1875, 11.4375], "texture": "#0"},
				"east": {"uv": [10.1875, 10.9375, 10.75, 11.4375], "texture": "#0"},
				"south": {"uv": [9.3125, 10.9375, 10.1875, 11.4375], "texture": "#0"},
				"west": {"uv": [10.1875, 10.9375, 10.75, 11.4375], "texture": "#0"},
				"up": {"uv": [0.25, 7.5, 0.3125, 7.5625], "texture": "#0"},
				"down": {"uv": [0.25, 7.5, 0.3125, 7.5625], "texture": "#0"}
			}
		},
		{
			"from": [1.4, 7, 5.85],
			"to": [-4.2, 3.8, 2.25],
			"rotation": {"angle": -22.5, "axis": "z", "origin": [5.2, 5.4, 3.8]},
			"faces": {
				"north": {"uv": [9.3125, 11.4375, 10.1875, 10.9375], "texture": "#0"},
				"east": {"uv": [10.1875, 11.4375, 10.75, 10.9375], "texture": "#0"},
				"south": {"uv": [9.3125, 11.4375, 10.1875, 10.9375], "texture": "#0"},
				"west": {"uv": [10.1875, 11.4375, 10.75, 10.9375], "texture": "#0"},
				"up": {"uv": [0.3125, 7.5, 0.25, 7.5625], "texture": "#0"},
				"down": {"uv": [0.3125, 7.5, 0.25, 7.5625], "texture": "#0"}
			}
		},
		{
			"from": [-3.8, 20.8, 2.8],
			"to": [14.2, 28.4, 2.8],
			"rotation": {"angle": 0, "axis": "y", "origin": [5.4, 15.2, 3.2]},
			"faces": {
				"north": {"uv": [8.375, 5, 11.1875, 6.1875], "texture": "#0"},
				"east": {"uv": [8.375, 5, 8.375, 6.1875], "texture": "#0"},
				"south": {"uv": [11.1875, 5, 14, 6.1875], "texture": "#0"},
				"west": {"uv": [11.1875, 5, 11.1875, 6.1875], "texture": "#0"},
				"up": {"uv": [11.1875, 5, 8.375, 5], "texture": "#0"},
				"down": {"uv": [14, 5, 11.1875, 5], "texture": "#0"}
			}
		},
		{
			"from": [-0.2, 10.2, 1.6],
			"to": [10.6, 21, 5.6],
			"rotation": {"angle": 0, "axis": "y", "origin": [5.4, 15.8, 3.2]},
			"faces": {
				"north": {"uv": [0.625, 9.375, 2.3125, 11.0625], "texture": "#0"},
				"east": {"uv": [0, 9.375, 0.625, 11.0625], "texture": "#0"},
				"south": {"uv": [2.9375, 9.375, 4.625, 11.0625], "texture": "#0"},
				"west": {"uv": [2.3125, 9.375, 2.9375, 11.0625], "texture": "#0"},
				"up": {"uv": [2.3125, 9.375, 0.625, 8.75], "texture": "#0"},
				"down": {"uv": [4, 8.75, 2.3125, 9.375], "texture": "#0"}
			}
		},
		{
			"from": [-3.2, 10.2, 1.2],
			"to": [1.6, 20.2, 1.2],
			"rotation": {"angle": -22.5, "axis": "z", "origin": [1.8, 15.2, 3.2]},
			"faces": {
				"north": {"uv": [4.375, 11.6875, 5.125, 13.25], "texture": "#0"},
				"east": {"uv": [4.375, 11.6875, 4.375, 13.25], "texture": "#0"},
				"south": {"uv": [5.125, 11.6875, 4.375, 13.25], "texture": "#0"},
				"west": {"uv": [5.125, 11.6875, 5.125, 13.25], "texture": "#0"},
				"up": {"uv": [5.125, 11.6875, 4.375, 11.6875], "texture": "#0"},
				"down": {"uv": [5.875, 11.6875, 5.125, 11.6875], "texture": "#0"}
			}
		},
		{
			"from": [-1, 17.8, 0.8],
			"to": [11.4, 24.2, 7.2],
			"rotation": {"angle": 22.5, "axis": "x", "origin": [5.2, 21, 2.6]},
			"faces": {
				"north": {"uv": [1, 15, 2.9375, 16], "texture": "#0"},
				"east": {"uv": [0, 15, 1, 16], "texture": "#0"},
				"south": {"uv": [3.9375, 15, 5.875, 16], "texture": "#0"},
				"west": {"uv": [2.9375, 15, 3.9375, 16], "texture": "#0"},
				"up": {"uv": [2.9375, 15, 1, 14], "texture": "#0"},
				"down": {"uv": [4.875, 14, 2.9375, 15], "texture": "#0"}
			}
		},
		{
			"from": [8.8, 10.2, 1.2],
			"to": [13.6, 20.2, 1.2],
			"rotation": {"angle": 22.5, "axis": "z", "origin": [8.6, 15.2, 3.2]},
			"faces": {
				"north": {"uv": [11, 11.4375, 11.75, 13], "texture": "#0"},
				"east": {"uv": [11, 11.4375, 11, 13], "texture": "#0"},
				"south": {"uv": [4.375, 11.6875, 5.125, 13.25], "texture": "#0"},
				"west": {"uv": [11.75, 11.4375, 11.75, 13], "texture": "#0"},
				"up": {"uv": [11.75, 11.4375, 11, 11.4375], "texture": "#0"},
				"down": {"uv": [12.5, 11.4375, 11.75, 11.4375], "texture": "#0"}
			}
		},
		{
			"from": [-4.48112, 18.03848, 2],
			"to": [1.91888, 25.23848, 2],
			"rotation": {"angle": -22.5, "axis": "z", "origin": [-0.88112, 24.03848, 2]},
			"faces": {
				"north": {"uv": [8.75, 11.4375, 9.875, 12.4375], "rotation": 90, "texture": "#0"},
				"east": {"uv": [11, 11.4375, 9.875, 11.4375], "rotation": 270, "texture": "#0"},
				"south": {"uv": [9.875, 11.4375, 11, 12.4375], "rotation": 270, "texture": "#0"},
				"west": {"uv": [9.875, 11.4375, 8.75, 11.4375], "rotation": 270, "texture": "#0"},
				"up": {"uv": [8.75, 11.4375, 8.75, 12.4375], "rotation": 270, "texture": "#0"},
				"down": {"uv": [9.875, 11.4375, 9.875, 12.4375], "rotation": 270, "texture": "#0"}
			}
		},
		{
			"from": [5.2, 24.2, 2],
			"to": [12.4, 30.6, 2],
			"rotation": {"angle": -45, "axis": "z", "origin": [5.2, 22.2, 3]},
			"faces": {
				"north": {"uv": [8.75, 11.4375, 9.875, 12.4375], "texture": "#0"},
				"east": {"uv": [8.75, 11.4375, 8.75, 12.4375], "texture": "#0"},
				"south": {"uv": [9.875, 11.4375, 11, 12.4375], "texture": "#0"},
				"west": {"uv": [9.875, 11.4375, 9.875, 12.4375], "texture": "#0"},
				"up": {"uv": [9.875, 11.4375, 8.75, 11.4375], "texture": "#0"},
				"down": {"uv": [11, 11.4375, 9.875, 11.4375], "texture": "#0"}
			}
		},
		{
			"from": [14.8, 8.0174, -0.77988],
			"to": [20.8, 16.0174, 4.02012],
			"rotation": {"angle": 0, "axis": "y", "origin": [9.4, 12.8174, 3.32012]},
			"faces": {
				"north": {"uv": [6.125, 14.75, 7.0625, 16], "texture": "#0"},
				"east": {"uv": [7.1875, 14.75, 7.9375, 16], "texture": "#0"},
				"south": {"uv": [6.125, 14.75, 7.0625, 16], "texture": "#0"},
				"west": {"uv": [7.9375, 14.75, 7.1875, 16], "texture": "#0"},
				"up": {"uv": [9, 15.125, 8.0625, 16], "texture": "#0"},
				"down": {"uv": [9, 14.1875, 8.0625, 14.9375], "texture": "#0"}
			}
		},
		{
			"from": [13.6, 17.6174, -2.37988],
			"to": [22, 20.0174, 4.82012],
			"rotation": {"angle": 0, "axis": "y", "origin": [17.82681, 17.68407, 1.38678]},
			"faces": {
				"north": {"uv": [9.875, 9.6875, 11.1875, 10.0625], "texture": "#0"},
				"east": {"uv": [8.75, 9.6875, 9.875, 10.0625], "texture": "#0"},
				"south": {"uv": [9.875, 9.6875, 11.1875, 10.0625], "texture": "#0"},
				"west": {"uv": [9.875, 9.6875, 8.75, 10.0625], "texture": "#0"},
				"up": {"uv": [11.1875, 9.6875, 9.875, 8.5625], "texture": "#0"},
				"down": {"uv": [9.8125, 10, 9.875, 10.0625], "texture": "#0"}
			}
		},
		{
			"from": [18.08043, 14.0174, 1.27012],
			"to": [19.68043, 27.6174, 2.87012],
			"rotation": {"angle": -22.5, "axis": "z", "origin": [17.88043, 20.8174, 2.07012]},
			"faces": {
				"north": {"uv": [6.125, 11.9375, 6.375, 14.0625], "texture": "#0"},
				"east": {"uv": [6.125, 11.9375, 6.375, 14.0625], "texture": "#0"},
				"south": {"uv": [6.125, 11.9375, 6.375, 14.0625], "texture": "#0"},
				"west": {"uv": [6.125, 11.9375, 6.375, 14.0625], "texture": "#0"},
				"up": {"uv": [6.375, 11.9375, 6.125, 11.6875], "texture": "#0"},
				"down": {"uv": [6.625, 11.6875, 6.375, 11.9375], "texture": "#0"}
			}
		},
		{
			"from": [17.85518, 14.20316, 4],
			"to": [20.65518, 17.40316, 6.8],
			"rotation": {"angle": 0, "axis": "y", "origin": [14.05518, 15.80316, 1.4]},
			"faces": {
				"north": {"uv": [11.625, 10.8125, 12.0625, 11.3125], "texture": "#0"},
				"east": {"uv": [12.9375, 10.8125, 13.375, 11.3125], "texture": "#0"},
				"south": {"uv": [12.5, 10.8125, 12.9375, 11.3125], "texture": "#0"},
				"west": {"uv": [12.0625, 10.8125, 12.5, 11.3125], "texture": "#0"},
				"up": {"uv": [12.5, 10.8125, 12.0625, 10.375], "rotation": 270, "texture": "#0"},
				"down": {"uv": [12.9375, 10.375, 12.5, 10.8125], "rotation": 90, "texture": "#0"}
			}
		},
		{
			"from": [19.66562, 9.2174, 0],
			"to": [24.46562, 16.4174, 6],
			"rotation": {"angle": -22.5, "axis": "y", "origin": [20.86562, 10.8174, 3.6]},
			"faces": {
				"north": {"uv": [10.9375, 0.9375, 11.6875, 2.0625], "texture": "#0"},
				"east": {"uv": [10, 0.9375, 10.9375, 2.0625], "texture": "#0"},
				"south": {"uv": [12.625, 0.9375, 13.375, 2.0625], "texture": "#0"},
				"west": {"uv": [11.6875, 0.9375, 12.625, 2.0625], "texture": "#0"},
				"up": {"uv": [11.6875, 0.9375, 10.9375, 0], "texture": "#0"},
				"down": {"uv": [12.4375, 0, 11.6875, 0.9375], "texture": "#0"}
			}
		},
		{
			"from": [10.8, 5.45, 3.6],
			"to": [14, 11.05, 7.2],
			"rotation": {"angle": 22.5, "axis": "z", "origin": [12.4, 7.6, 3.8]},
			"faces": {
				"north": {"uv": [9.3125, 10.9375, 10.1875, 11.4375], "rotation": 90, "texture": "#0"},
				"east": {"uv": [0.25, 7.5, 0.3125, 7.5625], "rotation": 270, "texture": "#0"},
				"south": {"uv": [9.3125, 10.9375, 10.1875, 11.4375], "rotation": 270, "texture": "#0"},
				"west": {"uv": [0.25, 7.5, 0.3125, 7.5625], "rotation": 270, "texture": "#0"},
				"up": {"uv": [10.1875, 10.9375, 10.75, 11.4375], "rotation": 270, "texture": "#0"},
				"down": {"uv": [10.1875, 10.9375, 10.75, 11.4375], "rotation": 270, "texture": "#0"}
			}
		},
		{
			"from": [10.03742, 5.79276, 4],
			"to": [24.43742, 10.19276, 6.8],
			"rotation": {"angle": 22.5, "axis": "z", "origin": [12.33742, 4.89276, 5.4]},
			"faces": {
				"north": {"uv": [11.125, 2.5, 10.4375, 4.25], "rotation": 90, "texture": "#0"},
				"east": {"uv": [11.125, 2.0625, 11.8125, 2.5], "rotation": 270, "texture": "#0"},
				"south": {"uv": [12.25, 2.5, 11.5625, 4.25], "rotation": 270, "texture": "#0"},
				"west": {"uv": [10.4375, 2.5, 11.125, 2.0625], "rotation": 270, "texture": "#0"},
				"up": {"uv": [11.5625, 2.5, 11.125, 4.25], "rotation": 270, "texture": "#0"},
				"down": {"uv": [10.4375, 2.5, 10, 4.25], "rotation": 270, "texture": "#0"}
			}
		},
		{
			"from": [14, 11.05, 7.2],
			"to": [10.8, 5.45, 3.6],
			"rotation": {"angle": 22.5, "axis": "z", "origin": [12.4, 7.6, 3.8]},
			"faces": {
				"north": {"uv": [10.1875, 10.9375, 9.3125, 11.4375], "rotation": 270, "texture": "#0"},
				"east": {"uv": [0.3125, 7.5, 0.25, 7.5625], "rotation": 270, "texture": "#0"},
				"south": {"uv": [10.1875, 10.9375, 9.3125, 11.4375], "rotation": 90, "texture": "#0"},
				"west": {"uv": [0.3125, 7.5, 0.25, 7.5625], "rotation": 270, "texture": "#0"},
				"up": {"uv": [10.1875, 11.4375, 10.75, 10.9375], "rotation": 270, "texture": "#0"},
				"down": {"uv": [10.1875, 11.4375, 10.75, 10.9375], "rotation": 270, "texture": "#0"}
			}
		},
		{
			"from": [21.6, 17.6174, 4.82012],
			"to": [14, 7.2174, -1.57988],
			"rotation": {"angle": 0, "axis": "y", "origin": [17.82681, 17.68407, 1.38678]},
			"faces": {
				"north": {"uv": [6.5, 9.6875, 7.6875, 8.0625], "texture": "#0"},
				"east": {"uv": [6.5, 9.6875, 5.5, 8.0625], "texture": "#0"},
				"south": {"uv": [6.5, 9.6875, 7.6875, 8.0625], "texture": "#0"},
				"west": {"uv": [5.5, 9.6875, 6.5, 8.0625], "texture": "#0"},
				"up": {"uv": [12.4375, 8.5625, 11.25, 9.5625], "texture": "#0"},
				"down": {"uv": [7.375, 6.25, 7.3125, 6.3125], "texture": "#0"}
			}
		}
	],
	"gui_light": "front",
	"display": {
		"thirdperson_righthand": {
			"rotation": [75, 16, 0],
			"translation": [0, 2.5, 0],
			"scale": [0.5, 0.5, 0.5]
		},
		"thirdperson_lefthand": {
			"rotation": [75, 19, 0],
			"translation": [0, 2.5, 0],
			"scale": [0.5, 0.5, 0.5]
		},
		"firstperson_righthand": {
			"rotation": [0, 133, 0],
			"scale": [0.4, 0.4, 0.4]
		},
		"firstperson_lefthand": {
			"rotation": [0, 129, 0],
			"scale": [0.4, 0.4, 0.4]
		},
		"ground": {
			"translation": [0, 3, 0],
			"scale": [0.25, 0.25, 0.25]
		},
		"gui": {
			"rotation": [-7, 179, 0],
			"translation": [0, -0.25, 0],
			"scale": [0.4, 0.4, 0.4]
		},
		"head": {
			"translation": [0, -3.5, -7.75],
			"scale": [1.18, 1.18, 1.18]
		},
		"fixed": {
			"translation": [0, -9.25, -18.5],
			"scale": [3.15, 3.15, 3.15]
		}
	},
	"groups": [
		0,
		1,
		2,
		3,
		4,
		5,
		6,
		7,
		8,
		9,
		10,
		11,
		12,
		13,
		{
			"name": "Cabeza",
			"origin": [5.2, 21.2, 3],
			"color": 0,
			"children": [14, 15, 16, 17, 18, 19, 20]
		},
		{
			"name": "brazo",
			"origin": [17.82681, 17.68407, 1.38678],
			"color": 0,
			"children": [21, 22, 23, 24, 25, 26, 27, 28, 29]
		}
	]
}