{
  "parent": "minecraft:item/generated",
  "textures": {
    "layer0": "minecraft:item/paper"
  },
  "overrides": [
    {
      "predicate": {
        "custom_model_data": 101
      },
      "model": "minecraft:item/salud2"
    },
    {
      "predicate": {
        "custom_model_data": 102
      },
      "model": "minecraft:item/xp1"
    },
    {
      "predicate": {
        "custom_model_data": 103
      },
      "model": "minecraft:item/xp2"
    },
    {
      "predicate": {
        "custom_model_data": 104
      },
      "model": "minecraft:item/alert"
    },
    {
      "predicate": {
        "custom_model_data": 105
      },
      "model": "minecraft:item/cross"
    },
    {
      "predicate": {
        "custom_model_data": 106
      },
      "model": "minecraft:item/info"
    },
    {
      "predicate": {
        "custom_model_data": 107
      },
      "model": "minecraft:item/check"
    },
    {
      "predicate": {
        "custom_model_data": 108
      },
      "model": "minecraft:item/empty"
    },
    {
      "predicate": {
        "custom_model_data": 109
      },
      "model": "minecraft:item/xpempty"
    },
    {
      "predicate": {
        "custom_model_data": 110
      },
      "model": "minecraft:item/aurora_peluche"
    },
    {
      "predicate": {
        "custom_model_data": 111
      },
      "model": "minecraft:item/copa_guijarro"
    },
    {
      "predicate": {
        "custom_model_data": 112
      },
      "model": "minecraft:item/play"
    },
    {
      "predicate": {
        "custom_model_data": 113
      },
      "model": "minecraft:item/stop"
    },
    {
      "predicate": {
        "custom_model_data": 114
      },
      "model": "minecraft:block/macbook"
    },
    {
      "predicate": {
        "custom_model_data": 115
      },
      "model": "minecraft:block/pc"
    },
    {
      "predicate": {
        "custom_model_data": 116
      },
      "model": "minecraft:block/logo-liga"
    },
    {
      "predicate": {
        "custom_model_data": 117
      },
      "model": "minecraft:block/logo-guijarro"
    },
    {
      "predicate": {
        "custom_model_data": 118
      },
      "model": "minecraft:block/altar_vacio"
    },
    {
      "predicate": {
        "custom_model_data": 119
      },
      "model": "minecraft:block/slot_machine"
    }
  ]
}