{
	"credit": "Made with Blockbench",
	"textures": {
		"2": "block/crate_machine_seasonal",
		"particle": "block/crate_machine_seasonal"
	},
	"elements": [
		{
			"from": [4.49739, 0.3501, 4.43444],
			"to": [10.93739, 6.7901, 10.87444],
			"rotation": {"angle": 0, "axis": "y", "origin": [4, 0, 4]},
			"faces": {
				"north": {"uv": [6.75, 4.75, 8.5, 6.5], "texture": "#2"},
				"east": {"uv": [7, 0, 8.75, 1.75], "texture": "#2"},
				"south": {"uv": [7, 1.75, 8.75, 3.5], "texture": "#2"},
				"west": {"uv": [7.25, 6.5, 9, 8.25], "texture": "#2"},
				"up": {"uv": [1.75, 9.125, 0, 7.375], "texture": "#2"},
				"down": {"uv": [5.75, 7.5, 4, 9.25], "texture": "#2"}
			}
		},
		{
			"from": [6.33739, 2.6501, 3.51444],
			"to": [9.09739, 5.4101, 4.43444],
			"rotation": {"angle": 0, "axis": "y", "origin": [4, 0, 4]},
			"faces": {
				"north": {"uv": [2, 5.5, 2.75, 6.25], "texture": "#2"},
				"east": {"uv": [1.75, 7.375, 2, 8.125], "texture": "#2"},
				"south": {"uv": [6, 3.75, 6.75, 4.5], "texture": "#2"},
				"west": {"uv": [1.375, 9.125, 1.625, 9.875], "texture": "#2"},
				"up": {"uv": [10.125, 11.125, 9.375, 10.875], "texture": "#2"},
				"down": {"uv": [11.625, 10, 10.875, 10.25], "texture": "#2"}
			}
		},
		{
			"from": [3.56819, 0.3409, 3.50524],
			"to": [5.88659, 2.1993, 11.80364],
			"rotation": {"angle": 0, "axis": "y", "origin": [4, 0, 4]},
			"faces": {
				"north": {"uv": [5.625, 10.625, 6.25, 11.125], "texture": "#2"},
				"east": {"uv": [9.25, 9.5, 11.5, 10], "texture": "#2"},
				"south": {"uv": [6.25, 10.625, 6.875, 11.125], "texture": "#2"},
				"west": {"uv": [0.625, 9.875, 2.875, 10.375], "texture": "#2"},
				"up": {"uv": [3.875, 10.625, 3.25, 8.375], "texture": "#2"},
				"down": {"uv": [0.625, 9.125, 0, 11.375], "texture": "#2"}
			}
		},
		{
			"from": [9.54819, 0.3409, 3.50524],
			"to": [11.86659, 2.1993, 11.80364],
			"rotation": {"angle": 0, "axis": "y", "origin": [4, 0, 4]},
			"faces": {
				"north": {"uv": [6.25, 10.625, 5.625, 11.125], "texture": "#2"},
				"east": {"uv": [2.875, 9.875, 0.625, 10.375], "texture": "#2"},
				"south": {"uv": [6.875, 10.625, 6.25, 11.125], "texture": "#2"},
				"west": {"uv": [11.5, 9.5, 9.25, 10], "texture": "#2"},
				"up": {"uv": [3.25, 10.625, 3.875, 8.375], "texture": "#2"},
				"down": {"uv": [0, 9.125, 0.625, 11.375], "texture": "#2"}
			}
		},
		{
			"from": [10.93739, 6.7901, 10.87444],
			"to": [4.49739, 0.3501, 4.43444],
			"rotation": {"angle": 0, "axis": "y", "origin": [4, 0, 4]},
			"faces": {
				"north": {"uv": [7, 3.5, 8.75, 1.75], "texture": "#2"},
				"east": {"uv": [7.25, 8.25, 9, 6.5], "texture": "#2"},
				"south": {"uv": [6.75, 6.5, 8.5, 4.75], "texture": "#2"},
				"west": {"uv": [7, 1.75, 8.75, 0], "texture": "#2"},
				"up": {"uv": [4, 7.5, 5.75, 9.25], "texture": "#2"},
				"down": {"uv": [0, 9.125, 1.75, 7.375], "texture": "#2"}
			}
		},
		{
			"from": [5.40359, 6.3163, 5.34064],
			"to": [10.03119, 7.7239, 9.96824],
			"rotation": {"angle": 0, "axis": "y", "origin": [4, 0, 4]},
			"faces": {
				"north": {"uv": [10, 1.25, 11.25, 1.625], "texture": "#2"},
				"east": {"uv": [10, 1.25, 11.25, 1.625], "texture": "#2"},
				"south": {"uv": [10, 1.25, 11.25, 1.625], "texture": "#2"},
				"west": {"uv": [10, 1.25, 11.25, 1.625], "texture": "#2"},
				"up": {"uv": [10, 1.25, 8.75, 0], "texture": "#2"},
				"down": {"uv": [10, 1.25, 8.75, 2.5], "texture": "#2"}
			}
		},
		{
			"from": [5.15, 10.302, 6.438],
			"to": [7.45, 12.602, 8.738],
			"rotation": {"angle": 0, "axis": "y", "origin": [4, 6.76, 4]},
			"faces": {
				"north": {"uv": [7.125, 10, 7.75, 10.625], "texture": "#2"},
				"east": {"uv": [7.125, 10, 7.75, 10.625], "texture": "#2"},
				"south": {"uv": [7.125, 10, 7.75, 10.625], "texture": "#2"},
				"west": {"uv": [7.125, 10, 7.75, 10.625], "texture": "#2"},
				"up": {"uv": [3.125, 11, 2.5, 10.375], "texture": "#2"},
				"down": {"uv": [10.25, 10, 9.625, 10.625], "texture": "#2"}
			}
		},
		{
			"from": [6.07, 8.002, 5.058],
			"to": [8.37, 10.302, 7.358],
			"rotation": {"angle": 0, "axis": "y", "origin": [4, 6.76, 4]},
			"faces": {
				"north": {"uv": [9.25, 11.125, 9.875, 11.75], "texture": "#2"},
				"east": {"uv": [9.25, 11.125, 9.875, 11.75], "texture": "#2"},
				"south": {"uv": [9.25, 11.125, 9.875, 11.75], "texture": "#2"},
				"west": {"uv": [9.25, 11.125, 9.875, 11.75], "texture": "#2"},
				"up": {"uv": [3.125, 11, 2.5, 10.375], "texture": "#2"},
				"down": {"uv": [9.25, 11.125, 8.625, 11.75], "texture": "#2"}
			}
		},
		{
			"from": [8.37, 8.922, 5.978],
			"to": [10.67, 11.222, 8.278],
			"rotation": {"angle": 0, "axis": "y", "origin": [14.58, 12.832, 4.828]},
			"faces": {
				"north": {"uv": [10.25, 10, 10.875, 10.625], "texture": "#2"},
				"east": {"uv": [10.25, 10, 10.875, 10.625], "texture": "#2"},
				"south": {"uv": [10.25, 10, 10.875, 10.625], "texture": "#2"},
				"west": {"uv": [10.25, 10, 10.875, 10.625], "texture": "#2"},
				"up": {"uv": [3.125, 11, 2.5, 10.375], "texture": "#2"},
				"down": {"uv": [3.75, 10.625, 3.125, 11.25], "texture": "#2"}
			}
		},
		{
			"from": [7.91, 11.222, 7.358],
			"to": [10.21, 13.522, 9.658],
			"rotation": {"angle": 0, "axis": "y", "origin": [4, 6.76, 4]},
			"faces": {
				"north": {"uv": [4.625, 10, 5.25, 10.625], "texture": "#2"},
				"east": {"uv": [4.625, 10, 5.25, 10.625], "texture": "#2"},
				"south": {"uv": [4.625, 10, 5.25, 10.625], "texture": "#2"},
				"west": {"uv": [4.625, 10, 5.25, 10.625], "texture": "#2"},
				"up": {"uv": [3.125, 11, 2.5, 10.375], "texture": "#2"},
				"down": {"uv": [6.5, 10, 5.875, 10.625], "texture": "#2"}
			}
		},
		{
			"from": [5.15, 8.002, 7.818],
			"to": [7.45, 10.302, 10.118],
			"rotation": {"angle": 0, "axis": "y", "origin": [14.58, 12.832, 4.828]},
			"faces": {
				"north": {"uv": [10.25, 10, 10.875, 10.625], "texture": "#2"},
				"east": {"uv": [10.25, 10, 10.875, 10.625], "texture": "#2"},
				"south": {"uv": [10.25, 10, 10.875, 10.625], "texture": "#2"},
				"west": {"uv": [10.25, 10, 10.875, 10.625], "texture": "#2"},
				"up": {"uv": [3.125, 11, 2.5, 10.375], "texture": "#2"},
				"down": {"uv": [3.75, 10.625, 3.125, 11.25], "texture": "#2"}
			}
		},
		{
			"from": [5.035, 14.294, 4.989],
			"to": [10.555, 15.674, 10.509],
			"rotation": {"angle": 0, "axis": "y", "origin": [4, 3.645, 4]},
			"faces": {
				"north": {"uv": [3.875, 9.25, 5.375, 9.625], "texture": "#2"},
				"east": {"uv": [3.875, 9.25, 5.375, 9.625], "texture": "#2"},
				"south": {"uv": [3.875, 9.25, 5.375, 9.625], "texture": "#2"},
				"west": {"uv": [3.875, 9.25, 5.375, 9.625], "texture": "#2"},
				"up": {"uv": [3.25, 9.875, 1.75, 8.375], "texture": "#2"},
				"down": {"uv": [10, 4.75, 8.5, 6.25], "texture": "#2"}
			}
		},
		{
			"from": [4.115, 7.394, 4.069],
			"to": [11.475, 14.294, 11.429],
			"rotation": {"angle": 0, "axis": "y", "origin": [4, 3.645, 4]},
			"faces": {
				"north": {"uv": [5, 0, 7, 1.875], "texture": "#2"},
				"east": {"uv": [5, 0, 7, 1.875], "texture": "#2"},
				"south": {"uv": [5, 0, 7, 1.875], "texture": "#2"},
				"west": {"uv": [5, 0, 7, 1.875], "texture": "#2"},
				"up": {"uv": [4.75, 6.5, 2.75, 4.5], "texture": "#2"},
				"down": {"uv": [6.75, 4.5, 4.75, 6.5], "texture": "#2"}
			}
		},
		{
			"from": [8.83, 19.59, 8.83],
			"to": [6.53, 17.29, 6.53],
			"rotation": {"angle": 0, "axis": "y", "origin": [4, 12, 4]},
			"faces": {
				"north": {"uv": [8.375, 11.125, 8.5, 11.25], "texture": "#2"},
				"east": {"uv": [8.375, 11.125, 8.5, 11.25], "texture": "#2"},
				"south": {"uv": [8.375, 11.125, 8.5, 11.25], "texture": "#2"},
				"west": {"uv": [8.375, 11.125, 8.5, 11.25], "texture": "#2"},
				"up": {"uv": [8.375, 11.125, 8.5, 11.25], "texture": "#2"},
				"down": {"uv": [8.375, 11.125, 8.5, 11.25], "texture": "#2"}
			}
		},
		{
			"from": [7.22, 15.68, 7.22],
			"to": [8.14, 17.52, 8.14],
			"rotation": {"angle": 0, "axis": "y", "origin": [4, 12, 4]},
			"faces": {
				"north": {"uv": [5.375, 9.25, 5.625, 9.75], "texture": "#2"},
				"east": {"uv": [5.375, 9.25, 5.625, 9.75], "texture": "#2"},
				"south": {"uv": [5.375, 9.25, 5.625, 9.75], "texture": "#2"},
				"west": {"uv": [5.375, 9.25, 5.625, 9.75], "texture": "#2"},
				"up": {"uv": [7, 8.25, 6.75, 8], "texture": "#2"},
				"down": {"uv": [7.25, 8, 7, 8.25], "texture": "#2"}
			}
		},
		{
			"from": [6.76, 17.52, 6.76],
			"to": [8.6, 19.36, 8.6],
			"rotation": {"angle": 0, "axis": "y", "origin": [4, 12, 4]},
			"faces": {
				"north": {"uv": [6.75, 7.5, 7.25, 8], "texture": "#2"},
				"east": {"uv": [6.75, 7.5, 7.25, 8], "texture": "#2"},
				"south": {"uv": [6.75, 7.5, 7.25, 8], "texture": "#2"},
				"west": {"uv": [6.75, 7.5, 7.25, 8], "texture": "#2"},
				"up": {"uv": [8.875, 11.125, 8.375, 10.625], "texture": "#2"},
				"down": {"uv": [9.375, 10.625, 8.875, 11.125], "texture": "#2"}
			}
		}
	],
	"display": {
		"thirdperson_righthand": {
			"rotation": [75, 45, 0],
			"translation": [0, 2.5, 0],
			"scale": [0.375, 0.375, 0.375]
		},
		"thirdperson_lefthand": {
			"rotation": [75, 45, 0],
			"translation": [0, 2.5, 0],
			"scale": [0.375, 0.375, 0.375]
		},
		"firstperson_righthand": {
			"rotation": [0, 45, 0],
			"scale": [0.4, 0.4, 0.4]
		},
		"firstperson_lefthand": {
			"rotation": [0, 225, 0],
			"scale": [0.4, 0.4, 0.4]
		},
		"ground": {
			"translation": [0, 3, 0],
			"scale": [0.25, 0.25, 0.25]
		},
		"gui": {
			"rotation": [30, 225, 0],
			"scale": [0.625, 0.625, 0.625]
		},
		"head": {
			"rotation": [0, 180, 0]
		},
		"fixed": {
			"rotation": [-90, 0, 0],
			"translation": [0, 1, -23],
			"scale": [3, 3, 3]
		}
	},
	"groups": [
		0,
		1,
		2,
		3,
		4,
		5,
		{
			"name": "contenido",
			"origin": [23, 13.2, 1.8],
			"color": 0,
			"children": [6, 7, 8, 9, 10]
		},
		{
			"name": "cabeza",
			"origin": [0, 0, 0],
			"color": 0,
			"children": [11, 12]
		},
		{
			"name": "antena",
			"origin": [0, 0, 0],
			"color": 0,
			"children": [13, 14, 15]
		}
	]
}