{
	"credit": "MadewithBlockbench",
	"texture_size": [64, 64],
	"textures": {
		"0": "elitecreatures:block/fireextinguishertexture",
		"particle": "elitecreatures:block/fireextinguishertexture"
	},
	"elements": [
		{
			"from": [5.9, 0.7, 5.5],
			"to": [10.1, 15.4, 9.7],
			"rotation": {"angle": 0, "axis": "y", "origin": [2.4, 1.4, 2]},
			"faces": {
				"north": {"uv": [0, 0, 1.5, 5.25], "texture": "#0"},
				"east": {"uv": [1.5, 0, 3, 5.25], "texture": "#0"},
				"south": {"uv": [3, 0, 4.5, 5.25], "texture": "#0"},
				"west": {"uv": [4.5, 0, 6, 5.25], "texture": "#0"},
				"up": {"uv": [3, 6.75, 1.5, 5.25], "texture": "#0"},
				"down": {"uv": [1.5, 5.25, 0, 6.75], "texture": "#0"}
			}
		},
		{
			"from": [6.6, 15.4, 6.2],
			"to": [9.4, 16.1, 9],
			"rotation": {"angle": 0, "axis": "y", "origin": [2.4, 1.4, 2]},
			"faces": {
				"north": {"uv": [1, 8, 2, 8.25], "texture": "#0"},
				"east": {"uv": [0, 8, 1, 8.25], "texture": "#0"},
				"south": {"uv": [1, 7.75, 2, 8], "texture": "#0"},
				"west": {"uv": [0, 7.75, 1, 8], "texture": "#0"},
				"up": {"uv": [0, 6.75, 1, 7.75], "texture": "#0"},
				"down": {"uv": [1, 6.75, 2, 7.75], "texture": "#0"}
			}
		},
		{
			"from": [7.3, 16.1, 6.9],
			"to": [8.7, 17.5, 8.3],
			"rotation": {"angle": 0, "axis": "y", "origin": [2.4, 1.4, 2]},
			"faces": {
				"north": {"uv": [4, 5.25, 4.5, 5.75], "texture": "#0"},
				"east": {"uv": [4, 5.75, 4.5, 6.25], "texture": "#0"},
				"south": {"uv": [4.5, 5.75, 5, 6.25], "texture": "#0"},
				"west": {"uv": [5, 5.75, 5.5, 6.25], "texture": "#0"},
				"up": {"uv": [5, 5.25, 5.5, 5.75], "texture": "#0"},
				"down": {"uv": [4.5, 5.25, 5, 5.75], "texture": "#0"}
			}
		},
		{
			"from": [3.1, 16.8, 7.075],
			"to": [7.3, 17.5, 8.125],
			"rotation": {"angle": 0, "axis": "y", "origin": [2.4, 1.4, 2]},
			"faces": {
				"north": {"uv": [11.5, 5.125, 13, 5.375], "texture": "#0"},
				"east": {"uv": [10.375, 5.375, 10.75, 5.625], "texture": "#0"},
				"south": {"uv": [10, 5.125, 11.5, 5.375], "texture": "#0"},
				"west": {"uv": [10, 5.375, 10.375, 5.625], "texture": "#0"},
				"up": {"uv": [11.5, 4.75, 13, 5.125], "texture": "#0"},
				"down": {"uv": [10, 4.75, 11.5, 5.125], "texture": "#0"}
			}
		},
		{
			"from": [3.1, 16.8, 7.075],
			"to": [8.7, 17.5, 8.125],
			"rotation": {"angle": -45, "axis": "z", "origin": [8.7, 17.5, 7.6]},
			"faces": {
				"north": {"uv": [6, 5.375, 8, 5.625], "texture": "#0"},
				"east": {"uv": [5.5, 5.5, 5.875, 5.75], "texture": "#0"},
				"south": {"uv": [8, 5.375, 10, 5.625], "texture": "#0"},
				"west": {"uv": [5.5, 5.25, 5.875, 5.5], "texture": "#0"},
				"up": {"uv": [8, 5, 10, 5.375], "texture": "#0"},
				"down": {"uv": [6, 5, 8, 5.375], "texture": "#0"}
			}
		},
		{
			"from": [8.7, 16.45, 7.25],
			"to": [10.1, 17.15, 7.95],
			"rotation": {"angle": 0, "axis": "y", "origin": [2.4, 1.4, 2]},
			"faces": {
				"north": {"uv": [13.5, 5, 14, 5.25], "texture": "#0"},
				"east": {"uv": [14, 5, 14.25, 5.25], "texture": "#0"},
				"south": {"uv": [13, 5, 13.5, 5.25], "texture": "#0"},
				"west": {"uv": [14, 4.75, 14.25, 5], "texture": "#0"},
				"up": {"uv": [13.5, 4.75, 14, 5], "texture": "#0"},
				"down": {"uv": [13, 4.75, 13.5, 5], "texture": "#0"}
			}
		},
		{
			"from": [10.1, 16.45, 7.285],
			"to": [12.2, 17.15, 7.915],
			"rotation": {"angle": -45, "axis": "z", "origin": [10.1, 17.15, 7.6]},
			"faces": {
				"north": {"uv": [15, 5, 15.75, 5.25], "texture": "#0"},
				"east": {"uv": [15.75, 5, 16, 5.25], "texture": "#0"},
				"south": {"uv": [15, 4.75, 15.75, 5], "texture": "#0"},
				"west": {"uv": [15.75, 4.75, 16, 5], "texture": "#0"},
				"up": {"uv": [14.25, 5, 15, 5.25], "texture": "#0"},
				"down": {"uv": [14.25, 4.75, 15, 5], "texture": "#0"}
			}
		},
		{
			"from": [10.86991, 5.84518, 7.25],
			"to": [11.56991, 15.64517, 7.95],
			"rotation": {"angle": 0, "axis": "y", "origin": [11.5549, 15.55013, 7.6]},
			"faces": {
				"north": {"uv": [6, 6.375, 9.5, 6.625], "rotation": 270, "texture": "#0"},
				"east": {"uv": [6, 6.125, 9.5, 6.375], "rotation": 90, "texture": "#0"},
				"south": {"uv": [6, 5.875, 9.5, 6.125], "rotation": 90, "texture": "#0"},
				"west": {"uv": [6, 5.625, 9.5, 5.875], "rotation": 90, "texture": "#0"},
				"up": {"uv": [9.5, 5.875, 9.75, 6.125], "rotation": 90, "texture": "#0"},
				"down": {"uv": [9.5, 5.625, 9.75, 5.875], "rotation": 90, "texture": "#0"}
			}
		},
		{
			"from": [6.6, 0, 6.2],
			"to": [9.4, 0.7, 9],
			"rotation": {"angle": 0, "axis": "y", "origin": [2.4, 12.6, 2]},
			"faces": {
				"north": {"uv": [1, 9.75, 2, 9.5], "texture": "#0"},
				"east": {"uv": [0, 9.75, 1, 9.5], "texture": "#0"},
				"south": {"uv": [1, 9.5, 2, 9.25], "texture": "#0"},
				"west": {"uv": [0, 9.5, 1, 9.25], "texture": "#0"},
				"up": {"uv": [1, 9.25, 2, 8.25], "texture": "#0"},
				"down": {"uv": [0, 9.25, 1, 8.25], "texture": "#0"}
			}
		},
		{
			"from": [10.86991, 3.74517, 6.9],
			"to": [11.56991, 5.84518, 8.3],
			"rotation": {"angle": 0, "axis": "y", "origin": [11.5549, 15.55013, 7.6]},
			"faces": {
				"north": {"uv": [13.75, 5.5, 14.5, 5.75], "rotation": 270, "texture": "#0"},
				"east": {"uv": [14.5, 5.25, 15.25, 5.75], "rotation": 90, "texture": "#0"},
				"south": {"uv": [13.75, 5.25, 14.5, 5.5], "rotation": 90, "texture": "#0"},
				"west": {"uv": [15.25, 5.25, 16, 5.75], "rotation": 90, "texture": "#0"},
				"up": {"uv": [13.25, 5.5, 13.75, 5.75], "rotation": 90, "texture": "#0"},
				"down": {"uv": [13.25, 5.25, 13.75, 5.5], "rotation": 90, "texture": "#0"}
			}
		},
		{
			"from": [10.1, 7, 6.9],
			"to": [11.85, 8.4, 8.3],
			"rotation": {"angle": 0, "axis": "y", "origin": [2.4, -0.7, 2]},
			"faces": {
				"north": {"uv": [2, 8.25, 2.625, 8.75], "texture": "#0"},
				"east": {"uv": [2.625, 7.25, 3.125, 7.75], "texture": "#0"},
				"south": {"uv": [2, 7.75, 2.625, 8.25], "texture": "#0"},
				"west": {"uv": [2.625, 6.75, 3.125, 7.25], "texture": "#0"},
				"up": {"uv": [2, 7.25, 2.625, 7.75], "texture": "#0"},
				"down": {"uv": [2, 6.75, 2.625, 7.25], "texture": "#0"}
			}
		},
		{
			"from": [10.1, 11.9, 6.9],
			"to": [11.85, 13.3, 8.3],
			"rotation": {"angle": 0, "axis": "y", "origin": [2.4, -0.7, 2]},
			"faces": {
				"north": {"uv": [2, 8.25, 2.625, 8.75], "texture": "#0"},
				"east": {"uv": [2.625, 7.25, 3.125, 7.75], "texture": "#0"},
				"south": {"uv": [2, 7.75, 2.625, 8.25], "texture": "#0"},
				"west": {"uv": [2.625, 6.75, 3.125, 7.25], "texture": "#0"},
				"up": {"uv": [2, 7.25, 2.625, 7.75], "texture": "#0"},
				"down": {"uv": [2, 6.75, 2.625, 7.25], "texture": "#0"}
			}
		}
	],
	"gui_light": "front",
	"display": {
		"thirdperson_righthand": {
			"rotation": [67.6, 0, 0],
			"translation": [0, 0.75, 0.25],
			"scale": [0.3525, 0.3525, 0.3525]
		},
		"thirdperson_lefthand": {
			"rotation": [67.6, 0, 0],
			"translation": [0, 0.75, 0.25],
			"scale": [0.3525, 0.3525, 0.3525]
		},
		"firstperson_righthand": {
			"translation": [4.25, 3, 0],
			"scale": [0.46188, 0.46188, 0.46188]
		},
		"firstperson_lefthand": {
			"translation": [4.25, 3, 0],
			"scale": [0.46188, 0.46188, 0.46188]
		},
		"ground": {
			"translation": [0, 6, 0],
			"scale": [0.65, 0.65, 0.65]
		},
		"gui": {
			"rotation": [30, 135, 0],
			"translation": [1.5, -0.5, 0],
			"scale": [0.81032, 0.81032, 0.81032]
		},
		"head": {
			"rotation": [0, 180, 0],
			"translation": [0, -30.4, 0],
			"scale": [1.6, 1.6, 1.6]
		},
		"fixed": {
			"translation": [0, 0, -3.5],
			"scale": [2, 2, 2]
		}
	},
	"groups": [
		{
			"name": "group",
			"origin": [0, 0, 0],
			"color": 0,
			"children": [0, 1, 2, 3, 4, 5, 6, 7, 8, 9, 10, 11]
		}
	]
}