{
	"credit": "",
	"texture_size": [28, 28],
	"textures": {
		"0": "custom/blocks/darts",
		"particle": "custom/blocks/darts"
	},
	"elements": [
		{
			"from": [1, 1, 14],
			"to": [15, 15, 16],
			"faces": {
				"north": {"uv": [0, 0, 8, 8], "texture": "#0"},
				"east": {"uv": [0, 8, 0.57143, 8.57143], "texture": "#0"},
				"south": {"uv": [0, 8, 8, 16], "texture": "#0"},
				"west": {"uv": [0, 8, 0.57143, 8.57143], "texture": "#0"},
				"up": {"uv": [0.57143, 8.57143, 0, 8], "texture": "#0"},
				"down": {"uv": [0.57143, 8, 0, 8.57143], "texture": "#0"}
			}
		},
		{
			"from": [15, 3, 14],
			"to": [16, 13, 16],
			"faces": {
				"north": {"uv": [0, 8, 0.57143, 8.57143], "texture": "#0"},
				"east": {"uv": [0, 8, 0.57143, 8.57143], "texture": "#0"},
				"south": {"uv": [0, 8, 0.57143, 8.57143], "texture": "#0"},
				"west": {"uv": [0, 8, 0.57143, 8.57143], "texture": "#0"},
				"up": {"uv": [0, 8, 0.57143, 8.57143], "texture": "#0"},
				"down": {"uv": [0, 8, 0.57143, 8.57143], "texture": "#0"}
			}
		},
		{
			"from": [0, 3, 14],
			"to": [1, 13, 16],
			"faces": {
				"south": {"uv": [0, 8, 0.57143, 8.57143], "texture": "#0"},
				"west": {"uv": [0, 8, 0.57143, 8.57143], "texture": "#0"},
				"up": {"uv": [0.57143, 8.57143, 0, 8], "texture": "#0"},
				"down": {"uv": [0.57143, 8, 0, 8.57143], "texture": "#0"}
			}
		},
		{
			"from": [3, 15, 14],
			"to": [13, 16, 16],
			"faces": {
				"east": {"uv": [0, 8, 0.57143, 8.57143], "texture": "#0"},
				"south": {"uv": [0, 8, 0.57143, 8.57143], "texture": "#0"},
				"west": {"uv": [0, 8, 0.57143, 8.57143], "texture": "#0"},
				"up": {"uv": [0.57143, 8.57143, 0, 8], "texture": "#0"}
			}
		},
		{
			"from": [3, 14, 13.6],
			"to": [13, 16, 14],
			"faces": {
				"north": {"uv": [0, 8, 0.57143, 8.57143], "texture": "#0"},
				"east": {"uv": [0, 8, 0.57143, 8.57143], "texture": "#0"},
				"south": {"uv": [8, 1.14286, 13.71429, 2.28571], "texture": "#0"},
				"west": {"uv": [0, 8, 0.57143, 8.57143], "texture": "#0"},
				"up": {"uv": [5.71429, 8.28571, 0, 8], "texture": "#0"},
				"down": {"uv": [5.71429, 8.28571, 0, 8.57143], "texture": "#0"}
			}
		},
		{
			"from": [3, 14, 13.6],
			"to": [13, 16, 14],
			"faces": {
				"north": {"uv": [8, 1.14286, 13.71429, 2.28571], "texture": "#0"},
				"east": {"uv": [0, 8, 0.57143, 8.57143], "texture": "#0"},
				"west": {"uv": [0, 8, 0.57143, 8.57143], "texture": "#0"},
				"up": {"uv": [0.57143, 8.57143, 0, 8], "texture": "#0"},
				"down": {"uv": [0.57143, 8, 0, 8.57143], "texture": "#0"}
			}
		},
		{
			"from": [3, 0, 13.6],
			"to": [13, 2, 14],
			"faces": {
				"north": {"uv": [13.71429, 2.28571, 8, 1.14286], "texture": "#0"},
				"east": {"uv": [0, 8, 0.57143, 8.57143], "texture": "#0"},
				"west": {"uv": [0, 8, 0.57143, 8.57143], "texture": "#0"},
				"up": {"uv": [0.57143, 8.57143, 0, 8], "texture": "#0"},
				"down": {"uv": [0.57143, 8, 0, 8.57143], "texture": "#0"}
			}
		},
		{
			"from": [14, 3, 13.6],
			"to": [16, 13, 14],
			"faces": {
				"north": {"uv": [13.71429, 2.28571, 8, 1.14286], "rotation": 90, "texture": "#0"},
				"east": {"uv": [0, 8, 0.57143, 8.57143], "texture": "#0"},
				"west": {"uv": [0, 8, 0.57143, 8.57143], "texture": "#0"},
				"up": {"uv": [0.57143, 8.57143, 0, 8], "texture": "#0"},
				"down": {"uv": [0.57143, 8, 0, 8.57143], "texture": "#0"}
			}
		},
		{
			"from": [0, 3, 13.6],
			"to": [2, 13, 14],
			"faces": {
				"north": {"uv": [8, 1.14286, 13.71429, 2.28571], "rotation": 90, "texture": "#0"},
				"east": {"uv": [0, 8, 0.57143, 8.57143], "texture": "#0"},
				"west": {"uv": [0, 8, 0.57143, 8.57143], "texture": "#0"},
				"up": {"uv": [0.57143, 8.57143, 0, 8], "texture": "#0"},
				"down": {"uv": [0.57143, 8, 0, 8.57143], "texture": "#0"}
			}
		},
		{
			"from": [1, 13, 13.6],
			"to": [3, 15, 14],
			"faces": {
				"north": {"uv": [8, 0, 9.14286, 1.14286], "texture": "#0"},
				"east": {"uv": [0, 8, 0.57143, 8.57143], "texture": "#0"},
				"west": {"uv": [0, 8, 0.57143, 8.57143], "texture": "#0"},
				"up": {"uv": [0.57143, 8.57143, 0, 8], "texture": "#0"},
				"down": {"uv": [0.57143, 8, 0, 8.57143], "texture": "#0"}
			}
		},
		{
			"from": [7.7, 7.7, 13.7],
			"to": [8.3, 8.3, 14],
			"faces": {
				"north": {"uv": [6.57143, 6.57143, 6.85714, 6.85714], "texture": "#0"},
				"east": {"uv": [6.57143, 7.14286, 6.71429, 7.42857], "texture": "#0"},
				"west": {"uv": [6.57143, 6.71429, 6.71429, 7], "texture": "#0"},
				"up": {"uv": [6.85714, 7.14286, 6.57143, 7], "texture": "#0"},
				"down": {"uv": [6.85714, 6.57143, 6.57143, 6.71429], "texture": "#0"}
			}
		},
		{
			"from": [7.4, 7.4, 13.8],
			"to": [8.6, 8.6, 14],
			"faces": {
				"north": {"uv": [7.14286, 5.14286, 7.28571, 5.85714], "texture": "#0"},
				"east": {"uv": [7.14286, 4.71429, 7.28571, 5.42857], "texture": "#0"},
				"west": {"uv": [7.14286, 5.57143, 7.28571, 6.28571], "texture": "#0"},
				"up": {"uv": [7.28571, 6.42857, 7.14286, 6.28571], "texture": "#0"},
				"down": {"uv": [5.85714, 7.14286, 5.14286, 7.28571], "texture": "#0"}
			}
		},
		{
			"from": [13, 13, 13.6],
			"to": [15, 15, 14],
			"faces": {
				"north": {"uv": [9.14286, 0, 8, 1.14286], "texture": "#0"},
				"east": {"uv": [0, 8, 0.57143, 8.57143], "texture": "#0"},
				"west": {"uv": [0, 8, 0.57143, 8.57143], "texture": "#0"},
				"up": {"uv": [0.57143, 8.57143, 0, 8], "texture": "#0"},
				"down": {"uv": [0.57143, 8, 0, 8.57143], "texture": "#0"}
			}
		},
		{
			"from": [13, 1, 13.6],
			"to": [15, 3, 14],
			"faces": {
				"north": {"uv": [9.14286, 1.14286, 8, 0], "texture": "#0"},
				"east": {"uv": [0, 8, 0.57143, 8.57143], "texture": "#0"},
				"west": {"uv": [0, 8, 0.57143, 8.57143], "texture": "#0"},
				"up": {"uv": [0.57143, 8.57143, 0, 8], "texture": "#0"},
				"down": {"uv": [0.57143, 8, 0, 8.57143], "texture": "#0"}
			}
		},
		{
			"from": [1, 1, 13.6],
			"to": [3, 3, 14],
			"faces": {
				"north": {"uv": [8, 1.14286, 9.14286, 0], "texture": "#0"},
				"east": {"uv": [8, 1.14286, 9.14286, 0], "texture": "#0"},
				"south": {"uv": [8, 1.14286, 9.14286, 0], "texture": "#0"},
				"west": {"uv": [8, 1.14286, 9.14286, 0], "texture": "#0"},
				"up": {"uv": [8, 1.14286, 9.14286, 0], "texture": "#0"},
				"down": {"uv": [8, 1.14286, 9.14286, 0], "texture": "#0"}
			}
		},
		{
			"from": [3, 0, 14],
			"to": [13, 1, 16],
			"faces": {
				"east": {"uv": [0, 8, 0.57143, 8.57143], "texture": "#0"},
				"south": {"uv": [0, 8, 0.57143, 8.57143], "texture": "#0"},
				"west": {"uv": [0, 8, 0.57143, 8.57143], "texture": "#0"},
				"down": {"uv": [0.57143, 8, 0, 8.57143], "texture": "#0"}
			}
		}
	],
	"display": {
		"thirdperson_righthand": {
			"rotation": [77, 0, 0],
			"translation": [0, 5, 0],
			"scale": [0.65, 0.65, 0.65]
		},
		"thirdperson_lefthand": {
			"rotation": [77, 0, 0],
			"translation": [0, 5, 0],
			"scale": [0.65, 0.65, 0.65]
		},
		"firstperson_righthand": {
			"rotation": [0, -180, 0],
			"translation": [0, 1.5, 5],
			"scale": [0.65, 0.65, 0.65]
		},
		"firstperson_lefthand": {
			"rotation": [0, -180, 0],
			"translation": [0, 1.5, 5],
			"scale": [0.65, 0.65, 0.65]
		},
		"ground": {
			"rotation": [90, 0, 0],
			"translation": [0, 4.5, 0]
		},
		"gui": {
			"rotation": [0, 180, 0]
		},
		"head": {
			"translation": [0, -31.2, 0],
			"scale": [1.49, 1.49, 1.49]
		},
		"fixed": {
			"translation": [0, 0, -6.25]
		}
	},
	"groups": [
		{
			"name": "group",
			"origin": [0, 0, 0],
			"color": 0,
			"children": [0, 1, 2, 3, 4, 5, 6, 7, 8, 9, 10, 11, 12, 13, 14, 15]
		}
	]
}