{
	"credit": "",
	"texture_size": [32, 32],
	"textures": {
		"0": "custom/blocks/deadmanschest",
		"1": "custom/blocks/deadmanschest_anim",
		"particle": "custom/blocks/deadmanschest"
	},
	"elements": [
		{
			"from": [3, 19, 3],
			"to": [13, 27, 13],
			"faces": {
				"north": {"uv": [0, 0, 16, 12.8], "texture": "#1"},
				"east": {"uv": [0, 0, 16, 12.8], "texture": "#1"},
				"south": {"uv": [0, 0, 16, 12.8], "texture": "#1"},
				"west": {"uv": [0, 0, 16, 12.8], "texture": "#1"}
			}
		},
		{
			"from": [1, 0, 1],
			"to": [15, 2, 15],
			"faces": {
				"north": {"uv": [0, 7.46667, 7.46667, 8.53333], "texture": "#0"},
				"east": {"uv": [0, 7.46667, 7.46667, 8.53333], "texture": "#0"},
				"south": {"uv": [0, 7.46667, 7.46667, 8.53333], "texture": "#0"},
				"west": {"uv": [0, 7.46667, 7.46667, 8.53333], "texture": "#0"},
				"up": {"uv": [7.46667, 7.73333, 0, 7.46667], "texture": "#0"},
				"down": {"uv": [7.46667, 8.26667, 0, 8.53333], "texture": "#0"}
			}
		},
		{
			"from": [1, 9, 1],
			"to": [15, 11, 15],
			"faces": {
				"north": {"uv": [0, 9.6, 7.46667, 10.66667], "texture": "#0"},
				"east": {"uv": [7.46667, 9.6, 0, 10.66667], "texture": "#0"},
				"south": {"uv": [0, 9.6, 7.46667, 10.66667], "texture": "#0"},
				"west": {"uv": [7.46667, 9.6, 0, 10.66667], "texture": "#0"},
				"up": {"uv": [7.46667, 7.46667, 0, 0], "texture": "#0"},
				"down": {"uv": [7.46667, 0, 0, 7.46667], "texture": "#0"}
			}
		},
		{
			"from": [1, 17, 1],
			"to": [15, 19, 15],
			"faces": {
				"north": {"uv": [7.46667, 8.53333, 0, 9.6], "texture": "#0"},
				"east": {"uv": [0, 8.53333, 7.46667, 9.6], "texture": "#0"},
				"south": {"uv": [7.46667, 8.53333, 0, 9.6], "texture": "#0"},
				"west": {"uv": [0, 8.53333, 7.46667, 9.6], "texture": "#0"},
				"up": {"uv": [7.46667, 7.46667, 0, 0], "texture": "#0"},
				"down": {"uv": [7.46667, 0, 0, 7.46667], "texture": "#0"}
			}
		},
		{
			"from": [3, 19, 3],
			"to": [13, 27, 13],
			"faces": {
				"up": {"uv": [3.46667, 12, 3.2, 11.46667], "texture": "#0"}
			}
		},
		{
			"from": [4, 27, 4],
			"to": [12, 28, 12],
			"faces": {
				"north": {"uv": [3.2, 11.46667, 3.46667, 12], "texture": "#0"},
				"east": {"uv": [3.2, 11.46667, 3.46667, 12], "texture": "#0"},
				"south": {"uv": [3.2, 11.46667, 3.46667, 12], "texture": "#0"},
				"west": {"uv": [3.2, 11.46667, 3.46667, 12], "texture": "#0"},
				"up": {"uv": [3.46667, 12, 3.2, 11.46667], "texture": "#0"}
			}
		},
		{
			"from": [5, 28, 5],
			"to": [11, 29, 11],
			"faces": {
				"north": {"uv": [3.2, 11.46667, 3.46667, 12], "texture": "#0"},
				"east": {"uv": [3.2, 11.46667, 3.46667, 12], "texture": "#0"},
				"south": {"uv": [3.2, 11.46667, 3.46667, 12], "texture": "#0"},
				"west": {"uv": [3.2, 11.46667, 3.46667, 12], "texture": "#0"},
				"up": {"uv": [3.46667, 12, 3.2, 11.46667], "texture": "#0"}
			}
		},
		{
			"from": [13, 19, 13],
			"to": [15, 23.4, 15],
			"faces": {
				"north": {"uv": [0, 10.66667, 1.06667, 13.06667], "texture": "#0"},
				"east": {"uv": [1.06667, 10.66667, 0, 13.06667], "texture": "#0"},
				"south": {"uv": [0, 10.66667, 1.06667, 13.06667], "texture": "#0"},
				"west": {"uv": [1.06667, 10.66667, 0, 13.06667], "texture": "#0"}
			}
		},
		{
			"from": [13, 5.23705, 27.15076],
			"to": [15, 9.63705, 29.15076],
			"rotation": {"angle": -45, "axis": "x", "origin": [0, -2.76295, 0.15076]},
			"faces": {
				"north": {"uv": [0, 10.66667, 1.06667, 12.93333], "texture": "#0"},
				"east": {"uv": [1.06667, 10.66667, 0, 12.93333], "texture": "#0"},
				"south": {"uv": [3.2, 10.66667, 4.26667, 10.93333], "texture": "#0"},
				"west": {"uv": [1.06667, 10.66667, 0, 12.8], "texture": "#0"}
			}
		},
		{
			"from": [13, 26.4122, -2.06789],
			"to": [15, 28.4122, 0.33211],
			"rotation": {"angle": 22.5, "axis": "x", "origin": [0, -1.5878, 1.33211]},
			"faces": {
				"east": {"uv": [1.06667, 10.66667, 0, 12], "rotation": 90, "texture": "#0"},
				"west": {"uv": [1.06667, 10.8, 0, 12.13333], "rotation": 90, "texture": "#0"},
				"up": {"uv": [4.26667, 12.13333, 3.2, 10.8], "texture": "#0"},
				"down": {"uv": [1.06667, 10.66667, 0, 12], "texture": "#0"}
			}
		},
		{
			"from": [13, 25.42971, 6.27142],
			"to": [15, 27.42971, 9.67142],
			"rotation": {"angle": 0, "axis": "y", "origin": [0, -2.57029, 12.67142]},
			"faces": {
				"east": {"uv": [1.06667, 10.66667, 0, 12.53333], "rotation": 90, "texture": "#0"},
				"west": {"uv": [1.06667, 10.93333, 0, 12.8], "rotation": 90, "texture": "#0"},
				"up": {"uv": [4.26667, 12.66667, 3.2, 10.8], "texture": "#0"},
				"down": {"uv": [1.06667, 10.8, 0, 12.66667], "texture": "#0"}
			}
		},
		{
			"from": [13, 19, 1],
			"to": [15, 23.4, 3],
			"faces": {
				"north": {"uv": [1.06667, 10.66667, 0, 13.06667], "texture": "#0"},
				"east": {"uv": [0, 10.66667, 1.06667, 13.06667], "texture": "#0"},
				"south": {"uv": [1.06667, 10.66667, 0, 13.06667], "texture": "#0"},
				"west": {"uv": [0, 10.66667, 1.06667, 13.06667], "texture": "#0"}
			}
		},
		{
			"from": [27.56497, 6.23705, 1],
			"to": [29.56497, 10.63705, 3],
			"rotation": {"angle": 45, "axis": "z", "origin": [1.56497, -2.76295, 0]},
			"faces": {
				"north": {"uv": [1.06667, 10.66667, 0, 12.8], "texture": "#0"},
				"east": {"uv": [3.2, 10.66667, 4.26667, 13.06667], "texture": "#0"},
				"south": {"uv": [1.06667, 10.8, 0, 12.93333], "texture": "#0"},
				"west": {"uv": [0, 10.66667, 1.06667, 12.93333], "texture": "#0"}
			}
		},
		{
			"from": [-2.9855, 25.79907, 1],
			"to": [-0.5855, 27.79907, 3],
			"rotation": {"angle": -22.5, "axis": "z", "origin": [2.4145, -4.20093, 0]},
			"faces": {
				"north": {"uv": [1.06667, 12.13333, 0, 10.8], "rotation": 90, "texture": "#0"},
				"south": {"uv": [1.06667, 10.93333, 0, 12.26667], "rotation": 90, "texture": "#0"},
				"up": {"uv": [4.26667, 12.4, 3.2, 11.06667], "rotation": 90, "texture": "#0"},
				"down": {"uv": [1.06667, 12.13333, 0, 10.8], "rotation": 90, "texture": "#0"}
			}
		},
		{
			"from": [20.88284, 13.39857, 1],
			"to": [25.28284, 15.39857, 3],
			"rotation": {"angle": 45, "axis": "z", "origin": [1.28284, -4.60143, 0]},
			"faces": {
				"north": {"uv": [1.06667, 10.66667, 0, 12.93333], "rotation": 90, "texture": "#0"},
				"south": {"uv": [0, 10.66667, 1.06667, 12.93333], "rotation": 90, "texture": "#0"},
				"up": {"uv": [4.26667, 13.06667, 3.2, 10.66667], "rotation": 90, "texture": "#0"},
				"down": {"uv": [1.06667, 13.06667, 0, 10.8], "rotation": 90, "texture": "#0"}
			}
		},
		{
			"from": [27.56497, 6.23705, 13],
			"to": [29.56497, 10.63705, 15],
			"rotation": {"angle": 45, "axis": "z", "origin": [1.56497, -2.76295, 12]},
			"faces": {
				"north": {"uv": [0, 10.66667, 1.06667, 12.93333], "texture": "#0"},
				"east": {"uv": [3.2, 10.66667, 4.26667, 13.06667], "texture": "#0"},
				"south": {"uv": [0, 10.66667, 1.06667, 12.93333], "texture": "#0"},
				"west": {"uv": [1.06667, 10.8, 0, 13.06667], "texture": "#0"}
			}
		},
		{
			"from": [-2.9855, 25.79907, 13],
			"to": [-0.5855, 27.79907, 15],
			"rotation": {"angle": -22.5, "axis": "z", "origin": [2.4145, -4.20093, 12]},
			"faces": {
				"north": {"uv": [1.06667, 11.33333, 0, 12.66667], "rotation": 90, "texture": "#0"},
				"south": {"uv": [1.06667, 11.33333, 0, 12.66667], "rotation": 90, "texture": "#0"},
				"up": {"uv": [4.26667, 12.8, 3.2, 11.46667], "rotation": 90, "texture": "#0"},
				"down": {"uv": [0, 12.53333, 1.06667, 11.2], "rotation": 90, "texture": "#0"}
			}
		},
		{
			"from": [6.27142, 25.42971, 13],
			"to": [9.67142, 27.42971, 15],
			"rotation": {"angle": 0, "axis": "y", "origin": [1.67142, -5.57029, 12]},
			"faces": {
				"north": {"uv": [1.06667, 10.93333, 0, 12.8], "rotation": 90, "texture": "#0"},
				"south": {"uv": [1.06667, 12.93333, 0, 11.06667], "rotation": 90, "texture": "#0"},
				"up": {"uv": [4.26667, 12.66667, 3.2, 10.8], "rotation": 90, "texture": "#0"},
				"down": {"uv": [0, 12.93333, 1.06667, 11.06667], "rotation": 90, "texture": "#0"}
			}
		},
		{
			"from": [16.01388, 20.67278, 13],
			"to": [18.41388, 22.67278, 15],
			"rotation": {"angle": 22.5, "axis": "z", "origin": [0.41388, -5.32722, 12]},
			"faces": {
				"north": {"uv": [1.06667, 11.2, 0, 12.53333], "rotation": 90, "texture": "#0"},
				"south": {"uv": [1.06667, 10.8, 0, 12.13333], "rotation": 90, "texture": "#0"},
				"up": {"uv": [4.26667, 12.53333, 3.2, 11.2], "rotation": 90, "texture": "#0"},
				"down": {"uv": [0, 12.4, 1.06667, 11.06667], "rotation": 90, "texture": "#0"}
			}
		},
		{
			"from": [20.88284, 13.39857, 13],
			"to": [25.28284, 15.39857, 15],
			"rotation": {"angle": 45, "axis": "z", "origin": [1.28284, -4.60143, 12]},
			"faces": {
				"north": {"uv": [0, 10.66667, 1.06667, 12.93333], "rotation": 90, "texture": "#0"},
				"south": {"uv": [1.06667, 10.66667, 0, 12.93333], "rotation": 90, "texture": "#0"},
				"up": {"uv": [4.26667, 13.06667, 3.2, 10.66667], "rotation": 90, "texture": "#0"},
				"down": {"uv": [0, 13.06667, 1.06667, 10.8], "rotation": 90, "texture": "#0"}
			}
		},
		{
			"from": [16.01388, 20.67278, 1],
			"to": [18.41388, 22.67278, 3],
			"rotation": {"angle": 22.5, "axis": "z", "origin": [0.41388, -5.32722, 0]},
			"faces": {
				"north": {"uv": [1.06667, 11.2, 0, 12.53333], "rotation": 90, "texture": "#0"},
				"south": {"uv": [1.06667, 11.06667, 0, 12.4], "rotation": 90, "texture": "#0"},
				"up": {"uv": [4.26667, 12.66667, 3.2, 11.33333], "rotation": 90, "texture": "#0"},
				"down": {"uv": [1.06667, 12, 0, 10.66667], "rotation": 90, "texture": "#0"}
			}
		},
		{
			"from": [6.27142, 25.42971, 1],
			"to": [9.67142, 27.42971, 3],
			"rotation": {"angle": 0, "axis": "y", "origin": [1.67142, -5.57029, 0]},
			"faces": {
				"north": {"uv": [1.06667, 10.8, 0, 12.66667], "rotation": 90, "texture": "#0"},
				"south": {"uv": [1.06667, 11.06667, 0, 12.93333], "rotation": 90, "texture": "#0"},
				"up": {"uv": [4.26667, 12.8, 3.2, 10.93333], "rotation": 90, "texture": "#0"},
				"down": {"uv": [1.06667, 12.66667, 0, 10.8], "rotation": 90, "texture": "#0"}
			}
		},
		{
			"from": [1, 19, 13],
			"to": [3, 23.4, 15],
			"rotation": {"angle": 0, "axis": "y", "origin": [-12, 0, 0]},
			"faces": {
				"north": {"uv": [1.06667, 10.66667, 0, 13.06667], "texture": "#0"},
				"east": {"uv": [0, 10.66667, 1.06667, 13.06667], "texture": "#0"},
				"south": {"uv": [1.06667, 10.66667, 0, 13.06667], "texture": "#0"},
				"west": {"uv": [0, 10.66667, 1.06667, 13.06667], "texture": "#0"}
			}
		},
		{
			"from": [1, 5.23705, 27.15076],
			"to": [3, 9.63705, 29.15076],
			"rotation": {"angle": -45, "axis": "x", "origin": [-12, -2.76295, 0.15076]},
			"faces": {
				"north": {"uv": [1.06667, 10.66667, 0, 12.93333], "texture": "#0"},
				"east": {"uv": [0, 10.66667, 1.06667, 12.93333], "texture": "#0"},
				"south": {"uv": [3.2, 10.8, 4.26667, 11.46667], "texture": "#0"},
				"west": {"uv": [0, 10.66667, 1.06667, 12.93333], "texture": "#0"}
			}
		},
		{
			"from": [1, 26.4122, -2.06789],
			"to": [3, 28.4122, 0.33211],
			"rotation": {"angle": 22.5, "axis": "x", "origin": [-12, -1.5878, 1.33211]},
			"faces": {
				"east": {"uv": [1.06667, 11.33333, 0, 12.66667], "rotation": 90, "texture": "#0"},
				"west": {"uv": [1.06667, 12.26667, 0, 10.93333], "rotation": 90, "texture": "#0"},
				"up": {"uv": [4.26667, 12.13333, 3.2, 10.8], "texture": "#0"},
				"down": {"uv": [0, 10.93333, 1.06667, 12.26667], "texture": "#0"}
			}
		},
		{
			"from": [1, 25.42971, 6.27142],
			"to": [3, 27.42971, 9.67142],
			"rotation": {"angle": 0, "axis": "y", "origin": [-12, -2.57029, 12.67142]},
			"faces": {
				"east": {"uv": [1.06667, 10.93333, 0, 12.8], "rotation": 90, "texture": "#0"},
				"west": {"uv": [1.06667, 10.93333, 0, 12.8], "rotation": 90, "texture": "#0"},
				"up": {"uv": [4.26667, 12.66667, 3.2, 10.8], "texture": "#0"},
				"down": {"uv": [0, 10.8, 1.06667, 12.66667], "texture": "#0"}
			}
		},
		{
			"from": [1, 20.98059, 14.36136],
			"to": [3, 22.98059, 16.76136],
			"rotation": {"angle": -22.5, "axis": "x", "origin": [-12, -1.01941, 0.36136]},
			"faces": {
				"east": {"uv": [1.06667, 11.06667, 0, 12.4], "rotation": 90, "texture": "#0"},
				"west": {"uv": [1.06667, 11.33333, 0, 12.66667], "rotation": 90, "texture": "#0"},
				"up": {"uv": [4.26667, 12.26667, 3.2, 10.93333], "texture": "#0"},
				"down": {"uv": [0, 12.53333, 1.06667, 11.2], "texture": "#0"}
			}
		},
		{
			"from": [1, 17.06548, -15.70711],
			"to": [3, 21.46548, -13.70711],
			"rotation": {"angle": 45, "axis": "x", "origin": [-12, 0.06548, 0.29289]},
			"faces": {
				"north": {"uv": [3.2, 10.66667, 4.26667, 13.06667], "texture": "#0"},
				"east": {"uv": [1.06667, 12.93333, 0, 10.66667], "texture": "#0"},
				"south": {"uv": [0, 10.8, 1.06667, 13.06667], "texture": "#0"},
				"west": {"uv": [1.06667, 10.66667, 0, 12.93333], "texture": "#0"}
			}
		},
		{
			"from": [1, 19, 1],
			"to": [3, 23.4, 3],
			"rotation": {"angle": 0, "axis": "y", "origin": [-12, 0, 0]},
			"faces": {
				"north": {"uv": [0, 10.66667, 1.06667, 13.06667], "texture": "#0"},
				"east": {"uv": [1.06667, 10.66667, 0, 13.06667], "texture": "#0"},
				"south": {"uv": [0, 10.66667, 1.06667, 13.06667], "texture": "#0"},
				"west": {"uv": [1.06667, 10.66667, 0, 13.06667], "texture": "#0"}
			}
		},
		{
			"from": [13, 17.06548, -15.70711],
			"to": [15, 21.46548, -13.70711],
			"rotation": {"angle": 45, "axis": "x", "origin": [0, 0.06548, 0.29289]},
			"faces": {
				"north": {"uv": [3.2, 10.66667, 4.26667, 13.06667], "texture": "#0"},
				"east": {"uv": [0, 10.66667, 1.06667, 12.93333], "texture": "#0"},
				"south": {"uv": [1.06667, 10.8, 0, 12.93333], "texture": "#0"},
				"west": {"uv": [0, 10.66667, 1.06667, 12.93333], "texture": "#0"}
			}
		},
		{
			"from": [13, 20.98059, 14.36136],
			"to": [15, 22.98059, 16.76136],
			"rotation": {"angle": -22.5, "axis": "x", "origin": [0, -1.01941, 0.36136]},
			"faces": {
				"east": {"uv": [1.06667, 11.06667, 0, 12.4], "rotation": 90, "texture": "#0"},
				"west": {"uv": [1.06667, 11.6, 0, 12.93333], "rotation": 90, "texture": "#0"},
				"up": {"uv": [4.26667, 12.26667, 3.2, 10.93333], "texture": "#0"},
				"down": {"uv": [1.06667, 10.93333, 0, 12.26667], "texture": "#0"}
			}
		},
		{
			"from": [11.5, 11, 11.5],
			"to": [14.5, 18, 14.5],
			"faces": {
				"north": {"uv": [13.86667, 0, 15.46667, 3.73333], "texture": "#0"},
				"east": {"uv": [13.86667, 0, 15.46667, 3.73333], "texture": "#0"},
				"south": {"uv": [15.46667, 0, 13.86667, 3.73333], "texture": "#0"},
				"west": {"uv": [13.86667, 0, 15.46667, 3.73333], "texture": "#0"}
			}
		},
		{
			"from": [1.5, 11, 11.5],
			"to": [4.5, 18, 14.5],
			"faces": {
				"north": {"uv": [13.86667, 0, 15.46667, 3.73333], "texture": "#0"},
				"east": {"uv": [15.46667, 0, 13.86667, 3.73333], "texture": "#0"},
				"south": {"uv": [13.86667, 0, 15.46667, 3.73333], "texture": "#0"},
				"west": {"uv": [15.46667, 0, 13.86667, 3.73333], "texture": "#0"}
			}
		},
		{
			"from": [1.5, 11, 1.5],
			"to": [4.5, 18, 4.5],
			"faces": {
				"north": {"uv": [15.46667, 0, 13.86667, 3.73333], "texture": "#0"},
				"east": {"uv": [13.86667, 0, 15.46667, 3.73333], "texture": "#0"},
				"south": {"uv": [15.46667, 0, 13.86667, 3.73333], "texture": "#0"},
				"west": {"uv": [13.86667, 0, 15.46667, 3.73333], "texture": "#0"}
			}
		},
		{
			"from": [11.5, 11, 1.5],
			"to": [14.5, 18, 4.5],
			"faces": {
				"north": {"uv": [13.86667, 0, 15.46667, 3.73333], "texture": "#0"},
				"east": {"uv": [15.46667, 0, 13.86667, 3.73333], "texture": "#0"},
				"south": {"uv": [13.86667, 0, 15.46667, 3.73333], "texture": "#0"},
				"west": {"uv": [15.46667, 0, 13.86667, 3.73333], "texture": "#0"}
			}
		},
		{
			"from": [2, 8, 2],
			"to": [14, 9, 14],
			"faces": {
				"north": {"uv": [7.46667, 9.6, 13.86667, 10.13333], "texture": "#0"},
				"east": {"uv": [7.46667, 9.6, 13.86667, 10.13333], "texture": "#0"},
				"south": {"uv": [7.46667, 9.6, 13.86667, 10.13333], "texture": "#0"},
				"west": {"uv": [7.46667, 9.6, 13.86667, 10.13333], "texture": "#0"},
				"down": {"uv": [13.86667, 0, 7.46667, 6.4], "texture": "#0"}
			}
		},
		{
			"from": [2, 4, 6],
			"to": [14, 8, 10],
			"faces": {
				"north": {"uv": [7.46667, 0.8, 13.86667, 2.93333], "texture": "#0"},
				"east": {"uv": [13.86667, 3.73333, 16, 5.86667], "texture": "#0"},
				"south": {"uv": [7.46667, 1.86667, 13.86667, 4], "texture": "#0"},
				"west": {"uv": [13.86667, 3.73333, 16, 5.86667], "texture": "#0"}
			}
		},
		{
			"from": [6, 4, 2],
			"to": [10, 8, 14],
			"faces": {
				"north": {"uv": [13.86667, 3.73333, 16, 5.86667], "texture": "#0"},
				"east": {"uv": [7.46667, 0.93333, 13.86667, 3.06667], "texture": "#0"},
				"south": {"uv": [13.86667, 3.73333, 16, 5.86667], "texture": "#0"},
				"west": {"uv": [7.46667, 0.8, 13.86667, 2.93333], "texture": "#0"}
			}
		},
		{
			"from": [5, 11, 10],
			"to": [11, 17, 16],
			"faces": {
				"north": {"uv": [12.8, 6.4, 16, 9.6], "texture": "#0"},
				"east": {"uv": [12.8, 6.4, 16, 9.6], "texture": "#0"},
				"south": {"uv": [12.8, 6.4, 16, 9.6], "texture": "#0"},
				"west": {"uv": [12.8, 6.4, 16, 9.6], "texture": "#0"},
				"up": {"uv": [16, 9.6, 12.8, 6.4], "texture": "#0"},
				"down": {"uv": [16, 6.4, 12.8, 9.6], "texture": "#0"}
			}
		},
		{
			"from": [7.5, 13.5, 16],
			"to": [8.5, 15, 16.5],
			"faces": {
				"east": {"uv": [15.73333, 2.4, 16, 3.46667], "texture": "#0"},
				"south": {"uv": [15.46667, 2.4, 16, 3.46667], "texture": "#0"},
				"west": {"uv": [15.46667, 2.4, 15.73333, 3.46667], "texture": "#0"},
				"up": {"uv": [16, 3.73333, 15.46667, 3.46667], "texture": "#0"},
				"down": {"uv": [16, 3.46667, 15.46667, 3.73333], "texture": "#0"}
			}
		},
		{
			"from": [16, 13.5, 7.5],
			"to": [16.5, 15, 8.5],
			"faces": {
				"north": {"uv": [15.73333, 2.4, 16, 3.46667], "texture": "#0"},
				"east": {"uv": [15.46667, 2.4, 16, 3.46667], "texture": "#0"},
				"south": {"uv": [15.46667, 2.4, 15.73333, 3.46667], "texture": "#0"},
				"up": {"uv": [16, 2.66667, 15.46667, 2.4], "rotation": 90, "texture": "#0"},
				"down": {"uv": [15.46667, 2.66667, 16, 2.4], "rotation": 90, "texture": "#0"}
			}
		},
		{
			"from": [-0.5, 13.5, 7.5],
			"to": [0, 15, 8.5],
			"faces": {
				"north": {"uv": [15.46667, 2.4, 15.73333, 3.46667], "texture": "#0"},
				"south": {"uv": [15.73333, 2.4, 16, 3.46667], "texture": "#0"},
				"west": {"uv": [15.46667, 2.4, 16, 3.46667], "texture": "#0"},
				"up": {"uv": [15.46667, 2.66667, 16, 2.4], "rotation": 90, "texture": "#0"},
				"down": {"uv": [15.46667, 3.73333, 16, 3.46667], "rotation": 90, "texture": "#0"}
			}
		},
		{
			"from": [5, 11, 0],
			"to": [11, 17, 6],
			"faces": {
				"north": {"uv": [12.8, 6.4, 16, 9.6], "texture": "#0"},
				"east": {"uv": [12.8, 6.4, 16, 9.6], "texture": "#0"},
				"south": {"uv": [12.8, 6.4, 16, 9.6], "texture": "#0"},
				"west": {"uv": [12.8, 6.4, 16, 9.6], "texture": "#0"},
				"up": {"uv": [16, 9.6, 12.8, 6.4], "texture": "#0"},
				"down": {"uv": [16, 6.4, 12.8, 9.6], "texture": "#0"}
			}
		},
		{
			"from": [0, 11, 5],
			"to": [6, 17, 11],
			"faces": {
				"north": {"uv": [12.8, 6.4, 16, 9.6], "texture": "#0"},
				"east": {"uv": [12.8, 6.4, 16, 9.6], "texture": "#0"},
				"south": {"uv": [12.8, 6.4, 16, 9.6], "texture": "#0"},
				"west": {"uv": [12.8, 6.4, 16, 9.6], "texture": "#0"},
				"up": {"uv": [16, 9.6, 12.8, 6.4], "rotation": 90, "texture": "#0"},
				"down": {"uv": [12.8, 9.6, 16, 6.4], "rotation": 90, "texture": "#0"}
			}
		},
		{
			"from": [10, 11, 5],
			"to": [16, 17, 11],
			"faces": {
				"north": {"uv": [12.8, 6.4, 16, 9.6], "texture": "#0"},
				"east": {"uv": [12.8, 6.4, 16, 9.6], "texture": "#0"},
				"south": {"uv": [12.8, 6.4, 16, 9.6], "texture": "#0"},
				"west": {"uv": [12.8, 6.4, 16, 9.6], "texture": "#0"},
				"up": {"uv": [16, 9.6, 12.8, 6.4], "rotation": 90, "texture": "#0"},
				"down": {"uv": [12.8, 9.6, 16, 6.4], "rotation": 90, "texture": "#0"}
			}
		},
		{
			"from": [7.5, 13.5, -0.5],
			"to": [8.5, 15, 0],
			"faces": {
				"north": {"uv": [15.46667, 2.4, 16, 3.46667], "texture": "#0"},
				"east": {"uv": [15.46667, 2.4, 15.73333, 3.46667], "texture": "#0"},
				"west": {"uv": [15.73333, 2.4, 16, 3.46667], "texture": "#0"},
				"up": {"uv": [16, 2.66667, 15.46667, 2.4], "texture": "#0"},
				"down": {"uv": [16, 2.4, 15.46667, 2.66667], "texture": "#0"}
			}
		},
		{
			"from": [0.15851, 1.76956, 3],
			"to": [2.15851, 7.76956, 13],
			"rotation": {"angle": -22.5, "axis": "z", "origin": [1.15851, -0.23044, -2]},
			"faces": {
				"north": {"uv": [11.46667, 6.4, 12.53333, 9.6], "texture": "#0"},
				"south": {"uv": [8, 6.4, 9.06667, 9.6], "texture": "#0"},
				"west": {"uv": [7.46667, 6.4, 12.8, 9.6], "texture": "#0"}
			}
		},
		{
			"from": [3, 2, 3],
			"to": [13, 9, 13],
			"faces": {
				"north": {"uv": [7.6, 6.66667, 8, 7.06667], "texture": "#0"},
				"east": {"uv": [7.73333, 6.8, 8.53333, 7.2], "texture": "#0"},
				"south": {"uv": [7.73333, 6.8, 8.4, 7.2], "texture": "#0"},
				"west": {"uv": [7.73333, 6.66667, 8.26667, 7.06667], "texture": "#0"}
			}
		},
		{
			"from": [13.75912, -3.81637, 3],
			"to": [15.75912, 2.18363, 13],
			"rotation": {"angle": 22.5, "axis": "z", "origin": [0.75912, -2.81637, 2]},
			"faces": {
				"north": {"uv": [8, 6.4, 9.06667, 9.6], "texture": "#0"},
				"east": {"uv": [7.46667, 6.4, 12.8, 9.6], "texture": "#0"},
				"south": {"uv": [11.33333, 6.4, 12.4, 9.6], "texture": "#0"}
			}
		},
		{
			"from": [3, -3.81637, 13.75912],
			"to": [13, 2.18363, 15.75912],
			"rotation": {"angle": -22.5, "axis": "x", "origin": [-2, -2.81637, 0.75912]},
			"faces": {
				"east": {"uv": [7.86667, 6.4, 8.93333, 9.6], "texture": "#0"},
				"south": {"uv": [7.46667, 6.4, 12.8, 9.6], "texture": "#0"},
				"west": {"uv": [11.33333, 6.4, 12.4, 9.6], "texture": "#0"}
			}
		},
		{
			"from": [3, 1.76956, 0.15851],
			"to": [13, 7.76956, 2.15851],
			"rotation": {"angle": 22.5, "axis": "x", "origin": [-2, -0.23044, 1.15851]},
			"faces": {
				"north": {"uv": [7.46667, 6.4, 12.8, 9.6], "texture": "#0"},
				"east": {"uv": [11.33333, 6.4, 12.4, 9.6], "texture": "#0"},
				"west": {"uv": [8, 6.4, 9.06667, 9.6], "texture": "#0"}
			}
		}
	],
	"display": {
		"thirdperson_righthand": {
			"scale": [0.5, 0.5, 0.5]
		},
		"thirdperson_lefthand": {
			"scale": [0.5, 0.5, 0.5]
		},
		"firstperson_righthand": {
			"scale": [0.5, 0.5, 0.5]
		},
		"firstperson_lefthand": {
			"scale": [0.5, 0.5, 0.5]
		},
		"ground": {
			"translation": [0, 4.5, 0]
		},
		"head": {
			"translation": [0, -31.25, 0],
			"scale": [1.49, 1.49, 1.49]
		},
		"fixed": {
			"translation": [0, -3, 0],
			"scale": [0.7, 0.7, 0.7]
		}
	},
	"groups": [
		0,
		{
			"name": "group",
			"origin": [-2, -0.23044, 1.15851],
			"color": 0,
			"children": [
				1,
				2,
				3,
				4,
				5,
				6,
				7,
				8,
				9,
				10,
				11,
				12,
				13,
				14,
				15,
				16,
				17,
				18,
				19,
				20,
				21,
				22,
				23,
				24,
				25,
				26,
				27,
				28,
				29,
				30,
				31,
				32,
				33,
				34,
				35,
				36,
				37,
				38,
				39,
				40,
				41,
				42,
				43,
				44,
				45,
				46,
				47,
				48,
				49,
				50
			]
		}
	]
}