{
	"credit": "",
	"texture_size": [32, 32],
	"textures": {
		"0": "custom/blocks/dice",
		"particle": "custom/blocks/dice"
	},
	"elements": [
		{
			"from": [2, 0, 2],
			"to": [4, 10, 4],
			"faces": {
				"north": {"uv": [12.5, 7, 13.5, 12], "texture": "#0"},
				"east": {"uv": [12.5, 7, 13.5, 12], "texture": "#0"},
				"south": {"uv": [12.5, 7, 13.5, 12], "texture": "#0"},
				"west": {"uv": [12.5, 7, 13.5, 12], "texture": "#0"}
			}
		},
		{
			"from": [11.5, 0, 1.5],
			"to": [14.5, 1, 4.5],
			"faces": {
				"north": {"uv": [12, 12, 13.5, 12.5], "texture": "#0"},
				"east": {"uv": [12, 12, 13.5, 12.5], "texture": "#0"},
				"south": {"uv": [12, 12, 13.5, 12.5], "texture": "#0"},
				"west": {"uv": [12, 12, 13.5, 12.5], "texture": "#0"},
				"up": {"uv": [15, 8.5, 13.5, 7], "texture": "#0"},
				"down": {"uv": [15, 7, 13.5, 8.5], "texture": "#0"}
			}
		},
		{
			"from": [12, 0, 12],
			"to": [14, 10, 14],
			"faces": {
				"north": {"uv": [12.5, 7, 13.5, 12], "texture": "#0"},
				"east": {"uv": [12.5, 7, 13.5, 12], "texture": "#0"},
				"south": {"uv": [12.5, 7, 13.5, 12], "texture": "#0"},
				"west": {"uv": [12.5, 7, 13.5, 12], "texture": "#0"}
			}
		},
		{
			"from": [12.5, 5.5, 4],
			"to": [13.5, 6.5, 12],
			"faces": {
				"east": {"uv": [8, 11.75, 12, 12.25], "texture": "#0"},
				"west": {"uv": [8, 11.75, 12, 12.25], "texture": "#0"},
				"up": {"uv": [12, 12.75, 8, 12.25], "rotation": 90, "texture": "#0"},
				"down": {"uv": [8, 13.25, 12, 12.75], "rotation": 90, "texture": "#0"}
			}
		},
		{
			"from": [2.5, 5.5, 4],
			"to": [3.5, 6.5, 12],
			"faces": {
				"east": {"uv": [8, 11.75, 12, 12.25], "texture": "#0"},
				"west": {"uv": [8, 11.75, 12, 12.25], "texture": "#0"},
				"up": {"uv": [12, 12.75, 8, 12.25], "rotation": 90, "texture": "#0"},
				"down": {"uv": [8, 13.25, 12, 12.75], "rotation": 90, "texture": "#0"}
			}
		},
		{
			"from": [4, 5.5, 2.5],
			"to": [12, 6.5, 3.5],
			"faces": {
				"north": {"uv": [8, 11.75, 12, 12.25], "texture": "#0"},
				"south": {"uv": [8, 11.75, 12, 12.25], "texture": "#0"},
				"up": {"uv": [12, 12.75, 8, 12.25], "texture": "#0"},
				"down": {"uv": [12, 12.75, 8, 13.25], "texture": "#0"}
			}
		},
		{
			"from": [4, 5.5, 12.5],
			"to": [12, 6.5, 13.5],
			"faces": {
				"north": {"uv": [8, 11.75, 12, 12.25], "texture": "#0"},
				"south": {"uv": [8, 11.75, 12, 12.25], "texture": "#0"},
				"up": {"uv": [12, 12.75, 8, 12.25], "texture": "#0"},
				"down": {"uv": [12, 12.75, 8, 13.25], "texture": "#0"}
			}
		},
		{
			"from": [1.5, 0, 11.5],
			"to": [4.5, 1, 14.5],
			"faces": {
				"north": {"uv": [12, 12, 13.5, 12.5], "texture": "#0"},
				"east": {"uv": [12, 12, 13.5, 12.5], "texture": "#0"},
				"south": {"uv": [12, 12, 13.5, 12.5], "texture": "#0"},
				"west": {"uv": [12, 12, 13.5, 12.5], "texture": "#0"},
				"up": {"uv": [15, 8.5, 13.5, 7], "texture": "#0"},
				"down": {"uv": [15, 7, 13.5, 8.5], "texture": "#0"}
			}
		},
		{
			"from": [2, 0, 12],
			"to": [4, 10, 14],
			"faces": {
				"north": {"uv": [12.5, 7, 13.5, 12], "texture": "#0"},
				"east": {"uv": [12.5, 7, 13.5, 12], "texture": "#0"},
				"south": {"uv": [12.5, 7, 13.5, 12], "texture": "#0"},
				"west": {"uv": [12.5, 7, 13.5, 12], "texture": "#0"}
			}
		},
		{
			"from": [0, 10, 0],
			"to": [16, 11, 16],
			"faces": {
				"north": {"uv": [8, 13.25, 16, 13.75], "texture": "#0"},
				"east": {"uv": [8, 13.25, 16, 13.75], "texture": "#0"},
				"south": {"uv": [8, 13.25, 16, 13.75], "texture": "#0"},
				"west": {"uv": [8, 13.25, 16, 13.75], "texture": "#0"},
				"up": {"uv": [8, 8, 0, 0], "texture": "#0"},
				"down": {"uv": [8, 8, 0, 16], "texture": "#0"}
			}
		},
		{
			"from": [0, 11, 0],
			"to": [16, 11.5, 1],
			"faces": {
				"north": {"uv": [8.375, 14.25, 15.875, 14.5], "texture": "#0"},
				"east": {"uv": [8.625, 14.5, 9.125, 14.75], "texture": "#0"},
				"south": {"uv": [8, 14.5, 16, 14.75], "texture": "#0"},
				"west": {"uv": [8.75, 14.5, 9.25, 14.75], "texture": "#0"},
				"up": {"uv": [16, 15, 8, 14.5], "texture": "#0"}
			}
		},
		{
			"from": [0, 11, 15],
			"to": [16, 11.5, 16],
			"faces": {
				"north": {"uv": [8, 14.25, 16, 14.5], "texture": "#0"},
				"east": {"uv": [8.5, 14.5, 9, 14.75], "texture": "#0"},
				"south": {"uv": [8, 14.25, 16, 14.5], "texture": "#0"},
				"west": {"uv": [8.5, 14.5, 9, 14.75], "texture": "#0"},
				"up": {"uv": [16, 14.5, 8, 15], "texture": "#0"}
			}
		},
		{
			"from": [0, 11, 1],
			"to": [1, 11.5, 15],
			"faces": {
				"east": {"uv": [8.375, 14.5, 15.375, 14.75], "texture": "#0"},
				"south": {"uv": [8.875, 14.5, 9.375, 14.75], "texture": "#0"},
				"west": {"uv": [8.625, 14.5, 15.625, 14.75], "texture": "#0"},
				"up": {"uv": [15.5, 15, 8.5, 14.5], "rotation": 90, "texture": "#0"}
			}
		},
		{
			"from": [15, 11, 1],
			"to": [16, 11.5, 15],
			"faces": {
				"east": {"uv": [8.5, 14.5, 15.5, 14.75], "texture": "#0"},
				"west": {"uv": [8.5, 14.5, 15.5, 14.75], "texture": "#0"},
				"up": {"uv": [15.5, 15, 8.5, 14.5], "rotation": 90, "texture": "#0"}
			}
		},
		{
			"from": [1.5, 11, 3],
			"to": [2.5, 11.5, 4],
			"faces": {
				"north": {"uv": [12, 13, 12.5, 12.875], "texture": "#0"},
				"east": {"uv": [12, 12.5, 12.5, 12.625], "texture": "#0"},
				"south": {"uv": [12, 12.5, 12.5, 12.625], "texture": "#0"},
				"west": {"uv": [12.5, 13, 12, 12.875], "texture": "#0"},
				"up": {"uv": [12.5, 13, 12, 12.5], "texture": "#0"},
				"down": {"uv": [12.5, 12.5, 12, 13], "texture": "#0"}
			}
		},
		{
			"from": [1.4, 11.5, 3],
			"to": [2.4, 12, 4],
			"faces": {
				"north": {"uv": [12.5, 12.875, 12, 13], "texture": "#0"},
				"east": {"uv": [12, 12.875, 12.5, 13], "texture": "#0"},
				"south": {"uv": [12, 12.5, 12.5, 12.625], "texture": "#0"},
				"west": {"uv": [12, 12.5, 12.5, 12.625], "texture": "#0"},
				"up": {"uv": [12, 13, 12.5, 12.5], "texture": "#0"},
				"down": {"uv": [12.5, 12.5, 12, 13], "texture": "#0"}
			}
		},
		{
			"from": [1.4, 12, 3.2],
			"to": [2.4, 12.5, 4.2],
			"faces": {
				"north": {"uv": [12, 12.875, 12.5, 13], "texture": "#0"},
				"east": {"uv": [12, 12.5, 12.5, 12.625], "texture": "#0"},
				"south": {"uv": [12, 12.5, 12.5, 12.625], "texture": "#0"},
				"west": {"uv": [12.5, 12.875, 12, 13], "texture": "#0"},
				"up": {"uv": [12.5, 13, 12, 12.5], "texture": "#0"},
				"down": {"uv": [12.5, 12.5, 12, 13], "texture": "#0"}
			}
		},
		{
			"from": [4.5, 12, -1.3],
			"to": [5.5, 12.5, -0.3],
			"rotation": {"angle": -45, "axis": "y", "origin": [0, 0, 0]},
			"faces": {
				"north": {"uv": [12, 12.5, 12.5, 12.625], "texture": "#0"},
				"east": {"uv": [12, 12.5, 12.5, 12.625], "texture": "#0"},
				"south": {"uv": [12.5, 12.875, 12, 13], "texture": "#0"},
				"west": {"uv": [12, 12.875, 12.5, 13], "texture": "#0"},
				"up": {"uv": [12.5, 13, 12, 12.5], "rotation": 270, "texture": "#0"},
				"down": {"uv": [12.5, 12.5, 12, 13], "rotation": 90, "texture": "#0"}
			}
		},
		{
			"from": [4.5, 11.5, -1.1],
			"to": [5.5, 12, -0.1],
			"rotation": {"angle": -45, "axis": "y", "origin": [0, 0, 0]},
			"faces": {
				"north": {"uv": [12, 12.5, 12.5, 12.625], "texture": "#0"},
				"east": {"uv": [12, 12.5, 12.5, 12.625], "texture": "#0"},
				"south": {"uv": [12.5, 12.875, 12, 13], "texture": "#0"},
				"west": {"uv": [12, 12.875, 12.5, 13], "texture": "#0"},
				"up": {"uv": [12.5, 13, 12, 12.5], "rotation": 270, "texture": "#0"},
				"down": {"uv": [12.5, 12.5, 12, 13], "rotation": 90, "texture": "#0"}
			}
		},
		{
			"from": [4.3, 11, -1.2],
			"to": [5.3, 11.5, -0.2],
			"rotation": {"angle": -45, "axis": "y", "origin": [0, 0, 0]},
			"faces": {
				"north": {"uv": [12, 12.5, 12.5, 12.625], "texture": "#0"},
				"east": {"uv": [12, 12.5, 12.5, 12.625], "texture": "#0"},
				"south": {"uv": [12.5, 12.875, 12, 13], "texture": "#0"},
				"west": {"uv": [12, 12.875, 12.5, 13], "texture": "#0"},
				"up": {"uv": [12.5, 13, 12, 12.5], "rotation": 270, "texture": "#0"},
				"down": {"uv": [12.5, 12.5, 12, 13], "rotation": 90, "texture": "#0"}
			}
		},
		{
			"from": [3, 11, -0.7],
			"to": [4, 11.5, 0.3],
			"rotation": {"angle": -45, "axis": "y", "origin": [0, 0, 0]},
			"faces": {
				"north": {"uv": [12, 12.5, 12.5, 12.625], "texture": "#0"},
				"east": {"uv": [12, 12.5, 12.5, 12.625], "texture": "#0"},
				"south": {"uv": [12.5, 12.875, 12, 13], "texture": "#0"},
				"west": {"uv": [12, 12.875, 12.5, 13], "texture": "#0"},
				"up": {"uv": [12.5, 13, 12, 12.5], "rotation": 270, "texture": "#0"},
				"down": {"uv": [12.5, 12.5, 12, 13], "rotation": 90, "texture": "#0"}
			}
		},
		{
			"from": [3, 11.5, -0.6],
			"to": [4, 12, 0.4],
			"rotation": {"angle": -45, "axis": "y", "origin": [0, 0, 0]},
			"faces": {
				"north": {"uv": [12, 12.5, 12.5, 12.625], "texture": "#0"},
				"east": {"uv": [12, 12.5, 12.5, 12.625], "texture": "#0"},
				"south": {"uv": [12.5, 12.875, 12, 13], "texture": "#0"},
				"west": {"uv": [12, 12.875, 12.5, 13], "texture": "#0"},
				"up": {"uv": [12.5, 13, 12, 12.5], "rotation": 270, "texture": "#0"},
				"down": {"uv": [12.5, 12.5, 12, 13], "rotation": 90, "texture": "#0"}
			}
		},
		{
			"from": [3.2, 12, -0.6],
			"to": [4.2, 12.5, 0.4],
			"rotation": {"angle": -45, "axis": "y", "origin": [0, 0, 0]},
			"faces": {
				"north": {"uv": [12, 12.5, 12.5, 12.625], "texture": "#0"},
				"east": {"uv": [12, 12.5, 12.5, 12.625], "texture": "#0"},
				"south": {"uv": [12.5, 12.875, 12, 13], "texture": "#0"},
				"west": {"uv": [12, 12.875, 12.5, 13], "texture": "#0"},
				"up": {"uv": [12.5, 13, 12, 12.5], "rotation": 270, "texture": "#0"},
				"down": {"uv": [15.5, 21.5, 15, 22], "rotation": 90, "texture": "#0"}
			}
		},
		{
			"from": [2.6, 12, 5],
			"to": [3.6, 12.5, 6],
			"rotation": {"angle": 22.5, "axis": "y", "origin": [0, 0, 0]},
			"faces": {
				"north": {"uv": [12, 12.5, 12.5, 12.625], "texture": "#0"},
				"east": {"uv": [12, 12.5, 12.5, 12.625], "texture": "#0"},
				"south": {"uv": [12.5, 12.875, 12, 13], "texture": "#0"},
				"west": {"uv": [12, 12.875, 12.5, 13], "texture": "#0"},
				"up": {"uv": [12.5, 13, 12, 12.5], "rotation": 270, "texture": "#0"},
				"down": {"uv": [12.5, 12.5, 12, 13], "rotation": 90, "texture": "#0"}
			}
		},
		{
			"from": [2.6, 11.5, 5.2],
			"to": [3.6, 12, 6.2],
			"rotation": {"angle": 22.5, "axis": "y", "origin": [0, 0, 0]},
			"faces": {
				"north": {"uv": [12, 12.5, 12.5, 12.625], "texture": "#0"},
				"east": {"uv": [12, 12.5, 12.5, 12.625], "texture": "#0"},
				"south": {"uv": [12.5, 12.875, 12, 13], "texture": "#0"},
				"west": {"uv": [12, 12.875, 12.5, 13], "texture": "#0"},
				"up": {"uv": [12.5, 13, 12, 12.5], "rotation": 270, "texture": "#0"},
				"down": {"uv": [12.5, 12.5, 12, 13], "rotation": 90, "texture": "#0"}
			}
		},
		{
			"from": [2.4, 11, 5.1],
			"to": [3.4, 11.5, 6.1],
			"rotation": {"angle": 22.5, "axis": "y", "origin": [0, 0, 0]},
			"faces": {
				"north": {"uv": [12, 12.5, 12.5, 12.625], "texture": "#0"},
				"east": {"uv": [12, 12.5, 12.5, 12.625], "texture": "#0"},
				"south": {"uv": [12.5, 12.875, 12, 13], "texture": "#0"},
				"west": {"uv": [12, 12.875, 12.5, 13], "texture": "#0"},
				"up": {"uv": [12.5, 13, 12, 12.5], "rotation": 270, "texture": "#0"},
				"down": {"uv": [12.5, 12.5, 12, 13], "rotation": 90, "texture": "#0"}
			}
		},
		{
			"from": [1.1, 11, 5.6],
			"to": [2.1, 11.5, 6.6],
			"rotation": {"angle": 22.5, "axis": "y", "origin": [0, 0, 0]},
			"faces": {
				"north": {"uv": [12, 12.5, 12.5, 12.625], "texture": "#0"},
				"east": {"uv": [12, 12.5, 12.5, 12.625], "texture": "#0"},
				"south": {"uv": [12.5, 12.875, 12, 13], "texture": "#0"},
				"west": {"uv": [12, 12.875, 12.5, 13], "texture": "#0"},
				"up": {"uv": [12.5, 13, 12, 12.5], "rotation": 270, "texture": "#0"},
				"down": {"uv": [12.5, 12.5, 12, 13], "rotation": 90, "texture": "#0"}
			}
		},
		{
			"from": [1.1, 11.5, 5.7],
			"to": [2.1, 12, 6.7],
			"rotation": {"angle": 22.5, "axis": "y", "origin": [0, 0, 0]},
			"faces": {
				"north": {"uv": [12, 12.5, 12.5, 12.625], "texture": "#0"},
				"east": {"uv": [12, 12.5, 12.5, 12.625], "texture": "#0"},
				"south": {"uv": [12.5, 12.875, 12, 13], "texture": "#0"},
				"west": {"uv": [12, 12.875, 12.5, 13], "texture": "#0"},
				"up": {"uv": [12.5, 13, 12, 12.5], "rotation": 270, "texture": "#0"},
				"down": {"uv": [12.5, 12.5, 12, 13], "rotation": 90, "texture": "#0"}
			}
		},
		{
			"from": [1.3, 12, 5.7],
			"to": [2.3, 12.5, 6.7],
			"rotation": {"angle": 22.5, "axis": "y", "origin": [0, 0, 0]},
			"faces": {
				"north": {"uv": [12, 12.5, 12.5, 12.625], "texture": "#0"},
				"east": {"uv": [12, 12.5, 12.5, 12.625], "texture": "#0"},
				"south": {"uv": [12.5, 12.875, 12, 13], "texture": "#0"},
				"west": {"uv": [12, 12.875, 12.5, 13], "texture": "#0"},
				"up": {"uv": [12.5, 13, 12, 12.5], "rotation": 270, "texture": "#0"},
				"down": {"uv": [12.5, 12.5, 12, 13], "rotation": 90, "texture": "#0"}
			}
		},
		{
			"from": [2, 11, 4.3],
			"to": [3, 11.5, 5.3],
			"faces": {
				"north": {"uv": [12, 12.875, 12.5, 13], "texture": "#0"},
				"east": {"uv": [12, 12.5, 12.5, 12.625], "texture": "#0"},
				"south": {"uv": [12, 12.5, 12.5, 12.625], "texture": "#0"},
				"west": {"uv": [12.5, 12.875, 12, 13], "texture": "#0"},
				"up": {"uv": [12.5, 13, 12, 12.5], "texture": "#0"},
				"down": {"uv": [12.5, 12.5, 12, 13], "texture": "#0"}
			}
		},
		{
			"from": [1.9, 11.5, 4.5],
			"to": [2.9, 12, 5.5],
			"faces": {
				"north": {"uv": [12, 12.875, 12.5, 13], "texture": "#0"},
				"east": {"uv": [12, 12.5, 12.5, 12.625], "texture": "#0"},
				"south": {"uv": [12, 12.5, 12.5, 12.625], "texture": "#0"},
				"west": {"uv": [12.5, 12.875, 12, 13], "texture": "#0"},
				"up": {"uv": [12.5, 13, 12, 12.5], "texture": "#0"},
				"down": {"uv": [12.5, 12.5, 12, 13], "texture": "#0"}
			}
		},
		{
			"from": [2.1, 12, 4.5],
			"to": [3.1, 12.5, 5.5],
			"faces": {
				"north": {"uv": [12, 12.875, 12.5, 13], "texture": "#0"},
				"east": {"uv": [12, 12.5, 12.5, 12.625], "texture": "#0"},
				"south": {"uv": [12, 12.5, 12.5, 12.625], "texture": "#0"},
				"west": {"uv": [12.5, 12.875, 12, 13], "texture": "#0"},
				"up": {"uv": [12.5, 13, 12, 12.5], "texture": "#0"},
				"down": {"uv": [12.5, 12.5, 12, 13], "texture": "#0"}
			}
		},
		{
			"from": [1, 9, 1],
			"to": [15, 10, 15],
			"faces": {
				"north": {"uv": [8, 13.75, 15, 14.25], "texture": "#0"},
				"east": {"uv": [8, 13.75, 15, 14.25], "texture": "#0"},
				"south": {"uv": [8, 13.75, 15, 14.25], "texture": "#0"},
				"west": {"uv": [8, 13.75, 15, 14.25], "texture": "#0"},
				"up": {"uv": [15, 7, 8, 0], "texture": "#0"},
				"down": {"uv": [15, 0, 8, 7], "texture": "#0"}
			}
		},
		{
			"from": [11.5, 0, 11.5],
			"to": [14.5, 1, 14.5],
			"faces": {
				"north": {"uv": [12, 12, 13.5, 12.5], "texture": "#0"},
				"east": {"uv": [12, 12, 13.5, 12.5], "texture": "#0"},
				"south": {"uv": [12, 12, 13.5, 12.5], "texture": "#0"},
				"west": {"uv": [12, 12, 13.5, 12.5], "texture": "#0"},
				"up": {"uv": [15, 8.5, 13.5, 7], "texture": "#0"},
				"down": {"uv": [15, 7, 13.5, 8.5], "texture": "#0"}
			}
		},
		{
			"from": [12, 0, 2],
			"to": [14, 10, 4],
			"faces": {
				"north": {"uv": [12.5, 7, 13.5, 12], "texture": "#0"},
				"east": {"uv": [12.5, 7, 13.5, 12], "texture": "#0"},
				"south": {"uv": [12.5, 7, 13.5, 12], "texture": "#0"},
				"west": {"uv": [12.5, 7, 13.5, 12], "texture": "#0"}
			}
		},
		{
			"from": [1.5, 0, 1.5],
			"to": [4.5, 1, 4.5],
			"faces": {
				"north": {"uv": [12, 12, 13.5, 12.5], "texture": "#0"},
				"east": {"uv": [12, 12, 13.5, 12.5], "texture": "#0"},
				"south": {"uv": [12, 12, 13.5, 12.5], "texture": "#0"},
				"west": {"uv": [12, 12, 13.5, 12.5], "texture": "#0"},
				"up": {"uv": [15, 8.5, 13.5, 7], "texture": "#0"},
				"down": {"uv": [15, 7, 13.5, 8.5], "texture": "#0"}
			}
		},
		{
			"from": [11.2, 11, 2.4],
			"to": [12.6, 12.4, 3.8],
			"rotation": {"angle": -45, "axis": "y", "origin": [0, 0, 0]},
			"faces": {
				"north": {"uv": [8, 7, 9.125, 8.125], "texture": "#0"},
				"east": {"uv": [8, 8.125, 9.125, 9.25], "texture": "#0"},
				"south": {"uv": [8, 9.25, 9.125, 10.375], "texture": "#0"},
				"west": {"uv": [8, 10.375, 9.125, 11.5], "texture": "#0"},
				"up": {"uv": [10.25, 11.5, 9.125, 10.375], "texture": "#0"},
				"down": {"uv": [10.25, 9.25, 9.125, 10.375], "texture": "#0"}
			}
		},
		{
			"from": [8.2, 11, 6.4],
			"to": [9.6, 12.4, 7.8],
			"faces": {
				"north": {"uv": [9.125, 9.25, 10.25, 10.375], "texture": "#0"},
				"east": {"uv": [9.125, 10.375, 10.25, 11.5], "texture": "#0"},
				"south": {"uv": [8, 10.375, 9.125, 11.5], "texture": "#0"},
				"west": {"uv": [8, 9.25, 9.125, 10.375], "texture": "#0"},
				"up": {"uv": [9.125, 9.25, 8, 8.125], "texture": "#0"},
				"down": {"uv": [9.125, 7, 8, 8.125], "texture": "#0"}
			}
		},
		{
			"from": [10.6, 11, 10.8],
			"to": [12.6, 11.3, 12.8],
			"faces": {
				"north": {"uv": [10.5, 8.125, 11.5, 8.25], "texture": "#0"},
				"east": {"uv": [10.5, 8.125, 11.5, 8.25], "texture": "#0"},
				"south": {"uv": [10.5, 8.125, 11.5, 8.25], "texture": "#0"},
				"west": {"uv": [10.5, 8.125, 11.5, 8.25], "texture": "#0"},
				"up": {"uv": [11.5, 8.25, 10.5, 8.125], "texture": "#0"},
				"down": {"uv": [11.5, 8.125, 10.5, 8.25], "texture": "#0"}
			}
		},
		{
			"from": [12.6, 11.3, 10.8],
			"to": [12.9, 13.9, 12.8],
			"faces": {
				"north": {"uv": [11.375, 7, 11.5, 8.25], "texture": "#0"},
				"east": {"uv": [10.5, 7, 11.5, 8.25], "texture": "#0"},
				"south": {"uv": [10.5, 7, 10.625, 8.25], "texture": "#0"},
				"west": {"uv": [10.5, 7, 11.5, 8.25], "texture": "#0"},
				"up": {"uv": [11.5, 7.125, 10.5, 7], "rotation": 90, "texture": "#0"},
				"down": {"uv": [10.5, 8.25, 11.5, 8.125], "rotation": 90, "texture": "#0"}
			}
		},
		{
			"from": [10.3, 11.3, 10.8],
			"to": [10.6, 13.9, 12.8],
			"faces": {
				"north": {"uv": [10.5, 7, 10.625, 8.25], "texture": "#0"},
				"east": {"uv": [10.5, 7, 11.5, 8.25], "texture": "#0"},
				"south": {"uv": [11.375, 7, 11.5, 8.25], "texture": "#0"},
				"west": {"uv": [10.5, 7, 11.5, 8.25], "texture": "#0"},
				"up": {"uv": [11.5, 7.125, 10.5, 7], "rotation": 90, "texture": "#0"},
				"down": {"uv": [10.5, 8.25, 11.5, 8.125], "rotation": 90, "texture": "#0"}
			}
		},
		{
			"from": [10.6, 11.3, 10.5],
			"to": [12.6, 13.9, 10.8],
			"faces": {
				"north": {"uv": [10.5, 7, 11.5, 8.25], "texture": "#0"},
				"east": {"uv": [10.5, 7, 10.625, 8.25], "texture": "#0"},
				"south": {"uv": [10.5, 7, 11.5, 8.25], "texture": "#0"},
				"west": {"uv": [11.375, 7, 11.5, 8.25], "texture": "#0"},
				"up": {"uv": [11.5, 7.125, 10.5, 7], "texture": "#0"},
				"down": {"uv": [7, 13.125, 6, 13.25], "texture": "#0"}
			}
		},
		{
			"from": [10.6, 11.3, 12.8],
			"to": [12.6, 13.9, 13.1],
			"faces": {
				"north": {"uv": [10.5, 7, 11.5, 8.25], "texture": "#0"},
				"east": {"uv": [11.375, 7, 11.5, 8.25], "texture": "#0"},
				"south": {"uv": [10.5, 7, 11.5, 8.25], "texture": "#0"},
				"west": {"uv": [10.5, 7, 10.625, 8.25], "texture": "#0"},
				"up": {"uv": [11.5, 7.125, 10.5, 7], "texture": "#0"},
				"down": {"uv": [11.5, 8.125, 10.5, 8.25], "texture": "#0"}
			}
		}
	],
	"display": {
		"thirdperson_righthand": {
			"scale": [0.5, 0.5, 0.5]
		},
		"thirdperson_lefthand": {
			"scale": [0.5, 0.5, 0.5]
		},
		"firstperson_righthand": {
			"scale": [0.5, 0.5, 0.5]
		},
		"firstperson_lefthand": {
			"scale": [0.5, 0.5, 0.5]
		},
		"ground": {
			"translation": [0, 4.5, 0]
		},
		"gui": {
			"rotation": [90, 0, 0]
		},
		"head": {
			"translation": [0, -31, 0],
			"scale": [1.51, 1.51, 1.51]
		},
		"fixed": {
			"rotation": [-90, 0, 0]
		}
	},
	"groups": [
		{
			"name": "group",
			"origin": [0, 0, 0],
			"color": 0,
			"children": [0, 1, 2, 3, 4, 5, 6, 7, 8, 9, 10, 11, 12, 13, 14, 15, 16, 17, 18, 19, 20, 21, 22, 23, 24, 25, 26, 27, 28, 29, 30, 31, 32, 33, 34, 35, 36, 37, 38, 39, 40, 41, 42]
		}
	]
}