{
	"credit": "Made with Blockbench",
	"textures": {
		"0": "block/food_truck",
		"1": "block/taco/taco_topper",
		"2": "block/taco/salsas",
		"particle": "block/taco/salsas"
	},
	"elements": [
		{
			"from": [2, 1, 2],
			"to": [14, 11.5, 18],
			"rotation": {"angle": 0, "axis": "y", "origin": [6, 0, 2]},
			"faces": {
				"north": {"uv": [3, 3.25, 0, 6], "texture": "#0", "tintindex": 0},
				"east": {"uv": [4, 0.25, 0, 3], "texture": "#0", "tintindex": 0},
				"south": {"uv": [6, 3.25, 3, 6], "texture": "#0", "tintindex": 0},
				"west": {"uv": [15.75, 4, 13, 0], "rotation": 90, "texture": "#0", "tintindex": 0},
				"down": {"uv": [2.5, 6.25, 2.5625, 6.3125], "rotation": 90, "texture": "#0"}
			}
		},
		{
			"from": [2, 2.25, 2],
			"to": [14, 2.25, 18],
			"rotation": {"angle": 0, "axis": "y", "origin": [6, 0, 2]},
			"faces": {
				"north": {"uv": [3, 3, 0, 6], "texture": "#0"},
				"east": {"uv": [4, 0, 0, 3], "texture": "#0"},
				"south": {"uv": [6, 3, 3, 6], "texture": "#0"},
				"west": {"uv": [16, 4, 13, 0], "rotation": 90, "texture": "#0"},
				"up": {"uv": [12.4375, 2, 12.5, 2.0625], "texture": "#0"},
				"down": {"uv": [12.4375, 2, 12.5, 2.0625], "texture": "#0"}
			}
		},
		{
			"from": [2, 2.25, 5.5],
			"to": [5, 5.25, 18],
			"rotation": {"angle": 0, "axis": "y", "origin": [6, 0, 2]},
			"faces": {
				"east": {"uv": [15.125, 4.0625, 12, 4.8125], "texture": "#0"},
				"up": {"uv": [12, 5.5625, 15.125, 4.8125], "rotation": 90, "texture": "#0"}
			}
		},
		{
			"from": [2, 8.5, 5.5],
			"to": [5, 11.5, 18],
			"rotation": {"angle": 0, "axis": "y", "origin": [3.5, 9.75, 10]},
			"faces": {
				"east": {"uv": [15.125, 4.0625, 12, 4.8125], "rotation": 180, "texture": "#0"},
				"down": {"uv": [12, 5.5, 15.125, 5.5625], "rotation": 90, "texture": "#0"}
			}
		},
		{
			"from": [2, 1.25, 5.5],
			"to": [14, 11.25, 5.5],
			"rotation": {"angle": 0, "axis": "y", "origin": [2.125, 7, 10]},
			"faces": {
				"north": {"uv": [15, 5.5625, 12, 8.4375], "texture": "#0"},
				"south": {"uv": [15, 5.5625, 12, 8.4375], "texture": "#0"},
				"up": {"uv": [12, 5.5625, 16, 4.8125], "rotation": 180, "texture": "#0"}
			}
		},
		{
			"from": [2.125, 1.25, 2],
			"to": [2.125, 11.25, 18],
			"rotation": {"angle": 0, "axis": "y", "origin": [2.125, 7, 10]},
			"faces": {
				"east": {"uv": [12, 4.625, 8, 7.5], "texture": "#0"},
				"west": {"uv": [12, 4.625, 8, 7.5], "texture": "#0"},
				"up": {"uv": [12, 5.5625, 16, 4.8125], "rotation": 90, "texture": "#0"}
			}
		},
		{
			"from": [12.5, 5, 7.25],
			"to": [15.5, 5.5, 15.5],
			"rotation": {"angle": 0, "axis": "y", "origin": [6, 0, 2]},
			"faces": {
				"north": {"uv": [12.25, 1.25, 12.375, 2], "rotation": 90, "texture": "#0"},
				"east": {"uv": [12.125, 3.3125, 12.25, 1.25], "rotation": 90, "texture": "#0"},
				"south": {"uv": [12.25, 2, 12.375, 1.25], "rotation": 90, "texture": "#0"},
				"west": {"uv": [12.375, 3.3125, 12.5, 1.25], "rotation": 90, "texture": "#0"},
				"up": {"uv": [12.125, 1.25, 11.375, 3.3125], "texture": "#0"},
				"down": {"uv": [12.125, 1.25, 11.375, 3.3125], "texture": "#0"}
			}
		},
		{
			"from": [0.27176, 5.625, 2.47272],
			"to": [1.77176, 8.125, 2.97272],
			"rotation": {"angle": 22.5, "axis": "y", "origin": [1.45926, 6, 2.47272]},
			"faces": {
				"north": {"uv": [11.75, 0, 12.125, 0.625], "texture": "#0"},
				"east": {"uv": [12.25, 0, 12.125, 0.625], "texture": "#0"},
				"south": {"uv": [12.25, 0.25, 12.625, 0.875], "texture": "#0"},
				"west": {"uv": [12.125, 0, 12.25, 0.625], "texture": "#0"},
				"up": {"uv": [12.25, 0, 12.625, 0.125], "texture": "#0"},
				"down": {"uv": [12.25, 0.125, 12.625, 0.25], "texture": "#0"}
			}
		},
		{
			"from": [0.77176, 4.375, 2.59772],
			"to": [2.02176, 9.125, 2.59772],
			"rotation": {"angle": 22.5, "axis": "y", "origin": [1.45926, 6, 2.47272]},
			"faces": {
				"north": {"uv": [11.375, 0, 11.6875, 1.1875], "texture": "#0"},
				"south": {"uv": [11.6875, 0, 11.375, 1.1875], "texture": "#0"}
			}
		},
		{
			"from": [14.22824, 5.625, 2.47272],
			"to": [15.72824, 8.125, 2.97272],
			"rotation": {"angle": -22.5, "axis": "y", "origin": [14.54074, 6, 2.47272]},
			"faces": {
				"north": {"uv": [12.125, 0, 11.75, 0.625], "texture": "#0"},
				"east": {"uv": [12.25, 0, 12.125, 0.625], "texture": "#0"},
				"south": {"uv": [12.625, 0.25, 12.25, 0.875], "texture": "#0"},
				"west": {"uv": [12.125, 0, 12.25, 0.625], "texture": "#0"},
				"up": {"uv": [12.625, 0, 12.25, 0.125], "texture": "#0"},
				"down": {"uv": [12.625, 0.125, 12.25, 0.25], "texture": "#0"}
			}
		},
		{
			"from": [13.97824, 4.375, 2.59772],
			"to": [15.22824, 9.125, 2.59772],
			"rotation": {"angle": -22.5, "axis": "y", "origin": [14.54074, 6, 2.47272]},
			"faces": {
				"north": {"uv": [11.6875, 0, 11.375, 1.1875], "texture": "#0"},
				"south": {"uv": [11.375, 0, 11.6875, 1.1875], "texture": "#0"}
			}
		},
		{
			"from": [0.98959, 10.75, 0.44239],
			"to": [2.98959, 12.75, 1.44239],
			"rotation": {"angle": 45, "axis": "y", "origin": [1.98959, 11.75, 1.94239]},
			"faces": {
				"north": {"uv": [6.5, 2.75, 6, 3.25], "texture": "#0"},
				"east": {"uv": [6.75, 2.75, 6.5, 3.25], "texture": "#0"},
				"south": {"uv": [7.25, 2.75, 6.75, 3.25], "texture": "#0"},
				"west": {"uv": [6.5, 2.75, 6.75, 3.25], "texture": "#0"},
				"up": {"uv": [6.5, 3.25, 6.75, 2.75], "rotation": 90, "texture": "#0"},
				"down": {"uv": [6.75, 2.75, 6.5, 3.25], "rotation": 90, "texture": "#0"}
			}
		},
		{
			"from": [1.48959, 11.25, 1.44239],
			"to": [2.48959, 12.25, 2.44239],
			"rotation": {"angle": 45, "axis": "y", "origin": [1.98959, 11.75, 1.94239]},
			"faces": {
				"east": {"uv": [6.25, 3.25, 6, 3.5], "texture": "#0"},
				"south": {"uv": [6.5, 3.25, 6.75, 3.5], "texture": "#0"},
				"west": {"uv": [6, 3.25, 6.25, 3.5], "texture": "#0"},
				"up": {"uv": [6.25, 3.25, 6.5, 3.5], "rotation": 90, "texture": "#0"},
				"down": {"uv": [6.75, 3.25, 7, 3.5], "rotation": 90, "texture": "#0"}
			}
		},
		{
			"from": [13.51041, 11.25, 1.44239],
			"to": [14.51041, 12.25, 2.44239],
			"rotation": {"angle": -45, "axis": "y", "origin": [14.01041, 11.75, 1.94239]},
			"faces": {
				"east": {"uv": [6.25, 3.25, 6, 3.5], "texture": "#0"},
				"south": {"uv": [6.75, 3.25, 6.5, 3.5], "texture": "#0"},
				"west": {"uv": [6, 3.25, 6.25, 3.5], "texture": "#0"},
				"up": {"uv": [6.25, 3.5, 6.5, 3.25], "rotation": 90, "texture": "#0"},
				"down": {"uv": [6.75, 3.5, 7, 3.25], "rotation": 90, "texture": "#0"}
			}
		},
		{
			"from": [13.01041, 10.75, 0.44239],
			"to": [15.01041, 12.75, 1.44239],
			"rotation": {"angle": -45, "axis": "y", "origin": [14.01041, 11.75, 1.94239]},
			"faces": {
				"north": {"uv": [6, 2.75, 6.5, 3.25], "texture": "#0"},
				"east": {"uv": [6.75, 2.75, 6.5, 3.25], "texture": "#0"},
				"south": {"uv": [6.75, 2.75, 7.25, 3.25], "texture": "#0"},
				"west": {"uv": [6.5, 2.75, 6.75, 3.25], "texture": "#0"},
				"up": {"uv": [6.5, 2.75, 6.75, 3.25], "rotation": 90, "texture": "#0"},
				"down": {"uv": [6.75, 3.25, 6.5, 2.75], "rotation": 90, "texture": "#0"}
			}
		},
		{
			"from": [12.5, 0, 1.25],
			"to": [14.5, 3, 4.25],
			"rotation": {"angle": 0, "axis": "y", "origin": [10, 0, 2]},
			"faces": {
				"north": {"uv": [6.25, 0, 5.75, 0.75], "texture": "#0"},
				"east": {"uv": [5.75, 0, 5, 0.75], "texture": "#0"},
				"south": {"uv": [6.25, 0, 5.75, 0.75], "texture": "#0"},
				"west": {"uv": [5.75, 0, 5, 0.75], "texture": "#0"},
				"up": {"uv": [6.75, 0, 6.25, 0.75], "texture": "#0"},
				"down": {"uv": [7.25, 0, 6.75, 0.75], "texture": "#0"}
			}
		},
		{
			"from": [14, 1, 0.75],
			"to": [14.75, 3.5, 4.75],
			"rotation": {"angle": 0, "axis": "y", "origin": [10, 0, 2]},
			"faces": {
				"north": {"uv": [5.1875, 2.375, 5, 3], "texture": "#0", "tintindex": 0},
				"east": {"uv": [5, 2.375, 4, 3], "texture": "#0", "tintindex": 0},
				"south": {"uv": [5, 2.375, 5.1875, 3], "texture": "#0", "tintindex": 0},
				"up": {"uv": [4.1875, 1.375, 4, 2.375], "texture": "#0", "tintindex": 0},
				"down": {"uv": [4.375, 1.375, 4.1875, 2.375], "texture": "#0", "tintindex": 0}
			}
		},
		{
			"from": [2, 1, -0.5],
			"to": [14, 5, 2],
			"rotation": {"angle": 0, "axis": "y", "origin": [6, 0, 2]},
			"faces": {
				"north": {"uv": [7.375, 1.125, 4.375, 2.125], "texture": "#0", "tintindex": 0},
				"east": {"uv": [4.625, 0, 4, 1], "texture": "#0", "tintindex": 0},
				"west": {"uv": [4, 0, 4.625, 1], "texture": "#0", "tintindex": 0},
				"up": {"uv": [8.1875, 2.125, 5.1875, 2.75], "texture": "#0", "tintindex": 0},
				"down": {"uv": [2.5, 6.25, 2.5625, 6.3125], "rotation": 90, "texture": "#0"}
			}
		},
		{
			"from": [2, 1, -0.5],
			"to": [14, 5, 2],
			"rotation": {"angle": 0, "axis": "y", "origin": [6, 0, 2]},
			"faces": {
				"north": {"uv": [7.375, 10.3125, 4.375, 11.3125], "texture": "#0"},
				"east": {"uv": [4.625, 9.1875, 4, 10.1875], "texture": "#0"},
				"west": {"uv": [4, 9.1875, 4.625, 10.1875], "texture": "#0"},
				"up": {"uv": [8.1875, 11.3125, 5.1875, 11.9375], "texture": "#0"},
				"down": {"uv": [2.5, 15.4375, 2.5625, 15.5], "rotation": 90, "texture": "#0"}
			}
		},
		{
			"from": [2, 1, 2],
			"to": [14, 12.5, 18],
			"rotation": {"angle": 0, "axis": "y", "origin": [6, 0, 2]},
			"faces": {
				"north": {"uv": [3, 12.1875, 0, 15.1875], "texture": "#0"},
				"east": {"uv": [4, 9.1875, 0, 12.1875], "texture": "#0"},
				"south": {"uv": [6, 12.1875, 3, 15.1875], "texture": "#0"},
				"west": {"uv": [12.9375, 12.5625, 9.9375, 8.5625], "rotation": 90, "texture": "#0"},
				"down": {"uv": [2.5, 15.4375, 2.5625, 15.5], "rotation": 90, "texture": "#0"}
			}
		},
		{
			"from": [1.75, 0.75, -0.75],
			"to": [14.25, 2, 0.75],
			"rotation": {"angle": 0, "axis": "y", "origin": [6, 0, 2]},
			"faces": {
				"north": {"uv": [6.375, 6, 3.25, 6.3125], "texture": "#0"},
				"east": {"uv": [2.625, 6, 2.25, 6.3125], "texture": "#0"},
				"south": {"uv": [2.5, 6.25, 2.5625, 6.3125], "rotation": 90, "texture": "#0"},
				"west": {"uv": [2.25, 6, 2.625, 6.3125], "texture": "#0"},
				"up": {"uv": [2.25, 6.0625, 2.625, 6], "rotation": 90, "texture": "#0"},
				"down": {"uv": [0.375, 6.25, 0.4375, 6.3125], "rotation": 90, "texture": "#0"}
			}
		},
		{
			"from": [1.75, 0.75, 3.75],
			"to": [14.25, 2, 12.75],
			"rotation": {"angle": 0, "axis": "y", "origin": [6, 0, 2]},
			"faces": {
				"north": {"uv": [2.5, 6.25, 2.5625, 6.3125], "rotation": 90, "texture": "#0"},
				"east": {"uv": [2.25, 6, 0, 6.3125], "texture": "#0"},
				"south": {"uv": [2.5, 6.25, 2.5625, 6.3125], "rotation": 90, "texture": "#0"},
				"west": {"uv": [0, 6, 2.25, 6.3125], "texture": "#0"},
				"up": {"uv": [0, 6, 2.25, 6.0625], "rotation": 90, "texture": "#0"},
				"down": {"uv": [0.375, 6.25, 0.4375, 6.3125], "rotation": 90, "texture": "#0"}
			}
		},
		{
			"from": [1.75, 0.75, 15.75],
			"to": [14.25, 2, 18.25],
			"rotation": {"angle": 0, "axis": "y", "origin": [6, 0, 2]},
			"faces": {
				"north": {"uv": [2.5, 6.25, 2.5625, 6.3125], "rotation": 90, "texture": "#0"},
				"east": {"uv": [3.25, 6, 2.625, 6.3125], "texture": "#0"},
				"south": {"uv": [6.375, 6, 3.25, 6.3125], "texture": "#0"},
				"west": {"uv": [2.625, 6, 3.25, 6.3125], "texture": "#0"},
				"up": {"uv": [2.625, 6.0625, 3.25, 6], "rotation": 90, "texture": "#0"},
				"down": {"uv": [0.375, 6.25, 0.4375, 6.3125], "rotation": 90, "texture": "#0"}
			}
		},
		{
			"from": [14, 1, 12.25],
			"to": [14.75, 3.5, 16.25],
			"rotation": {"angle": 0, "axis": "y", "origin": [10, 0, 2]},
			"faces": {
				"north": {"uv": [5.1875, 2.375, 5, 3], "texture": "#0", "tintindex": 0},
				"east": {"uv": [5, 2.375, 4, 3], "texture": "#0", "tintindex": 0},
				"south": {"uv": [5, 2.375, 5.1875, 3], "texture": "#0", "tintindex": 0},
				"up": {"uv": [4.1875, 1.375, 4, 2.375], "texture": "#0", "tintindex": 0},
				"down": {"uv": [4.375, 1.375, 4.1875, 2.375], "texture": "#0", "tintindex": 0}
			}
		},
		{
			"from": [1.25, 1, 0.75],
			"to": [2, 3.5, 4.75],
			"rotation": {"angle": 0, "axis": "y", "origin": [6, 0, 2]},
			"faces": {
				"north": {"uv": [5, 2.375, 5.1875, 3], "texture": "#0", "tintindex": 0},
				"south": {"uv": [5.1875, 2.375, 5, 3], "texture": "#0", "tintindex": 0},
				"west": {"uv": [4, 2.375, 5, 3], "texture": "#0", "tintindex": 0},
				"up": {"uv": [4, 1.375, 4.1875, 2.375], "texture": "#0", "tintindex": 0},
				"down": {"uv": [4.1875, 1.375, 4.375, 2.375], "texture": "#0", "tintindex": 0}
			}
		},
		{
			"from": [1.25, 1, 12.25],
			"to": [2, 3.5, 16.25],
			"rotation": {"angle": 0, "axis": "y", "origin": [6, 0, 2]},
			"faces": {
				"north": {"uv": [5, 2.375, 5.1875, 3], "texture": "#0", "tintindex": 0},
				"south": {"uv": [5.1875, 2.375, 5, 3], "texture": "#0", "tintindex": 0},
				"west": {"uv": [4, 2.375, 5, 3], "texture": "#0", "tintindex": 0},
				"up": {"uv": [4, 1.375, 4.1875, 2.375], "texture": "#0", "tintindex": 0},
				"down": {"uv": [4.1875, 1.375, 4.375, 2.375], "texture": "#0", "tintindex": 0}
			}
		},
		{
			"from": [12.5, 0, 12.75],
			"to": [14.5, 3, 15.75],
			"rotation": {"angle": 0, "axis": "y", "origin": [10, 0, 2]},
			"faces": {
				"north": {"uv": [6.25, 0, 5.75, 0.75], "texture": "#0"},
				"east": {"uv": [5.75, 0, 5, 0.75], "texture": "#0"},
				"south": {"uv": [6.25, 0, 5.75, 0.75], "texture": "#0"},
				"west": {"uv": [5.75, 0, 5, 0.75], "texture": "#0"},
				"up": {"uv": [6.75, 0, 6.25, 0.75], "texture": "#0"},
				"down": {"uv": [7.25, 0, 6.75, 0.75], "texture": "#0"}
			}
		},
		{
			"from": [1.5, 0, 12.75],
			"to": [3.5, 3, 15.75],
			"rotation": {"angle": 0, "axis": "y", "origin": [6, 0, 2]},
			"faces": {
				"north": {"uv": [5.75, 0, 6.25, 0.75], "texture": "#0"},
				"east": {"uv": [5, 0, 5.75, 0.75], "texture": "#0"},
				"south": {"uv": [5.75, 0, 6.25, 0.75], "texture": "#0"},
				"west": {"uv": [5, 0, 5.75, 0.75], "texture": "#0"},
				"up": {"uv": [6.25, 0, 6.75, 0.75], "texture": "#0"},
				"down": {"uv": [6.75, 0, 7.25, 0.75], "texture": "#0"}
			}
		},
		{
			"from": [1.5, 0, 1.25],
			"to": [3.5, 3, 4.25],
			"rotation": {"angle": 0, "axis": "y", "origin": [6, 0, 2]},
			"faces": {
				"north": {"uv": [5.75, 0, 6.25, 0.75], "texture": "#0"},
				"east": {"uv": [5, 0, 5.75, 0.75], "texture": "#0"},
				"south": {"uv": [5.75, 0, 6.25, 0.75], "texture": "#0"},
				"west": {"uv": [5, 0, 5.75, 0.75], "texture": "#0"},
				"up": {"uv": [6.25, 0, 6.75, 0.75], "texture": "#0"},
				"down": {"uv": [6.75, 0, 7.25, 0.75], "texture": "#0"}
			}
		},
		{
			"from": [14, 11.5, 18],
			"to": [2, 1, 2],
			"rotation": {"angle": 0, "axis": "y", "origin": [6, 0, 2]},
			"faces": {
				"north": {"uv": [16, 11.4375, 13, 8.6875], "texture": "#0"},
				"east": {"uv": [13, 4, 15.75, 0], "rotation": 90, "texture": "#0", "tintindex": 0},
				"west": {"uv": [4, 3, 0, 0.25], "texture": "#0", "tintindex": 0}
			}
		},
		{
			"from": [14, 13, 18],
			"to": [2, 1, 2],
			"rotation": {"angle": 0, "axis": "y", "origin": [6, 0, 2]},
			"faces": {
				"north": {"uv": [6, 15.1875, 3, 12.1875], "texture": "#0"},
				"east": {"uv": [9.9375, 12.5625, 12.9375, 8.5625], "rotation": 90, "texture": "#0"},
				"south": {"uv": [3, 15.1875, 0, 12.1875], "texture": "#0"},
				"west": {"uv": [4, 12.1875, 0, 9.1875], "texture": "#0"},
				"up": {"uv": [2.5, 15.5, 2.5625, 15.4375], "rotation": 90, "texture": "#0"}
			}
		},
		{
			"from": [2, 3.5, 4.75],
			"to": [1.25, 1, 0.75],
			"rotation": {"angle": 0, "axis": "y", "origin": [6, 0, 2]},
			"faces": {
				"north": {"uv": [5.1875, 3, 5, 2.375], "texture": "#0", "tintindex": 0},
				"east": {"uv": [4, 3, 5, 2.375], "texture": "#0", "tintindex": 0},
				"south": {"uv": [5, 3, 5.1875, 2.375], "texture": "#0", "tintindex": 0},
				"up": {"uv": [4.375, 1.375, 4.1875, 2.375], "texture": "#0", "tintindex": 0},
				"down": {"uv": [4.1875, 1.375, 4, 2.375], "texture": "#0", "tintindex": 0}
			}
		},
		{
			"from": [2, 3.5, 16.25],
			"to": [1.25, 1, 12.25],
			"rotation": {"angle": 0, "axis": "y", "origin": [6, 0, 2]},
			"faces": {
				"north": {"uv": [5.1875, 3, 5, 2.375], "texture": "#0", "tintindex": 0},
				"east": {"uv": [4, 3, 5, 2.375], "texture": "#0", "tintindex": 0},
				"south": {"uv": [5, 3, 5.1875, 2.375], "texture": "#0", "tintindex": 0},
				"up": {"uv": [4.375, 1.375, 4.1875, 2.375], "texture": "#0", "tintindex": 0},
				"down": {"uv": [4.1875, 1.375, 4, 2.375], "texture": "#0", "tintindex": 0}
			}
		},
		{
			"from": [14.75, 3.5, 4.75],
			"to": [14, 1, 0.75],
			"rotation": {"angle": 0, "axis": "y", "origin": [10, 0, 2]},
			"faces": {
				"north": {"uv": [5, 3, 5.1875, 2.375], "texture": "#0", "tintindex": 0},
				"south": {"uv": [5.1875, 3, 5, 2.375], "texture": "#0", "tintindex": 0},
				"west": {"uv": [5, 3, 4, 2.375], "texture": "#0", "tintindex": 0},
				"up": {"uv": [4.1875, 1.375, 4.375, 2.375], "texture": "#0", "tintindex": 0},
				"down": {"uv": [4, 1.375, 4.1875, 2.375], "texture": "#0", "tintindex": 0}
			}
		},
		{
			"from": [14.75, 3.5, 16.25],
			"to": [14, 1, 12.25],
			"rotation": {"angle": 0, "axis": "y", "origin": [10, 0, 2]},
			"faces": {
				"north": {"uv": [5, 3, 5.1875, 2.375], "texture": "#0", "tintindex": 0},
				"south": {"uv": [5.1875, 3, 5, 2.375], "texture": "#0", "tintindex": 0},
				"west": {"uv": [5, 3, 4, 2.375], "texture": "#0", "tintindex": 0},
				"up": {"uv": [4.1875, 1.375, 4.375, 2.375], "texture": "#0", "tintindex": 0},
				"down": {"uv": [4, 1.375, 4.1875, 2.375], "texture": "#0", "tintindex": 0}
			}
		},
		{
			"from": [2, 11.5, 2],
			"to": [14, 11.5, 18],
			"rotation": {"angle": 0, "axis": "y", "origin": [6, -0.5, 2]},
			"faces": {
				"north": {"uv": [3, 3, 0, 6], "texture": "#0"},
				"east": {"uv": [4, 0, 0, 3], "texture": "#0"},
				"south": {"uv": [6, 3, 3, 6], "texture": "#0"},
				"west": {"uv": [16, 4, 13, 0], "rotation": 90, "texture": "#0"},
				"up": {"uv": [8.1875, 0, 11.25, 4.125], "texture": "#0"},
				"down": {"uv": [12.4375, 2, 12.5, 2.0625], "texture": "#0"}
			}
		},
		{
			"from": [6.75, 12, 5],
			"to": [9.25, 12.75, 17],
			"rotation": {"angle": 0, "axis": "y", "origin": [8, 11.75, 11]},
			"faces": {
				"north": {"uv": [7.25, 2, 6, 2.375], "texture": "#1"},
				"east": {"uv": [0.125, 9.375, 5.125, 9.75], "texture": "#1"},
				"south": {"uv": [7.25, 2, 6, 2.375], "texture": "#1"},
				"west": {"uv": [0.125, 9.375, 5.125, 9.75], "texture": "#1"},
				"up": {"uv": [6, 2, 7.25, 2.125], "rotation": 180, "texture": "#1"},
				"down": {"uv": [6.375, 2.75, 12.375, 4], "rotation": 270, "texture": "#1"}
			}
		},
		{
			"from": [6.75, 12.5, 5.25],
			"to": [9.25, 17, 16.75],
			"rotation": {"angle": 0, "axis": "y", "origin": [8, 11.75, 11]},
			"faces": {
				"north": {"uv": [6.375, 10.125, 5.125, 12.375], "texture": "#1"},
				"east": {"uv": [12.125, 10.125, 6.375, 12.375], "texture": "#1"},
				"south": {"uv": [5.125, 10.125, 6.375, 12.375], "texture": "#1"},
				"west": {"uv": [12.125, 10.125, 6.375, 12.375], "texture": "#1"},
				"up": {"uv": [6.375, 4, 12.125, 5.25], "rotation": 90, "texture": "#1"},
				"down": {"uv": [0.125, 6.75, 5.125, 8], "rotation": 270, "texture": "#1"}
			}
		},
		{
			"from": [6.41558, 13.11093, 4.5],
			"to": [6.41558, 20.36093, 17.5],
			"rotation": {"angle": 0, "axis": "y", "origin": [8, 11.75, 11]},
			"faces": {
				"north": {"uv": [0.125, 6.75, 0.125, 9.125], "texture": "#1"},
				"east": {"uv": [11.625, 6.125, 5.125, 9.75], "texture": "#1"},
				"south": {"uv": [0.125, 6.75, 0.125, 9.125], "texture": "#1"},
				"west": {"uv": [5.125, 6.125, 11.625, 9.75], "texture": "#1"},
				"up": {"uv": [0.125, 6.75, 5.875, 6.75], "rotation": 90, "texture": "#1"},
				"down": {"uv": [0.125, 6.75, 5.875, 6.75], "rotation": 270, "texture": "#1"}
			}
		},
		{
			"from": [9.58442, 13.11093, 4.5],
			"to": [9.58442, 20.36093, 17.5],
			"rotation": {"angle": 0, "axis": "y", "origin": [8, 11.75, 11]},
			"faces": {
				"north": {"uv": [0.125, 6.75, 0.125, 9.125], "texture": "#1"},
				"east": {"uv": [11.625, 6.125, 5.125, 9.75], "texture": "#1"},
				"south": {"uv": [0.125, 6.75, 0.125, 9.125], "texture": "#1"},
				"west": {"uv": [5.125, 6.125, 11.625, 9.75], "texture": "#1"},
				"up": {"uv": [0.125, 6.75, 5.875, 6.75], "rotation": 90, "texture": "#1"},
				"down": {"uv": [0.125, 6.75, 5.875, 6.75], "rotation": 270, "texture": "#1"}
			}
		},
		{
			"from": [9.25, 12, 5],
			"to": [10, 15, 17],
			"rotation": {"angle": 0, "axis": "y", "origin": [8, 11.75, 11]},
			"faces": {
				"north": {"uv": [6, 2.375, 6.375, 3.875], "texture": "#1"},
				"east": {"uv": [6, 2, 0, 3.5], "texture": "#1"},
				"south": {"uv": [6.375, 2.375, 6, 3.875], "texture": "#1"},
				"west": {"uv": [6.25, 2.375, 6.375, 3.875], "texture": "#1"},
				"up": {"uv": [7.25, 2, 13.25, 2.375], "rotation": 90, "texture": "#1"},
				"down": {"uv": [12.375, 2.375, 6.375, 2.75], "rotation": 270, "texture": "#1"}
			}
		},
		{
			"from": [6, 12, 5],
			"to": [6.75, 15, 17],
			"rotation": {"angle": 0, "axis": "y", "origin": [8, 11.75, 11]},
			"faces": {
				"north": {"uv": [6.375, 2.375, 6, 3.875], "texture": "#1"},
				"east": {"uv": [6.375, 2.375, 6.25, 3.875], "texture": "#1"},
				"south": {"uv": [6, 2.375, 6.375, 3.875], "texture": "#1"},
				"west": {"uv": [0, 2, 6, 3.5], "texture": "#1"},
				"up": {"uv": [7.25, 2.375, 13.25, 2], "rotation": 90, "texture": "#1"},
				"down": {"uv": [12.375, 2.75, 6.375, 2.375], "rotation": 270, "texture": "#1"}
			}
		},
		{
			"from": [10.125, 12.25, 6.5],
			"to": [10.125, 15.25, 15.5],
			"rotation": {"angle": 0, "axis": "y", "origin": [8, 11.75, 11]},
			"faces": {
				"north": {"uv": [5.125, 6.75, 5, 8], "texture": "#1"},
				"east": {"uv": [10.75, 0, 6.25, 1.5], "texture": "#1"},
				"south": {"uv": [5.125, 6.75, 5, 8], "texture": "#1"},
				"west": {"uv": [6.25, 0, 10.75, 1.5], "texture": "#1"},
				"up": {"uv": [0.125, 10.125, 5.125, 9.75], "rotation": 90, "texture": "#1"},
				"down": {"uv": [0.125, 7.125, 5.125, 6.75], "rotation": 270, "texture": "#1"}
			}
		},
		{
			"from": [9.625, 15, 5],
			"to": [9.625, 19, 17],
			"rotation": {"angle": 0, "axis": "y", "origin": [8, 11.75, 11]},
			"faces": {
				"north": {"uv": [0.125, 6.75, 0.125, 8.125], "texture": "#1"},
				"east": {"uv": [6, 3.875, 0, 5.875], "texture": "#1"},
				"south": {"uv": [0.125, 6.75, 0.125, 8.125], "texture": "#1"},
				"west": {"uv": [6, 3.875, 0, 5.875], "texture": "#1"},
				"up": {"uv": [0.125, 6.75, 5.125, 6.75], "rotation": 90, "texture": "#1"},
				"down": {"uv": [0.125, 6.75, 5.125, 6.75], "rotation": 270, "texture": "#1"}
			}
		},
		{
			"from": [6.375, 15, 5],
			"to": [6.375, 19, 17],
			"rotation": {"angle": 0, "axis": "y", "origin": [8, 11.75, 11]},
			"faces": {
				"north": {"uv": [0.125, 6.75, 0.125, 8.125], "texture": "#1"},
				"east": {"uv": [6, 3.875, 0, 5.875], "texture": "#1"},
				"south": {"uv": [0.125, 6.75, 0.125, 8.125], "texture": "#1"},
				"west": {"uv": [6, 3.875, 0, 5.875], "texture": "#1"},
				"up": {"uv": [0.125, 6.75, 5.125, 6.75], "rotation": 90, "texture": "#1"},
				"down": {"uv": [0.125, 6.75, 5.125, 6.75], "rotation": 270, "texture": "#1"}
			}
		},
		{
			"from": [15, 5.5, 8.125],
			"to": [15.375, 6.25, 8.5],
			"rotation": {"angle": 0, "axis": "y", "origin": [17, 5.5, 7.5]},
			"faces": {
				"north": {"uv": [0, 0, 3, 6], "texture": "#2"},
				"east": {"uv": [0, 0, 3, 6], "texture": "#2"},
				"south": {"uv": [0, 0, 3, 6], "texture": "#2"},
				"west": {"uv": [0, 0, 3, 6], "texture": "#2"},
				"up": {"uv": [3, 11, 0, 8], "texture": "#2"},
				"down": {"uv": [11, 0, 8, 3], "texture": "#2"}
			}
		},
		{
			"from": [15, 6.25, 8.3125],
			"to": [15.375, 6.625, 8.3125],
			"rotation": {"angle": 0, "axis": "y", "origin": [17, 5.5, 7.5]},
			"faces": {
				"north": {"uv": [4, 8, 7, 11], "texture": "#2"},
				"east": {"uv": [0, 0, 3, 6], "texture": "#2"},
				"south": {"uv": [4, 8, 7, 11], "texture": "#2"},
				"west": {"uv": [0, 0, 3, 6], "texture": "#2"},
				"up": {"uv": [3, 0, 0, 0], "texture": "#2"},
				"down": {"uv": [3, 0, 0, 0], "texture": "#2"}
			}
		},
		{
			"from": [15.1875, 6.25, 8.125],
			"to": [15.1875, 6.625, 8.5],
			"rotation": {"angle": 0, "axis": "y", "origin": [18.6875, 8.0625, 7.4375]},
			"faces": {
				"north": {"uv": [0, 0, 3, 6], "texture": "#2"},
				"east": {"uv": [4, 8, 7, 11], "texture": "#2"},
				"south": {"uv": [0, 0, 3, 6], "texture": "#2"},
				"west": {"uv": [4, 8, 7, 11], "texture": "#2"},
				"up": {"uv": [3, 0, 0, 0], "texture": "#2"},
				"down": {"uv": [3, 0, 0, 0], "texture": "#2"}
			}
		},
		{
			"from": [14.5, 5.5, 7.875],
			"to": [14.875, 6.25, 8.25],
			"rotation": {"angle": 0, "axis": "y", "origin": [17, 5.5, 7.5]},
			"faces": {
				"north": {"uv": [4, 0, 7, 6], "texture": "#2"},
				"east": {"uv": [4, 0, 7, 6], "texture": "#2"},
				"south": {"uv": [4, 0, 7, 6], "texture": "#2"},
				"west": {"uv": [4, 0, 7, 6], "texture": "#2"},
				"up": {"uv": [11, 7, 8, 4], "texture": "#2"},
				"down": {"uv": [11, 8, 8, 11], "texture": "#2"}
			}
		},
		{
			"from": [14.5, 6.25, 8.0625],
			"to": [14.875, 6.625, 8.0625],
			"rotation": {"angle": 0, "axis": "y", "origin": [17, 5.5, 7.5]},
			"faces": {
				"north": {"uv": [0, 12, 3, 15], "texture": "#2"},
				"east": {"uv": [0, 0, 3, 6], "texture": "#2"},
				"south": {"uv": [0, 12, 3, 15], "texture": "#2"},
				"west": {"uv": [0, 0, 3, 6], "texture": "#2"},
				"up": {"uv": [3, 0, 0, 0], "texture": "#2"},
				"down": {"uv": [3, 0, 0, 0], "texture": "#2"}
			}
		}
	],
	"display": {
		"thirdperson_righthand": {
			"rotation": [63, 34, 0],
			"translation": [0, 1, -1],
			"scale": [0.37891, 0.37891, 0.37891]
		},
		"thirdperson_lefthand": {
			"rotation": [63, 34, 0],
			"translation": [0, 1, -1],
			"scale": [0.37891, 0.37891, 0.37891]
		},
		"firstperson_righthand": {
			"rotation": [3, 112, -13],
			"translation": [9.5, 0, -5.75],
			"scale": [0.35547, 0.35547, 0.35547]
		},
		"firstperson_lefthand": {
			"rotation": [3, 112, -13],
			"translation": [9.5, 0, -5.75],
			"scale": [0.35547, 0.35547, 0.35547]
		},
		"ground": {
			"translation": [0, 4.25, 0],
			"scale": [0.28906, 0.28906, 0.28906]
		},
		"gui": {
			"rotation": [30, -158, 0],
			"translation": [-0.25, -0.25, 0],
			"scale": [0.56992, 0.56992, 0.56992]
		},
		"head": {
			"translation": [0, -17.6, 0],
			"scale": [3.21, 3.21, 3.21]
		},
		"fixed": {
			"translation": [0, -3.25, -7.5]
		}
	},
	"groups": [
		{
			"name": "camion",
			"origin": [6, -0.5, 2],
			"color": 0,
			"children": [0, 1, 2, 3, 4, 5, 6, 7, 8, 9, 10, 11, 12, 13, 14, 15, 16, 17, 18, 19, 20, 21, 22, 23, 24, 25, 26, 27, 28, 29, 30, 31, 32, 33, 34, 35]
		},
		{
			"name": "taco",
			"origin": [8, 11.75, 11],
			"color": 0,
			"children": [36, 37, 38, 39, 40, 41, 42, 43, 44]
		},
		45,
		46,
		47,
		48,
		49
	]
}