{
	"credit": "Made with Blockbench",
	"textures": {
		"0": "block/giant_burger_1",
		"particle": "block/giant_burger_1"
	},
	"elements": [
		{
			"from": [-8, -9.4, -8],
			"to": [24, -3.8, 24],
			"rotation": {"angle": 0, "axis": "y", "origin": [-8, -9, -8]},
			"faces": {
				"north": {"uv": [0, 1.8125, 5, 2.6875], "texture": "#0"},
				"east": {"uv": [0, 1.8125, 5, 2.6875], "texture": "#0"},
				"south": {"uv": [0, 1.8125, 5, 2.6875], "texture": "#0"},
				"west": {"uv": [0, 1.8125, 5, 2.6875], "texture": "#0"},
				"up": {"uv": [5.125, 7.4375, 10.125, 12.4375], "texture": "#0"},
				"down": {"uv": [10.3125, 7.375, 15.3125, 12.375], "texture": "#0"}
			}
		},
		{
			"from": [-8, 7.4, -8],
			"to": [24, 13.8, 24],
			"rotation": {"angle": 0, "axis": "y", "origin": [-8, -9, -8]},
			"faces": {
				"north": {"uv": [0, 0, 5, 1.0625], "texture": "#0"},
				"east": {"uv": [0, 0, 5, 1.0625], "texture": "#0"},
				"south": {"uv": [0, 0, 5, 1.0625], "texture": "#0"},
				"west": {"uv": [0, 0, 5, 1.0625], "texture": "#0"},
				"up": {"uv": [0, 7.4375, 5, 12.4375], "texture": "#0"},
				"down": {"uv": [10.3125, 7.375, 15.3125, 12.375], "texture": "#0"}
			}
		},
		{
			"from": [-7.2, 1.8, -6.8],
			"to": [23.2, 4.6, 22.8],
			"rotation": {"angle": 0, "axis": "y", "origin": [8, 3.2, 8]},
			"faces": {
				"north": {"uv": [0, 3.75, 4.625, 4.1875], "texture": "#0"},
				"east": {"uv": [0, 3.75, 4.625, 4.1875], "texture": "#0"},
				"south": {"uv": [0, 3.75, 4.625, 4.1875], "texture": "#0"},
				"west": {"uv": [0, 3.75, 4.625, 4.1875], "texture": "#0"},
				"up": {"uv": [2.1875, 3.9375, 2.25, 4], "texture": "#0"},
				"down": {"uv": [2.1875, 3.9375, 2.25, 4], "texture": "#0"}
			}
		},
		{
			"from": [-6.8, 0.2, -6.4],
			"to": [22.8, 1.8, 22.4],
			"rotation": {"angle": 0, "axis": "y", "origin": [-6.8, -9, -9.2]},
			"faces": {
				"north": {"uv": [0, 3.4375, 4.625, 3.6875], "texture": "#0"},
				"east": {"uv": [0, 3.4375, 4.625, 3.6875], "texture": "#0"},
				"south": {"uv": [0, 3.4375, 4.625, 3.6875], "texture": "#0"},
				"west": {"uv": [0, 3.4375, 4.625, 3.6875], "texture": "#0"},
				"up": {"uv": [9.75, 0, 14.375, 4.5], "texture": "#0"},
				"down": {"uv": [9.75, 0, 14.375, 4.5], "texture": "#0"}
			}
		},
		{
			"from": [-6.4, 11.0201, -8.8],
			"to": [22.4, 11.0201, 0],
			"rotation": {"angle": -45, "axis": "x", "origin": [8, -1.3799, 8]},
			"faces": {
				"up": {"uv": [0, 4.75, 4.5, 6.125], "texture": "#0"},
				"down": {"uv": [0, 6.125, 4.5, 4.75], "texture": "#0"}
			}
		},
		{
			"from": [-6.4, 11.0201, 16],
			"to": [22.4, 11.0201, 24.8],
			"rotation": {"angle": 45, "axis": "x", "origin": [8, -1.3799, 8]},
			"faces": {
				"up": {"uv": [0, 6.125, 4.5, 4.75], "texture": "#0"},
				"down": {"uv": [0, 4.75, 4.5, 6.125], "texture": "#0"}
			}
		},
		{
			"from": [-6.8, 4.6, -6.4],
			"to": [22.8, 7.4, 22.4],
			"rotation": {"angle": 0, "axis": "y", "origin": [-6.8, -3.4, -9.2]},
			"faces": {
				"north": {"uv": [0, 4.25, 4.625, 4.6875], "texture": "#0"},
				"east": {"uv": [0, 4.25, 4.625, 4.6875], "texture": "#0"},
				"south": {"uv": [0, 4.25, 4.625, 4.6875], "texture": "#0"},
				"west": {"uv": [0, 4.25, 4.625, 4.6875], "texture": "#0"},
				"up": {"uv": [2.6875, 4.3125, 2.75, 4.375], "texture": "#0"},
				"down": {"uv": [2.6875, 4.3125, 2.75, 4.375], "texture": "#0"}
			}
		},
		{
			"from": [-10.9799, 11.92304, -6.4],
			"to": [-2.1799, 11.92304, 22.4],
			"rotation": {"angle": 45, "axis": "z", "origin": [8, 1.70294, 8]},
			"faces": {
				"up": {"uv": [0, 6.125, 4.5, 4.75], "rotation": 90, "texture": "#0"},
				"down": {"uv": [0, 4.75, 4.5, 6.125], "rotation": 270, "texture": "#0"}
			}
		},
		{
			"from": [18.1799, 11.92304, -6.4],
			"to": [26.9799, 11.92304, 22.4],
			"rotation": {"angle": -45, "axis": "z", "origin": [8, 1.70294, 8]},
			"faces": {
				"up": {"uv": [0, 4.75, 4.5, 6.125], "rotation": 90, "texture": "#0"},
				"down": {"uv": [0, 6.125, 4.5, 4.75], "rotation": 270, "texture": "#0"}
			}
		},
		{
			"from": [14.4201, 16.08284, -6.4],
			"to": [21.6201, 16.08284, 22.4],
			"rotation": {"angle": -45, "axis": "z", "origin": [8, 1.70294, 8]},
			"faces": {
				"up": {"uv": [0, 6.1875, 4.5, 7.3125], "rotation": 90, "texture": "#0"},
				"down": {"uv": [0, 7.3125, 4.5, 6.1875], "rotation": 270, "texture": "#0"}
			}
		},
		{
			"from": [-5.6201, 16.08284, -6.4],
			"to": [1.5799, 16.08284, 22.4],
			"rotation": {"angle": 45, "axis": "z", "origin": [8, 1.70294, 8]},
			"faces": {
				"up": {"uv": [4.5, 7.3125, 0, 6.1875], "rotation": 90, "texture": "#0"},
				"down": {"uv": [4.5, 6.1875, 0, 7.3125], "rotation": 270, "texture": "#0"}
			}
		},
		{
			"from": [-6.4, 16.98579, -7.8],
			"to": [22.4, 16.98579, -0.6],
			"rotation": {"angle": -45, "axis": "x", "origin": [8, 4.78579, 8]},
			"faces": {
				"up": {"uv": [4.5, 7.3125, 0, 6.1875], "rotation": 180, "texture": "#0"},
				"down": {"uv": [4.5, 6.1875, 0, 7.3125], "rotation": 180, "texture": "#0"}
			}
		},
		{
			"from": [-6.4, 16.98579, 16.6],
			"to": [22.4, 16.98579, 23.8],
			"rotation": {"angle": 45, "axis": "x", "origin": [8, 4.78579, 8]},
			"faces": {
				"up": {"uv": [0, 6.1875, 4.5, 7.3125], "rotation": 180, "texture": "#0"},
				"down": {"uv": [0, 7.3125, 4.5, 6.1875], "rotation": 180, "texture": "#0"}
			}
		},
		{
			"from": [-7.2, -4.2, -6.8],
			"to": [23.2, 0.2, 22.8],
			"rotation": {"angle": 0, "axis": "y", "origin": [8, -2, 8]},
			"faces": {
				"north": {"uv": [0, 2.75, 4.625, 3.4375], "texture": "#0"},
				"east": {"uv": [0, 2.75, 4.625, 3.4375], "texture": "#0"},
				"south": {"uv": [0, 2.75, 4.625, 3.4375], "texture": "#0"},
				"west": {"uv": [0, 2.75, 4.625, 3.4375], "texture": "#0"},
				"up": {"uv": [1.875, 2.75, 1.9375, 2.8125], "texture": "#0"},
				"down": {"uv": [1.875, 2.75, 1.9375, 2.8125], "texture": "#0"}
			}
		},
		{
			"from": [-5.2, 13.8, -5.2],
			"to": [21.2, 17.4, 21.2],
			"rotation": {"angle": 0, "axis": "y", "origin": [-8, -9, -5.2]},
			"faces": {
				"north": {"uv": [0, 1.1875, 4.125, 1.75], "texture": "#0"},
				"east": {"uv": [0, 1.1875, 4.125, 1.75], "texture": "#0"},
				"south": {"uv": [0, 1.1875, 4.125, 1.75], "texture": "#0"},
				"west": {"uv": [0, 1.1875, 4.125, 1.75], "texture": "#0"},
				"up": {"uv": [0.4375, 7.875, 4.5625, 12], "texture": "#0"}
			}
		},
		{
			"from": [0.4, 17.4, 0.4],
			"to": [15.6, 27, 15.6],
			"rotation": {"angle": 0, "axis": "y", "origin": [8, 22.2, 8]},
			"faces": {
				"north": {"uv": [0, 12.5, 2.375, 14], "texture": "#0"},
				"east": {"uv": [0, 12.5, 2.375, 14], "texture": "#0"},
				"south": {"uv": [0, 12.5, 2.375, 14], "texture": "#0"},
				"west": {"uv": [0, 12.5, 2.375, 14], "texture": "#0"},
				"up": {"uv": [2.375, 12.5, 4.75, 14.875], "texture": "#0"},
				"down": {"uv": [0.4375, 12.9375, 0.5, 13], "texture": "#0"}
			}
		},
		{
			"from": [15.6, 27, 15.6],
			"to": [0.4, 17.4, 0.4],
			"rotation": {"angle": 0, "axis": "y", "origin": [8, 22.2, 8]},
			"faces": {
				"north": {"uv": [0, 14, 2.375, 12.5], "texture": "#0"},
				"east": {"uv": [0, 14, 2.375, 12.5], "texture": "#0"},
				"south": {"uv": [0, 14, 2.375, 12.5], "texture": "#0"},
				"west": {"uv": [0, 14, 2.375, 12.5], "texture": "#0"},
				"up": {"uv": [0.5, 12.9375, 0.4375, 13], "texture": "#0"},
				"down": {"uv": [4.75, 12.5, 2.375, 14.875], "texture": "#0"}
			}
		}
	],
	"display": {
		"thirdperson_righthand": {
			"rotation": [75, 45, 0],
			"translation": [0, 2.5, 0],
			"scale": [0.375, 0.375, 0.375]
		},
		"thirdperson_lefthand": {
			"rotation": [75, 45, 0],
			"translation": [0, 2.5, 0],
			"scale": [0.375, 0.375, 0.375]
		},
		"firstperson_righthand": {
			"rotation": [0, 45, 0],
			"scale": [0.19, 0.19, 0.19]
		},
		"firstperson_lefthand": {
			"rotation": [0, 225, 0],
			"scale": [0.19, 0.19, 0.19]
		},
		"ground": {
			"translation": [0, 28.25, 0],
			"scale": [1.5, 1.5, 1.5]
		},
		"gui": {
			"rotation": [30, 225, 0],
			"scale": [0.29, 0.29, 0.29]
		},
		"head": {
			"translation": [0, 26.25, 0],
			"scale": [4, 4, 4]
		},
		"fixed": {
			"rotation": [-90, 0, 0],
			"translation": [0, 0, -57.25],
			"scale": [3, 3, 3]
		}
	}
}