{
	"credit": "Made with Blockbench",
	"textures": {
		"0": "block/cake_v2",
		"1": "block/torta",
		"particle": "block/cake_v2"
	},
	"elements": [
		{
			"from": [-0.06, 0.08, -0.06],
			"to": [16.06, 8.14, 16.06],
			"rotation": {"angle": 0, "axis": "y", "origin": [8, 11.80834, 8]},
			"faces": {
				"north": {"uv": [0, 4, 3.25, 5.625], "texture": "#0"},
				"east": {"uv": [0, 4, 3.25, 5.625], "texture": "#0"},
				"south": {"uv": [0, 4, 3.25, 5.625], "texture": "#0"},
				"west": {"uv": [0, 4, 3.25, 5.625], "texture": "#0"},
				"up": {"uv": [0.375, 5.75, 0.5, 5.875], "texture": "#0"},
				"down": {"uv": [0, 7.875, 0.125, 8], "texture": "#0"}
			}
		},
		{
			"from": [-0.122, 4.358, -0.122],
			"to": [16.122, 8.202, 16.122],
			"rotation": {"angle": 0, "axis": "y", "origin": [8, 11.80834, 8]},
			"faces": {
				"north": {"uv": [3.25, 0, 6.5, 0.75], "texture": "#0"},
				"east": {"uv": [3.25, 0, 6.5, 0.75], "texture": "#0"},
				"south": {"uv": [3.25, 0, 6.5, 0.75], "texture": "#0"},
				"west": {"uv": [3.25, 0, 6.5, 0.75], "texture": "#0"},
				"up": {"uv": [9.75, 0, 13, 3.25], "texture": "#0"},
				"down": {"uv": [4.375, 1.375, 4.625, 1.5], "texture": "#0"}
			}
		},
		{
			"from": [1.8, 8.14, 1.8],
			"to": [14.2, 14.96, 14.2],
			"rotation": {"angle": 0, "axis": "y", "origin": [8, 11.80834, 8]},
			"faces": {
				"north": {"uv": [0, 5.625, 2.5, 7], "texture": "#0"},
				"east": {"uv": [0, 5.625, 2.5, 7], "texture": "#0"},
				"south": {"uv": [0, 5.625, 2.5, 7], "texture": "#0"},
				"west": {"uv": [0, 5.625, 2.5, 7], "texture": "#0"},
				"up": {"uv": [0.375, 5.75, 0.5, 5.875], "texture": "#0"},
				"down": {"uv": [0, 7.875, 0.125, 8], "texture": "#0"}
			}
		},
		{
			"from": [1.738, 11.178, 1.738],
			"to": [14.262, 15.022, 14.262],
			"rotation": {"angle": 0, "axis": "y", "origin": [8, 11.80834, 8]},
			"faces": {
				"north": {"uv": [3.25, 0.75, 5.75, 1.5], "texture": "#0"},
				"east": {"uv": [3.25, 0.75, 5.75, 1.5], "texture": "#0"},
				"south": {"uv": [3.25, 0.75, 5.75, 1.5], "texture": "#0"},
				"west": {"uv": [3.25, 0.75, 5.75, 1.5], "texture": "#0"},
				"up": {"uv": [10.125, 0.375, 12.625, 2.875], "texture": "#0"},
				"down": {"uv": [4.375, 1.375, 4.625, 1.5], "texture": "#0"}
			}
		},
		{
			"from": [3.66, 14.96, 3.66],
			"to": [12.34, 19.92, 12.34],
			"rotation": {"angle": 0, "axis": "y", "origin": [8, 11.80834, 8]},
			"faces": {
				"north": {"uv": [0, 7, 1.75, 8], "texture": "#0"},
				"east": {"uv": [0, 7, 1.75, 8], "texture": "#0"},
				"south": {"uv": [0, 7, 1.75, 8], "texture": "#0"},
				"west": {"uv": [0, 7, 1.75, 8], "texture": "#0"},
				"up": {"uv": [0.375, 5.75, 0.5, 5.875], "texture": "#0"},
				"down": {"uv": [0, 7.875, 0.125, 8], "texture": "#0"}
			}
		},
		{
			"from": [3.598, 16.758, 3.598],
			"to": [12.402, 19.982, 12.402],
			"rotation": {"angle": 0, "axis": "y", "origin": [8, 11.80834, 8]},
			"faces": {
				"north": {"uv": [3.25, 1.5, 5, 2.125], "texture": "#0"},
				"east": {"uv": [3.25, 1.5, 5, 2.125], "texture": "#0"},
				"south": {"uv": [3.25, 1.5, 5, 2.125], "texture": "#0"},
				"west": {"uv": [3.25, 1.5, 5, 2.125], "texture": "#0"},
				"up": {"uv": [10.5, 0.75, 12.25, 2.5], "texture": "#0"},
				"down": {"uv": [4.375, 1.375, 4.625, 1.5], "texture": "#0"}
			}
		},
		{
			"name": "Head",
			"from": [10, 26, 7.5],
			"to": [12, 28, 9.5],
			"rotation": {"angle": 0, "axis": "y", "origin": [14, 2, 11]},
			"faces": {
				"north": {"uv": [0.5, 0.5, 1, 1], "texture": "#1"},
				"east": {"uv": [0, 0.5, 0.5, 1], "texture": "#1"},
				"south": {"uv": [1.5, 0.5, 2, 1], "texture": "#1"},
				"west": {"uv": [1, 0.5, 1.5, 1], "texture": "#1"},
				"up": {"uv": [1, 0.5, 0.5, 0], "texture": "#1"},
				"down": {"uv": [1.5, 0, 1, 0.5], "texture": "#1"}
			}
		},
		{
			"name": "Body",
			"from": [10, 23, 8],
			"to": [12, 26, 9],
			"rotation": {"angle": 0, "axis": "y", "origin": [14, 11, 10]},
			"faces": {
				"north": {"uv": [0.25, 2.25, 0.75, 3], "texture": "#1"},
				"east": {"uv": [0, 2.25, 0.25, 3], "texture": "#1"},
				"south": {"uv": [1, 2.25, 1.5, 3], "texture": "#1"},
				"west": {"uv": [0.75, 2.25, 1, 3], "texture": "#1"},
				"up": {"uv": [0.75, 2.25, 0.25, 2], "texture": "#1"},
				"down": {"uv": [1.25, 2, 0.75, 2.25], "texture": "#1"}
			}
		},
		{
			"name": "Right Arm",
			"from": [12, 23, 8],
			"to": [13, 26, 9],
			"rotation": {"angle": 0, "axis": "y", "origin": [8, 11, 10]},
			"faces": {
				"north": {"uv": [2.25, 1.25, 2.5, 2], "texture": "#1"},
				"east": {"uv": [2, 1.25, 2.25, 2], "texture": "#1"},
				"south": {"uv": [2.75, 1.25, 3, 2], "texture": "#1"},
				"west": {"uv": [2.5, 1.25, 2.75, 2], "texture": "#1"},
				"up": {"uv": [2.5, 1.25, 2.25, 1], "texture": "#1"},
				"down": {"uv": [2.75, 1, 2.5, 1.25], "texture": "#1"}
			}
		},
		{
			"name": "Left Arm",
			"from": [9, 23, 8],
			"to": [10, 26, 9],
			"rotation": {"angle": -22.5, "axis": "z", "origin": [10, 26, 8]},
			"faces": {
				"north": {"uv": [1.75, 2.25, 2, 3], "texture": "#1"},
				"east": {"uv": [1.5, 2.25, 1.75, 3], "texture": "#1"},
				"south": {"uv": [2.25, 2.25, 2.5, 3], "texture": "#1"},
				"west": {"uv": [2, 2.25, 2.25, 3], "texture": "#1"},
				"up": {"uv": [2, 2.25, 1.75, 2], "texture": "#1"},
				"down": {"uv": [2.25, 2, 2, 2.25], "texture": "#1"}
			}
		},
		{
			"name": "Right Leg",
			"from": [10.9, 20, 8],
			"to": [11.9, 23, 9],
			"rotation": {"angle": 0, "axis": "y", "origin": [11, 20, 10]},
			"faces": {
				"north": {"uv": [2.75, 2.25, 3, 3], "texture": "#1"},
				"east": {"uv": [2.5, 2.25, 2.75, 3], "texture": "#1"},
				"south": {"uv": [3.25, 2.25, 3.5, 3], "texture": "#1"},
				"west": {"uv": [3, 2.25, 3.25, 3], "texture": "#1"},
				"up": {"uv": [3, 2.25, 2.75, 2], "texture": "#1"},
				"down": {"uv": [3.25, 2, 3, 2.25], "texture": "#1"}
			}
		},
		{
			"name": "Left Leg",
			"from": [10.1, 20, 8],
			"to": [11.1, 23, 9],
			"rotation": {"angle": 0, "axis": "y", "origin": [14, 20, 10]},
			"faces": {
				"north": {"uv": [0.25, 3.25, 0.5, 4], "texture": "#1"},
				"east": {"uv": [0, 3.25, 0.25, 4], "texture": "#1"},
				"south": {"uv": [0.75, 3.25, 1, 4], "texture": "#1"},
				"west": {"uv": [0.5, 3.25, 0.75, 4], "texture": "#1"},
				"up": {"uv": [0.5, 3.25, 0.25, 3], "texture": "#1"},
				"down": {"uv": [0.75, 3, 0.5, 3.25], "texture": "#1"}
			}
		},
		{
			"name": "Left Leg",
			"from": [4.1, 20, 8],
			"to": [5.1, 23, 9],
			"rotation": {"angle": 0, "axis": "y", "origin": [8, 20, 10]},
			"faces": {
				"north": {"uv": [1.25, 3.25, 1.5, 4], "texture": "#1"},
				"east": {"uv": [1, 3.25, 1.25, 4], "texture": "#1"},
				"south": {"uv": [1.75, 3.25, 2, 4], "texture": "#1"},
				"west": {"uv": [1.5, 3.25, 1.75, 4], "texture": "#1"},
				"up": {"uv": [1.5, 3.25, 1.25, 3], "texture": "#1"},
				"down": {"uv": [1.75, 3, 1.5, 3.25], "texture": "#1"}
			}
		},
		{
			"name": "Right Leg",
			"from": [4.9, 20, 8],
			"to": [5.9, 23, 9],
			"rotation": {"angle": 0, "axis": "y", "origin": [5, 20, 10]},
			"faces": {
				"north": {"uv": [3.25, 1.25, 3.5, 2], "texture": "#1"},
				"east": {"uv": [3, 1.25, 3.25, 2], "texture": "#1"},
				"south": {"uv": [3.75, 1.25, 4, 2], "texture": "#1"},
				"west": {"uv": [3.5, 1.25, 3.75, 2], "texture": "#1"},
				"up": {"uv": [3.5, 1.25, 3.25, 1], "texture": "#1"},
				"down": {"uv": [3.75, 1, 3.5, 1.25], "texture": "#1"}
			}
		},
		{
			"name": "Left Arm",
			"from": [3, 23, 8],
			"to": [4, 26, 9],
			"rotation": {"angle": 0, "axis": "y", "origin": [4, 26, 8]},
			"faces": {
				"north": {"uv": [2.25, 3.25, 2.5, 4], "texture": "#1"},
				"east": {"uv": [2, 3.25, 2.25, 4], "texture": "#1"},
				"south": {"uv": [2.75, 3.25, 3, 4], "texture": "#1"},
				"west": {"uv": [2.5, 3.25, 2.75, 4], "texture": "#1"},
				"up": {"uv": [2.5, 3.25, 2.25, 3], "texture": "#1"},
				"down": {"uv": [2.75, 3, 2.5, 3.25], "texture": "#1"}
			}
		},
		{
			"name": "Right Arm",
			"from": [6, 23, 8],
			"to": [7, 26, 9],
			"rotation": {"angle": 22.5, "axis": "z", "origin": [6, 26, 9]},
			"faces": {
				"north": {"uv": [3.25, 3.25, 3.5, 4], "texture": "#1"},
				"east": {"uv": [3, 3.25, 3.25, 4], "texture": "#1"},
				"south": {"uv": [3.75, 3.25, 4, 4], "texture": "#1"},
				"west": {"uv": [3.5, 3.25, 3.75, 4], "texture": "#1"},
				"up": {"uv": [3.5, 3.25, 3.25, 3], "texture": "#1"},
				"down": {"uv": [3.75, 3, 3.5, 3.25], "texture": "#1"}
			}
		},
		{
			"name": "Body",
			"from": [4, 23, 8],
			"to": [6, 26, 9],
			"rotation": {"angle": 0, "axis": "y", "origin": [8, 11, 10]},
			"faces": {
				"north": {"uv": [2.25, 0.25, 2.75, 1], "texture": "#1"},
				"east": {"uv": [2, 0.25, 2.25, 1], "texture": "#1"},
				"south": {"uv": [3, 0.25, 3.5, 1], "texture": "#1"},
				"west": {"uv": [2.75, 0.25, 3, 1], "texture": "#1"},
				"up": {"uv": [2.75, 0.25, 2.25, 0], "texture": "#1"},
				"down": {"uv": [3.25, 0, 2.75, 0.25], "texture": "#1"}
			}
		},
		{
			"name": "Head",
			"from": [4, 26, 7.5],
			"to": [6, 28, 9.5],
			"rotation": {"angle": 0, "axis": "y", "origin": [8, 2, 11]},
			"faces": {
				"north": {"uv": [0.5, 1.5, 1, 2], "texture": "#1"},
				"east": {"uv": [0, 1.5, 0.5, 2], "texture": "#1"},
				"south": {"uv": [1.5, 1.5, 2, 2], "texture": "#1"},
				"west": {"uv": [1, 1.5, 1.5, 2], "texture": "#1"},
				"up": {"uv": [1, 1.5, 0.5, 1], "texture": "#1"},
				"down": {"uv": [1.5, 1, 1, 1.5], "texture": "#1"}
			}
		},
		{
			"from": [4, 28, 8.5],
			"to": [6, 30, 8.5],
			"rotation": {"angle": 0, "axis": "y", "origin": [4, 28, 8]},
			"faces": {
				"north": {"uv": [3.5, 0, 4, 0.5], "texture": "#1"},
				"east": {"uv": [0, 0, 0, 0.5], "texture": "#1"},
				"south": {"uv": [3.5, 0.5, 4, 1], "texture": "#1"},
				"west": {"uv": [0, 0, 0, 0.5], "texture": "#1"},
				"up": {"uv": [0.5, 0, 0, 0], "texture": "#1"},
				"down": {"uv": [0.5, 0, 0, 0], "texture": "#1"}
			}
		}
	],
	"display": {
		"thirdperson_righthand": {
			"rotation": [75, 45, 0],
			"translation": [0, 7.25, 3.25],
			"scale": [0.75, 0.75, 0.75]
		},
		"thirdperson_lefthand": {
			"rotation": [75, 45, 0],
			"translation": [0, 7, 2.5],
			"scale": [0.75, 0.75, 0.75]
		},
		"firstperson_righthand": {
			"rotation": [0, 45, 0],
			"scale": [0.4, 0.4, 0.4]
		},
		"firstperson_lefthand": {
			"rotation": [0, 225, 0],
			"scale": [0.4, 0.4, 0.4]
		},
		"ground": {
			"translation": [0, 3, 0],
			"scale": [1.09, 1.09, 1.09]
		},
		"gui": {
			"rotation": [30, 225, 0],
			"translation": [0, -1.25, 0],
			"scale": [0.49, 0.49, 0.49]
		},
		"head": {
			"translation": [0, -2.75, 0],
			"scale": [1.87, 1.87, 1.87]
		},
		"fixed": {
			"rotation": [-90, 0, 0],
			"translation": [0, 0, -13.5],
			"scale": [1.94, 1.94, 1.94]
		}
	},
	"groups": [
		0,
		1,
		2,
		3,
		4,
		5,
		{
			"name": "group",
			"origin": [4, 26, 8],
			"color": 0,
			"children": [6, 7, 8, 9, 10, 11, 12, 13, 14, 15, 16, 17, 18]
		}
	]
}