
{
    "head": "head",
    "portraitScale": 1,
    "portraitTranslation": [ -0.5, 0, 0 ],
    "profileScale": 0.6,
    "profileTranslation": [ -0.1, 0.7, 0 ],
    "faint": "bedrock(tunnaboar, faint)",
    "poses": {
    "standing": {
        "poseName": "standing",
        "transformTicks": 10,
        "poseTypes": [
        "STAND",
        "NONE",
        "PORTRAIT",
        "PROFILE"
        ],
        "animations": [
        "look",
        "bedrock(tunnaboar, ground_idle)"
        ]
    },
    "walking": {
        "poseName": "walking",
        "transformTicks": 10,
        "poseTypes": [ "WALK" ],
        "animations": [ "bedrock(tunnaboar, ground_walk)" ]
    }
    }
  }
    