{
	"credit": "Made with Blockbench",
	"textures": {
		"0": "simplehats:block/variant",
		"1": "simplehats:block/police_cap_siren",
		"particle": "simplehats:block/variant"
	},
	"elements": [
		{
			"from": [3, 5, 3],
			"to": [13, 12, 13],
			"rotation": {"angle": 0, "axis": "y", "origin": [7, 5.5, 7]},
			"faces": {
				"north": {"uv": [0.5, 7.25, 3, 9], "texture": "#0"},
				"east": {"uv": [3, 7.25, 5.5, 9], "texture": "#0"},
				"south": {"uv": [0, 9, 2.5, 10.75], "texture": "#0"},
				"west": {"uv": [5.5, 7.25, 3, 9], "texture": "#0"},
				"up": {"uv": [2.5, 9, 5, 11.5], "texture": "#0"},
				"down": {"uv": [4.25, 1, 4.5, 1.25], "texture": "#0"}
			}
		},
		{
			"from": [3, 2, 9],
			"to": [13, 5, 13],
			"rotation": {"angle": 0, "axis": "y", "origin": [7, 5.5, 7]},
			"faces": {
				"north": {"uv": [5, 9, 7.5, 9.75], "texture": "#0"},
				"east": {"uv": [6.5, 7.25, 5.5, 8], "texture": "#0"},
				"south": {"uv": [5.5, 8, 8, 8.75], "texture": "#0"},
				"west": {"uv": [5.5, 7.25, 6.5, 8], "texture": "#0"},
				"up": {"uv": [2.5, 3.75, 5, 6.25], "texture": "#0"},
				"down": {"uv": [5, 9.75, 7.5, 10.75], "texture": "#0"}
			}
		},
		{
			"from": [1.98, 3.98, 1.98],
			"to": [14.02, 8.02, 12.02],
			"rotation": {"angle": 0, "axis": "y", "origin": [7, 5.5, 7]},
			"faces": {
				"north": {"uv": [2.75, 6.25, 5.75, 7.25], "texture": "#0"},
				"east": {"uv": [5.75, 5.75, 8.25, 6.75], "texture": "#0"},
				"south": {"uv": [5.75, 5.75, 6, 6.75], "texture": "#0"},
				"west": {"uv": [8.25, 5.75, 5.75, 6.75], "texture": "#0"},
				"up": {"uv": [3.25, 14, 6.25, 11.5], "texture": "#0"},
				"down": {"uv": [0, 11.5, 3, 14], "texture": "#0"}
			}
		},
		{
			"from": [1.98, 3.98, 1.98],
			"to": [14.02, 8.02, 12.02],
			"rotation": {"angle": 0, "axis": "y", "origin": [7, 5.5, 7]},
			"faces": {
				"north": {"uv": [0, 14.25, 3, 15.25], "texture": "#0", "tintindex": 0},
				"east": {"uv": [3.25, 14.25, 5.75, 15.25], "texture": "#0", "tintindex": 0},
				"south": {"uv": [5.75, 5.75, 6, 6.75], "texture": "#0"},
				"west": {"uv": [5.75, 14.25, 3.25, 15.25], "texture": "#0", "tintindex": 0},
				"up": {"uv": [1.25, 11, 1.5, 11.25], "texture": "#0"},
				"down": {"uv": [1.25, 11, 1.5, 11.25], "texture": "#0"}
			}
		},
		{
			"from": [6, 12, 6],
			"to": [10, 16, 10],
			"rotation": {"angle": 0, "axis": "y", "origin": [8, 5.5, 5]},
			"faces": {
				"north": {"uv": [11, 0, 12, 1], "texture": "#0"},
				"east": {"uv": [11, 0, 12, 1], "texture": "#0"},
				"south": {"uv": [11, 0, 12, 1], "texture": "#0"},
				"west": {"uv": [11, 0, 12, 1], "texture": "#0"},
				"up": {"uv": [11, 0, 12, 1], "texture": "#0"},
				"down": {"uv": [9, 0, 10, 1], "texture": "#0"}
			}
		},
		{
			"from": [6, 13, 6],
			"to": [10, 16, 10],
			"rotation": {"angle": 0, "axis": "y", "origin": [8, 5.5, 5]},
			"faces": {
				"north": {"uv": [0.5, 13.5, 2.5, 15], "texture": "#1", "tintindex": 0},
				"east": {"uv": [0.5, 13.5, 2.5, 15], "texture": "#1", "tintindex": 0},
				"south": {"uv": [0.5, 13.5, 2.5, 15], "texture": "#1", "tintindex": 0},
				"west": {"uv": [0.5, 13.5, 2.5, 15], "texture": "#1", "tintindex": 0},
				"up": {"uv": [2.5, 13.5, 4.5, 15.5], "texture": "#1", "tintindex": 0},
				"down": {"uv": [0, 15.5, 0.5, 16], "texture": "#1", "tintindex": 0}
			}
		},
		{
			"from": [1, 12, 8],
			"to": [15, 16, 8],
			"rotation": {"angle": 0, "axis": "y", "origin": [8, 5.5, 5]},
			"faces": {
				"north": {"uv": [0, 0, 7, 2], "texture": "#1", "tintindex": 0},
				"east": {"uv": [10, 0, 11, 1], "texture": "#0", "tintindex": 0},
				"south": {"uv": [0, 0, 7, 2], "texture": "#1", "tintindex": 0},
				"west": {"uv": [10, 0, 11, 1], "texture": "#0", "tintindex": 0},
				"up": {"uv": [11, 0, 12, 1], "texture": "#0", "tintindex": 0},
				"down": {"uv": [9, 0, 10, 1], "texture": "#0", "tintindex": 0}
			}
		},
		{
			"from": [1, 12, 8],
			"to": [15, 16, 8],
			"rotation": {"angle": -22.5, "axis": "y", "origin": [8, 14, 8]},
			"faces": {
				"north": {"uv": [0, 2.5, 7, 4.5], "texture": "#1", "tintindex": 0},
				"east": {"uv": [10, 0, 11, 1], "texture": "#0", "tintindex": 0},
				"south": {"uv": [0, 2.5, 7, 4.5], "texture": "#1", "tintindex": 0},
				"west": {"uv": [10, 0, 11, 1], "texture": "#0", "tintindex": 0},
				"up": {"uv": [11, 0, 12, 1], "texture": "#0", "tintindex": 0},
				"down": {"uv": [9, 0, 10, 1], "texture": "#0", "tintindex": 0}
			}
		},
		{
			"from": [8, 12, 1],
			"to": [8, 16, 15],
			"rotation": {"angle": 22.5, "axis": "y", "origin": [8, 14, 8]},
			"faces": {
				"north": {"uv": [10, 0, 11, 1], "texture": "#0", "tintindex": 0},
				"east": {"uv": [0, 7.5, 7, 9.5], "texture": "#1", "tintindex": 0},
				"south": {"uv": [10, 0, 11, 1], "texture": "#0", "tintindex": 0},
				"west": {"uv": [0, 7.5, 7, 9.5], "texture": "#1", "tintindex": 0},
				"up": {"uv": [11, 0, 12, 1], "rotation": 90, "texture": "#0", "tintindex": 0},
				"down": {"uv": [9, 0, 10, 1], "rotation": 270, "texture": "#0", "tintindex": 0}
			}
		},
		{
			"from": [8, 12, 1],
			"to": [8, 16, 15],
			"rotation": {"angle": 45, "axis": "y", "origin": [8, 14, 8]},
			"faces": {
				"north": {"uv": [10, 0, 11, 1], "texture": "#0", "tintindex": 0},
				"east": {"uv": [0, 5, 7, 7], "texture": "#1", "tintindex": 0},
				"south": {"uv": [10, 0, 11, 1], "texture": "#0", "tintindex": 0},
				"west": {"uv": [0, 5, 7, 7], "texture": "#1", "tintindex": 0},
				"up": {"uv": [11, 0, 12, 1], "rotation": 90, "texture": "#0", "tintindex": 0},
				"down": {"uv": [9, 0, 10, 1], "rotation": 270, "texture": "#0", "tintindex": 0}
			}
		},
		{
			"from": [8, 12, 1],
			"to": [8, 16, 15],
			"rotation": {"angle": -22.5, "axis": "y", "origin": [8, 14, 8]},
			"faces": {
				"north": {"uv": [10, 0, 11, 1], "texture": "#0", "tintindex": 0},
				"east": {"uv": [9, 2.5, 16, 4.5], "texture": "#1", "tintindex": 0},
				"south": {"uv": [10, 0, 11, 1], "texture": "#0", "tintindex": 0},
				"west": {"uv": [9, 2.5, 16, 4.5], "texture": "#1", "tintindex": 0},
				"up": {"uv": [11, 0, 12, 1], "rotation": 270, "texture": "#0", "tintindex": 0},
				"down": {"uv": [9, 0, 10, 1], "rotation": 90, "texture": "#0", "tintindex": 0}
			}
		},
		{
			"from": [1, 12, 8],
			"to": [15, 16, 8],
			"rotation": {"angle": 45, "axis": "y", "origin": [8, 14, 8]},
			"faces": {
				"north": {"uv": [9, 5, 16, 7], "texture": "#1", "tintindex": 0},
				"east": {"uv": [10, 0, 11, 1], "texture": "#0", "tintindex": 0},
				"south": {"uv": [9, 5, 16, 7], "texture": "#1", "tintindex": 0},
				"west": {"uv": [10, 0, 11, 1], "texture": "#0", "tintindex": 0},
				"up": {"uv": [11, 0, 12, 1], "texture": "#0", "tintindex": 0},
				"down": {"uv": [9, 0, 10, 1], "texture": "#0", "tintindex": 0}
			}
		},
		{
			"from": [1, 12, 8],
			"to": [15, 16, 8],
			"rotation": {"angle": 22.5, "axis": "y", "origin": [8, 14, 8]},
			"faces": {
				"north": {"uv": [9, 7.5, 16, 9.5], "texture": "#1", "tintindex": 0},
				"east": {"uv": [10, 0, 11, 1], "texture": "#0", "tintindex": 0},
				"south": {"uv": [9, 7.5, 16, 9.5], "texture": "#1", "tintindex": 0},
				"west": {"uv": [10, 0, 11, 1], "texture": "#0", "tintindex": 0},
				"up": {"uv": [11, 0, 12, 1], "texture": "#0", "tintindex": 0},
				"down": {"uv": [9, 0, 10, 1], "texture": "#0", "tintindex": 0}
			}
		},
		{
			"from": [8, 12, 1],
			"to": [8, 16, 15],
			"rotation": {"angle": 0, "axis": "y", "origin": [8, 14, 8]},
			"faces": {
				"north": {"uv": [10, 0, 11, 1], "texture": "#0", "tintindex": 0},
				"east": {"uv": [9, 0, 16, 2], "texture": "#1", "tintindex": 0},
				"south": {"uv": [10, 0, 11, 1], "texture": "#0", "tintindex": 0},
				"west": {"uv": [9, 0, 16, 2], "texture": "#1", "tintindex": 0},
				"up": {"uv": [11, 0, 12, 1], "rotation": 90, "texture": "#0", "tintindex": 0},
				"down": {"uv": [9, 0, 10, 1], "rotation": 270, "texture": "#0", "tintindex": 0}
			}
		}
	],
	"gui_light": "front",
	"display": {
		"thirdperson_righthand": {
			"rotation": [55.5, 34, 0],
			"translation": [0, 1, 0.75],
			"scale": [0.52539, 0.52539, 0.52539]
		},
		"thirdperson_lefthand": {
			"rotation": [55.5, 34, 0],
			"translation": [0, 1, 0.75],
			"scale": [0.52539, 0.52539, 0.52539]
		},
		"firstperson_righthand": {
			"rotation": [21, 114.5, -13.75],
			"translation": [9.5, 0, -5.75],
			"scale": [0.41992, 0.41992, 0.41992]
		},
		"firstperson_lefthand": {
			"rotation": [21, 114.5, -13.75],
			"translation": [9.5, 0, -5.75],
			"scale": [0.41992, 0.41992, 0.41992]
		},
		"gui": {
			"rotation": [-149.61, -31.92, -180],
			"translation": [-0.5, -0.25, 0],
			"scale": [0.89062, 0.89062, 0.89062]
		},
		"head": {
			"translation": [0, 1.5, 0],
			"scale": [1.6293, 1.6293, 1.6293]
		}
	}
}