
{
    "head": "head",
    "portraitScale": 1.25,
    "portraitTranslation": [ -0.5, 2.3, 0 ],
    "profileScale": 0.4,
    "profileTranslation": [ -0.1, 1, 0 ],
    "faint": "bedrock(profector, faint)",
    "poses": {
    "standing": {
        "poseName": "standing",
        "transformTicks": 10,
        "poseTypes": [
        "STAND",
        "NONE",
        "PORTRAIT",
        "PROFILE"
        ],
        "isBattle": false,
        "animations": [
        "look",
        "bedrock(profector, ground_idle)"
        ]
    },
    "walking": {
        "poseName": "walking",
        "transformTicks": 10,
        "poseTypes": [ "WALK" ],
        "animations": [ "bedrock(profector, ground_walk)" ]
    },
    "battle-standing": {
        "poseName": "battle-standing",
        "transformTicks": 10,
        "poseTypes": ["STAND"],
        "isBattle": true,
        "animations": [ "bedrock(profector, battle_idle)" ]
    }
}
  }
    