{
	"format_version": "1.12.0",
	"minecraft:geometry": [
		{
			"description": {
				"identifier": "geometry.xenorena",
				"texture_width": 128,
				"texture_height": 128,
				"visible_bounds_width": 7,
				"visible_bounds_height": 5,
				"visible_bounds_offset": [0, 1.5, 0]
			},
			"bones": [
				{
					"name": "Xenorena",
					"pivot": [0, 0, 0]
				},
				{
					"name": "body",
					"parent": "Xenorena",
					"pivot": [0, 24.2, 0]
				},
				{
					"name": "torso",
					"parent": "body",
					"pivot": [0, 17, 0],
					"cubes": [
						{"origin": [-3.5, 15.7, -3], "size": [7, 11, 6], "uv": [94, 0]}
					]
				},
				{
					"name": "chest",
					"parent": "torso",
					"pivot": [0, 26.2, 0],
					"cubes": [
						{"origin": [-4.5, 26.2, -4], "size": [9, 6, 7], "inflate": 0.01, "uv": [0, 0]},
						{"origin": [1, 29.2, -1], "size": [2, 2, 12], "pivot": [0, 26.2, 0], "rotation": [10, 10, 0], "uv": [16, 84]},
						{"origin": [1, 27.2, -1], "size": [2, 2, 12], "pivot": [0, 26.2, 0], "rotation": [-5, 10, 0], "uv": [16, 84]},
						{"origin": [-3, 29.2, -1], "size": [2, 2, 12], "pivot": [0, 26.2, 0], "rotation": [10, -10, 0], "uv": [16, 84]},
						{"origin": [-3, 27.2, -1], "size": [2, 2, 12], "pivot": [0, 26.2, 0], "rotation": [-5, -10, 0], "uv": [16, 84]}
					]
				},
				{
					"name": "neck0",
					"parent": "chest",
					"pivot": [0, 31.95, -0.5]
				},
				{
					"name": "neck",
					"parent": "neck0",
					"pivot": [0, 30.7, 1.25],
					"cubes": [
						{"origin": [-2.5, 30.7, -3], "size": [5, 7, 5], "inflate": 0.01, "uv": [52, 19]}
					]
				},
				{
					"name": "head",
					"parent": "neck",
					"pivot": [0, 38.7, -0.5],
					"cubes": [
						{"origin": [-4, 37.7, -7.5], "size": [5, 3, 5], "inflate": 0.003, "pivot": [0, 37.7, -3.5], "rotation": [0, -45, 0], "uv": [27, 8]},
						{"origin": [-3, 38.7, -6.5], "size": [5, 3, 5], "inflate": 0.003, "pivot": [0, 37.7, -3.5], "rotation": [0, -45, 0], "uv": [27, 8]},
						{"origin": [-2, 38.7, -5.5], "size": [5, 4, 5], "inflate": 0.003, "pivot": [0, 37.7, -3.5], "rotation": [0, -45, 0], "uv": [27, 8]},
						{"origin": [-3.5, 37.7, -5.5], "size": [7, 3, 7.5], "inflate": 0.002, "uv": [46, 50]},
						{"origin": [-3, 37.7, -4.5], "size": [6, 4, 12], "inflate": 0.002, "uv": [89, 17]},
						{"origin": [-2.5, 38.7, -3.5], "size": [5, 4, 12], "inflate": 0.002, "uv": [89, 33]},
						{"origin": [-3.5, 35.7, -3.025], "size": [7, 3, 3], "inflate": -0.001, "uv": [0, 86]}
					]
				},
				{
					"name": "jaw",
					"parent": "head",
					"pivot": [0, 38.7, -1.25],
					"cubes": [
						{"origin": [-2.5, 35.7, -7.5], "size": [5, 2, 5], "inflate": -0.0265, "pivot": [0, 37.7, -5], "rotation": [0, -45, 0], "uv": [66, 37]},
						{"origin": [-3.5, 35.7, -5], "size": [7, 2, 4], "uv": [70, 0]}
					]
				},
				{
					"name": "toung",
					"parent": "jaw",
					"pivot": [0, 37.8, 1.2],
					"cubes": [
						{"origin": [-1, 37.02104, -4.16721], "size": [2, 2, 6], "inflate": -0.5, "uv": [55, 0]}
					]
				},
				{
					"name": "toung2",
					"parent": "toung",
					"pivot": [0, 36, 22],
					"cubes": [
						{"origin": [-1.5, 36.52104, -6.46721], "size": [3, 3, 3], "inflate": -0.5, "uv": [43, 0]}
					]
				},
				{
					"name": "arm_left",
					"parent": "chest",
					"pivot": [3.75, 29.7, -1],
					"cubes": [
						{"origin": [3.25, 27.7, -3], "size": [4, 4, 4], "uv": [72, 19]}
					]
				},
				{
					"name": "arm_left2",
					"parent": "arm_left",
					"pivot": [6.75, 29.2, -1],
					"cubes": [
						{"origin": [6.25, 28.2, -2], "size": [7, 2, 2], "uv": [25, 0]}
					]
				},
				{
					"name": "arm_left3",
					"parent": "arm_left2",
					"pivot": [12.75, 29.2, -1],
					"cubes": [
						{"origin": [12.25, 27.7, -2.5], "size": [10, 3, 3], "uv": [54, 31]}
					]
				},
				{
					"name": "hand_left",
					"parent": "arm_left3",
					"pivot": [22.25, 29.2, -1],
					"cubes": [
						{"origin": [21.25, 27.2, -2], "size": [5, 4, 2], "uv": [92, 61]},
						{"origin": [24.25, 31.4, -3.5], "size": [3, 1, 1], "pivot": [26.25, 30.2, -1], "rotation": [0, 27.5, -20], "uv": [16, 61]},
						{"origin": [26.25, 29.4, -1.3], "size": [3, 1, 1], "pivot": [26.25, 30.2, -1], "rotation": [0, 27.5, 0], "uv": [16, 61]},
						{"origin": [26.25, 28, -1.3], "size": [3, 1, 1], "pivot": [26.25, 30.2, -1], "rotation": [0, 27.5, 0], "uv": [16, 61]},
						{"origin": [26.25, 27, -1.5], "size": [3, 1, 1], "pivot": [26.25, 30.2, -1], "rotation": [0, 27.5, 0], "uv": [16, 61]},
						{"origin": [26.25, 30.2, -1.5], "size": [3, 1, 1], "pivot": [26.25, 30.2, -1], "rotation": [0, 27.5, 0], "uv": [16, 61]}
					]
				},
				{
					"name": "arm_right",
					"parent": "chest",
					"pivot": [-3.75, 29.7, -1],
					"cubes": [
						{"origin": [-7.25, 27.7, -3], "size": [4, 4, 4], "uv": [71, 71]}
					]
				},
				{
					"name": "arm_right2",
					"parent": "arm_right",
					"pivot": [-6.75, 29.2, -1],
					"cubes": [
						{"origin": [-13.25, 28.2, -2], "size": [7, 2, 2], "uv": [24, 17]}
					]
				},
				{
					"name": "arm_right3",
					"parent": "arm_right2",
					"pivot": [-12.75, 29.2, -1],
					"cubes": [
						{"origin": [-22.25, 27.7, -2.5], "size": [10, 3, 3], "uv": [0, 13]}
					]
				},
				{
					"name": "hand_right",
					"parent": "arm_right3",
					"pivot": [-22.25, 29.2, -1],
					"cubes": [
						{"origin": [-26.25, 27.2, -2], "size": [5, 4, 2], "uv": [92, 67]},
						{"origin": [-27.25, 31.4, -3.5], "size": [3, 1, 1], "pivot": [-26.25, 30.2, -1], "rotation": [0, -27.5, 20], "uv": [58, 13]},
						{"origin": [-29.25, 30.4, -1.5], "size": [3, 1, 1], "pivot": [-26.25, 30.2, -1], "rotation": [0, -27.5, 0], "uv": [58, 13]},
						{"origin": [-29.25, 29.4, -1.3], "size": [3, 1, 1], "pivot": [-26.25, 30.2, -1], "rotation": [0, -27.5, 0], "uv": [58, 13]},
						{"origin": [-29.25, 28, -1.3], "size": [3, 1, 1], "pivot": [-26.25, 30.2, -1], "rotation": [0, -27.5, 0], "uv": [58, 13]},
						{"origin": [-29.25, 27, -1.5], "size": [3, 1, 1], "pivot": [-26.25, 30.2, -1], "rotation": [0, -27.5, 0], "uv": [58, 13]}
					]
				},
				{
					"name": "tail",
					"parent": "torso",
					"pivot": [0, 15.7, -3],
					"rotation": [-45, 0, 0],
					"cubes": [
						{"origin": [-2.5, 17.7, -3], "size": [4, 4, 7], "uv": [0, 21]}
					]
				},
				{
					"name": "tail2",
					"parent": "tail",
					"pivot": [0, 18.7, 3.5],
					"cubes": [
						{"origin": [-2, 18.2, 2], "size": [3, 3, 7], "uv": [22, 22]}
					]
				},
				{
					"name": "tail3",
					"parent": "tail2",
					"pivot": [0, 18.7, 8.5],
					"cubes": [
						{"origin": [-2, 18.2, 7], "size": [3, 3, 7], "uv": [22, 22]}
					]
				},
				{
					"name": "tail4",
					"parent": "tail3",
					"pivot": [0, 18.7, 13.5],
					"cubes": [
						{"origin": [-1.5, 18.7, 12.75], "size": [2, 2, 6], "uv": [0, 32]}
					]
				},
				{
					"name": "tail5",
					"parent": "tail4",
					"pivot": [0, 18.7, 18.5],
					"cubes": [
						{"origin": [-1.5, 18.7, 18.75], "size": [2, 2, 6], "uv": [0, 32]}
					]
				},
				{
					"name": "tail6",
					"parent": "tail5",
					"pivot": [0, 18.7, 23.5],
					"cubes": [
						{"origin": [-1, 19.2, 23.75], "size": [1, 1, 5], "uv": [16, 34]}
					]
				},
				{
					"name": "tail7",
					"parent": "tail6",
					"pivot": [0, 18.7, 28.5],
					"cubes": [
						{"origin": [-1, 19.2, 27.75], "size": [1, 1, 5], "uv": [16, 34]},
						{"origin": [-0.5, 17.7, 29.5], "size": [0, 4, 12], "uv": [89, 37]}
					]
				},
				{
					"name": "leg_left0",
					"parent": "body",
					"pivot": [3, 16.2, 0.25],
					"rotation": [0, 0, -15]
				},
				{
					"name": "leg_left1",
					"parent": "leg_left0",
					"pivot": [3, 16.2, 0.25],
					"rotation": [-35, -15, 0],
					"cubes": [
						{"origin": [2, 7.7, -1.75], "size": [4, 11, 4], "uv": [16, 40]}
					]
				},
				{
					"name": "leg_left2",
					"parent": "leg_left1",
					"pivot": [4, 8.2, -0.25],
					"rotation": [50, 0, 15],
					"cubes": [
						{"origin": [2.5, 4.7, -0.75], "size": [3, 4, 3], "uv": [28, 77]},
						{"origin": [2.5, -2.3, -0.75], "size": [3, 7, 4], "uv": [14, 71]}
					]
				},
				{
					"name": "foot_left",
					"parent": "leg_left2",
					"pivot": [4, -2.3, 3.25],
					"rotation": [15, 0, 2.5],
					"cubes": [
						{"origin": [2, -2.3, 0.25], "size": [4, 3, 3], "uv": [51, 75]}
					]
				},
				{
					"name": "foot_left2",
					"parent": "foot_left",
					"pivot": [4, -2.3, 0.25],
					"rotation": [-30, 0, 0],
					"cubes": [
						{"origin": [1.5, -2.3, -3.75], "size": [5, 3, 4], "uv": [36, 70]},
						{"origin": [2.5, -2.3, -7.75], "size": [0, 3, 4], "pivot": [2.5, -0.8, -3.75], "rotation": [0, 10, 0], "uv": [65, 75]},
						{"origin": [4, -2.3, -7.75], "size": [0, 3, 4], "uv": [37, 73]},
						{"origin": [5.5, -2.3, -7.75], "size": [0, 3, 4], "pivot": [5.5, -0.8, -3.75], "rotation": [0, -10, 0], "uv": [72, 23]}
					]
				},
				{
					"name": "leg_right0",
					"parent": "body",
					"pivot": [-3, 16.2, 0.25],
					"rotation": [0, 0, 15]
				},
				{
					"name": "leg_right1",
					"parent": "leg_right0",
					"pivot": [-3, 16.2, 0.25],
					"rotation": [-35, 15, 0],
					"cubes": [
						{"origin": [-6, 7.7, -1.75], "size": [4, 11, 4], "uv": [0, 40]}
					]
				},
				{
					"name": "leg_right2",
					"parent": "leg_right1",
					"pivot": [-4, 8.2, -0.25],
					"rotation": [50, 0, -15],
					"cubes": [
						{"origin": [-5.5, 4.7, -0.75], "size": [3, 4, 3], "uv": [77, 27]},
						{"origin": [-5.5, -2.3, -0.75], "size": [3, 7, 4], "uv": [68, 8]}
					]
				},
				{
					"name": "foot_right",
					"parent": "leg_right2",
					"pivot": [-4, -2.3, 3.25],
					"rotation": [15, 0, -2.5],
					"cubes": [
						{"origin": [-6, -2.3, 0.25], "size": [4, 3, 3], "uv": [74, 54]}
					]
				},
				{
					"name": "foot_right2",
					"parent": "foot_right",
					"pivot": [-4, -2.3, 0.25],
					"rotation": [-30, 0, 0],
					"cubes": [
						{"origin": [-6.5, -2.3, -3.75], "size": [5, 3, 4], "uv": [69, 47]},
						{"origin": [-2.5, -2.3, -7.75], "size": [0, 3, 4], "pivot": [-2.5, -0.8, -3.75], "rotation": [0, -10, 0], "uv": [68, 50]},
						{"origin": [-4, -2.3, -7.75], "size": [0, 3, 4], "uv": [32, 67]},
						{"origin": [-5.5, -2.3, -7.75], "size": [0, 3, 4], "pivot": [-5.5, -0.8, -3.75], "rotation": [0, 10, 0], "uv": [24, 67]}
					]
				}
			]
		}
	]
}