{
    "parent": "block/bedrock",
    "overrides": [
    {"predicate": {"custom_model_data": 100},"model": "sables:item/kyber_azul"},
    {"predicate": {"custom_model_data": 101},"model": "sables:item/kyber_inactivo"},
    {"predicate": {"custom_model_data": 102},"model": "sables:item/kyber_amarillo"},
    {"predicate": {"custom_model_data": 103},"model": "sables:item/kyber_morado"},
    {"predicate": {"custom_model_data": 104},"model": "sables:item/kyber_naranja"},
    {"predicate": {"custom_model_data": 105},"model": "sables:item/kyber_negro"},
    {"predicate": {"custom_model_data": 106},"model": "sables:item/kyber_puro"},
    {"predicate": {"custom_model_data": 107},"model": "sables:item/kyber_puro2"},
    {"predicate": {"custom_model_data": 108},"model": "sables:item/kyber_rojo"},
    {"predicate": {"custom_model_data": 109},"model": "sables:item/kyber_verde"}
    ]
}
