
{
  "species": "cobblemon:metroid",
  "order": 0,
  "variations": [
    {
      "aspects": [],
      "poser": "cobblemon:metroid",
      "model": "cobblemon:metroid.geo",
      "texture": "cobblemon:textures/pokemon/metroid/metroid.png",
      "layers": [
	{
		"name": "emissive",
		"emissive": true,
		"texture": "cobblemon:textures/pokemon/metroid/metroid_glowing.png"
	}	
		]
    },
    {
      "aspects": [ "shiny" ],
      "texture": "cobblemon:textures/pokemon/metroid/metroid_shiny.png",
	"layers": [
	{
		"name": "emissive",
		"emissive": true,
		"texture": "cobblemon:textures/pokemon/metroid/metroid_shiny_glowing.png"
	}	
		]
    }
    
  ]
}
