
{
    "head": "head",
    "portraitScale": 1.5,
    "portraitTranslation": [ 0, -0.5, 0 ],
    "profileScale": 0.8,
    "profileTranslation": [ 0, 0.4, 0 ],
    "faint": "bedrock(grogu, faint)",
    "poses": {
    "standing": {
        "poseName": "standing",
        "transformTicks": 10,
        "poseTypes": [
        "STAND",
        "NONE",
        "PORTRAIT",
        "PROFILE"
        ],
        "animations": [
        "look",
        "bedrock(grogu, ground_idle)"
        ]
    },
    "walking": {
        "poseName": "walking",
        "transformTicks": 10,
        "poseTypes": [ "WALK" ],
        "animations": [ "bedrock(grogu, ground_walk)" ]
    },
    "shoulder_left": {
        "poseName": "shoulder_left",
        "transformTicks": 10,
        "poseTypes": ["SHOULDER_LEFT"],
        "animations":["bedrock(grogu, left_shoulder)"]
      },
      "shoulder_right": {
        "poseName": "shoulder_right",
        "transformTicks": 10,
        "poseTypes": ["SHOULDER_RIGHT"],
        "animations":["bedrock(grogu, right_shoulder)"]
      }
  }
}
    