{
  "implemented": true,
  "name": "Togekiss",
  "nationalPokedexNumber": 468,
  "primaryType": "fairy",
  "secondaryType": "flying",
  "abilities": [
    "hustle",
    "serenegrace",
    "h:superluck"
  ],
  "baseStats": {
    "hp": 85,
    "attack": 50,
    "defence": 95,
    "special_attack": 120,
    "special_defence": 115,
    "speed": 80
  },
  "catchRate": 30,
  "maleRatio": 0.875,
  "shoulderMountable": false,
  "baseExperienceYield": 273,
  "experienceGroup": "fast",
  "eggCycles": 10,
  "eggGroups": [
    "flying",
    "fairy"
  ],
  "moves": [
    "1:afteryou",
    "1:airslash",
    "1:ancientpower",
    "1:aurasphere",
    "1:batonpass",
    "1:charm",
    "1:doubleedge",
    "1:extremespeed",
    "1:fairywind",
    "1:followme",
    "1:growl",
    "1:lastresort",
    "1:lifedew",
    "1:metronome",
    "1:pound",
    "1:safeguard",
    "1:skyattack",
    "1:sweetkiss",
    "1:triattack",
    "1:wish",
    "1:yawn",
    "tm:aerialace",
    "tm:airslash",
    "tm:allyswitch",
    "tm:amnesia",
    "tm:attract",
    "tm:aurasphere",
    "tm:batonpass",
    "tm:bodyslam",
    "tm:brickbreak",
    "tm:captivate",
    "tm:charm",
    "tm:confide",
    "tm:dazzlinggleam",
    "tm:defog",
    "tm:doubleteam",
    "tm:drainingkiss",
    "tm:drainpunch",
    "tm:dreameater",
    "tm:echoedvoice",
    "tm:encore",
    "tm:endure",
    "tm:facade",
    "tm:fireblast",
    "tm:flamethrower",
    "tm:flash",
    "tm:fling",
    "tm:fly",
    "tm:focuspunch",
    "tm:frustration",
    "tm:futuresight",
    "tm:gigaimpact",
    "tm:grassknot",
    "tm:heatwave",
    "tm:helpinghand",
    "tm:hiddenpower",
    "tm:hyperbeam",
    "tm:hypervoice",
    "tm:imprison",
    "tm:incinerate",
    "tm:lightscreen",
    "tm:magicalleaf",
    "tm:megakick",
    "tm:megapunch",
    "tm:metronome",
    "tm:mysticalfire",
    "tm:nastyplot",
    "tm:naturalgift",
    "tm:playrough",
    "tm:pluck",
    "tm:protect",
    "tm:psychic",
    "tm:psychup",
    "tm:psyshock",
    "tm:raindance",
    "tm:reflect",
    "tm:rest",
    "tm:retaliate",
    "tm:return",
    "tm:rocksmash",
    "tm:roost",
    "tm:round",
    "tm:safeguard",
    "tm:secretpower",
    "tm:shadowball",
    "tm:shockwave",
    "tm:silverwind",
    "tm:sleeptalk",
    "tm:smartstrike",
    "tm:snore",
    "tm:solarbeam",
    "tm:steelwing",
    "tm:storedpower",
    "tm:substitute",
    "tm:sunnyday",
    "tm:swagger",
    "tm:swift",
    "tm:telekinesis",
    "tm:thunderwave",
    "tm:toxic",
    "tm:triattack",
    "tm:trick",
    "tm:uproar",
    "tm:waterpulse",
    "tm:workup",
    "tm:zenheadbutt",
    "tutor:afteryou",
    "tutor:aircutter",
    "tutor:airslash",
    "tutor:ancientpower",
    "tutor:aurasphere",
    "tutor:covet",
    "tutor:defog",
    "tutor:drainpunch",
    "tutor:dualwingbeat",
    "tutor:endeavor",
    "tutor:extremespeed",
    "tutor:focuspunch",
    "tutor:headbutt",
    "tutor:healbell",
    "tutor:heatwave",
    "tutor:hypervoice",
    "tutor:laserfocus",
    "tutor:lastresort",
    "tutor:magiccoat",
    "tutor:mudslap",
    "tutor:ominouswind",
    "tutor:present",
    "tutor:rollout",
    "tutor:roost",
    "tutor:shockwave",
    "tutor:signalbeam",
    "tutor:skyattack",
    "tutor:sleeptalk",
    "tutor:snore",
    "tutor:swift",
    "tutor:tailwind",
    "tutor:telekinesis",
    "tutor:trick",
    "tutor:twister",
    "tutor:waterpulse",
    "tutor:zenheadbutt"
  ],
  "labels": [
    "gen4"
  ],
  "pokedex": [
    "cobblemon.species.togekiss.desc"
  ],
  "preEvolution": "togetic",
  "evolutions": [],
  "baseScale": 1,
  "hitbox": {
    "width": 1,
    "height": 1.75,
    "fixed": false
  },
  "baseFriendship": 50,
  "evYield": {
    "hp": 0,
    "attack": 0,
    "defence": 0,
    "special_attack": 2,
    "special_defence": 1,
    "speed": 0
  },
  "height": 15,
  "weight": 380,
  "aspects": [],
  "cannotDynamax": false
}