{
	"credit": "Made with Blockbench",
	"texture_size": [8, 16],
	"textures": {
		"0": "block/vacio",
		"particle": "block/vacio"
	},
	"elements": [
		{
			"name": "nucleo0",
			"from": [7, 7, 7],
			"to": [9, 9, 9],
			"light_emission": 15,
			"rotation": {"angle": 0, "axis": "y", "origin": [7, 7, 7]},
			"faces": {
				"north": {"uv": [0, 0, 16, 8], "texture": "#0"},
				"east": {"uv": [0, 0, 16, 8], "texture": "#0"},
				"south": {"uv": [0, 0, 16, 8], "texture": "#0"},
				"west": {"uv": [0, 0, 16, 8], "texture": "#0"},
				"up": {"uv": [16, 8, 0, 0], "texture": "#0"},
				"down": {"uv": [16, 0, 0, 8], "texture": "#0"}
			}
		},
		{
			"name": "vacio",
			"from": [10, 10, 10],
			"to": [6, 6, 6],
			"rotation": {"angle": 0, "axis": "y", "origin": [7, 7, 7]},
			"faces": {
				"north": {"uv": [16, 10.5, 0, 8.5], "texture": "#0"},
				"east": {"uv": [16, 13.5, 0, 11.5], "texture": "#0"},
				"south": {"uv": [16, 9.5, 0, 11.5], "texture": "#0"},
				"west": {"uv": [16, 12.5, 0, 10.5], "texture": "#0"},
				"up": {"uv": [0, 9.5, 15, 11.5], "texture": "#0"},
				"down": {"uv": [0, 13, 16, 11], "texture": "#0"}
			}
		}
	],
	"display": {
		"thirdperson_righthand": {
			"rotation": [75, 45, 0],
			"translation": [0, 2.75, 0],
			"scale": [0.9, 0.9, 0.9]
		},
		"thirdperson_lefthand": {
			"rotation": [75, 45, 0],
			"translation": [0, 2.75, 0],
			"scale": [0.9, 0.9, 0.9]
		},
		"firstperson_righthand": {
			"rotation": [0, 45, 0],
			"translation": [1, 2.75, 0],
			"scale": [0.9, 0.9, 0.9]
		},
		"firstperson_lefthand": {
			"rotation": [0, 225, 0],
			"translation": [1, 2.5, 0],
			"scale": [0.9, 0.9, 0.9]
		},
		"ground": {
			"translation": [0, 3.5, 0],
			"scale": [1.69, 1.69, 1.69]
		},
		"gui": {
			"rotation": [30, 225, 0],
			"scale": [4, 4, 4]
		},
		"head": {
			"scale": [4, 4, 4]
		},
		"fixed": {
			"translation": [0, 0, -9],
			"scale": [2.97, 2.97, 2.97]
		}
	}
}