{
	"format_version": "1.21.6",
	"credit": "Made with Blockbench",
	"textures": {
		"3": "item/ancient",
		"4": "item/ancient_anim"
	},
	"elements": [
		{
			"from": [4, 13, 7],
			"to": [6, 17, 9],
			"rotation": {"angle": 0, "axis": "y", "origin": [8, 4.25, 8]},
			"faces": {
				"north": {"uv": [9.5, 4, 10, 5], "texture": "#3"},
				"east": {"uv": [9.5, 5, 10, 6], "texture": "#3"},
				"south": {"uv": [9.5, 6, 10, 7], "texture": "#3"},
				"west": {"uv": [9.5, 3, 10, 4], "texture": "#3"},
				"up": {"uv": [10.75, 1.5, 10.25, 1], "rotation": 270, "texture": "#3"},
				"down": {"uv": [10.75, 1.5, 10.25, 2], "rotation": 90, "texture": "#3"}
			}
		},
		{
			"from": [10, 13, 7],
			"to": [12, 17, 9],
			"rotation": {"angle": 0, "axis": "y", "origin": [8, 4.25, 8]},
			"faces": {
				"north": {"uv": [2, 9.75, 2.5, 10.75], "texture": "#3"},
				"east": {"uv": [2.5, 9.75, 3, 10.75], "texture": "#3"},
				"south": {"uv": [3, 9.75, 3.5, 10.75], "texture": "#3"},
				"west": {"uv": [1.5, 9.75, 2, 10.75], "texture": "#3"},
				"up": {"uv": [10.75, 2.5, 10.25, 2], "rotation": 270, "texture": "#3"},
				"down": {"uv": [10.75, 2.5, 10.25, 3], "rotation": 90, "texture": "#3"}
			}
		},
		{
			"from": [4, 17, 7],
			"to": [12, 19, 9],
			"rotation": {"angle": 0, "axis": "y", "origin": [8, 4.25, 8]},
			"faces": {
				"north": {"uv": [6.5, 8.5, 8.5, 9], "texture": "#3"},
				"east": {"uv": [10.25, 0.5, 10.75, 1], "texture": "#3"},
				"south": {"uv": [8.5, 8.5, 10.5, 9], "texture": "#3"},
				"west": {"uv": [10.25, 0, 10.75, 0.5], "texture": "#3"},
				"up": {"uv": [9.5, 2, 9, 0], "rotation": 270, "texture": "#3"},
				"down": {"uv": [9.5, 2, 9, 4], "rotation": 90, "texture": "#3"}
			}
		},
		{
			"from": [4, 11, 7],
			"to": [7, 13, 9],
			"rotation": {"angle": 0, "axis": "y", "origin": [8, 4.25, 8]},
			"faces": {
				"north": {"uv": [9.5, 7, 10.25, 7.5], "texture": "#3"},
				"east": {"uv": [5.25, 10.25, 5.75, 10.75], "texture": "#3"},
				"south": {"uv": [3.5, 9.75, 4.25, 10.25], "texture": "#3"},
				"west": {"uv": [3.5, 10.25, 4, 10.75], "texture": "#3"},
				"up": {"uv": [4.75, 10.5, 4.25, 9.75], "rotation": 270, "texture": "#3"},
				"down": {"uv": [5.25, 9.75, 4.75, 10.5], "rotation": 90, "texture": "#3"}
			}
		},
		{
			"from": [9, 11, 7],
			"to": [12, 13, 9],
			"rotation": {"angle": 0, "axis": "y", "origin": [8, 4.25, 8]},
			"faces": {
				"north": {"uv": [5.25, 9.75, 6, 10.25], "texture": "#3"},
				"east": {"uv": [7, 10.25, 7.5, 10.75], "texture": "#3"},
				"south": {"uv": [9.75, 7.5, 10.5, 8], "texture": "#3"},
				"west": {"uv": [6.5, 10.25, 7, 10.75], "texture": "#3"},
				"up": {"uv": [6.5, 10.5, 6, 9.75], "rotation": 270, "texture": "#3"},
				"down": {"uv": [9.5, 9.75, 9, 10.5], "rotation": 90, "texture": "#3"}
			}
		},
		{
			"from": [7, -7, 7],
			"to": [9, 8, 9],
			"rotation": {"angle": 0, "axis": "y", "origin": [8, 4.25, 8]},
			"faces": {
				"north": {"uv": [0.5, 8.5, 1, 12.25], "texture": "#3", "tintindex": 0},
				"east": {"uv": [1, 8.5, 0.5, 12.25], "texture": "#3", "tintindex": 0},
				"south": {"uv": [0.5, 8.5, 1, 12.25], "texture": "#3", "tintindex": 0},
				"west": {"uv": [1, 8.5, 0.5, 12.25], "texture": "#3", "tintindex": 0},
				"up": {"uv": [10.75, 7.5, 10.25, 7], "rotation": 270, "texture": "#3", "tintindex": 0},
				"down": {"uv": [8, 10.25, 7.5, 10.75], "rotation": 90, "texture": "#3", "tintindex": 0}
			}
		},
		{
			"from": [6.75, -4, 6.75],
			"to": [9.25, -1.75, 9.25],
			"rotation": {"angle": 0, "axis": "y", "origin": [8, 4.25, 8]},
			"faces": {
				"north": {"uv": [10, 6, 10.5, 6.5], "texture": "#3"},
				"east": {"uv": [10, 5.5, 10.5, 6], "texture": "#3"},
				"south": {"uv": [10, 6.5, 10.5, 7], "texture": "#3"},
				"west": {"uv": [10, 5.5, 10.5, 6], "texture": "#3"},
				"up": {"uv": [10, 2.25, 9.5, 1.5], "rotation": 270, "texture": "#3"},
				"down": {"uv": [10, 2.25, 9.5, 3], "rotation": 90, "texture": "#3"}
			}
		},
		{
			"from": [6.75, 5, 6.75],
			"to": [9.25, 7.25, 9.25],
			"rotation": {"angle": 0, "axis": "y", "origin": [8, 4.25, 8]},
			"faces": {
				"north": {"uv": [10, 6, 10.5, 6.5], "texture": "#3"},
				"east": {"uv": [10, 5.5, 10.5, 6], "texture": "#3"},
				"south": {"uv": [10, 6.5, 10.5, 7], "texture": "#3"},
				"west": {"uv": [10, 5.5, 10.5, 6], "texture": "#3"},
				"up": {"uv": [10, 2.25, 9.5, 1.5], "rotation": 270, "texture": "#3"},
				"down": {"uv": [10, 2.25, 9.5, 3], "rotation": 90, "texture": "#3"}
			}
		},
		{
			"from": [6.5, 8, 6.5],
			"to": [9.5, 10, 9.5],
			"rotation": {"angle": 0, "axis": "y", "origin": [8, 4.25, 8]},
			"faces": {
				"north": {"uv": [9.75, 9, 10.5, 9.5], "texture": "#3"},
				"east": {"uv": [9.5, 9.75, 10.25, 10.25], "texture": "#3"},
				"south": {"uv": [10, 3, 10.75, 3.5], "texture": "#3"},
				"west": {"uv": [9.75, 8, 10.5, 8.5], "texture": "#3"},
				"up": {"uv": [9.75, 8.5, 9, 7.75], "rotation": 270, "texture": "#3"},
				"down": {"uv": [9.75, 9, 9, 9.75], "rotation": 90, "texture": "#3"}
			}
		},
		{
			"from": [6.5, -8, 6.5],
			"to": [9.5, -6, 9.5],
			"rotation": {"angle": 0, "axis": "y", "origin": [8, 4.25, 8]},
			"faces": {
				"north": {"uv": [10, 4, 10.75, 4.5], "texture": "#3"},
				"east": {"uv": [10, 4.5, 10.75, 5], "texture": "#3"},
				"south": {"uv": [10, 5, 10.75, 5.5], "texture": "#3"},
				"west": {"uv": [10, 3.5, 10.75, 4], "texture": "#3"},
				"up": {"uv": [10.25, 0.75, 9.5, 0], "rotation": 270, "texture": "#3"},
				"down": {"uv": [10.25, 0.75, 9.5, 1.5], "rotation": 90, "texture": "#3"}
			}
		},
		{
			"from": [7, 13.6014, 7.5],
			"to": [9, 15.6014, 8.5],
			"rotation": {"angle": 45, "axis": "z", "origin": [8, 14.6014, 8]},
			"faces": {
				"north": {"uv": [4.25, 11.25, 4.75, 11.75], "texture": "#3", "tintindex": 0},
				"east": {"uv": [4.25, 11.25, 4.5, 11.75], "texture": "#3", "tintindex": 0},
				"south": {"uv": [4.25, 11.25, 4.75, 11.75], "rotation": 90, "texture": "#3", "tintindex": 0},
				"west": {"uv": [4.25, 11.5, 4.5, 11.75], "texture": "#3", "tintindex": 0},
				"up": {"uv": [4.5, 11.75, 4.25, 11.25], "rotation": 270, "texture": "#3", "tintindex": 0},
				"down": {"uv": [4.5, 11.5, 4.25, 11.75], "rotation": 90, "texture": "#3", "tintindex": 0}
			}
		},
		{
			"from": [5.5, -11.97272, 7],
			"to": [10.5, -6.97272, 9],
			"rotation": {"angle": -45, "axis": "z", "origin": [8, -9.47272, 8]},
			"faces": {
				"north": {"uv": [1.5, 8.5, 2.75, 9.75], "texture": "#3"},
				"east": {"uv": [9, 5.25, 9.5, 6.5], "texture": "#3"},
				"south": {"uv": [2.75, 8.5, 4, 9.75], "texture": "#3"},
				"west": {"uv": [9, 4, 9.5, 5.25], "texture": "#3"},
				"up": {"uv": [7, 10.25, 6.5, 9], "rotation": 270, "texture": "#3"},
				"down": {"uv": [9.5, 6.5, 9, 7.75], "rotation": 90, "texture": "#3"}
			}
		},
		{
			"from": [6.48995, 9.87652, 6.495],
			"to": [11.48995, 14.87652, 9.505],
			"rotation": {"angle": -45, "axis": "z", "origin": [8, 13.36647, 8]},
			"faces": {
				"north": {"uv": [6.5, 8.5, 5.25, 9.75], "texture": "#3"},
				"east": {"uv": [7.5, 9, 8, 10.25], "texture": "#3"},
				"south": {"uv": [5.25, 8.5, 6.5, 9.75], "texture": "#3"},
				"west": {"uv": [7, 9, 7.5, 10.25], "texture": "#3"},
				"up": {"uv": [8.5, 10.25, 8, 9], "rotation": 270, "texture": "#3"},
				"down": {"uv": [9, 9, 8.5, 10.25], "rotation": 90, "texture": "#3"}
			}
		},
		{
			"from": [9.51005, 16.85642, 9.505],
			"to": [4.51005, 11.85642, 6.495],
			"rotation": {"angle": -45, "axis": "z", "origin": [8, 13.36647, 8]},
			"faces": {
				"north": {"uv": [6, 12, 7.25, 10.75], "texture": "#3"},
				"east": {"uv": [7.75, 12.5, 8.25, 11.25], "texture": "#3"},
				"south": {"uv": [7.25, 12, 6, 10.75], "texture": "#3"},
				"west": {"uv": [8.25, 12.5, 8.75, 11.25], "texture": "#3"},
				"up": {"uv": [9.25, 11.25, 9.75, 12.5], "rotation": 270, "texture": "#3"},
				"down": {"uv": [8.75, 12.5, 9.25, 11.25], "rotation": 90, "texture": "#3"}
			}
		},
		{
			"from": [-1, -10, 8],
			"to": [17, 7, 8],
			"rotation": {"angle": 0, "axis": "y", "origin": [8, 4.25, 8]},
			"faces": {
				"north": {"uv": [0, 4.25, 4.5, 8.5], "texture": "#3"},
				"east": {"uv": [0, 0, 0, 8.5], "texture": "#3"},
				"south": {"uv": [0, 4.25, 4.5, 8.5], "texture": "#3"},
				"west": {"uv": [0, 0, 0, 8.5], "texture": "#3"},
				"up": {"uv": [0, 4.5, 0, 0], "rotation": 270, "texture": "#3"},
				"down": {"uv": [0, 0, 0, 4.5], "rotation": 90, "texture": "#3"}
			}
		},
		{
			"from": [-4, 4, 8],
			"to": [20, 27, 8],
			"rotation": {"angle": 0, "axis": "y", "origin": [8, 4.25, 8]},
			"faces": {
				"north": {"uv": [0, 0, 12, 11.5], "texture": "#4"},
				"east": {"uv": [0, 0, 0, 8.5], "texture": "#4"},
				"south": {"uv": [0, 0, 12, 11.5], "texture": "#4"},
				"west": {"uv": [0, 0, 0, 8.5], "texture": "#4"},
				"up": {"uv": [0, 9, 0, 0], "rotation": 270, "texture": "#4"},
				"down": {"uv": [0, 0, 0, 9], "rotation": 90, "texture": "#4"}
			}
		}
	],
	"gui_light": "front",
	"display": {
		"thirdperson_righthand": {
			"rotation": [60.91, 32.49, -25.98],
			"translation": [4.5, 4.75, 6],
			"scale": [0.90625, 0.90625, 0.90625]
		},
		"thirdperson_lefthand": {
			"rotation": [60.91, 32.49, -25.98],
			"translation": [4.5, 4.75, 6],
			"scale": [0.90625, 0.90625, 0.90625]
		},
		"firstperson_righthand": {
			"rotation": [-165.87, 77.19, 152.62],
			"translation": [11.5, 3, -7.75],
			"scale": [0.66016, 0.66016, 0.66016]
		},
		"firstperson_lefthand": {
			"rotation": [-165.87, 77.19, 152.62],
			"translation": [11.5, 3, -7.75],
			"scale": [0.66016, 0.66016, 0.66016]
		},
		"ground": {
			"translation": [0, 4.25, 0],
			"scale": [0.43945, 0.43945, 0.43945]
		},
		"gui": {
			"rotation": [-1.43, -12.31, -44.3],
			"translation": [0.25, -0.25, 0],
			"scale": [0.41955, 0.41955, 0.41955]
		},
		"head": {
			"rotation": [0, 3.25, 0],
			"translation": [0, 4.25, 0],
			"scale": [1.6, 1.6, 1.6]
		}
	}
}