{
	"credit": "Made with Blockbench",
	"textures": {
		"0": "block/game_room_1",
		"particle": "block/game_room_1"
	},
	"elements": [
		{
			"from": [-14, 6, -2],
			"to": [14, 16, -1],
			"rotation": {"angle": 0, "axis": "y", "origin": [8, 0, 0]},
			"faces": {
				"north": {"uv": [7.25, 6.875, 10.75, 8.125], "texture": "#0", "tintindex": 0},
				"south": {"uv": [12.25, 14.625, 15.75, 15.875], "texture": "#0"},
				"up": {"uv": [8.25, 9.125, 8.375, 9.25], "rotation": 90, "texture": "#0", "tintindex": 0},
				"down": {"uv": [8.25, 9.125, 8.375, 9.25], "rotation": 90, "texture": "#0", "tintindex": 0}
			}
		},
		{
			"from": [14, 6, -2],
			"to": [16, 16, 18],
			"rotation": {"angle": 0, "axis": "y", "origin": [8, 0, 0]},
			"faces": {
				"north": {"uv": [7.25, 6.875, 7, 8.125], "texture": "#0", "tintindex": 0},
				"east": {"uv": [10.75, 8.125, 8.25, 9.375], "texture": "#0", "tintindex": 0},
				"south": {"uv": [7, 6.875, 7.25, 8.125], "texture": "#0", "tintindex": 0},
				"west": {"uv": [8.25, 9.625, 10.75, 10.875], "texture": "#0"},
				"up": {"uv": [10.75, 9.625, 8.25, 9.375], "rotation": 90, "texture": "#0", "tintindex": 0},
				"down": {"uv": [10.75, 9.625, 8.25, 9.375], "rotation": 90, "texture": "#0", "tintindex": 0}
			}
		},
		{
			"from": [-14, 6, -1],
			"to": [14, 13, 17],
			"rotation": {"angle": 0, "axis": "y", "origin": [8, 0, 0]},
			"faces": {
				"up": {"uv": [7.75, 3, 10, 6.5], "rotation": 90, "texture": "#0"},
				"down": {"uv": [8.25, 11.625, 6, 8.125], "rotation": 90, "texture": "#0", "tintindex": 0}
			}
		},
		{
			"from": [-0.5, 12.51, -1],
			"to": [0.5, 12.51, 5],
			"rotation": {"angle": 0, "axis": "y", "origin": [8, -0.5, 0]},
			"faces": {
				"up": {"uv": [9.25, 6.5, 10, 6.625], "rotation": 90, "texture": "#0"},
				"down": {"uv": [9.25, 6.5, 10, 6.625], "rotation": 90, "texture": "#0"}
			}
		},
		{
			"from": [-0.5, 12.51, 11],
			"to": [0.5, 12.51, 17],
			"rotation": {"angle": 0, "axis": "y", "origin": [8, -0.5, 0]},
			"faces": {
				"up": {"uv": [9.25, 6.5, 10, 6.625], "rotation": 90, "texture": "#0"},
				"down": {"uv": [9.25, 6.5, 10, 6.625], "rotation": 90, "texture": "#0"}
			}
		},
		{
			"from": [-15, 0, 14],
			"to": [-12, 6, 17],
			"rotation": {"angle": 0, "axis": "y", "origin": [8, 0, 0]},
			"faces": {
				"north": {"uv": [9, 11.25, 8.25, 10.875], "rotation": 90, "texture": "#0", "tintindex": 0},
				"east": {"uv": [9, 10.875, 8.25, 11.25], "rotation": 90, "texture": "#0", "tintindex": 0},
				"south": {"uv": [9, 11.25, 8.25, 10.875], "rotation": 90, "texture": "#0", "tintindex": 0},
				"west": {"uv": [9, 10.875, 8.25, 11.25], "rotation": 90, "texture": "#0", "tintindex": 0},
				"up": {"uv": [8.25, 11.125, 8.375, 11.25], "rotation": 90, "texture": "#0", "tintindex": 0},
				"down": {"uv": [8.25, 11.125, 8.375, 11.25], "rotation": 90, "texture": "#0", "tintindex": 0}
			}
		},
		{
			"from": [-15, 0, -1],
			"to": [-12, 6, 2],
			"rotation": {"angle": 0, "axis": "y", "origin": [8, 0, 16]},
			"faces": {
				"north": {"uv": [9, 10.875, 8.25, 11.25], "rotation": 90, "texture": "#0", "tintindex": 0},
				"east": {"uv": [9, 11.25, 8.25, 10.875], "rotation": 90, "texture": "#0", "tintindex": 0},
				"south": {"uv": [9, 10.875, 8.25, 11.25], "rotation": 90, "texture": "#0", "tintindex": 0},
				"west": {"uv": [9, 11.25, 8.25, 10.875], "rotation": 90, "texture": "#0", "tintindex": 0},
				"up": {"uv": [8.375, 11.125, 8.25, 11.25], "rotation": 90, "texture": "#0", "tintindex": 0},
				"down": {"uv": [8.375, 11.125, 8.25, 11.25], "rotation": 90, "texture": "#0", "tintindex": 0}
			}
		},
		{
			"from": [12, 0, 14],
			"to": [15, 6, 17],
			"rotation": {"angle": 0, "axis": "y", "origin": [-8, 0, 0]},
			"faces": {
				"north": {"uv": [9, 10.875, 8.25, 11.25], "rotation": 90, "texture": "#0", "tintindex": 0},
				"east": {"uv": [9, 11.25, 8.25, 10.875], "rotation": 90, "texture": "#0", "tintindex": 0},
				"south": {"uv": [9, 10.875, 8.25, 11.25], "rotation": 90, "texture": "#0", "tintindex": 0},
				"west": {"uv": [9, 11.25, 8.25, 10.875], "rotation": 90, "texture": "#0", "tintindex": 0},
				"up": {"uv": [8.25, 11.25, 8.375, 11.125], "rotation": 90, "texture": "#0", "tintindex": 0},
				"down": {"uv": [8.25, 11.25, 8.375, 11.125], "rotation": 90, "texture": "#0", "tintindex": 0}
			}
		},
		{
			"from": [12, 0, -1],
			"to": [15, 6, 2],
			"rotation": {"angle": 0, "axis": "y", "origin": [-8, 0, 16]},
			"faces": {
				"north": {"uv": [9, 11.25, 8.25, 10.875], "rotation": 90, "texture": "#0", "tintindex": 0},
				"east": {"uv": [9, 10.875, 8.25, 11.25], "rotation": 90, "texture": "#0", "tintindex": 0},
				"south": {"uv": [9, 11.25, 8.25, 10.875], "rotation": 90, "texture": "#0", "tintindex": 0},
				"west": {"uv": [9, 10.875, 8.25, 11.25], "rotation": 90, "texture": "#0", "tintindex": 0},
				"up": {"uv": [8.375, 11.25, 8.25, 11.125], "rotation": 90, "texture": "#0", "tintindex": 0},
				"down": {"uv": [8.375, 11.25, 8.25, 11.125], "rotation": 90, "texture": "#0", "tintindex": 0}
			}
		},
		{
			"from": [-16, 6, -2],
			"to": [-14, 16, 18],
			"rotation": {"angle": 0, "axis": "y", "origin": [8, 0, 0]},
			"faces": {
				"north": {"uv": [7, 6.875, 7.25, 8.125], "texture": "#0", "tintindex": 0},
				"east": {"uv": [8.25, 9.625, 10.75, 10.875], "texture": "#0"},
				"south": {"uv": [7.25, 6.875, 7, 8.125], "texture": "#0", "tintindex": 0},
				"west": {"uv": [10.75, 8.125, 8.25, 9.375], "texture": "#0", "tintindex": 0},
				"up": {"uv": [10.75, 9.375, 8.25, 9.625], "rotation": 90, "texture": "#0", "tintindex": 0},
				"down": {"uv": [10.75, 9.625, 8.25, 9.375], "rotation": 270, "texture": "#0", "tintindex": 0}
			}
		},
		{
			"from": [-14, 6, 17],
			"to": [14, 16, 18],
			"rotation": {"angle": 0, "axis": "y", "origin": [8, 0, 0]},
			"faces": {
				"north": {"uv": [12.25, 14.625, 15.75, 15.875], "texture": "#0"},
				"south": {"uv": [7.25, 6.875, 10.75, 8.125], "texture": "#0", "tintindex": 0},
				"up": {"uv": [8.25, 9.125, 8.375, 9.25], "rotation": 90, "texture": "#0", "tintindex": 0},
				"down": {"uv": [8.25, 9.125, 8.375, 9.25], "rotation": 90, "texture": "#0", "tintindex": 0}
			}
		},
		{
			"from": [1.5, 14.5, -5],
			"to": [2.5, 14.5, 21],
			"rotation": {"angle": 0, "axis": "y", "origin": [0.5, 14.5, 8]},
			"faces": {
				"north": {"uv": [9.25, 6.5, 10, 6.625], "rotation": 90, "texture": "#0"},
				"up": {"uv": [7.5, 6.625, 10.75, 6.75], "rotation": 90, "texture": "#0"},
				"down": {"uv": [7.5, 6.625, 10.75, 6.75], "rotation": 90, "texture": "#0"}
			}
		},
		{
			"from": [1.5, 12.75, 9.75],
			"to": [2.5, 15.75, 10.75],
			"rotation": {"angle": 0, "axis": "y", "origin": [0.5, 14.5, 8]},
			"faces": {
				"north": {"uv": [7.625, 3.375, 7.75, 3.75], "texture": "#0"},
				"east": {"uv": [7.625, 3.375, 7.75, 3.75], "texture": "#0"},
				"south": {"uv": [7.625, 3.375, 7.75, 3.75], "texture": "#0"},
				"west": {"uv": [7.625, 3.375, 7.75, 3.75], "texture": "#0"},
				"up": {"uv": [7.625, 3.375, 7.75, 3.5], "texture": "#0"},
				"down": {"uv": [7.625, 3.625, 7.75, 3.75], "texture": "#0"}
			}
		},
		{
			"from": [-0.5, 12.75, 7.5],
			"to": [0.5, 13.75, 8.5],
			"rotation": {"angle": -22.5, "axis": "y", "origin": [0, 13.25, 8]},
			"faces": {
				"north": {"uv": [8.5, 6.375, 8.625, 6.5], "texture": "#0"},
				"east": {"uv": [8.5, 6.375, 8.625, 6.5], "texture": "#0"},
				"south": {"uv": [8.5, 6.375, 8.625, 6.5], "texture": "#0"},
				"west": {"uv": [8.5, 6.375, 8.625, 6.5], "texture": "#0"},
				"up": {"uv": [8.5, 6.375, 8.625, 6.5], "texture": "#0"},
				"down": {"uv": [8.5, 6.375, 8.625, 6.5], "texture": "#0"}
			}
		},
		{
			"from": [1.5, 12.75, 14],
			"to": [2.5, 15.75, 15],
			"rotation": {"angle": 0, "axis": "y", "origin": [0.5, 14.5, 8]},
			"faces": {
				"north": {"uv": [7.625, 3.375, 7.75, 3.75], "texture": "#0"},
				"east": {"uv": [7.625, 3.375, 7.75, 3.75], "texture": "#0"},
				"south": {"uv": [7.625, 3.375, 7.75, 3.75], "texture": "#0"},
				"west": {"uv": [7.625, 3.375, 7.75, 3.75], "texture": "#0"},
				"up": {"uv": [7.625, 3.375, 7.75, 3.5], "texture": "#0"},
				"down": {"uv": [7.625, 3.625, 7.75, 3.75], "texture": "#0"}
			}
		},
		{
			"from": [8.5, 12.75, 11],
			"to": [9.5, 15.75, 12],
			"rotation": {"angle": 0, "axis": "y", "origin": [0.5, 14.5, 8]},
			"faces": {
				"north": {"uv": [7.625, 3.375, 7.75, 3.75], "texture": "#0"},
				"east": {"uv": [7.625, 3.375, 7.75, 3.75], "texture": "#0"},
				"south": {"uv": [7.625, 3.375, 7.75, 3.75], "texture": "#0"},
				"west": {"uv": [7.625, 3.375, 7.75, 3.75], "texture": "#0"},
				"up": {"uv": [7.625, 3.375, 7.75, 3.5], "texture": "#0"},
				"down": {"uv": [7.625, 3.625, 7.75, 3.75], "texture": "#0"}
			}
		},
		{
			"from": [8.5, 12.75, 4],
			"to": [9.5, 15.75, 5],
			"rotation": {"angle": 0, "axis": "y", "origin": [0.5, 14.5, 8]},
			"faces": {
				"north": {"uv": [7.625, 3.375, 7.75, 3.75], "texture": "#0"},
				"east": {"uv": [7.625, 3.375, 7.75, 3.75], "texture": "#0"},
				"south": {"uv": [7.625, 3.375, 7.75, 3.75], "texture": "#0"},
				"west": {"uv": [7.625, 3.375, 7.75, 3.75], "texture": "#0"},
				"up": {"uv": [7.625, 3.375, 7.75, 3.5], "texture": "#0"},
				"down": {"uv": [7.625, 3.625, 7.75, 3.75], "texture": "#0"}
			}
		},
		{
			"from": [12, 12.75, 7.5],
			"to": [13, 15.75, 8.5],
			"rotation": {"angle": 0, "axis": "y", "origin": [0.5, 14.5, 8]},
			"faces": {
				"north": {"uv": [7.625, 3.375, 7.75, 3.75], "texture": "#0"},
				"east": {"uv": [7.625, 3.375, 7.75, 3.75], "texture": "#0"},
				"south": {"uv": [7.625, 3.375, 7.75, 3.75], "texture": "#0"},
				"west": {"uv": [7.625, 3.375, 7.75, 3.75], "texture": "#0"},
				"up": {"uv": [7.625, 3.375, 7.75, 3.5], "texture": "#0"},
				"down": {"uv": [7.625, 3.625, 7.75, 3.75], "texture": "#0"}
			}
		},
		{
			"from": [1.5, 12.75, 1],
			"to": [2.5, 15.75, 2],
			"rotation": {"angle": 0, "axis": "y", "origin": [0.5, 14.5, 8]},
			"faces": {
				"north": {"uv": [7.625, 3.375, 7.75, 3.75], "texture": "#0"},
				"east": {"uv": [7.625, 3.375, 7.75, 3.75], "texture": "#0"},
				"south": {"uv": [7.625, 3.375, 7.75, 3.75], "texture": "#0"},
				"west": {"uv": [7.625, 3.375, 7.75, 3.75], "texture": "#0"},
				"up": {"uv": [7.625, 3.375, 7.75, 3.5], "texture": "#0"},
				"down": {"uv": [7.625, 3.625, 7.75, 3.75], "texture": "#0"}
			}
		},
		{
			"from": [1.5, 12.75, 5.25],
			"to": [2.5, 15.75, 6.25],
			"rotation": {"angle": 0, "axis": "y", "origin": [0.5, 14.5, 8]},
			"faces": {
				"north": {"uv": [7.625, 3.375, 7.75, 3.75], "texture": "#0"},
				"east": {"uv": [7.625, 3.375, 7.75, 3.75], "texture": "#0"},
				"south": {"uv": [7.625, 3.375, 7.75, 3.75], "texture": "#0"},
				"west": {"uv": [7.625, 3.375, 7.75, 3.75], "texture": "#0"},
				"up": {"uv": [7.625, 3.375, 7.75, 3.5], "texture": "#0"},
				"down": {"uv": [7.625, 3.625, 7.75, 3.75], "texture": "#0"}
			}
		},
		{
			"from": [-6, 12.75, 7.5],
			"to": [-5, 15.75, 8.5],
			"rotation": {"angle": 0, "axis": "y", "origin": [0.5, 14.5, 8]},
			"faces": {
				"north": {"uv": [7.625, 3.375, 7.75, 3.75], "texture": "#0"},
				"east": {"uv": [7.625, 3.375, 7.75, 3.75], "texture": "#0"},
				"south": {"uv": [7.625, 3.375, 7.75, 3.75], "texture": "#0"},
				"west": {"uv": [7.625, 3.375, 7.75, 3.75], "texture": "#0"},
				"up": {"uv": [7.625, 3.375, 7.75, 3.5], "texture": "#0"},
				"down": {"uv": [7.625, 3.625, 7.75, 3.75], "texture": "#0"}
			}
		},
		{
			"from": [-6, 12.75, 11.75],
			"to": [-5, 15.75, 12.75],
			"rotation": {"angle": 0, "axis": "y", "origin": [0.5, 14.5, 8]},
			"faces": {
				"north": {"uv": [7.625, 3.375, 7.75, 3.75], "texture": "#0"},
				"east": {"uv": [7.625, 3.375, 7.75, 3.75], "texture": "#0"},
				"south": {"uv": [7.625, 3.375, 7.75, 3.75], "texture": "#0"},
				"west": {"uv": [7.625, 3.375, 7.75, 3.75], "texture": "#0"},
				"up": {"uv": [7.625, 3.375, 7.75, 3.5], "texture": "#0"},
				"down": {"uv": [7.625, 3.625, 7.75, 3.75], "texture": "#0"}
			}
		},
		{
			"from": [-6, 12.75, 3.25],
			"to": [-5, 15.75, 4.25],
			"rotation": {"angle": 0, "axis": "y", "origin": [0.5, 14.5, 8]},
			"faces": {
				"north": {"uv": [7.625, 3.375, 7.75, 3.75], "texture": "#0"},
				"east": {"uv": [7.625, 3.375, 7.75, 3.75], "texture": "#0"},
				"south": {"uv": [7.625, 3.375, 7.75, 3.75], "texture": "#0"},
				"west": {"uv": [7.625, 3.375, 7.75, 3.75], "texture": "#0"},
				"up": {"uv": [7.625, 3.375, 7.75, 3.5], "texture": "#0"},
				"down": {"uv": [7.625, 3.625, 7.75, 3.75], "texture": "#0"}
			}
		},
		{
			"from": [-2.5, 12.75, 14],
			"to": [-1.5, 15.75, 15],
			"rotation": {"angle": 0, "axis": "y", "origin": [0.5, 14.5, 8]},
			"faces": {
				"north": {"uv": [7.5, 3.375, 7.625, 3.75], "texture": "#0"},
				"east": {"uv": [7.5, 3.375, 7.625, 3.75], "texture": "#0"},
				"south": {"uv": [7.5, 3.375, 7.625, 3.75], "texture": "#0"},
				"west": {"uv": [7.5, 3.375, 7.625, 3.75], "texture": "#0"},
				"up": {"uv": [7.5, 3.375, 7.625, 3.5], "texture": "#0"},
				"down": {"uv": [7.5, 3.625, 7.625, 3.75], "texture": "#0"}
			}
		},
		{
			"from": [-2.5, 12.75, 9.75],
			"to": [-1.5, 15.75, 10.75],
			"rotation": {"angle": 0, "axis": "y", "origin": [0.5, 14.5, 8]},
			"faces": {
				"north": {"uv": [7.5, 3.375, 7.625, 3.75], "texture": "#0"},
				"east": {"uv": [7.5, 3.375, 7.625, 3.75], "texture": "#0"},
				"south": {"uv": [7.5, 3.375, 7.625, 3.75], "texture": "#0"},
				"west": {"uv": [7.5, 3.375, 7.625, 3.75], "texture": "#0"},
				"up": {"uv": [7.5, 3.375, 7.625, 3.5], "texture": "#0"},
				"down": {"uv": [7.5, 3.625, 7.625, 3.75], "texture": "#0"}
			}
		},
		{
			"from": [-2.5, 12.75, 5.25],
			"to": [-1.5, 15.75, 6.25],
			"rotation": {"angle": 0, "axis": "y", "origin": [0.5, 14.5, 8]},
			"faces": {
				"north": {"uv": [7.5, 3.375, 7.625, 3.75], "texture": "#0"},
				"east": {"uv": [7.5, 3.375, 7.625, 3.75], "texture": "#0"},
				"south": {"uv": [7.5, 3.375, 7.625, 3.75], "texture": "#0"},
				"west": {"uv": [7.5, 3.375, 7.625, 3.75], "texture": "#0"},
				"up": {"uv": [7.5, 3.375, 7.625, 3.5], "texture": "#0"},
				"down": {"uv": [7.5, 3.625, 7.625, 3.75], "texture": "#0"}
			}
		},
		{
			"from": [5, 12.75, 3.25],
			"to": [6, 15.75, 4.25],
			"rotation": {"angle": 0, "axis": "y", "origin": [0.5, 14.5, 8]},
			"faces": {
				"north": {"uv": [7.5, 3.375, 7.625, 3.75], "texture": "#0"},
				"east": {"uv": [7.5, 3.375, 7.625, 3.75], "texture": "#0"},
				"south": {"uv": [7.5, 3.375, 7.625, 3.75], "texture": "#0"},
				"west": {"uv": [7.5, 3.375, 7.625, 3.75], "texture": "#0"},
				"up": {"uv": [7.5, 3.375, 7.625, 3.5], "texture": "#0"},
				"down": {"uv": [7.5, 3.625, 7.625, 3.75], "texture": "#0"}
			}
		},
		{
			"from": [5, 12.75, 7.5],
			"to": [6, 15.75, 8.5],
			"rotation": {"angle": 0, "axis": "y", "origin": [0.5, 14.5, 8]},
			"faces": {
				"north": {"uv": [7.5, 3.375, 7.625, 3.75], "texture": "#0"},
				"east": {"uv": [7.5, 3.375, 7.625, 3.75], "texture": "#0"},
				"south": {"uv": [7.5, 3.375, 7.625, 3.75], "texture": "#0"},
				"west": {"uv": [7.5, 3.375, 7.625, 3.75], "texture": "#0"},
				"up": {"uv": [7.5, 3.375, 7.625, 3.5], "texture": "#0"},
				"down": {"uv": [7.5, 3.625, 7.625, 3.75], "texture": "#0"}
			}
		},
		{
			"from": [5, 12.75, 11.75],
			"to": [6, 15.75, 12.75],
			"rotation": {"angle": 0, "axis": "y", "origin": [0.5, 14.5, 8]},
			"faces": {
				"north": {"uv": [7.5, 3.375, 7.625, 3.75], "texture": "#0"},
				"east": {"uv": [7.5, 3.375, 7.625, 3.75], "texture": "#0"},
				"south": {"uv": [7.5, 3.375, 7.625, 3.75], "texture": "#0"},
				"west": {"uv": [7.5, 3.375, 7.625, 3.75], "texture": "#0"},
				"up": {"uv": [7.5, 3.375, 7.625, 3.5], "texture": "#0"},
				"down": {"uv": [7.5, 3.625, 7.625, 3.75], "texture": "#0"}
			}
		},
		{
			"from": [-9.5, 12.75, 11],
			"to": [-8.5, 15.75, 12],
			"rotation": {"angle": 0, "axis": "y", "origin": [0.5, 14.5, 8]},
			"faces": {
				"north": {"uv": [7.5, 3.375, 7.625, 3.75], "texture": "#0"},
				"east": {"uv": [7.5, 3.375, 7.625, 3.75], "texture": "#0"},
				"south": {"uv": [7.5, 3.375, 7.625, 3.75], "texture": "#0"},
				"west": {"uv": [7.5, 3.375, 7.625, 3.75], "texture": "#0"},
				"up": {"uv": [7.5, 3.375, 7.625, 3.5], "texture": "#0"},
				"down": {"uv": [7.5, 3.625, 7.625, 3.75], "texture": "#0"}
			}
		},
		{
			"from": [-9.5, 12.75, 4],
			"to": [-8.5, 15.75, 5],
			"rotation": {"angle": 0, "axis": "y", "origin": [0.5, 14.5, 8]},
			"faces": {
				"north": {"uv": [7.5, 3.375, 7.625, 3.75], "texture": "#0"},
				"east": {"uv": [7.5, 3.375, 7.625, 3.75], "texture": "#0"},
				"south": {"uv": [7.5, 3.375, 7.625, 3.75], "texture": "#0"},
				"west": {"uv": [7.5, 3.375, 7.625, 3.75], "texture": "#0"},
				"up": {"uv": [7.5, 3.375, 7.625, 3.5], "texture": "#0"},
				"down": {"uv": [7.5, 3.625, 7.625, 3.75], "texture": "#0"}
			}
		},
		{
			"from": [-13, 12.75, 7.5],
			"to": [-12, 15.75, 8.5],
			"rotation": {"angle": 0, "axis": "y", "origin": [0.5, 14.5, 8]},
			"faces": {
				"north": {"uv": [7.5, 3.375, 7.625, 3.75], "texture": "#0"},
				"east": {"uv": [7.5, 3.375, 7.625, 3.75], "texture": "#0"},
				"south": {"uv": [7.5, 3.375, 7.625, 3.75], "texture": "#0"},
				"west": {"uv": [7.5, 3.375, 7.625, 3.75], "texture": "#0"},
				"up": {"uv": [7.5, 3.375, 7.625, 3.5], "texture": "#0"},
				"down": {"uv": [7.5, 3.625, 7.625, 3.75], "texture": "#0"}
			}
		},
		{
			"from": [-2.5, 12.75, 1],
			"to": [-1.5, 15.75, 2],
			"rotation": {"angle": 0, "axis": "y", "origin": [0.5, 14.5, 8]},
			"faces": {
				"north": {"uv": [7.5, 3.375, 7.625, 3.75], "texture": "#0"},
				"east": {"uv": [7.5, 3.375, 7.625, 3.75], "texture": "#0"},
				"south": {"uv": [7.5, 3.375, 7.625, 3.75], "texture": "#0"},
				"west": {"uv": [7.5, 3.375, 7.625, 3.75], "texture": "#0"},
				"up": {"uv": [7.5, 3.375, 7.625, 3.5], "texture": "#0"},
				"down": {"uv": [7.5, 3.625, 7.625, 3.75], "texture": "#0"}
			}
		},
		{
			"from": [5, 14.5, -5],
			"to": [6, 14.5, 21],
			"rotation": {"angle": 0, "axis": "y", "origin": [0.5, 14.5, 8]},
			"faces": {
				"north": {"uv": [9.25, 6.5, 10, 6.625], "rotation": 90, "texture": "#0"},
				"up": {"uv": [7.5, 6.625, 10.75, 6.75], "rotation": 90, "texture": "#0"},
				"down": {"uv": [7.5, 6.625, 10.75, 6.75], "rotation": 90, "texture": "#0"}
			}
		},
		{
			"from": [8.5, 14.5, -6],
			"to": [9.5, 14.5, 22],
			"rotation": {"angle": 0, "axis": "y", "origin": [0.5, 14.5, 8]},
			"faces": {
				"north": {"uv": [9.25, 6.5, 10, 6.625], "rotation": 90, "texture": "#0"},
				"up": {"uv": [7.5, 6.625, 10.75, 6.75], "rotation": 90, "texture": "#0"},
				"down": {"uv": [7.5, 6.625, 10.75, 6.75], "rotation": 90, "texture": "#0"}
			}
		},
		{
			"from": [12, 14.5, -5],
			"to": [13, 14.5, 21],
			"rotation": {"angle": 0, "axis": "y", "origin": [0.5, 14.5, 8]},
			"faces": {
				"north": {"uv": [9.25, 6.5, 10, 6.625], "rotation": 90, "texture": "#0"},
				"up": {"uv": [7.5, 6.625, 10.75, 6.75], "rotation": 90, "texture": "#0"},
				"down": {"uv": [7.5, 6.625, 10.75, 6.75], "rotation": 90, "texture": "#0"}
			}
		},
		{
			"from": [11.99, 13.99, -6.01],
			"to": [13.01, 15.01, -3.99],
			"rotation": {"angle": 0, "axis": "y", "origin": [0.5, 14.5, 8]},
			"faces": {
				"north": {"uv": [9, 6.5, 9.125, 6.625], "texture": "#0"},
				"east": {"uv": [9, 6.5, 9.25, 6.625], "rotation": 180, "texture": "#0"},
				"south": {"uv": [9.125, 6.5, 9.25, 6.625], "texture": "#0"},
				"west": {"uv": [9, 6.5, 9.25, 6.625], "texture": "#0"},
				"up": {"uv": [9, 6.5, 9.25, 6.625], "rotation": 90, "texture": "#0"},
				"down": {"uv": [9, 6.5, 9.25, 6.625], "rotation": 270, "texture": "#0"}
			}
		},
		{
			"from": [8.49, 13.99, -7.01],
			"to": [9.51, 15.01, -4.99],
			"rotation": {"angle": 0, "axis": "y", "origin": [0.5, 14.5, 8]},
			"faces": {
				"north": {"uv": [9, 6.5, 9.125, 6.625], "texture": "#0"},
				"east": {"uv": [9, 6.5, 9.25, 6.625], "rotation": 180, "texture": "#0"},
				"south": {"uv": [9.125, 6.5, 9.25, 6.625], "texture": "#0"},
				"west": {"uv": [9, 6.5, 9.25, 6.625], "texture": "#0"},
				"up": {"uv": [9, 6.5, 9.25, 6.625], "rotation": 90, "texture": "#0"},
				"down": {"uv": [9, 6.5, 9.25, 6.625], "rotation": 270, "texture": "#0"}
			}
		},
		{
			"from": [1.49, 13.99, -5.01],
			"to": [2.51, 15.01, -2.99],
			"rotation": {"angle": 0, "axis": "y", "origin": [0.5, 14.5, 8]},
			"faces": {
				"north": {"uv": [9, 6.5, 9.125, 6.625], "texture": "#0"},
				"east": {"uv": [9, 6.5, 9.25, 6.625], "rotation": 180, "texture": "#0"},
				"south": {"uv": [9.125, 6.5, 9.25, 6.625], "texture": "#0"},
				"west": {"uv": [9, 6.5, 9.25, 6.625], "texture": "#0"},
				"up": {"uv": [9, 6.5, 9.25, 6.625], "rotation": 90, "texture": "#0"},
				"down": {"uv": [9, 6.5, 9.25, 6.625], "rotation": 270, "texture": "#0"}
			}
		},
		{
			"from": [-2.5, 14.5, -5],
			"to": [-1.5, 14.5, 21],
			"rotation": {"angle": 0, "axis": "y", "origin": [-0.5, 14.5, 8]},
			"faces": {
				"north": {"uv": [9.25, 6.625, 10, 6.5], "rotation": 90, "texture": "#0"},
				"up": {"uv": [7.5, 6.625, 10.75, 6.75], "rotation": 90, "texture": "#0"},
				"down": {"uv": [7.5, 6.625, 10.75, 6.75], "rotation": 90, "texture": "#0"}
			}
		},
		{
			"from": [-2.51, 13.99, 18.99],
			"to": [-1.49, 15.01, 21.01],
			"rotation": {"angle": 0, "axis": "y", "origin": [-0.5, 14.5, 8]},
			"faces": {
				"north": {"uv": [9.125, 6.5, 9.25, 6.625], "texture": "#0"},
				"east": {"uv": [9, 6.5, 9.25, 6.625], "texture": "#0"},
				"south": {"uv": [9, 6.5, 9.125, 6.625], "texture": "#0"},
				"west": {"uv": [9, 6.5, 9.25, 6.625], "rotation": 180, "texture": "#0"},
				"up": {"uv": [9.25, 6.625, 9, 6.5], "rotation": 90, "texture": "#0"},
				"down": {"uv": [9.25, 6.625, 9, 6.5], "rotation": 270, "texture": "#0"}
			}
		},
		{
			"from": [4.99, 13.99, 19.99],
			"to": [6.01, 15.01, 22.01],
			"rotation": {"angle": 0, "axis": "y", "origin": [0.5, 14.5, 8]},
			"faces": {
				"north": {"uv": [9.25, 6.5, 9.125, 6.625], "texture": "#0"},
				"east": {"uv": [9.25, 6.5, 9, 6.625], "rotation": 180, "texture": "#0"},
				"south": {"uv": [9.125, 6.5, 9, 6.625], "texture": "#0"},
				"west": {"uv": [9.25, 6.5, 9, 6.625], "texture": "#0"},
				"up": {"uv": [9.25, 6.5, 9, 6.625], "rotation": 90, "texture": "#0"},
				"down": {"uv": [9.25, 6.5, 9, 6.625], "rotation": 270, "texture": "#0"}
			}
		},
		{
			"from": [-6, 14.5, -5],
			"to": [-5, 14.5, 21],
			"rotation": {"angle": 0, "axis": "y", "origin": [-0.5, 14.5, 8]},
			"faces": {
				"south": {"uv": [9.25, 6.5, 10, 6.625], "rotation": 90, "texture": "#0"},
				"up": {"uv": [7.5, 6.625, 10.75, 6.75], "rotation": 90, "texture": "#0"},
				"down": {"uv": [7.5, 6.625, 10.75, 6.75], "rotation": 90, "texture": "#0"}
			}
		},
		{
			"from": [-13, 14, 18.25],
			"to": [13, 15, 18.25],
			"rotation": {"angle": 0, "axis": "y", "origin": [-0.5, 14.5, 8]},
			"faces": {
				"north": {"uv": [7.375, 3.375, 7.5, 6.625], "rotation": 90, "texture": "#0"},
				"south": {"uv": [7.375, 3.375, 7.5, 6.625], "rotation": 90, "texture": "#0"},
				"up": {"uv": [7.5, 6.625, 10.75, 6.75], "rotation": 90, "texture": "#0"},
				"down": {"uv": [7.5, 6.625, 10.75, 6.75], "rotation": 90, "texture": "#0"}
			}
		},
		{
			"from": [-9.5, 14, 18.25],
			"to": [9.5, 15, 18.25],
			"rotation": {"angle": 0, "axis": "y", "origin": [-0.5, 14.5, 8]},
			"faces": {
				"north": {"uv": [7.25, 3.375, 7.375, 5.75], "rotation": 90, "texture": "#0"},
				"south": {"uv": [7.25, 3.375, 7.375, 5.75], "rotation": 90, "texture": "#0"},
				"up": {"uv": [7.5, 6.625, 10.75, 6.75], "rotation": 90, "texture": "#0"},
				"down": {"uv": [7.5, 6.625, 10.75, 6.75], "rotation": 90, "texture": "#0"}
			}
		},
		{
			"from": [-13, 14, -2.25],
			"to": [13, 15, -2.25],
			"rotation": {"angle": 0, "axis": "y", "origin": [-0.5, 14.5, 8]},
			"faces": {
				"north": {"uv": [7.375, 6.625, 7.5, 3.375], "rotation": 90, "texture": "#0"},
				"south": {"uv": [7.375, 6.625, 7.5, 3.375], "rotation": 90, "texture": "#0"},
				"up": {"uv": [10.75, 6.625, 7.5, 6.75], "rotation": 90, "texture": "#0"},
				"down": {"uv": [10.75, 6.625, 7.5, 6.75], "rotation": 90, "texture": "#0"}
			}
		},
		{
			"from": [-9.5, 14, -2.25],
			"to": [9.5, 15, -2.25],
			"rotation": {"angle": 0, "axis": "y", "origin": [-0.5, 14.5, 8]},
			"faces": {
				"north": {"uv": [7.25, 5.75, 7.375, 3.375], "rotation": 90, "texture": "#0"},
				"south": {"uv": [7.25, 5.75, 7.375, 3.375], "rotation": 90, "texture": "#0"},
				"up": {"uv": [10.75, 6.625, 7.5, 6.75], "rotation": 90, "texture": "#0"},
				"down": {"uv": [10.75, 6.625, 7.5, 6.75], "rotation": 90, "texture": "#0"}
			}
		},
		{
			"from": [-9.5, 14.5, -6],
			"to": [-8.5, 14.5, 22],
			"rotation": {"angle": 0, "axis": "y", "origin": [-0.5, 14.5, 8]},
			"faces": {
				"south": {"uv": [9.25, 6.5, 10, 6.625], "rotation": 90, "texture": "#0"},
				"up": {"uv": [7.5, 6.625, 10.75, 6.75], "rotation": 90, "texture": "#0"},
				"down": {"uv": [7.5, 6.625, 10.75, 6.75], "rotation": 90, "texture": "#0"}
			}
		},
		{
			"from": [-9.51, 13.99, 20.99],
			"to": [-8.49, 15.01, 23.01],
			"rotation": {"angle": 0, "axis": "y", "origin": [-0.5, 14.5, 8]},
			"faces": {
				"north": {"uv": [9.125, 6.5, 9.25, 6.625], "texture": "#0"},
				"east": {"uv": [9, 6.5, 9.25, 6.625], "texture": "#0"},
				"south": {"uv": [9, 6.5, 9.125, 6.625], "texture": "#0"},
				"west": {"uv": [9, 6.5, 9.25, 6.625], "rotation": 180, "texture": "#0"},
				"up": {"uv": [9.25, 6.625, 9, 6.5], "rotation": 90, "texture": "#0"},
				"down": {"uv": [9.25, 6.625, 9, 6.5], "rotation": 270, "texture": "#0"}
			}
		},
		{
			"from": [-13.01, 13.99, 19.99],
			"to": [-11.99, 15.01, 22.01],
			"rotation": {"angle": 0, "axis": "y", "origin": [-0.5, 14.5, 8]},
			"faces": {
				"north": {"uv": [9.125, 6.5, 9.25, 6.625], "texture": "#0"},
				"east": {"uv": [9, 6.5, 9.25, 6.625], "texture": "#0"},
				"south": {"uv": [9, 6.5, 9.125, 6.625], "texture": "#0"},
				"west": {"uv": [9, 6.5, 9.25, 6.625], "rotation": 180, "texture": "#0"},
				"up": {"uv": [9.25, 6.625, 9, 6.5], "rotation": 90, "texture": "#0"},
				"down": {"uv": [9.25, 6.625, 9, 6.5], "rotation": 270, "texture": "#0"}
			}
		},
		{
			"from": [-13, 14.5, -5],
			"to": [-12, 14.5, 21],
			"rotation": {"angle": 0, "axis": "y", "origin": [-0.5, 14.5, 8]},
			"faces": {
				"south": {"uv": [9.25, 6.5, 10, 6.625], "rotation": 90, "texture": "#0"},
				"up": {"uv": [7.5, 6.625, 10.75, 6.75], "rotation": 90, "texture": "#0"},
				"down": {"uv": [7.5, 6.625, 10.75, 6.75], "rotation": 90, "texture": "#0"}
			}
		},
		{
			"from": [-6.01, 13.99, -6.01],
			"to": [-4.99, 15.01, -3.99],
			"rotation": {"angle": 0, "axis": "y", "origin": [-0.5, 14.5, 8]},
			"faces": {
				"north": {"uv": [9.125, 6.5, 9, 6.625], "texture": "#0"},
				"east": {"uv": [9.25, 6.5, 9, 6.625], "texture": "#0"},
				"south": {"uv": [9.25, 6.5, 9.125, 6.625], "texture": "#0"},
				"west": {"uv": [9.25, 6.5, 9, 6.625], "rotation": 180, "texture": "#0"},
				"up": {"uv": [9, 6.625, 9.25, 6.5], "rotation": 90, "texture": "#0"},
				"down": {"uv": [9, 6.625, 9.25, 6.5], "rotation": 270, "texture": "#0"}
			}
		}
	],
	"gui_light": "front",
	"display": {
		"thirdperson_righthand": {
			"rotation": [63, 34, 0],
			"translation": [1.25, 2, -0.75],
			"scale": [0.25, 0.25, 0.25]
		},
		"thirdperson_lefthand": {
			"rotation": [63, 34, 0],
			"translation": [-2.25, 0.5, -0.75],
			"scale": [0.25, 0.25, 0.25]
		},
		"firstperson_righthand": {
			"rotation": [15.5, 106, -10.25],
			"translation": [7.5, -1.25, -5.75],
			"scale": [0.29492, 0.29492, 0.29492]
		},
		"firstperson_lefthand": {
			"rotation": [15.5, 106, -10.25],
			"translation": [8.25, -1.25, -2],
			"scale": [0.29492, 0.29492, 0.29492]
		},
		"ground": {
			"translation": [2, 4.25, 0],
			"scale": [0.25586, 0.25586, 0.25586]
		},
		"gui": {
			"rotation": [30, -130.5, 0],
			"translation": [-2, -1, 0],
			"scale": [0.38633, 0.38633, 0.38633]
		},
		"head": {
			"translation": [0, -30.5, 0],
			"scale": [1.6, 1.6, 1.6]
		},
		"fixed": {
			"rotation": [-90, 0, 0],
			"translation": [16.25, 1, -16],
			"scale": [2, 2, 2]
		}
	}
}