{
	"format_version": "1.12.0",
	"minecraft:geometry": [
		{
			"description": {
				"identifier": "geometry.unknown",
				"texture_width": 256,
				"texture_height": 256,
				"visible_bounds_width": 4,
				"visible_bounds_height": 3.5,
				"visible_bounds_offset": [0, 1.25, 0]
			},
			"bones": [
				{
					"name": "whole",
					"pivot": [0, 0, 0]
				},
				{
					"name": "head",
					"parent": "whole",
					"pivot": [0, 5, -13],
					"cubes": [
						{"origin": [0, 16, -24], "size": [0, 10, 11], "uv": [0, 0]}
					]
				},
				{
					"name": "snout",
					"parent": "head",
					"pivot": [0, 2, -24],
					"cubes": [
						{"origin": [-8, 0, -30], "size": [16, 4, 6], "uv": [96, 92]},
						{"origin": [-4, 4, -29], "size": [8, 1, 0], "uv": [22, 0]}
					]
				},
				{
					"name": "lowerjaw",
					"parent": "head",
					"pivot": [0, -1, -21],
					"cubes": [
						{"origin": [-4, 5, -30], "size": [8, 5, 6], "uv": [0, 0]},
						{"origin": [-7.3, 3.75, -29.25], "size": [3, 6, 3], "inflate": 0.01, "pivot": [-6.5, 4, -27.5], "rotation": [32.5, 0, 0], "uv": [0, 25]},
						{"origin": [4.3, 3.75, -29.25], "size": [3, 6, 3], "inflate": 0.01, "pivot": [6.5, 4, -27.5], "rotation": [32.5, 0, 0], "uv": [22, 11]},
						{"origin": [-7.325, -0.25, -29.25], "size": [3, 5, 3], "pivot": [-6.5, 4, -27.5], "rotation": [90, 0, 0], "uv": [24, 25]},
						{"origin": [4.325, -0.25, -29.25], "size": [3, 5, 3], "pivot": [6.5, 4, -27.5], "rotation": [90, 0, 0], "uv": [12, 25]}
					]
				},
				{
					"name": "skull",
					"parent": "head",
					"pivot": [0, -1, -21],
					"cubes": [
						{"origin": [-11, 0, -24.5], "size": [22, 8, 19], "uv": [82, 42]},
						{"origin": [-9, 8, -24], "size": [18, 8, 17], "uv": [43, 92]}
					]
				},
				{
					"name": "brows",
					"parent": "head",
					"pivot": [0, -1, -21]
				},
				{
					"name": "rightbrow",
					"parent": "brows",
					"pivot": [-4.65, 14, -24.25],
					"rotation": [0, 0, 7.5],
					"cubes": [
						{"origin": [-8.65, 12.5, -24.75], "size": [8, 3, 1], "uv": [18, 21]}
					]
				},
				{
					"name": "leftbrow",
					"parent": "brows",
					"pivot": [4.65, 14, -24.25],
					"rotation": [0, 0, -7.5],
					"cubes": [
						{"origin": [0.65, 12.5, -24.75], "size": [8, 3, 1], "uv": [0, 21]}
					]
				},
				{
					"name": "ears",
					"parent": "head",
					"pivot": [0, -1, -21]
				},
				{
					"name": "rightear",
					"parent": "ears",
					"pivot": [-8.7, 13.875, -16],
					"rotation": [-1.5741, 17.43127, -5.24133],
					"cubes": [
						{"origin": [-12.7, 13.375, -16], "size": [4, 5, 0], "uv": [12, 33]}
					]
				},
				{
					"name": "leftear",
					"parent": "ears",
					"pivot": [8.7, 13.875, -16],
					"rotation": [-1.5741, -17.43127, 5.24133],
					"cubes": [
						{"origin": [8.7, 13.375, -16], "size": [4, 5, 0], "uv": [31, 9]}
					]
				},
				{
					"name": "body",
					"parent": "whole",
					"pivot": [0, 7, 2],
					"cubes": [
						{"origin": [-13, 0, -13], "size": [26, 20, 30], "uv": [0, 42]},
						{"origin": [0, 20, -13], "size": [0, 12, 30], "uv": [0, 62]}
					]
				},
				{
					"name": "tail",
					"parent": "body",
					"pivot": [0, 18.5, 16.55],
					"rotation": [-17.5, 0, 0],
					"cubes": [
						{"origin": [0, 18, 16.55], "size": [0, 5, 4], "uv": [28, 0]}
					]
				},
				{
					"name": "dirt",
					"parent": "whole",
					"pivot": [0, -1, -20],
					"cubes": [
						{"origin": [-19, -1, -20], "size": [38, 2, 40], "uv": [0, 0]}
					]
				}
			]
		}
	]
}