{
	"credit": "Made with Blockbench",
	"texture_size": [32, 32],
	"textures": {
		"2": "block/rat_black_head",
		"3": "block/rat_black_base"
	},
	"elements": [
		{
			"from": [5, 0, 5],
			"to": [11, 6, 11],
			"faces": {
				"north": {"uv": [0, 0, 3, 3], "texture": "#3"},
				"east": {"uv": [0, 3, 3, 6], "texture": "#3"},
				"south": {"uv": [3, 0, 6, 3], "texture": "#3"},
				"west": {"uv": [3, 3, 6, 6], "texture": "#3"},
				"up": {"uv": [3, 9, 0, 6], "texture": "#3"},
				"down": {"uv": [9, 0, 6, 3], "texture": "#3"}
			}
		},
		{
			"from": [7, -0.25, 10],
			"to": [9, 1.75, 13],
			"rotation": {"angle": 45, "axis": "x", "origin": [8, 1.5, 12.5]},
			"faces": {
				"north": {"uv": [12.5, 7.5, 13.5, 8.5], "texture": "#3"},
				"east": {"uv": [5.5, 11, 7, 12], "texture": "#3"},
				"south": {"uv": [8, 12.5, 9, 13.5], "texture": "#3"},
				"west": {"uv": [11, 8.5, 12.5, 9.5], "texture": "#3"},
				"up": {"uv": [12, 11, 11, 9.5], "texture": "#3"},
				"down": {"uv": [11, 11, 10, 12.5], "texture": "#3"}
			}
		},
		{
			"from": [5.25, 0, 18.25],
			"to": [6.25, 1, 24.25],
			"rotation": {"angle": -45, "axis": "y", "origin": [8, 0.5, 20.75]},
			"faces": {
				"north": {"uv": [10.5, 8.5, 11, 9], "texture": "#3"},
				"east": {"uv": [11, 5, 14, 5.5], "texture": "#3"},
				"south": {"uv": [2, 11.5, 2.5, 12], "texture": "#3"},
				"west": {"uv": [11, 11, 14, 11.5], "texture": "#3"},
				"up": {"uv": [0.5, 14.5, 0, 11.5], "texture": "#3"},
				"down": {"uv": [1, 11.5, 0.5, 14.5], "texture": "#3"}
			}
		},
		{
			"from": [0.3, 0, 20.98],
			"to": [4.3, 1, 21.98],
			"rotation": {"angle": 0, "axis": "y", "origin": [8, 0.5, 20.75]},
			"faces": {
				"north": {"uv": [8.5, 5.5, 10.5, 6], "texture": "#3"},
				"east": {"uv": [4, 12, 4.5, 12.5], "texture": "#3"},
				"south": {"uv": [12, 4.5, 14, 5], "texture": "#3"},
				"west": {"uv": [6.5, 12, 7, 12.5], "texture": "#3"},
				"up": {"uv": [14.5, 9, 12.5, 8.5], "texture": "#3"},
				"down": {"uv": [11, 12.5, 9, 13], "texture": "#3"}
			}
		},
		{
			"from": [7.5, 0, 11.75],
			"to": [8.5, 1, 17.75],
			"rotation": {"angle": 0, "axis": "y", "origin": [8, 1.5, 12.5]},
			"faces": {
				"north": {"uv": [4, 12.5, 4.5, 13], "texture": "#3"},
				"east": {"uv": [11.5, 0, 14.5, 0.5], "texture": "#3"},
				"south": {"uv": [12.5, 9, 13, 9.5], "texture": "#3"},
				"west": {"uv": [11.5, 0.5, 14.5, 1], "texture": "#3"},
				"up": {"uv": [1.5, 14.5, 1, 11.5], "texture": "#3"},
				"down": {"uv": [2, 11.5, 1.5, 14.5], "texture": "#3"}
			}
		},
		{
			"from": [4, 0, 4],
			"to": [6, 4, 7],
			"rotation": {"angle": 0, "axis": "y", "origin": [5, 2, 5.5]},
			"faces": {
				"north": {"uv": [10, 9, 11, 11], "texture": "#3"},
				"east": {"uv": [9, 0, 10.5, 2], "texture": "#3"},
				"south": {"uv": [10.5, 0, 11.5, 2], "texture": "#3"},
				"west": {"uv": [2.5, 9, 4, 11], "texture": "#3"},
				"up": {"uv": [12.5, 7, 11.5, 5.5], "texture": "#3"},
				"down": {"uv": [12, 11.5, 11, 13], "texture": "#3"}
			}
		},
		{
			"from": [3.25, 0, 2.15],
			"to": [5.25, 1, 5.15],
			"rotation": {"angle": -45, "axis": "y", "origin": [5, 2, 5.5]},
			"faces": {
				"north": {"uv": [11.5, 7, 12.5, 7.5], "texture": "#3"},
				"east": {"uv": [13, 4, 14.5, 4.5], "texture": "#3"},
				"south": {"uv": [13.5, 7.5, 14.5, 8], "texture": "#3"},
				"west": {"uv": [11, 13, 12.5, 13.5], "texture": "#3"},
				"up": {"uv": [3, 13.5, 2, 12], "texture": "#3"},
				"down": {"uv": [4, 12, 3, 13.5], "texture": "#3"}
			}
		},
		{
			"from": [10.75, 0, 2.15],
			"to": [12.75, 1, 5.15],
			"rotation": {"angle": 45, "axis": "y", "origin": [11, 2, 5.5]},
			"faces": {
				"north": {"uv": [8, 13.5, 9, 14], "texture": "#3"},
				"east": {"uv": [13, 11.5, 14.5, 12], "texture": "#3"},
				"south": {"uv": [13.5, 8, 14.5, 8.5], "texture": "#3"},
				"west": {"uv": [13, 12, 14.5, 12.5], "texture": "#3"},
				"up": {"uv": [13, 4.5, 12, 3], "texture": "#3"},
				"down": {"uv": [6.5, 12, 5.5, 13.5], "texture": "#3"}
			}
		},
		{
			"from": [10, 0, 4],
			"to": [12, 4, 7],
			"faces": {
				"north": {"uv": [10.5, 5.5, 11.5, 7.5], "texture": "#3"},
				"east": {"uv": [4, 9, 5.5, 11], "texture": "#3"},
				"south": {"uv": [7, 10.5, 8, 12.5], "texture": "#3"},
				"west": {"uv": [5.5, 9, 7, 11], "texture": "#3"},
				"up": {"uv": [13, 11, 12, 9.5], "texture": "#3"},
				"down": {"uv": [13, 11.5, 12, 13], "texture": "#3"}
			}
		},
		{
			"from": [5.5, 5, 4.25],
			"to": [10.5, 11, 9.25],
			"rotation": {"angle": -22.5, "axis": "x", "origin": [8, 9, 8]},
			"faces": {
				"north": {"uv": [3, 6, 5.5, 9], "texture": "#3"},
				"east": {"uv": [6, 3, 8.5, 6], "texture": "#3"},
				"south": {"uv": [5.5, 6, 8, 9], "texture": "#3"},
				"west": {"uv": [8, 6, 10.5, 9], "texture": "#3"},
				"up": {"uv": [11, 5.5, 8.5, 3], "texture": "#3"},
				"down": {"uv": [2.5, 9, 0, 11.5], "texture": "#3"}
			}
		},
		{
			"from": [4.5, 8.67678, 3.4948],
			"to": [6.5, 10.67678, 7.4948],
			"rotation": {"angle": -45, "axis": "x", "origin": [5.5, 9.67678, 6.2019]},
			"faces": {
				"north": {"uv": [13, 1, 14, 2], "texture": "#3"},
				"east": {"uv": [9, 2, 11, 3], "texture": "#3"},
				"south": {"uv": [13, 2, 14, 3], "texture": "#3"},
				"west": {"uv": [10.5, 7.5, 12.5, 8.5], "texture": "#3"},
				"up": {"uv": [9, 12.5, 8, 10.5], "texture": "#3"},
				"down": {"uv": [10, 10.5, 9, 12.5], "texture": "#3"}
			}
		},
		{
			"from": [3.25, 7.5, 5],
			"to": [4.25, 8.5, 8],
			"rotation": {"angle": -45, "axis": "y", "origin": [8, 9, 8]},
			"faces": {
				"north": {"uv": [11, 13.5, 11.5, 14], "texture": "#3"},
				"east": {"uv": [12.5, 13, 14, 13.5], "texture": "#3"},
				"south": {"uv": [11.5, 13.5, 12, 14], "texture": "#3"},
				"west": {"uv": [13, 12.5, 14.5, 13], "texture": "#3"},
				"up": {"uv": [5.5, 14.5, 5, 13], "texture": "#3"},
				"down": {"uv": [2.5, 13.5, 2, 15], "texture": "#3"}
			}
		},
		{
			"from": [2.75, 6.25, 5],
			"to": [4.75, 8.25, 5],
			"rotation": {"angle": -45, "axis": "y", "origin": [8, 9, 8]},
			"faces": {
				"north": {"uv": [13, 3, 14, 4], "texture": "#3"},
				"east": {"uv": [0, 0, 0, 1], "texture": "#3"},
				"south": {"uv": [4, 13, 5, 14], "texture": "#3"},
				"west": {"uv": [0, 0, 0, 1], "texture": "#3"},
				"up": {"uv": [1, 0, 0, 0], "texture": "#3"},
				"down": {"uv": [1, 0, 0, 0], "texture": "#3"}
			}
		},
		{
			"from": [11.25, 6.25, 5],
			"to": [13.25, 8.25, 5],
			"rotation": {"angle": 45, "axis": "y", "origin": [8, 9, 8]},
			"faces": {
				"north": {"uv": [9, 13, 10, 14], "texture": "#3"},
				"east": {"uv": [0, 0, 0, 1], "texture": "#3"},
				"south": {"uv": [13, 9, 14, 10], "texture": "#3"},
				"west": {"uv": [0, 0, 0, 1], "texture": "#3"},
				"up": {"uv": [1, 0, 0, 0], "texture": "#3"},
				"down": {"uv": [1, 0, 0, 0], "texture": "#3"}
			}
		},
		{
			"from": [11.75, 7.5, 5],
			"to": [12.75, 8.5, 8],
			"rotation": {"angle": 45, "axis": "y", "origin": [8, 9, 8]},
			"faces": {
				"north": {"uv": [12, 13.5, 12.5, 14], "texture": "#3"},
				"east": {"uv": [2.5, 13.5, 4, 14], "texture": "#3"},
				"south": {"uv": [12.5, 13.5, 13, 14], "texture": "#3"},
				"west": {"uv": [5.5, 13.5, 7, 14], "texture": "#3"},
				"up": {"uv": [7.5, 15, 7, 13.5], "texture": "#3"},
				"down": {"uv": [8, 13.5, 7.5, 15], "texture": "#3"}
			}
		},
		{
			"from": [9.5, 9.75, 4.5],
			"to": [11.5, 11.75, 8.5],
			"rotation": {"angle": -45, "axis": "x", "origin": [8, 9, 8]},
			"faces": {
				"north": {"uv": [10, 13, 11, 14], "texture": "#3"},
				"east": {"uv": [11, 2, 13, 3], "texture": "#3"},
				"south": {"uv": [13, 10, 14, 11], "texture": "#3"},
				"west": {"uv": [2.5, 11, 4.5, 12], "texture": "#3"},
				"up": {"uv": [12, 5, 11, 3], "texture": "#3"},
				"down": {"uv": [5.5, 11, 4.5, 13], "texture": "#3"}
			}
		},
		{
			"from": [6.5, 10.5, 5.25],
			"to": [9.5, 12.5, 8.25],
			"rotation": {"angle": -22.5, "axis": "x", "origin": [8, 9, 8]},
			"faces": {
				"north": {"uv": [11.5, 1, 13, 2], "texture": "#3"},
				"east": {"uv": [12.5, 5.5, 14, 6.5], "texture": "#3"},
				"south": {"uv": [6.5, 12.5, 8, 13.5], "texture": "#3"},
				"west": {"uv": [12.5, 6.5, 14, 7.5], "texture": "#3"},
				"up": {"uv": [8.5, 10.5, 7, 9], "texture": "#3"},
				"down": {"uv": [10, 9, 8.5, 10.5], "texture": "#3"}
			}
		},
		{
			"from": [6, 11, 3.25],
			"to": [10, 15, 8.25],
			"rotation": {"angle": 0, "axis": "y", "origin": [8, 9, 8]},
			"faces": {
				"north": {"uv": [2.25, 2.5, 3.25, 3.5], "texture": "#2"},
				"east": {"uv": [0, 2.5, 1.25, 3.5], "texture": "#2"},
				"south": {"uv": [3.25, 2.25, 4.25, 3.25], "texture": "#2"},
				"west": {"uv": [2.5, 0, 3.75, 1], "texture": "#2"},
				"up": {"uv": [3.5, 2.25, 2.5, 1], "texture": "#2"},
				"down": {"uv": [2.25, 2.5, 1.25, 3.75], "texture": "#2"}
			}
		},
		{
			"from": [2.75, 13, 6.25],
			"to": [7.75, 18, 6.25],
			"rotation": {"angle": 22.5, "axis": "y", "origin": [8, 9, 8]},
			"faces": {
				"north": {"uv": [0, 0, 1.25, 1.25], "texture": "#2"},
				"east": {"uv": [0, 0, 0, 1.25], "texture": "#2"},
				"south": {"uv": [0, 1.25, 1.25, 2.5], "texture": "#2"},
				"west": {"uv": [0, 0, 0, 1.25], "texture": "#2"},
				"up": {"uv": [1.25, 0, 0, 0], "texture": "#2"},
				"down": {"uv": [1.25, 0, 0, 0], "texture": "#2"}
			}
		},
		{
			"from": [8.25, 13, 6.25],
			"to": [13.25, 18, 6.25],
			"rotation": {"angle": -22.5, "axis": "y", "origin": [8, 9, 8]},
			"faces": {
				"north": {"uv": [1.25, 0, 2.5, 1.25], "texture": "#2"},
				"east": {"uv": [0, 0, 0, 1.25], "texture": "#2"},
				"south": {"uv": [1.25, 1.25, 2.5, 2.5], "texture": "#2"},
				"west": {"uv": [0, 0, 0, 1.25], "texture": "#2"},
				"up": {"uv": [1.25, 0, 0, 0], "texture": "#2"},
				"down": {"uv": [1.25, 0, 0, 0], "texture": "#2"}
			}
		},
		{
			"from": [6.5, 11, 0.25],
			"to": [9.5, 14, 3.25],
			"rotation": {"angle": 0, "axis": "y", "origin": [8, 9, 8]},
			"faces": {
				"north": {"uv": [0, 3.5, 0.75, 4.25], "texture": "#2"},
				"east": {"uv": [2.25, 3.5, 3, 4.25], "texture": "#2"},
				"south": {"uv": [3, 3.5, 3.75, 4.25], "texture": "#2"},
				"west": {"uv": [3.75, 0, 4.5, 0.75], "texture": "#2"},
				"up": {"uv": [1.5, 4.5, 0.75, 3.75], "texture": "#2"},
				"down": {"uv": [2.25, 3.75, 1.5, 4.5], "texture": "#2"}
			}
		},
		{
			"from": [7.5, 13.5, -0.25],
			"to": [8.5, 14.5, 0.75],
			"rotation": {"angle": 0, "axis": "y", "origin": [8, 9, 8]},
			"faces": {
				"north": {"uv": [2.5, 2.25, 2.75, 2.5], "texture": "#2"},
				"east": {"uv": [2.75, 2.25, 3, 2.5], "texture": "#2"},
				"south": {"uv": [3, 2.25, 3.25, 2.5], "texture": "#2"},
				"west": {"uv": [0.75, 3.5, 1, 3.75], "texture": "#2"},
				"up": {"uv": [1.25, 3.75, 1, 3.5], "texture": "#2"},
				"down": {"uv": [3.75, 1.75, 3.5, 2], "texture": "#2"}
			}
		},
		{
			"from": [2.5, 12.75, 1.25],
			"to": [13.5, 13, 1.25],
			"rotation": {"angle": 0, "axis": "y", "origin": [8, 9, 8]},
			"faces": {
				"north": {"uv": [3.25, 3.25, 6, 3.5], "texture": "#2"},
				"east": {"uv": [0, 0, 0, 0.25], "texture": "#2"},
				"south": {"uv": [3.5, 1, 6.25, 1.25], "texture": "#2"},
				"west": {"uv": [0, 0, 0, 0.25], "texture": "#2"},
				"up": {"uv": [2.75, 0, 0, 0], "texture": "#2"},
				"down": {"uv": [2.75, 0, 0, 0], "texture": "#2"}
			}
		},
		{
			"from": [2.5, 12.25, 1.25],
			"to": [13.5, 12.5, 1.25],
			"rotation": {"angle": 0, "axis": "y", "origin": [8, 9, 8]},
			"faces": {
				"north": {"uv": [3.5, 1.25, 6.25, 1.5], "texture": "#2"},
				"east": {"uv": [0, 0, 0, 0.25], "texture": "#2"},
				"south": {"uv": [3.5, 1.5, 6.25, 1.75], "texture": "#2"},
				"west": {"uv": [0, 0, 0, 0.25], "texture": "#2"},
				"up": {"uv": [2.75, 0, 0, 0], "texture": "#2"},
				"down": {"uv": [2.75, 0, 0, 0], "texture": "#2"}
			}
		},
		{
			"from": [5, 11, 3.25],
			"to": [9, 15, 8.25],
			"rotation": {"angle": -22.5, "axis": "y", "origin": [7, 9, 8]},
			"faces": {
				"north": {"uv": [8.75, 2.5, 9.75, 3.5], "texture": "#2"},
				"east": {"uv": [6.5, 2.5, 7.75, 3.5], "texture": "#2"},
				"south": {"uv": [9.75, 2.25, 10.75, 3.25], "texture": "#2"},
				"west": {"uv": [9, 0, 10.25, 1], "texture": "#2"},
				"up": {"uv": [10, 2.25, 9, 1], "texture": "#2"},
				"down": {"uv": [8.75, 2.5, 7.75, 3.75], "texture": "#2"}
			}
		},
		{
			"from": [1.75, 13, 6.25],
			"to": [6.75, 18, 6.25],
			"rotation": {"angle": 0, "axis": "y", "origin": [7, 9, 8]},
			"faces": {
				"north": {"uv": [6.5, 0, 7.75, 1.25], "texture": "#2"},
				"east": {"uv": [6.5, 0, 6.5, 1.25], "texture": "#2"},
				"south": {"uv": [6.5, 1.25, 7.75, 2.5], "texture": "#2"},
				"west": {"uv": [6.5, 0, 6.5, 1.25], "texture": "#2"},
				"up": {"uv": [7.75, 0, 6.5, 0], "texture": "#2"},
				"down": {"uv": [7.75, 0, 6.5, 0], "texture": "#2"}
			}
		},
		{
			"from": [7.25, 13, 6.25],
			"to": [12.25, 18, 6.25],
			"rotation": {"angle": -45, "axis": "y", "origin": [7, 9, 8]},
			"faces": {
				"north": {"uv": [7.75, 0, 9, 1.25], "texture": "#2"},
				"east": {"uv": [6.5, 0, 6.5, 1.25], "texture": "#2"},
				"south": {"uv": [7.75, 1.25, 9, 2.5], "texture": "#2"},
				"west": {"uv": [6.5, 0, 6.5, 1.25], "texture": "#2"},
				"up": {"uv": [7.75, 0, 6.5, 0], "texture": "#2"},
				"down": {"uv": [7.75, 0, 6.5, 0], "texture": "#2"}
			}
		},
		{
			"from": [5.5, 11, 0.25],
			"to": [8.5, 14, 3.25],
			"rotation": {"angle": -22.5, "axis": "y", "origin": [7, 9, 8]},
			"faces": {
				"north": {"uv": [6.5, 3.5, 7.25, 4.25], "texture": "#2"},
				"east": {"uv": [8.75, 3.5, 9.5, 4.25], "texture": "#2"},
				"south": {"uv": [9.5, 3.5, 10.25, 4.25], "texture": "#2"},
				"west": {"uv": [10.25, 0, 11, 0.75], "texture": "#2"},
				"up": {"uv": [8, 4.5, 7.25, 3.75], "texture": "#2"},
				"down": {"uv": [8.75, 3.75, 8, 4.5], "texture": "#2"}
			}
		},
		{
			"from": [6.5, 13.5, -0.25],
			"to": [7.5, 14.5, 0.75],
			"rotation": {"angle": -22.5, "axis": "y", "origin": [7, 9, 8]},
			"faces": {
				"north": {"uv": [9, 2.25, 9.25, 2.5], "texture": "#2"},
				"east": {"uv": [9.25, 2.25, 9.5, 2.5], "texture": "#2"},
				"south": {"uv": [9.5, 2.25, 9.75, 2.5], "texture": "#2"},
				"west": {"uv": [7.25, 3.5, 7.5, 3.75], "texture": "#2"},
				"up": {"uv": [7.75, 3.75, 7.5, 3.5], "texture": "#2"},
				"down": {"uv": [10.25, 1.75, 10, 2], "texture": "#2"}
			}
		},
		{
			"from": [1.5, 12.75, 1.25],
			"to": [12.5, 13, 1.25],
			"rotation": {"angle": -22.5, "axis": "y", "origin": [7, 9, 8]},
			"faces": {
				"north": {"uv": [9.75, 3.25, 12.5, 3.5], "texture": "#2"},
				"east": {"uv": [6.5, 0, 6.5, 0.25], "texture": "#2"},
				"south": {"uv": [10, 1, 12.75, 1.25], "texture": "#2"},
				"west": {"uv": [6.5, 0, 6.5, 0.25], "texture": "#2"},
				"up": {"uv": [9.25, 0, 6.5, 0], "texture": "#2"},
				"down": {"uv": [9.25, 0, 6.5, 0], "texture": "#2"}
			}
		},
		{
			"from": [1.5, 12.25, 1.25],
			"to": [12.5, 12.5, 1.25],
			"rotation": {"angle": -22.5, "axis": "y", "origin": [7, 9, 8]},
			"faces": {
				"north": {"uv": [10, 1.25, 12.75, 1.5], "texture": "#2"},
				"east": {"uv": [6.5, 0, 6.5, 0.25], "texture": "#2"},
				"south": {"uv": [10, 1.5, 12.75, 1.75], "texture": "#2"},
				"west": {"uv": [6.5, 0, 6.5, 0.25], "texture": "#2"},
				"up": {"uv": [9.25, 0, 6.5, 0], "texture": "#2"},
				"down": {"uv": [9.25, 0, 6.5, 0], "texture": "#2"}
			}
		},
		{
			"from": [7, 11, 3.25],
			"to": [11, 15, 8.25],
			"rotation": {"angle": 22.5, "axis": "y", "origin": [9, 9, 8]},
			"faces": {
				"north": {"uv": [2.25, 7.5, 3.25, 8.5], "texture": "#2"},
				"east": {"uv": [0, 7.5, 1.25, 8.5], "texture": "#2"},
				"south": {"uv": [3.25, 7.25, 4.25, 8.25], "texture": "#2"},
				"west": {"uv": [2.5, 5, 3.75, 6], "texture": "#2"},
				"up": {"uv": [3.5, 7.25, 2.5, 6], "texture": "#2"},
				"down": {"uv": [2.25, 7.5, 1.25, 8.75], "texture": "#2"}
			}
		},
		{
			"from": [9.25, 13, 6.25],
			"to": [14.25, 18, 6.25],
			"rotation": {"angle": 0, "axis": "y", "origin": [9, 9, 8]},
			"faces": {
				"north": {"uv": [0, 5, 1.25, 6.25], "texture": "#2"},
				"east": {"uv": [0, 5, 0, 6.25], "texture": "#2"},
				"south": {"uv": [0, 6.25, 1.25, 7.5], "texture": "#2"},
				"west": {"uv": [0, 5, 0, 6.25], "texture": "#2"},
				"up": {"uv": [1.25, 5, 0, 5], "texture": "#2"},
				"down": {"uv": [1.25, 5, 0, 5], "texture": "#2"}
			}
		},
		{
			"from": [3.75, 13, 6.25],
			"to": [8.75, 18, 6.25],
			"rotation": {"angle": 45, "axis": "y", "origin": [9, 9, 8]},
			"faces": {
				"north": {"uv": [1.25, 5, 2.5, 6.25], "texture": "#2"},
				"east": {"uv": [0, 5, 0, 6.25], "texture": "#2"},
				"south": {"uv": [1.25, 6.25, 2.5, 7.5], "texture": "#2"},
				"west": {"uv": [0, 5, 0, 6.25], "texture": "#2"},
				"up": {"uv": [1.25, 5, 0, 5], "texture": "#2"},
				"down": {"uv": [1.25, 5, 0, 5], "texture": "#2"}
			}
		},
		{
			"from": [7.5, 11, 0.25],
			"to": [10.5, 14, 3.25],
			"rotation": {"angle": 22.5, "axis": "y", "origin": [9, 9, 8]},
			"faces": {
				"north": {"uv": [0, 8.5, 0.75, 9.25], "texture": "#2"},
				"east": {"uv": [2.25, 8.5, 3, 9.25], "texture": "#2"},
				"south": {"uv": [3, 8.5, 3.75, 9.25], "texture": "#2"},
				"west": {"uv": [3.75, 5, 4.5, 5.75], "texture": "#2"},
				"up": {"uv": [1.5, 9.5, 0.75, 8.75], "texture": "#2"},
				"down": {"uv": [2.25, 8.75, 1.5, 9.5], "texture": "#2"}
			}
		},
		{
			"from": [8.5, 13.5, -0.25],
			"to": [9.5, 14.5, 0.75],
			"rotation": {"angle": 22.5, "axis": "y", "origin": [9, 9, 8]},
			"faces": {
				"north": {"uv": [2.5, 7.25, 2.75, 7.5], "texture": "#2"},
				"east": {"uv": [2.75, 7.25, 3, 7.5], "texture": "#2"},
				"south": {"uv": [3, 7.25, 3.25, 7.5], "texture": "#2"},
				"west": {"uv": [0.75, 8.5, 1, 8.75], "texture": "#2"},
				"up": {"uv": [1.25, 8.75, 1, 8.5], "texture": "#2"},
				"down": {"uv": [3.75, 6.75, 3.5, 7], "texture": "#2"}
			}
		},
		{
			"from": [3.5, 12.75, 1.25],
			"to": [14.5, 13, 1.25],
			"rotation": {"angle": 22.5, "axis": "y", "origin": [9, 9, 8]},
			"faces": {
				"north": {"uv": [3.25, 8.25, 6, 8.5], "texture": "#2"},
				"east": {"uv": [0, 5, 0, 5.25], "texture": "#2"},
				"south": {"uv": [3.5, 6, 6.25, 6.25], "texture": "#2"},
				"west": {"uv": [0, 5, 0, 5.25], "texture": "#2"},
				"up": {"uv": [2.75, 5, 0, 5], "texture": "#2"},
				"down": {"uv": [2.75, 5, 0, 5], "texture": "#2"}
			}
		},
		{
			"from": [3.5, 12.25, 1.25],
			"to": [14.5, 12.5, 1.25],
			"rotation": {"angle": 22.5, "axis": "y", "origin": [9, 9, 8]},
			"faces": {
				"north": {"uv": [3.5, 6.25, 6.25, 6.5], "texture": "#2"},
				"east": {"uv": [0, 5, 0, 5.25], "texture": "#2"},
				"south": {"uv": [3.5, 6.5, 6.25, 6.75], "texture": "#2"},
				"west": {"uv": [0, 5, 0, 5.25], "texture": "#2"},
				"up": {"uv": [2.75, 5, 0, 5], "texture": "#2"},
				"down": {"uv": [2.75, 5, 0, 5], "texture": "#2"}
			}
		},
		{
			"from": [2, 11.5, 5.5],
			"to": [7, 16.5, 5.5],
			"rotation": {"angle": 22.5, "axis": "x", "origin": [8, 9, 8]},
			"faces": {
				"north": {"uv": [6.5, 5, 7.75, 6.25], "texture": "#2"},
				"east": {"uv": [6.5, 5, 6.5, 6.25], "texture": "#2"},
				"south": {"uv": [6.5, 6.25, 7.75, 7.5], "texture": "#2"},
				"west": {"uv": [6.5, 5, 6.5, 6.25], "texture": "#2"},
				"up": {"uv": [7.75, 5, 6.5, 5], "texture": "#2"},
				"down": {"uv": [7.75, 5, 6.5, 5], "texture": "#2"}
			}
		},
		{
			"from": [9, 11.5, 5.5],
			"to": [14, 16.5, 5.5],
			"rotation": {"angle": 22.5, "axis": "x", "origin": [8, 9, 8]},
			"faces": {
				"north": {"uv": [7.75, 5, 9, 6.25], "texture": "#2"},
				"east": {"uv": [6.5, 5, 6.5, 6.25], "texture": "#2"},
				"south": {"uv": [7.75, 6.25, 9, 7.5], "texture": "#2"},
				"west": {"uv": [6.5, 5, 6.5, 6.25], "texture": "#2"},
				"up": {"uv": [7.75, 5, 6.5, 5], "texture": "#2"},
				"down": {"uv": [7.75, 5, 6.5, 5], "texture": "#2"}
			}
		},
		{
			"from": [6, 9.5, 2.5],
			"to": [10, 13.5, 7.5],
			"rotation": {"angle": 22.5, "axis": "x", "origin": [8, 9, 8]},
			"faces": {
				"north": {"uv": [8.75, 7.5, 9.75, 8.5], "texture": "#2"},
				"east": {"uv": [6.5, 7.5, 7.75, 8.5], "texture": "#2"},
				"south": {"uv": [9.75, 7.25, 10.75, 8.25], "texture": "#2"},
				"west": {"uv": [9, 5, 10.25, 6], "texture": "#2"},
				"up": {"uv": [10, 7.25, 9, 6], "texture": "#2"},
				"down": {"uv": [8.75, 7.5, 7.75, 8.75], "texture": "#2"}
			}
		},
		{
			"from": [7.5, 12, -1],
			"to": [8.5, 13, 0],
			"rotation": {"angle": 22.5, "axis": "x", "origin": [8, 9, 8]},
			"faces": {
				"north": {"uv": [9, 7.25, 9.25, 7.5], "texture": "#2"},
				"east": {"uv": [9.25, 7.25, 9.5, 7.5], "texture": "#2"},
				"south": {"uv": [9.5, 7.25, 9.75, 7.5], "texture": "#2"},
				"west": {"uv": [7.25, 8.5, 7.5, 8.75], "texture": "#2"},
				"up": {"uv": [7.75, 8.75, 7.5, 8.5], "texture": "#2"},
				"down": {"uv": [10.25, 6.75, 10, 7], "texture": "#2"}
			}
		},
		{
			"from": [7.5, 12.25, -1],
			"to": [8.5, 13.25, 0],
			"rotation": {"angle": 22.5, "axis": "x", "origin": [8, 9, 8]},
			"faces": {
				"north": {"uv": [8.75, 9.25, 9, 9.5], "texture": "#2"},
				"east": {"uv": [9, 9.25, 9.25, 9.5], "texture": "#2"},
				"south": {"uv": [9.25, 9.25, 9.5, 9.5], "texture": "#2"},
				"west": {"uv": [9.75, 9.25, 10, 9.5], "texture": "#2"},
				"up": {"uv": [10.25, 9.5, 10, 9.25], "texture": "#2"},
				"down": {"uv": [9.75, 9.25, 9.5, 9.5], "texture": "#2"}
			}
		},
		{
			"from": [2.5, 13.93934, 1.97978],
			"to": [13.5, 14.18934, 1.97978],
			"rotation": {"angle": 22.5, "axis": "x", "origin": [8, 14.06434, 1.97978]},
			"faces": {
				"north": {"uv": [9.75, 8.25, 12.5, 8.5], "texture": "#2"},
				"east": {"uv": [6.5, 5, 6.5, 5.25], "texture": "#2"},
				"south": {"uv": [10, 6, 12.75, 6.25], "texture": "#2"},
				"west": {"uv": [6.5, 5, 6.5, 5.25], "texture": "#2"},
				"up": {"uv": [9.25, 5, 6.5, 5], "texture": "#2"},
				"down": {"uv": [9.25, 5, 6.5, 5], "texture": "#2"}
			}
		},
		{
			"from": [2.5, 10.75, 0.5],
			"to": [13.5, 11, 0.5],
			"rotation": {"angle": 22.5, "axis": "x", "origin": [8, 9, 8]},
			"faces": {
				"north": {"uv": [10, 6.25, 12.75, 6.5], "texture": "#2"},
				"east": {"uv": [6.5, 5, 6.5, 5.25], "texture": "#2"},
				"south": {"uv": [10, 6.5, 12.75, 6.75], "texture": "#2"},
				"west": {"uv": [6.5, 5, 6.5, 5.25], "texture": "#2"},
				"up": {"uv": [9.25, 5, 6.5, 5], "texture": "#2"},
				"down": {"uv": [9.25, 5, 6.5, 5], "texture": "#2"}
			}
		},
		{
			"from": [6.5, 9.5, -0.5],
			"to": [9.5, 12.5, 2.5],
			"rotation": {"angle": 22.5, "axis": "x", "origin": [8, 9, 8]},
			"faces": {
				"north": {"uv": [6.5, 8.5, 7.25, 9.25], "texture": "#2"},
				"east": {"uv": [8.75, 8.5, 9.5, 9.25], "texture": "#2"},
				"south": {"uv": [9.5, 8.5, 10.25, 9.25], "texture": "#2"},
				"west": {"uv": [10.25, 5, 11, 5.75], "texture": "#2"},
				"up": {"uv": [8, 9.5, 7.25, 8.75], "texture": "#2"},
				"down": {"uv": [8.75, 8.75, 8, 9.5], "texture": "#2"}
			}
		}
	],
	"gui_light": "front",
	"display": {
		"thirdperson_righthand": {
			"rotation": [68, 16, 0],
			"translation": [-0.75, 1.5, 1.5],
			"scale": [0.4, 0.4, 0.4]
		},
		"thirdperson_lefthand": {
			"rotation": [75, 4, 0],
			"translation": [0.75, -0.5, 15.5],
			"scale": [0.4, 0.4, 0.4]
		},
		"firstperson_righthand": {
			"rotation": [0, 118, 0],
			"translation": [2.5, 3.75, 0.5],
			"scale": [0.3, 0.3, 0.3]
		},
		"firstperson_lefthand": {
			"rotation": [0, 118, 0],
			"translation": [2.5, 3.75, 0.5],
			"scale": [0.3, 0.3, 0.3]
		},
		"ground": {
			"translation": [0, 2.75, 0],
			"scale": [0.66, 0.66, 0.66]
		},
		"gui": {
			"rotation": [22, -125, 0],
			"translation": [0, -0.25, 0],
			"scale": [0.69, 0.69, 0.69]
		},
		"head": {
			"translation": [0, 11.25, -1.25],
			"scale": [0.61, 0.61, 0.61]
		},
		"fixed": {
			"rotation": [-90, 0, 0],
			"translation": [0, 0, -6],
			"scale": [0.76, 0.76, 0.76]
		}
	}
}