
{
    "portraitScale": 2.2,
    "portraitTranslation": [ -0.25, 1.4, 0 ],
    "profileScale": 1.3,
    "profileTranslation": [ 0, 1.2, 0 ],
    "faint": "bedrock(hivee, ground_faint)",
    "poses": {
    "standing": {
        "poseName": "standing",
        "transformTicks": 10,
        "poseTypes": [
        "STAND",
        "NONE",
        "PORTRAIT",
        "PROFILE"
        ],
        "animations": [
        "bedrock(hivee, ground_idle)"
        ]
    },
    "walking": {
        "poseName": "walking",
        "transformTicks": 10,
        "poseTypes": [ "WALK" ],
        "animations": [ "bedrock(hivee, ground_walk)" ]
    }
}
}
    