{
	"credit": "Made with Blockbench",
	"texture_size": [32, 32],
	"textures": {
		"0": "simplehats:block/lavachicken/arrow_hat"
	},
	"elements": [
		{
			"name": "headHelmet",
			"from": [-2, 2, 8],
			"to": [18, 10, 8],
			"rotation": {"angle": 0, "axis": "y", "origin": [8, 0, 8]},
			"faces": {
				"north": {"uv": [10, 0, 0, 4], "texture": "#0"},
				"south": {"uv": [0, 0, 10, 4], "texture": "#0"}
			}
		},
		{
			"name": "headHelmet",
			"from": [-2, 4.5, 5.5],
			"to": [18, 4.5, 10.5],
			"rotation": {"angle": 0, "axis": "y", "origin": [8, 0, 8]},
			"faces": {
				"up": {"uv": [0, 7, 10, 4.5], "texture": "#0"},
				"down": {"uv": [0, 4.5, 10, 7], "texture": "#0"}
			}
		}
	],
	"display": {
		"thirdperson_righthand": {
			"translation": [0, 2.25, 1],
			"scale": [0.55, 0.55, 0.55]
		},
		"thirdperson_lefthand": {
			"translation": [0, 2.25, 1],
			"scale": [0.55, 0.55, 0.55]
		},
		"firstperson_righthand": {
			"rotation": [0, -90, 25],
			"translation": [1.13, 3.2, 1.13],
			"scale": [0.68, 0.68, 0.68]
		},
		"firstperson_lefthand": {
			"rotation": [0, -90, 25],
			"translation": [1.13, 3.2, 1.13],
			"scale": [0.68, 0.68, 0.68]
		},
		"ground": {
			"translation": [0, 2, 0],
			"scale": [0.5, 0.5, 0.5]
		},
		"gui": {
			"rotation": [30, 225, 0],
			"translation": [0.25, 2, 0],
			"scale": [0.83, 0.83, 0.83]
		},
		"head": {
			"rotation": [0, 180, 0],
			"translation": [0, 5.75, 0],
			"scale": [1.45, 1.45, 1.45]
		},
		"fixed": {
			"rotation": [0, 180, 0],
			"translation": [0, 3.25, 0]
		}
	},
	"groups": [
		{
			"name": "head",
			"origin": [8, 0, 8],
			"color": 0,
			"children": [
				{
					"name": "headHelmet",
					"origin": [8, 0, 8],
					"color": 1,
					"children": [0, 1]
				}
			]
		}
	]
}