{
	"credit": "Made with Blockbench",
	"textures": {
		"1": "block/coffee_steam",
		"2": "block/coffee_cup",
		"3": "block/slushy",
		"particle": "block/slushy"
	},
	"elements": [
		{
			"from": [10.5, 10.25, 2.5],
			"to": [13.5, 10.25, 5.5],
			"rotation": {"angle": 0, "axis": "y", "origin": [4, 0, -4]},
			"faces": {
				"up": {"uv": [3.5, 6, 5, 7.5], "texture": "#3"},
				"down": {"uv": [3.5, 6, 5, 7.5], "texture": "#3"}
			}
		},
		{
			"from": [15, 10, 7],
			"to": [9, 0, 1],
			"rotation": {"angle": 0, "axis": "y", "origin": [4, 0, -4]},
			"faces": {
				"north": {"uv": [3.5, 0.5, 6.5, 5.5], "texture": "#3"},
				"east": {"uv": [3.5, 0.5, 6.5, 5.5], "texture": "#3"},
				"south": {"uv": [3.5, 0.5, 6.5, 5.5], "texture": "#3"},
				"west": {"uv": [3.5, 0.5, 6.5, 5.5], "texture": "#3"},
				"up": {"uv": [0.5, 3.5, 3.5, 6.5], "texture": "#3"},
				"down": {"uv": [0.5, 0.5, 3.5, 3.5], "texture": "#3"}
			}
		},
		{
			"name": "bebida",
			"from": [9.5, 0.5, 1.5],
			"to": [14.5, 6.5, 6.5],
			"rotation": {"angle": 0, "axis": "y", "origin": [4, 0, -4]},
			"faces": {
				"north": {"uv": [10, 3.5, 12.5, 6.5], "texture": "#3", "tintindex": 0},
				"east": {"uv": [10, 3.5, 12.5, 6.5], "texture": "#3", "tintindex": 0},
				"south": {"uv": [10, 3.5, 12.5, 6.5], "texture": "#3", "tintindex": 0},
				"west": {"uv": [10, 3.5, 12.5, 6.5], "texture": "#3", "tintindex": 0},
				"up": {"uv": [7.5, 3, 10, 5.5], "texture": "#3", "tintindex": 0},
				"down": {"uv": [7.5, 0.5, 10, 3], "texture": "#3", "tintindex": 0}
			}
		},
		{
			"name": "bebida",
			"from": [8.5, 6.5, 4],
			"to": [15.5, 9.5, 4],
			"rotation": {"angle": -45, "axis": "y", "origin": [12, 9, 4]},
			"faces": {
				"north": {"uv": [9, 6.5, 12.5, 8], "texture": "#3", "tintindex": 0},
				"south": {"uv": [9, 6.5, 12.5, 8], "texture": "#3", "tintindex": 0}
			}
		},
		{
			"name": "bebida",
			"from": [12, 6.5, 0.5],
			"to": [12, 9.5, 7.5],
			"rotation": {"angle": -45, "axis": "y", "origin": [12, 9, 4]},
			"faces": {
				"east": {"uv": [9, 6.5, 12.5, 8], "texture": "#3", "tintindex": 0},
				"west": {"uv": [9, 6.5, 12.5, 8], "texture": "#3", "tintindex": 0}
			}
		},
		{
			"from": [11.25, 1, 3.25],
			"to": [12.75, 14, 4.75],
			"rotation": {"angle": 0, "axis": "y", "origin": [12, 7.5, 4]},
			"faces": {
				"north": {"uv": [7, 0.5, 7.5, 7], "texture": "#3"},
				"east": {"uv": [7, 0.5, 7.5, 7], "texture": "#3"},
				"south": {"uv": [7, 0.5, 7.5, 7], "texture": "#3"},
				"west": {"uv": [7, 0.5, 7.5, 7], "texture": "#3"}
			}
		},
		{
			"from": [8.9, 6.9, 0.9],
			"to": [15.1, 8.1, 7.1],
			"rotation": {"angle": 0, "axis": "y", "origin": [4, 0, -4]},
			"faces": {
				"north": {"uv": [3.5, 5.5, 6.5, 6], "texture": "#3"},
				"east": {"uv": [3.5, 5.5, 6.5, 6], "texture": "#3"},
				"south": {"uv": [3.5, 5.5, 6.5, 6], "texture": "#3"},
				"west": {"uv": [3.5, 5.5, 6.5, 6], "texture": "#3"}
			}
		},
		{
			"from": [12.75, 14, 4.75],
			"to": [11.25, 1, 3.25],
			"rotation": {"angle": 0, "axis": "y", "origin": [12, 7.5, 4]},
			"faces": {
				"north": {"uv": [7, 7, 7.5, 0.5], "texture": "#3"},
				"east": {"uv": [7, 7, 7.5, 0.5], "texture": "#3"},
				"south": {"uv": [7, 7, 7.5, 0.5], "texture": "#3"},
				"west": {"uv": [7, 7, 7.5, 0.5], "texture": "#3"}
			}
		},
		{
			"from": [-1, 0, 12],
			"to": [5, 7, 18],
			"rotation": {"angle": 22.5, "axis": "y", "origin": [-6, -1, 7]},
			"faces": {
				"north": {"uv": [0, 0, 6, 7], "texture": "#2", "tintindex": 0},
				"east": {"uv": [0, 0, 6, 7], "texture": "#2", "tintindex": 0},
				"south": {"uv": [0, 0, 6, 7], "texture": "#2", "tintindex": 0},
				"west": {"uv": [0, 0, 6, 7], "texture": "#2", "tintindex": 0},
				"up": {"uv": [6, 0, 12, 6], "texture": "#2"},
				"down": {"uv": [0, 7, 6, 13], "texture": "#2", "tintindex": 0}
			}
		},
		{
			"from": [-1.2, 5.8, 11.8],
			"to": [5.2, 7.2, 18.2],
			"rotation": {"angle": 22.5, "axis": "y", "origin": [-6, -1, 7]},
			"faces": {
				"north": {"uv": [0, 0, 6, 1], "texture": "#2", "tintindex": 0},
				"east": {"uv": [0, 0, 6, 1], "texture": "#2", "tintindex": 0},
				"south": {"uv": [0, 0, 6, 1], "texture": "#2", "tintindex": 0},
				"west": {"uv": [0, 0, 6, 1], "texture": "#2", "tintindex": 0},
				"up": {"uv": [6, 7, 12, 13], "texture": "#2", "tintindex": 0}
			}
		},
		{
			"from": [-2, 7, 15],
			"to": [6, 16, 15],
			"rotation": {"angle": 22.5, "axis": "y", "origin": [-6, -1, 7]},
			"faces": {
				"north": {"uv": [0, 0, 8, 9.125], "texture": "#1"},
				"south": {"uv": [8, 0, 0, 9.125], "texture": "#1"}
			}
		},
		{
			"from": [-4, 1, 14.5],
			"to": [-1, 6, 15.5],
			"rotation": {"angle": 22.5, "axis": "y", "origin": [-6, -1, 7]},
			"faces": {
				"north": {"uv": [12, 0, 15, 5], "texture": "#2", "tintindex": 0},
				"east": {"uv": [12, 2, 13, 3], "rotation": 180, "texture": "#2", "tintindex": 0},
				"south": {"uv": [15, 0, 12, 5], "texture": "#2", "tintindex": 0},
				"west": {"uv": [14, 0, 15, 5], "texture": "#2", "tintindex": 0},
				"up": {"uv": [12, 0, 15, 1], "rotation": 180, "texture": "#2", "tintindex": 0},
				"down": {"uv": [12, 5, 15, 6], "rotation": 180, "texture": "#2", "tintindex": 0}
			}
		},
		{
			"from": [5.2, 7.2, 18.2],
			"to": [-1.2, 5.8, 11.8],
			"rotation": {"angle": 22.5, "axis": "y", "origin": [-6, -1, 7]},
			"faces": {
				"north": {"uv": [0, 1, 6, 0], "texture": "#2", "tintindex": 0},
				"east": {"uv": [0, 1, 6, 0], "texture": "#2", "tintindex": 0},
				"south": {"uv": [0, 1, 6, 0], "texture": "#2", "tintindex": 0},
				"west": {"uv": [0, 1, 6, 0], "texture": "#2", "tintindex": 0},
				"down": {"uv": [12, 7, 6, 13], "texture": "#2", "tintindex": 0}
			}
		},
		{
			"from": [-1, 6, 15.5],
			"to": [-4, 1, 14.5],
			"rotation": {"angle": 22.5, "axis": "y", "origin": [-6, -1, 7]},
			"faces": {
				"north": {"uv": [15, 5, 12, 0], "texture": "#2", "tintindex": 0},
				"east": {"uv": [14, 5, 15, 0], "texture": "#2", "tintindex": 0},
				"south": {"uv": [12, 5, 15, 0], "texture": "#2", "tintindex": 0},
				"west": {"uv": [12, 3, 13, 2], "rotation": 180, "texture": "#2", "tintindex": 0},
				"up": {"uv": [15, 5, 12, 6], "rotation": 180, "texture": "#2", "tintindex": 0},
				"down": {"uv": [15, 0, 12, 1], "rotation": 180, "texture": "#2", "tintindex": 0}
			}
		}
	],
	"gui_light": "front",
	"display": {
		"thirdperson_righthand": {
			"rotation": [75, 90, 0],
			"translation": [0, 2.25, 1],
			"scale": [0.375, 0.375, 0.375]
		},
		"thirdperson_lefthand": {
			"rotation": [75, -90, 0],
			"translation": [0, 2.25, 0.75],
			"scale": [0.375, 0.375, 0.375]
		},
		"firstperson_righthand": {
			"rotation": [0, 128, 0],
			"translation": [2, 2.5, 0],
			"scale": [0.4, 0.4, 0.4]
		},
		"firstperson_lefthand": {
			"rotation": [0, -40, 0],
			"translation": [2.5, 2.25, 0],
			"scale": [0.4, 0.4, 0.4]
		},
		"ground": {
			"translation": [0, 4.5, 0],
			"scale": [0.61, 0.61, 0.61]
		},
		"gui": {
			"rotation": [30, 163, 0],
			"translation": [0, 2.5, 0],
			"scale": [0.9, 0.9, 0.9]
		},
		"fixed": {
			"rotation": [-90, 0, 0],
			"translation": [0, 0, -8.1]
		}
	}
}