{
	"credit": "Made with Blockbench",
	"texture_size": [32, 32],
	"textures": {
		"0": "block/macbook",
		"particle": "block/macbook"
	},
	"elements": [
		{
			"from": [0.16, 0, 0.16],
			"to": [15.84, 0.98, 10.94],
			"rotation": {"angle": 0, "axis": "y", "origin": [8, 0.98, 8]},
			"faces": {
				"north": {"uv": [8, 0, 8.75, 0.5], "texture": "#0"},
				"east": {"uv": [8, 0, 8.5, 0.5], "texture": "#0"},
				"south": {"uv": [8, 0, 8.5, 0.5], "texture": "#0"},
				"west": {"uv": [8, 0, 8.5, 0.5], "texture": "#0"},
				"up": {"uv": [8, 11, 0, 5.5], "texture": "#0"},
				"down": {"uv": [8.5, 0.5, 8, 0], "texture": "#0"}
			}
		},
		{
			"from": [0.16, 2.10509, 10.71621],
			"to": [15.84, 12.88509, 11.69621],
			"rotation": {"angle": 22.5, "axis": "x", "origin": [8, 0.98, 8]},
			"faces": {
				"north": {"uv": [0, 0, 8, 5.5], "texture": "#0"},
				"east": {"uv": [8.25, 0, 8.75, 0.5], "rotation": 270, "texture": "#0"},
				"south": {"uv": [8, 0, 16, 5.5], "rotation": 180, "texture": "#0"},
				"west": {"uv": [8, 0, 8.5, 0.5], "rotation": 90, "texture": "#0"},
				"up": {"uv": [8.5, 0.5, 8, 0], "texture": "#0"},
				"down": {"uv": [8.5, 0.5, 8, 0], "rotation": 180, "texture": "#0"}
			}
		}
	],
	"display": {
		"thirdperson_righthand": {
			"rotation": [75, -180, 0],
			"translation": [-0.25, 4, 2.25],
			"scale": [0.5, 0.5, 0.5]
		},
		"thirdperson_lefthand": {
			"rotation": [75, -180, 0],
			"translation": [0, 4.75, 3.25],
			"scale": [0.5, 0.5, 0.5]
		},
		"firstperson_righthand": {
			"rotation": [0, 163, 0],
			"translation": [2.5, 5.5, 0],
			"scale": [0.5, 0.5, 0.5]
		},
		"firstperson_lefthand": {
			"rotation": [0, 171, 0],
			"translation": [1.5, 5, 1],
			"scale": [0.5, 0.5, 0.5]
		},
		"ground": {
			"translation": [0, 4.5, 0],
			"scale": [0.69, 0.69, 0.69]
		},
		"gui": {
			"rotation": [16, 152, 0],
			"translation": [0, 2, 0],
			"scale": [0.7, 0.7, 0.7]
		},
		"head": {
			"translation": [0, 14.75, 0]
		},
		"fixed": {
			"rotation": [-90, 0, 0],
			"translation": [0, 0, -12],
			"scale": [1.5, 1.5, 1.5]
		}
	}
}