{
	"credit": "MadewithBlockbench",
	"texture_size": [64, 64],
	"textures": {
		"1": "elitecreatures:block/bobbletexture",
		"2": "elitecreatures:block/scienceequipment04texture"
	},
	"elements": [
		{
			"from": [2, 0, 2],
			"to": [14, 2, 14],
			"faces": {
				"north": {"uv": [5, 3, 8, 3.5], "texture": "#2"},
				"east": {"uv": [5, 3.5, 8, 4], "texture": "#2"},
				"south": {"uv": [5, 4, 8, 4.5], "texture": "#2"},
				"west": {"uv": [5, 4.5, 8, 5], "texture": "#2"},
				"up": {"uv": [3, 3, 0, 0], "texture": "#2"},
				"down": {"uv": [3, 3, 0, 6], "texture": "#2"}
			}
		},
		{
			"from": [7, 2, 10.5],
			"to": [9, 23, 12.5],
			"faces": {
				"north": {"uv": [3, 0, 3.5, 5.25], "texture": "#2"},
				"east": {"uv": [3, 0, 3.5, 5.25], "texture": "#2"},
				"south": {"uv": [3, 0, 3.5, 5.25], "texture": "#2"},
				"west": {"uv": [3, 0, 3.5, 5.25], "texture": "#2"},
				"up": {"uv": [5, 5.75, 4.5, 5.25], "texture": "#2"},
				"down": {"uv": [5, 5.75, 4.5, 6.25], "texture": "#2"}
			}
		},
		{
			"from": [6.25, 1, 3.75],
			"to": [9.75, 1.5, 7.25],
			"faces": {
				"north": {"uv": [7.5, 7, 8.375, 7.125], "texture": "#2"},
				"east": {"uv": [8, 7.75, 8.875, 7.875], "texture": "#2"},
				"south": {"uv": [8, 8, 8.875, 8.125], "texture": "#2"},
				"west": {"uv": [0, 8.25, 0.875, 8.375], "texture": "#2"},
				"up": {"uv": [7.375, 7.125, 6.5, 6.25], "texture": "#2"},
				"down": {"uv": [5.375, 6.75, 4.5, 7.625], "texture": "#2"}
			}
		},
		{
			"from": [-0.5, 8.5, 10.5],
			"to": [1.5, 10.5, 12.5],
			"faces": {
				"north": {"uv": [4.5, 6.25, 5, 6.75], "texture": "#2"},
				"east": {"uv": [2.5, 7.25, 3, 7.75], "texture": "#2"},
				"south": {"uv": [7.5, 6, 8, 6.5], "texture": "#2"},
				"west": {"uv": [7.5, 6.5, 8, 7], "texture": "#2"},
				"up": {"uv": [2, 8.25, 1.5, 7.75], "texture": "#2"},
				"down": {"uv": [2.5, 7.75, 2, 8.25], "texture": "#2"}
			}
		},
		{
			"from": [-1.5, 10.5, 9.5],
			"to": [2.5, 12.5, 13.5],
			"faces": {
				"north": {"uv": [6.5, 2.5, 7.5, 3], "texture": "#2"},
				"east": {"uv": [1.5, 7.25, 2.5, 7.75], "texture": "#2"},
				"south": {"uv": [6.25, 7.25, 7.25, 7.75], "texture": "#2"},
				"west": {"uv": [7.25, 7.25, 8.25, 7.75], "texture": "#2"},
				"up": {"uv": [1, 7, 0, 6], "texture": "#2"},
				"down": {"uv": [2, 6, 1, 7], "texture": "#2"}
			}
		},
		{
			"from": [-2.5, 12.5, 8.5],
			"to": [3.5, 13.5, 14.5],
			"faces": {
				"north": {"uv": [7.5, 5, 9, 5.25], "texture": "#2"},
				"east": {"uv": [7.5, 5.25, 9, 5.5], "texture": "#2"},
				"south": {"uv": [7.5, 5.5, 9, 5.75], "texture": "#2"},
				"west": {"uv": [7.5, 5.75, 9, 6], "texture": "#2"},
				"up": {"uv": [6.5, 1.5, 5, 0], "texture": "#2"},
				"down": {"uv": [6.5, 1.5, 5, 3], "texture": "#2"}
			}
		},
		{
			"from": [0, 6.5, 11],
			"to": [1, 8.5, 12],
			"faces": {
				"north": {"uv": [6.25, 6.75, 6.5, 7.25], "texture": "#2"},
				"east": {"uv": [6, 8, 6.25, 8.5], "texture": "#2"},
				"south": {"uv": [8, 6, 8.25, 6.5], "texture": "#2"},
				"west": {"uv": [8, 6.5, 8.25, 7], "texture": "#2"},
				"up": {"uv": [8.5, 7, 8.25, 6.75], "texture": "#2"},
				"down": {"uv": [8.5, 7.25, 8.25, 7.5], "texture": "#2"}
			}
		},
		{
			"from": [5.375, 17.25, 10.975],
			"to": [12.375, 18.25, 11.975],
			"rotation": {"angle": 0, "axis": "y", "origin": [6.5, 13.5, 13.125]},
			"faces": {
				"north": {"uv": [7.5, 0.5, 9.25, 0.75], "texture": "#2"},
				"east": {"uv": [5.25, 8.25, 5.5, 8.5], "texture": "#2"},
				"south": {"uv": [7.5, 0.75, 9.25, 1], "texture": "#2"},
				"west": {"uv": [8.25, 6.5, 8.5, 6.75], "texture": "#2"},
				"up": {"uv": [9.25, 1.25, 7.5, 1], "texture": "#2"},
				"down": {"uv": [9.25, 1.25, 7.5, 1.5], "texture": "#2"}
			}
		},
		{
			"from": [12.375, 17.75, 8.975],
			"to": [16.375, 17.75, 13.975],
			"rotation": {"angle": 0, "axis": "y", "origin": [6.5, 13.5, 13.125]},
			"faces": {
				"north": {"uv": [13.375, 0, 14.375, 0], "texture": "#2"},
				"east": {"uv": [5.25, 8.25, 5.5, 8.5], "texture": "#2"},
				"south": {"uv": [13.375, 0, 14.375, 0], "texture": "#2"},
				"west": {"uv": [8.25, 6.5, 8.5, 6.75], "texture": "#2"},
				"up": {"uv": [14.375, 1.25, 13.375, 0], "texture": "#2"},
				"down": {"uv": [14.375, 0, 13.375, 1.25], "texture": "#2"}
			}
		},
		{
			"from": [13.125, 14.25, 10.225],
			"to": [15.625, 21.25, 12.725],
			"rotation": {"angle": 0, "axis": "y", "origin": [6.5, 13.5, 13.125]},
			"faces": {
				"north": {"uv": [5, 5, 5.625, 6.75], "texture": "#2"},
				"east": {"uv": [3, 5.25, 3.625, 7], "texture": "#2"},
				"south": {"uv": [3.75, 5.25, 4.375, 7], "texture": "#2"},
				"west": {"uv": [5.75, 5, 6.375, 6.75], "texture": "#2"},
				"up": {"uv": [8.125, 2.125, 7.5, 1.5], "texture": "#2"},
				"down": {"uv": [8.125, 2.25, 7.5, 2.875], "texture": "#2"}
			}
		},
		{
			"from": [13.625, 14.25, 10.725],
			"to": [15.125, 19.25, 12.225],
			"rotation": {"angle": 0, "axis": "y", "origin": [6.5, 13.5, 13.125]},
			"faces": {
				"north": {"uv": [12.625, 0, 13, 1.25], "texture": "#2"},
				"east": {"uv": [11.875, 0, 12.25, 1.25], "texture": "#2"},
				"south": {"uv": [12.25, 0, 12.625, 1.25], "texture": "#2"},
				"west": {"uv": [13, 0, 13.375, 1.25], "texture": "#2"},
				"up": {"uv": [11.875, 0.375, 11.5, 0], "texture": "#2"},
				"down": {"uv": [11.875, 0, 11.5, 0.375], "texture": "#2"}
			}
		},
		{
			"from": [13.625, 13.25, 10.725],
			"to": [15.125, 14.25, 12.225],
			"rotation": {"angle": 0, "axis": "y", "origin": [6.5, 13.5, 13.125]},
			"faces": {
				"north": {"uv": [1.5, 7, 1.875, 7.25], "texture": "#2"},
				"east": {"uv": [1.75, 8.25, 2.125, 8.5], "texture": "#2"},
				"south": {"uv": [8.25, 2.5, 8.625, 2.75], "texture": "#2"},
				"west": {"uv": [8.25, 2.75, 8.625, 3], "texture": "#2"},
				"up": {"uv": [8.375, 4.875, 8, 4.5], "texture": "#2"},
				"down": {"uv": [5.875, 8, 5.5, 8.375], "texture": "#2"}
			}
		},
		{
			"from": [4.875, 17, 10.725],
			"to": [5.375, 18.5, 12.225],
			"rotation": {"angle": 0, "axis": "y", "origin": [6.5, 13.5, 13.125]},
			"faces": {
				"north": {"uv": [0, 8.5, 0.125, 8.875], "texture": "#2"},
				"east": {"uv": [7.5, 7.75, 7.875, 8.125], "texture": "#2"},
				"south": {"uv": [0.25, 8.5, 0.375, 8.875], "texture": "#2"},
				"west": {"uv": [8, 3, 8.375, 3.375], "texture": "#2"},
				"up": {"uv": [0.625, 8.875, 0.5, 8.5], "texture": "#2"},
				"down": {"uv": [0.875, 8.5, 0.75, 8.875], "texture": "#2"}
			}
		},
		{
			"from": [3.625, 11.25, 10.975],
			"to": [10.625, 12.25, 11.975],
			"rotation": {"angle": 0, "axis": "y", "origin": [9.5, 13.5, 13.125]},
			"faces": {
				"north": {"uv": [9.25, 0.5, 7.5, 0.75], "texture": "#2"},
				"east": {"uv": [8.5, 6.5, 8.25, 6.75], "texture": "#2"},
				"south": {"uv": [9.25, 0.75, 7.5, 1], "texture": "#2"},
				"west": {"uv": [5.5, 8.25, 5.25, 8.5], "texture": "#2"},
				"up": {"uv": [7.5, 1.25, 9.25, 1], "texture": "#2"},
				"down": {"uv": [7.5, 1.25, 9.25, 1.5], "texture": "#2"}
			}
		},
		{
			"from": [-2.375, 11.75, 7.975],
			"to": [3.625, 11.75, 14.975],
			"rotation": {"angle": 0, "axis": "y", "origin": [9.5, 13.5, 13.125]},
			"faces": {
				"north": {"uv": [15.875, 0, 14.375, 0], "texture": "#2"},
				"east": {"uv": [8.5, 6.5, 8.25, 6.75], "texture": "#2"},
				"south": {"uv": [15.875, 0, 14.375, 0], "texture": "#2"},
				"west": {"uv": [5.5, 8.25, 5.25, 8.5], "texture": "#2"},
				"up": {"uv": [14.375, 1.75, 15.875, 0], "texture": "#2"},
				"down": {"uv": [14.375, 0, 15.875, 1.75], "texture": "#2"}
			}
		},
		{
			"from": [10.625, 11, 10.725],
			"to": [11.125, 12.5, 12.225],
			"rotation": {"angle": 0, "axis": "y", "origin": [9.5, 13.5, 13.125]},
			"faces": {
				"north": {"uv": [0.125, 8.5, 0, 8.875], "texture": "#2"},
				"east": {"uv": [8.375, 3, 8, 3.375], "texture": "#2"},
				"south": {"uv": [0.375, 8.5, 0.25, 8.875], "texture": "#2"},
				"west": {"uv": [7.875, 7.75, 7.5, 8.125], "texture": "#2"},
				"up": {"uv": [0.5, 8.875, 0.625, 8.5], "texture": "#2"},
				"down": {"uv": [0.75, 8.5, 0.875, 8.875], "texture": "#2"}
			}
		},
		{
			"from": [6.25, 1.5, 3.75],
			"to": [9.75, 6, 7.25],
			"rotation": {"angle": 0, "axis": "y", "origin": [16, 0, 0]},
			"faces": {
				"north": {"uv": [2, 6, 2.875, 7.125], "texture": "#2"},
				"east": {"uv": [2, 6, 2.875, 7.125], "texture": "#2"},
				"south": {"uv": [2, 6, 2.875, 7.125], "texture": "#2"},
				"west": {"uv": [2, 6, 2.875, 7.125], "texture": "#2"},
				"up": {"uv": [11.5, 0.875, 10.625, 0], "texture": "#2"},
				"down": {"uv": [11.5, 0, 10.625, 0.875], "texture": "#2"}
			}
		},
		{
			"from": [6.75, 1.5, 4.25],
			"to": [9.25, 4, 6.75],
			"faces": {
				"north": {"uv": [10, 1.25, 10.625, 1.875], "texture": "#2"},
				"east": {"uv": [10, 0.625, 10.625, 1.25], "texture": "#2"},
				"south": {"uv": [9.375, 0.625, 10, 1.25], "texture": "#2"},
				"west": {"uv": [9.375, 0, 10, 0.625], "texture": "#2"},
				"up": {"uv": [10, 1.875, 9.375, 1.25], "texture": "#2"},
				"down": {"uv": [10.625, 0, 10, 0.625], "texture": "#2"}
			}
		},
		{
			"from": [9.75, 4.5, 4.75],
			"to": [10.25, 6, 6.25],
			"faces": {
				"north": {"uv": [7.5, 8.25, 7.625, 8.625], "texture": "#2"},
				"east": {"uv": [4.5, 7.75, 4.875, 8.125], "texture": "#2"},
				"south": {"uv": [7.75, 8.25, 7.875, 8.625], "texture": "#2"},
				"west": {"uv": [5, 7.75, 5.375, 8.125], "texture": "#2"},
				"up": {"uv": [8.125, 8.625, 8, 8.25], "texture": "#2"},
				"down": {"uv": [8.375, 8.25, 8.25, 8.625], "texture": "#2"}
			}
		},
		{
			"from": [10.25, 5.5, 5.25],
			"to": [10.75, 6, 5.75],
			"faces": {
				"north": {"uv": [8.5, 2, 8.625, 2.125], "texture": "#2"},
				"east": {"uv": [8.5, 2.25, 8.625, 2.375], "texture": "#2"},
				"south": {"uv": [3, 8.5, 3.125, 8.625], "texture": "#2"},
				"west": {"uv": [8.5, 3, 8.625, 3.125], "texture": "#2"},
				"up": {"uv": [3.375, 8.625, 3.25, 8.5], "texture": "#2"},
				"down": {"uv": [8.625, 3.25, 8.5, 3.375], "texture": "#2"}
			}
		},
		{
			"from": [11.75, 21.5, 12],
			"to": [15.75, 26.5, 12],
			"faces": {
				"north": {"uv": [0, 0, 8, 10], "texture": "#1"},
				"east": {"uv": [0, 0, 0, 10], "texture": "#1"},
				"south": {"uv": [0, 0, 8, 10], "texture": "#1"},
				"west": {"uv": [0, 0, 0, 10], "texture": "#1"},
				"up": {"uv": [8, 0, 0, 0], "texture": "#1"},
				"down": {"uv": [8, 0, 0, 0], "texture": "#1"}
			}
		},
		{
			"from": [6, 6.5, 4.5],
			"to": [10, 11.5, 4.5],
			"rotation": {"angle": 0, "axis": "y", "origin": [0, 0, 16]},
			"faces": {
				"north": {"uv": [0, 0, 8, 10], "texture": "#1"},
				"east": {"uv": [0, 0, 0, 10], "texture": "#1"},
				"south": {"uv": [0, 0, 8, 10], "texture": "#1"},
				"west": {"uv": [0, 0, 0, 10], "texture": "#1"},
				"up": {"uv": [8, 0, 0, 0], "texture": "#1"},
				"down": {"uv": [8, 0, 0, 0], "texture": "#1"}
			}
		}
	],
	"gui_light": "front",
	"display": {
		"thirdperson_righthand": {
			"rotation": [67.5, 0, 0],
			"translation": [0, 1.25, 0],
			"scale": [0.2593, 0.2593, 0.2593]
		},
		"thirdperson_lefthand": {
			"rotation": [67.5, 0, 0],
			"translation": [0, 1.25, 0],
			"scale": [0.2593, 0.2593, 0.2593]
		},
		"firstperson_righthand": {
			"translation": [2.75, 3.25, 0],
			"scale": [0.30156, 0.30156, 0.30156]
		},
		"firstperson_lefthand": {
			"translation": [2.75, 3.25, 0],
			"scale": [0.30156, 0.30156, 0.30156]
		},
		"ground": {
			"translation": [0, 6, 0],
			"scale": [0.65, 0.65, 0.65]
		},
		"gui": {
			"rotation": [30, 135, 0],
			"translation": [-1, -1.5, 0],
			"scale": [0.55906, 0.55906, 0.55906]
		},
		"head": {
			"rotation": [0, 180, 0],
			"translation": [0, -30.4, 0],
			"scale": [1.6, 1.6, 1.6]
		},
		"fixed": {
			"rotation": [-90, 0, 0],
			"translation": [0, 0, -16],
			"scale": [2, 2, 2]
		}
	},
	"groups": [
		{
			"name": "group",
			"origin": [0, 0, 0],
			"color": 0,
			"children": [0, 1, 2, 3, 4, 5, 6, 7, 8, 9, 10, 11, 12, 13, 14, 15, 16, 17, 18, 19, 20, 21]
		}
	]
}