{
	"credit": "Made with Blockbench",
	"textures": {
		"0": "block/props_lighting",
		"1": "block/ceiling_fan_anim",
		"particle": "block/props_lighting"
	},
	"elements": [
		{
			"from": [6, 6, 6],
			"to": [10, 8, 10],
			"faces": {
				"north": {"uv": [1.25, 2.375, 1.75, 2.125], "texture": "#0"},
				"east": {"uv": [1.25, 2.375, 1.75, 2.125], "texture": "#0"},
				"south": {"uv": [1.25, 2.375, 1.75, 2.125], "texture": "#0"},
				"west": {"uv": [1.25, 2.375, 1.75, 2.125], "texture": "#0"}
			}
		},
		{
			"from": [5.5, 13, 5.5],
			"to": [10.5, 16, 10.5],
			"rotation": {"angle": 0, "axis": "y", "origin": [0.5, 0, 0.5]},
			"faces": {
				"north": {"uv": [1.25, 2.125, 1.875, 1.75], "texture": "#0"},
				"east": {"uv": [1.25, 2.125, 1.875, 1.75], "texture": "#0"},
				"south": {"uv": [1.25, 2.125, 1.875, 1.75], "texture": "#0"},
				"west": {"uv": [1.25, 2.125, 1.875, 1.75], "texture": "#0"},
				"up": {"uv": [0.625, 2.75, 1.25, 2.125], "texture": "#0"},
				"down": {"uv": [0, 2.75, 0.625, 2.125], "texture": "#0"}
			}
		},
		{
			"from": [4, 8, 4],
			"to": [12, 11, 12],
			"faces": {
				"north": {"uv": [0, 1.125, 1, 0.75], "texture": "#0"},
				"east": {"uv": [0, 1.125, 1, 0.75], "texture": "#0"},
				"south": {"uv": [0, 1.125, 1, 0.75], "texture": "#0"},
				"west": {"uv": [0, 1.125, 1, 0.75], "texture": "#0"},
				"up": {"uv": [1, 1.75, 2, 0.75], "texture": "#0"},
				"down": {"uv": [0, 2.125, 1, 1.125], "texture": "#0"}
			}
		},
		{
			"from": [8, -2, 4],
			"to": [8, 8, 12],
			"faces": {
				"east": {"uv": [0, 4, 1, 2.75], "texture": "#0"},
				"west": {"uv": [0, 4, 1, 2.75], "texture": "#0"}
			}
		},
		{
			"from": [12, 9, 5],
			"to": [27, 10, 11],
			"rotation": {"angle": 0, "axis": "y", "origin": [8, 9.5, 8]},
			"faces": {
				"north": {"uv": [0, 0.125, 1.875, 0], "texture": "#1", "tintindex": 0},
				"east": {"uv": [0, 0.125, 0.75, 0], "texture": "#1", "tintindex": 0},
				"south": {"uv": [0, 0.125, 1.875, 0], "rotation": 180, "texture": "#1", "tintindex": 0},
				"west": {"uv": [1.875, 0, 1.75, 0.75], "rotation": 90, "texture": "#1", "tintindex": 0},
				"up": {"uv": [7.5, 3, 0, 0], "texture": "#1", "tintindex": 0},
				"down": {"uv": [7.5, 0, 0, 3], "texture": "#1", "tintindex": 0}
			}
		},
		{
			"from": [-11, 9, 5],
			"to": [4, 10, 11],
			"rotation": {"angle": 0, "axis": "y", "origin": [8, 9.5, 8]},
			"faces": {
				"north": {"uv": [1.875, 0.125, 0, 0], "texture": "#1", "tintindex": 0},
				"east": {"uv": [1.875, 0.75, 1.75, 0], "rotation": 90, "texture": "#1", "tintindex": 0},
				"south": {"uv": [1.875, 0.125, 0, 0], "rotation": 180, "texture": "#1", "tintindex": 0},
				"west": {"uv": [0.75, 0.125, 0, 0], "texture": "#1", "tintindex": 0},
				"up": {"uv": [0, 3, 7.5, 0], "texture": "#1", "tintindex": 0},
				"down": {"uv": [0, 0, 7.5, 3], "texture": "#1", "tintindex": 0}
			}
		},
		{
			"from": [5, 9, -11],
			"to": [11, 10, 4],
			"rotation": {"angle": 0, "axis": "y", "origin": [8, 9.5, 8]},
			"faces": {
				"north": {"uv": [0.75, 0.125, 0, 0], "texture": "#1", "tintindex": 0},
				"east": {"uv": [1.875, 0.125, 0, 0], "texture": "#1", "tintindex": 0},
				"south": {"uv": [1.875, 0.75, 1.75, 0], "rotation": 90, "texture": "#1", "tintindex": 0},
				"west": {"uv": [1.875, 0.125, 0, 0], "rotation": 180, "texture": "#1", "tintindex": 0},
				"up": {"uv": [7.5, 3, 0, 0], "rotation": 270, "texture": "#1", "tintindex": 0},
				"down": {"uv": [0, 0, 7.5, 3], "rotation": 270, "texture": "#1", "tintindex": 0}
			}
		},
		{
			"from": [5, 9, 12],
			"to": [11, 10, 27],
			"rotation": {"angle": 0, "axis": "y", "origin": [8, 9.5, 8]},
			"faces": {
				"north": {"uv": [1.875, 0, 1.75, 0.75], "rotation": 90, "texture": "#1", "tintindex": 0},
				"east": {"uv": [0, 0.125, 1.875, 0], "texture": "#1", "tintindex": 0},
				"south": {"uv": [0, 0.125, 0.75, 0], "texture": "#1", "tintindex": 0},
				"west": {"uv": [0, 0.125, 1.875, 0], "rotation": 180, "texture": "#1", "tintindex": 0},
				"up": {"uv": [0, 0, 7.5, 3], "rotation": 270, "texture": "#1", "tintindex": 0},
				"down": {"uv": [7.5, 0, 0, 3], "rotation": 270, "texture": "#1", "tintindex": 0}
			}
		},
		{
			"from": [-11, 9, 5],
			"to": [4, 10, 11],
			"rotation": {"angle": 22.5, "axis": "y", "origin": [8, 9.5, 8]},
			"faces": {
				"north": {"uv": [1.875, 3.125, 0, 3], "texture": "#1", "tintindex": 0},
				"east": {"uv": [1.875, 3.75, 1.75, 3], "rotation": 90, "texture": "#1", "tintindex": 0},
				"south": {"uv": [1.875, 3.125, 0, 3], "rotation": 180, "texture": "#1", "tintindex": 0},
				"west": {"uv": [0.75, 3.125, 0, 3], "texture": "#1", "tintindex": 0},
				"up": {"uv": [0, 6, 7.5, 3], "texture": "#1", "tintindex": 0},
				"down": {"uv": [0, 3, 7.5, 6], "texture": "#1", "tintindex": 0}
			}
		},
		{
			"from": [5, 9, -11],
			"to": [11, 10, 4],
			"rotation": {"angle": 22.5, "axis": "y", "origin": [8, 9.5, 8]},
			"faces": {
				"north": {"uv": [0.75, 3.125, 0, 3], "texture": "#1", "tintindex": 0},
				"east": {"uv": [1.875, 3.125, 0, 3], "texture": "#1", "tintindex": 0},
				"south": {"uv": [1.875, 3.75, 1.75, 3], "rotation": 90, "texture": "#1", "tintindex": 0},
				"west": {"uv": [1.875, 3.125, 0, 3], "rotation": 180, "texture": "#1", "tintindex": 0},
				"up": {"uv": [7.5, 6, 0, 3], "rotation": 270, "texture": "#1", "tintindex": 0},
				"down": {"uv": [0, 3, 7.5, 6], "rotation": 270, "texture": "#1", "tintindex": 0}
			}
		},
		{
			"from": [12, 9, 5],
			"to": [27, 10, 11],
			"rotation": {"angle": 22.5, "axis": "y", "origin": [8, 9.5, 8]},
			"faces": {
				"north": {"uv": [0, 3.125, 1.875, 3], "texture": "#1", "tintindex": 0},
				"east": {"uv": [0, 3.125, 0.75, 3], "texture": "#1", "tintindex": 0},
				"south": {"uv": [0, 3.125, 1.875, 3], "rotation": 180, "texture": "#1", "tintindex": 0},
				"west": {"uv": [1.875, 3, 1.75, 3.75], "rotation": 90, "texture": "#1", "tintindex": 0},
				"up": {"uv": [7.5, 6, 0, 3], "texture": "#1", "tintindex": 0},
				"down": {"uv": [7.5, 3, 0, 6], "texture": "#1", "tintindex": 0}
			}
		},
		{
			"from": [5, 9, 12],
			"to": [11, 10, 27],
			"rotation": {"angle": 22.5, "axis": "y", "origin": [8, 9.5, 8]},
			"faces": {
				"north": {"uv": [1.875, 3, 1.75, 3.75], "rotation": 90, "texture": "#1", "tintindex": 0},
				"east": {"uv": [0, 3.125, 1.875, 3], "texture": "#1", "tintindex": 0},
				"south": {"uv": [0, 3.125, 0.75, 3], "texture": "#1", "tintindex": 0},
				"west": {"uv": [0, 3.125, 1.875, 3], "rotation": 180, "texture": "#1", "tintindex": 0},
				"up": {"uv": [0, 3, 7.5, 6], "rotation": 270, "texture": "#1", "tintindex": 0},
				"down": {"uv": [7.5, 3, 0, 6], "rotation": 270, "texture": "#1", "tintindex": 0}
			}
		},
		{
			"from": [12, 9, 5],
			"to": [27, 10, 11],
			"rotation": {"angle": -22.5, "axis": "y", "origin": [8, 9.5, 8]},
			"faces": {
				"north": {"uv": [0, 9.125, 1.875, 9], "texture": "#1", "tintindex": 0},
				"east": {"uv": [0, 9.125, 0.75, 9], "texture": "#1", "tintindex": 0},
				"south": {"uv": [0, 9.125, 1.875, 9], "rotation": 180, "texture": "#1", "tintindex": 0},
				"west": {"uv": [1.875, 9, 1.75, 9.75], "rotation": 90, "texture": "#1", "tintindex": 0},
				"up": {"uv": [7.5, 12, 0, 9], "texture": "#1", "tintindex": 0},
				"down": {"uv": [7.5, 9, 0, 12], "texture": "#1", "tintindex": 0}
			}
		},
		{
			"from": [5, 9, -11],
			"to": [11, 10, 4],
			"rotation": {"angle": -22.5, "axis": "y", "origin": [8, 9.5, 8]},
			"faces": {
				"north": {"uv": [0.75, 9.125, 0, 9], "texture": "#1", "tintindex": 0},
				"east": {"uv": [1.875, 9.125, 0, 9], "texture": "#1", "tintindex": 0},
				"south": {"uv": [1.875, 9.75, 1.75, 9], "rotation": 90, "texture": "#1", "tintindex": 0},
				"west": {"uv": [1.875, 9.125, 0, 9], "rotation": 180, "texture": "#1", "tintindex": 0},
				"up": {"uv": [7.5, 12, 0, 9], "rotation": 270, "texture": "#1", "tintindex": 0},
				"down": {"uv": [0, 9, 7.5, 12], "rotation": 270, "texture": "#1", "tintindex": 0}
			}
		},
		{
			"from": [5, 9, 12],
			"to": [11, 10, 27],
			"rotation": {"angle": -22.5, "axis": "y", "origin": [8, 9.5, 8]},
			"faces": {
				"north": {"uv": [1.875, 9, 1.75, 9.75], "rotation": 90, "texture": "#1", "tintindex": 0},
				"east": {"uv": [0, 9.125, 1.875, 9], "texture": "#1", "tintindex": 0},
				"south": {"uv": [0, 9.125, 0.75, 9], "texture": "#1", "tintindex": 0},
				"west": {"uv": [0, 9.125, 1.875, 9], "rotation": 180, "texture": "#1", "tintindex": 0},
				"up": {"uv": [0, 9, 7.5, 12], "rotation": 270, "texture": "#1", "tintindex": 0},
				"down": {"uv": [7.5, 9, 0, 12], "rotation": 270, "texture": "#1", "tintindex": 0}
			}
		},
		{
			"from": [-11, 9, 5],
			"to": [4, 10, 11],
			"rotation": {"angle": -22.5, "axis": "y", "origin": [8, 9.5, 8]},
			"faces": {
				"north": {"uv": [1.875, 9.125, 0, 9], "texture": "#1", "tintindex": 0},
				"east": {"uv": [1.875, 9.75, 1.75, 9], "rotation": 90, "texture": "#1", "tintindex": 0},
				"south": {"uv": [1.875, 9.125, 0, 9], "rotation": 180, "texture": "#1", "tintindex": 0},
				"west": {"uv": [0.75, 9.125, 0, 9], "texture": "#1", "tintindex": 0},
				"up": {"uv": [0, 12, 7.5, 9], "texture": "#1", "tintindex": 0},
				"down": {"uv": [0, 9, 7.5, 12], "texture": "#1", "tintindex": 0}
			}
		},
		{
			"from": [-11, 9, 5],
			"to": [4, 10, 11],
			"rotation": {"angle": 45, "axis": "y", "origin": [8, 9.5, 8]},
			"faces": {
				"north": {"uv": [1.875, 6.125, 0, 6], "texture": "#1", "tintindex": 0},
				"east": {"uv": [1.875, 6.75, 1.75, 6], "rotation": 90, "texture": "#1", "tintindex": 0},
				"south": {"uv": [1.875, 6.125, 0, 6], "rotation": 180, "texture": "#1", "tintindex": 0},
				"west": {"uv": [0.75, 6.125, 0, 6], "texture": "#1", "tintindex": 0},
				"up": {"uv": [0, 9, 7.5, 6], "texture": "#1", "tintindex": 0},
				"down": {"uv": [0, 6, 7.5, 9], "texture": "#1", "tintindex": 0}
			}
		},
		{
			"from": [5, 9, -11],
			"to": [11, 10, 4],
			"rotation": {"angle": 45, "axis": "y", "origin": [8, 9.5, 8]},
			"faces": {
				"north": {"uv": [0.75, 6.125, 0, 6], "texture": "#1", "tintindex": 0},
				"east": {"uv": [1.875, 6.125, 0, 6], "texture": "#1", "tintindex": 0},
				"south": {"uv": [1.875, 6.75, 1.75, 6], "rotation": 90, "texture": "#1", "tintindex": 0},
				"west": {"uv": [1.875, 6.125, 0, 6], "rotation": 180, "texture": "#1", "tintindex": 0},
				"up": {"uv": [7.5, 9, 0, 6], "rotation": 270, "texture": "#1", "tintindex": 0},
				"down": {"uv": [0, 6, 7.5, 9], "rotation": 270, "texture": "#1", "tintindex": 0}
			}
		},
		{
			"from": [12, 9, 5],
			"to": [27, 10, 11],
			"rotation": {"angle": 45, "axis": "y", "origin": [8, 9.5, 8]},
			"faces": {
				"north": {"uv": [0, 6.125, 1.875, 6], "texture": "#1", "tintindex": 0},
				"east": {"uv": [0, 6.125, 0.75, 6], "texture": "#1", "tintindex": 0},
				"south": {"uv": [0, 6.125, 1.875, 6], "rotation": 180, "texture": "#1", "tintindex": 0},
				"west": {"uv": [1.875, 6, 1.75, 6.75], "rotation": 90, "texture": "#1", "tintindex": 0},
				"up": {"uv": [7.5, 9, 0, 6], "texture": "#1", "tintindex": 0},
				"down": {"uv": [7.5, 6, 0, 9], "texture": "#1", "tintindex": 0}
			}
		},
		{
			"from": [5, 9, 12],
			"to": [11, 10, 27],
			"rotation": {"angle": 45, "axis": "y", "origin": [8, 9.5, 8]},
			"faces": {
				"north": {"uv": [1.875, 6, 1.75, 6.75], "rotation": 90, "texture": "#1", "tintindex": 0},
				"east": {"uv": [0, 6.125, 1.875, 6], "texture": "#1", "tintindex": 0},
				"south": {"uv": [0, 6.125, 0.75, 6], "texture": "#1", "tintindex": 0},
				"west": {"uv": [0, 6.125, 1.875, 6], "rotation": 180, "texture": "#1", "tintindex": 0},
				"up": {"uv": [0, 6, 7.5, 9], "rotation": 270, "texture": "#1", "tintindex": 0},
				"down": {"uv": [7.5, 6, 0, 9], "rotation": 270, "texture": "#1", "tintindex": 0}
			}
		},
		{
			"from": [5, 9, -11],
			"to": [11, 10, 4],
			"rotation": {"angle": 45, "axis": "y", "origin": [8, 9.5, 8]},
			"faces": {
				"north": {"uv": [0.75, 6.125, 0, 6], "texture": "#1", "tintindex": 0},
				"east": {"uv": [1.875, 6.125, 0, 6], "texture": "#1", "tintindex": 0},
				"south": {"uv": [1.875, 6.75, 1.75, 6], "rotation": 90, "texture": "#1", "tintindex": 0},
				"west": {"uv": [1.875, 6.125, 0, 6], "rotation": 180, "texture": "#1", "tintindex": 0},
				"up": {"uv": [7.5, 9, 0, 6], "rotation": 270, "texture": "#1", "tintindex": 0},
				"down": {"uv": [0, 6, 7.5, 9], "rotation": 270, "texture": "#1", "tintindex": 0}
			}
		},
		{
			"from": [12, 9, 5],
			"to": [27, 10, 11],
			"rotation": {"angle": 45, "axis": "y", "origin": [8, 9.5, 8]},
			"faces": {
				"north": {"uv": [0, 6.125, 1.875, 6], "texture": "#1", "tintindex": 0},
				"east": {"uv": [0, 6.125, 0.75, 6], "texture": "#1", "tintindex": 0},
				"south": {"uv": [0, 6.125, 1.875, 6], "rotation": 180, "texture": "#1", "tintindex": 0},
				"west": {"uv": [1.875, 6, 1.75, 6.75], "rotation": 90, "texture": "#1", "tintindex": 0},
				"up": {"uv": [7.5, 9, 0, 6], "texture": "#1", "tintindex": 0},
				"down": {"uv": [7.5, 6, 0, 9], "texture": "#1", "tintindex": 0}
			}
		},
		{
			"from": [5, 9, 12],
			"to": [11, 10, 27],
			"rotation": {"angle": 45, "axis": "y", "origin": [8, 9.5, 8]},
			"faces": {
				"north": {"uv": [1.875, 6, 1.75, 6.75], "rotation": 90, "texture": "#1", "tintindex": 0},
				"east": {"uv": [0, 6.125, 1.875, 6], "texture": "#1", "tintindex": 0},
				"south": {"uv": [0, 6.125, 0.75, 6], "texture": "#1", "tintindex": 0},
				"west": {"uv": [0, 6.125, 1.875, 6], "rotation": 180, "texture": "#1", "tintindex": 0},
				"up": {"uv": [0, 6, 7.5, 9], "rotation": 270, "texture": "#1", "tintindex": 0},
				"down": {"uv": [7.5, 6, 0, 9], "rotation": 270, "texture": "#1", "tintindex": 0}
			}
		},
		{
			"from": [-11, 9, 5],
			"to": [4, 10, 11],
			"rotation": {"angle": 45, "axis": "y", "origin": [8, 9.5, 8]},
			"faces": {
				"north": {"uv": [1.875, 6.125, 0, 6], "texture": "#1", "tintindex": 0},
				"east": {"uv": [1.875, 6.75, 1.75, 6], "rotation": 90, "texture": "#1", "tintindex": 0},
				"south": {"uv": [1.875, 6.125, 0, 6], "rotation": 180, "texture": "#1", "tintindex": 0},
				"west": {"uv": [0.75, 6.125, 0, 6], "texture": "#1", "tintindex": 0},
				"up": {"uv": [0, 9, 7.5, 6], "texture": "#1", "tintindex": 0},
				"down": {"uv": [0, 6, 7.5, 9], "texture": "#1", "tintindex": 0}
			}
		},
		{
			"from": [7, 11, 7],
			"to": [9, 13, 9],
			"faces": {
				"north": {"uv": [1, 2, 1.25, 1.75], "texture": "#0"},
				"east": {"uv": [1, 2, 1.25, 1.75], "texture": "#0"},
				"south": {"uv": [1, 2, 1.25, 1.75], "texture": "#0"},
				"west": {"uv": [1, 2, 1.25, 1.75], "texture": "#0"}
			}
		},
		{
			"from": [5, 3, 5],
			"to": [11, 6, 11],
			"rotation": {"angle": 0, "axis": "y", "origin": [8, 18.5, 8]},
			"faces": {
				"north": {"uv": [1, 3.125, 1.75, 2.75], "texture": "#0"},
				"east": {"uv": [1, 3.125, 1.75, 2.75], "texture": "#0"},
				"south": {"uv": [1, 3.125, 1.75, 2.75], "texture": "#0"},
				"west": {"uv": [1, 3.125, 1.75, 2.75], "texture": "#0"},
				"up": {"uv": [1, 4.625, 1.75, 3.875], "texture": "#0"},
				"down": {"uv": [1, 3.875, 1.75, 3.125], "texture": "#0"}
			}
		}
	],
	"display": {
		"thirdperson_righthand": {
			"rotation": [75, 45, 0],
			"translation": [0, 2.5, 0],
			"scale": [0.375, 0.375, 0.375]
		},
		"thirdperson_lefthand": {
			"rotation": [75, 45, 0],
			"translation": [0, 2.5, 0],
			"scale": [0.375, 0.375, 0.375]
		},
		"firstperson_righthand": {
			"rotation": [0, 45, 0],
			"scale": [0.4, 0.4, 0.4]
		},
		"firstperson_lefthand": {
			"rotation": [0, 225, 0],
			"scale": [0.4, 0.4, 0.4]
		},
		"ground": {
			"translation": [0, 3, 0],
			"scale": [0.25, 0.25, 0.25]
		},
		"gui": {
			"rotation": [30, 225, 0],
			"scale": [0.42, 0.42, 0.42]
		},
		"head": {
			"translation": [0, -30.5, 0],
			"scale": [1.6, 1.6, 1.6]
		},
		"fixed": {
			"rotation": [90, 0, 0],
			"translation": [0, 0, -20.25],
			"scale": [2.54, 2.54, 2.54]
		}
	}
}