{
	"format_version": "1.12.0",
	"minecraft:geometry": [
		{
			"description": {
				"identifier": "geometry.bagon",
				"texture_width": 64,
				"texture_height": 64,
				"visible_bounds_width": 2,
				"visible_bounds_height": 3,
				"visible_bounds_offset": [0, 0.5, 0]
			},
			"bones": [
				{
					"name": "bagon",
					"pivot": [0, 0, 0]
				},
				{
					"name": "body",
					"parent": "bagon",
					"pivot": [0, 0, 0]
				},
				{
					"name": "torso",
					"parent": "body",
					"pivot": [0, 7, -0.5],
					"rotation": [7.5, 0, 0],
					"cubes": [
						{"origin": [-3.5, 3.5, -4], "size": [7, 7, 7], "uv": [0, 0]}
					]
				},
				{
					"name": "neck",
					"parent": "torso",
					"pivot": [0, 9.07923, -1.09442],
					"cubes": [
						{"origin": [-2.5, 9, -3.5], "size": [5, 4, 5], "pivot": [0, 10.5, -1.5], "rotation": [10, 0, 0], "uv": [24, 10]}
					]
				},
				{
					"name": "head",
					"parent": "neck",
					"pivot": [0, 12, -1.5],
					"cubes": [
						{"origin": [-3, 12, -5], "size": [6, 6, 6], "uv": [0, 15]},
						{"origin": [-3, 13, -9], "size": [6, 4, 4], "uv": [29, 0]}
					]
				},
				{
					"name": "eyes",
					"parent": "head",
					"pivot": [0, 0, 0]
				},
				{
					"name": "eye_right",
					"parent": "eyes",
					"pivot": [3.015, 16.55, -4.25],
					"rotation": [-15, 0, 0],
					"cubes": [
						{"origin": [3.02, 15.6298, -5.02367], "size": [0, 2, 1], "pivot": [3.02, 16.7798, -4.27367], "rotation": [15, 0, 0], "uv": [26, 36]},
						{"origin": [3.01, 15.5298, -5.52367], "size": [0, 2, 3], "uv": [51, 19]}
					]
				},
				{
					"name": "eyelid_right",
					"parent": "eye_right",
					"pivot": [2.92, 16.5298, -4.02367],
					"cubes": [
						{"origin": [2.92, 15.5298, -5.52367], "size": [0, 2, 3], "inflate": 0.01, "uv": [24, 46]}
					]
				},
				{
					"name": "eye_left",
					"parent": "eyes",
					"pivot": [-3.015, 16.55, -4.25],
					"rotation": [-15, 0, 0],
					"cubes": [
						{"origin": [-3.02, 15.6298, -5.02367], "size": [0, 2, 1], "pivot": [-3.02, 16.7798, -4.27367], "rotation": [15, 0, 0], "uv": [13, 31]},
						{"origin": [-3.01, 15.5298, -5.52367], "size": [0, 2, 3], "uv": [22, 0]}
					]
				},
				{
					"name": "eyelid_left",
					"parent": "eye_left",
					"pivot": [-2.92, 16.5298, -4.02367],
					"cubes": [
						{"origin": [-2.92, 15.5298, -5.52367], "size": [0, 2, 3], "inflate": 0.01, "uv": [0, 0]}
					]
				},
				{
					"name": "mouth",
					"parent": "head",
					"pivot": [0, 12.5, -5.5],
					"cubes": [
						{"origin": [-3, 12, -8], "size": [6, 1, 3], "uv": [40, 9]}
					]
				},
				{
					"name": "hair",
					"parent": "head",
					"pivot": [0.00014, 17.10615, -0.03265],
					"cubes": [
						{"origin": [-1.5, 15, -6], "size": [3, 7, 7], "uv": [18, 21]},
						{"origin": [-1.5, 13, 1], "size": [3, 8, 2], "uv": [31, 41]},
						{"origin": [0.5, 17, -5.5], "size": [3, 4, 6], "uv": [33, 30]},
						{"origin": [-3.5, 17, -5.5], "size": [3, 4, 6], "uv": [0, 30]},
						{"origin": [-3.5, 15, 0.5], "size": [3, 5, 2], "uv": [13, 46]},
						{"origin": [0.5, 15, 0.5], "size": [3, 5, 2], "uv": [42, 41]}
					]
				},
				{
					"name": "hair2",
					"parent": "hair",
					"pivot": [0.001, 13.24305, 2.27145],
					"cubes": [
						{"origin": [-1.499, 8.24201, 1.76622], "size": [3, 6, 3], "pivot": [0, 8.74201, 2.76622], "rotation": [22.5, 0, 0], "uv": [0, 41]}
					]
				},
				{
					"name": "head_decor",
					"parent": "head",
					"pivot": [0, 14.58333, -1.75],
					"cubes": [
						{"origin": [3.01, 14.25, -1.5], "size": [0, 2, 2], "uv": [19, 15]},
						{"origin": [-3.02, 14.75, -1], "size": [0, 1, 1], "uv": [32, 20]},
						{"origin": [-3.01, 14.25, -1.5], "size": [0, 2, 2], "uv": [0, 15]},
						{"origin": [3.02, 14.75, -1], "size": [0, 1, 1], "uv": [22, 0]},
						{"origin": [3.02, 12.75, -4.75], "size": [0, 1, 1], "pivot": [3.02, 13.25, -4.25], "rotation": [-12.5, 0, 0], "uv": [4, 0]},
						{"origin": [-3.02, 12.75, -4.75], "size": [0, 1, 1], "pivot": [-3.02, 13.25, -4.25], "rotation": [-12.5, 0, 0], "uv": [0, 0]}
					]
				},
				{
					"name": "arm_left",
					"parent": "torso",
					"pivot": [3.5, 8.5, -2],
					"cubes": [
						{"origin": [3.5, 7.5, -3], "size": [4, 2, 2], "uv": [50, 0]}
					]
				},
				{
					"name": "arm_right",
					"parent": "torso",
					"pivot": [-3.5, 8.5, -2],
					"cubes": [
						{"origin": [-7.5, 7.5, -3], "size": [4, 2, 2], "uv": [42, 49]}
					]
				},
				{
					"name": "leg_left",
					"parent": "body",
					"pivot": [3, 4.4, -0.2],
					"cubes": [
						{"origin": [1.5, 2, -2.75], "size": [3, 4, 5], "uv": [39, 20]},
						{"origin": [2, 1, -1.25], "size": [2, 1, 3], "uv": [0, 51]},
						{"origin": [1.75, 0, -2.75], "size": [1, 1, 1], "uv": [0, 31]},
						{"origin": [3.25, 0, -2.75], "size": [1, 1, 1], "uv": [13, 28]},
						{"origin": [1.5, 0, -1.75], "size": [3, 1, 3], "uv": [46, 30]}
					]
				},
				{
					"name": "leg_right",
					"parent": "body",
					"pivot": [-3, 4.4, -0.2],
					"cubes": [
						{"origin": [-4.5, 2, -2.75], "size": [3, 4, 5], "uv": [14, 36]},
						{"origin": [-4, 1, -1.25], "size": [2, 1, 3], "uv": [32, 20]},
						{"origin": [-2.75, 0, -2.75], "size": [1, 1, 1], "uv": [0, 28]},
						{"origin": [-4.25, 0, -2.75], "size": [1, 1, 1], "uv": [26, 0]},
						{"origin": [-4.5, 0, -1.75], "size": [3, 1, 3], "uv": [45, 14]}
					]
				}
			]
		}
	]
}