{
	"credit": "Made with Blockbench",
	"textures": {
		"1": "simplehats:block/hard_hat_arquitecto"
	},
	"elements": [
		{
			"from": [3.5, 5, 3.5],
			"to": [12.5, 10, 12.5],
			"rotation": {"angle": 0, "axis": "y", "origin": [-0.5, 0, -1.5]},
			"faces": {
				"north": {"uv": [6, 0, 1.5, 2.5], "texture": "#1"},
				"east": {"uv": [6, 5, 1.5, 7.5], "texture": "#1"},
				"south": {"uv": [6, 2.5, 1.5, 5], "texture": "#1"},
				"west": {"uv": [6, 5, 1.5, 7.5], "texture": "#1"},
				"up": {"uv": [11, 0, 6.5, 4.5], "texture": "#1"}
			}
		},
		{
			"from": [2.5, 5, -1.5],
			"to": [13.5, 5, 14.5],
			"rotation": {"angle": 0, "axis": "y", "origin": [-0.5, 0, -1.5]},
			"faces": {
				"up": {"uv": [10, 13.5, 2, 8], "rotation": 90, "texture": "#1"},
				"down": {"uv": [2, 8, 10, 13.5], "rotation": 90, "texture": "#1"}
			}
		},
		{
			"from": [6.5, 5, 2.5],
			"to": [9.5, 11, 13.5],
			"rotation": {"angle": 0, "axis": "y", "origin": [-0.5, 0, -1.5]},
			"faces": {
				"north": {"uv": [1.5, 0, 0, 3], "texture": "#1"},
				"east": {"uv": [12, 4.5, 6.5, 7.5], "texture": "#1"},
				"south": {"uv": [1.5, 0, 0, 3], "texture": "#1"},
				"west": {"uv": [12, 4.5, 6.5, 7.5], "texture": "#1"},
				"up": {"uv": [1.5, 3, 0, 8.5], "texture": "#1"}
			}
		}
	],
	"gui_light": "front",
	"display": {
		"thirdperson_righthand": {
			"rotation": [55.5, 34, 0],
			"translation": [0, 1, 0.75],
			"scale": [0.52539, 0.52539, 0.52539]
		},
		"thirdperson_lefthand": {
			"rotation": [55.5, 34, 0],
			"translation": [0, 1, 0.75],
			"scale": [0.52539, 0.52539, 0.52539]
		},
		"firstperson_righthand": {
			"rotation": [21, 114.5, -13.75],
			"translation": [9.5, 0, -5.75],
			"scale": [0.41992, 0.41992, 0.41992]
		},
		"firstperson_lefthand": {
			"rotation": [21, 114.5, -13.75],
			"translation": [9.5, 0, -5.75],
			"scale": [0.41992, 0.41992, 0.41992]
		},
		"ground": {
			"translation": [0, 2.75, 0]
		},
		"gui": {
			"rotation": [-149.61, -31.92, -180],
			"translation": [-0.5, 1.25, 0],
			"scale": [0.94335, 0.94335, 0.94335]
		},
		"head": {
			"rotation": [3.25, 0, 0],
			"translation": [0, 6.5, 0.25],
			"scale": [1.70938, 1.70938, 1.70938]
		},
		"fixed": {
			"rotation": [-46, 0, 0],
			"translation": [0, 3.25, -4.75],
			"scale": [1.87, 1.87, 1.87]
		}
	}
}