{
	"credit": "Made with Blockbench",
	"textures": {
		"1": "block/burger_diner_2"
	},
	"elements": [
		{
			"from": [3, 0, 5],
			"to": [9, 2, 10],
			"rotation": {"angle": 0, "axis": "y", "origin": [5.5, 0.5, 3.5]},
			"faces": {
				"north": {"uv": [5.25, 1.375, 5.5, 2.125], "rotation": 270, "texture": "#1"},
				"east": {"uv": [5.5, 1.625, 5.75, 2.25], "rotation": 270, "texture": "#1"},
				"south": {"uv": [5.25, 2.125, 5.5, 1.375], "rotation": 270, "texture": "#1"},
				"west": {"uv": [5.5, 1.375, 6.125, 1.625], "texture": "#1"},
				"up": {"uv": [5.25, 0.75, 6, 1.375], "texture": "#1"},
				"down": {"uv": [5.25, 0.75, 6, 1.375], "texture": "#1"}
			}
		},
		{
			"from": [9, 0, 9],
			"to": [12, 1, 10],
			"rotation": {"angle": 0, "axis": "y", "origin": [12, 0, 10]},
			"faces": {
				"north": {"uv": [5.25, 0, 5.625, 0.125], "texture": "#1"},
				"east": {"uv": [5.5, 0, 5.625, 0.125], "texture": "#1"},
				"south": {"uv": [5.25, 0, 5.625, 0.125], "texture": "#1"},
				"west": {"uv": [5.25, 0, 5.375, 0.125], "texture": "#1"},
				"up": {"uv": [5.625, 0, 5.25, 0.125], "rotation": 180, "texture": "#1"},
				"down": {"uv": [5.625, 0, 5.25, 0.125], "rotation": 180, "texture": "#1"}
			}
		},
		{
			"from": [9, 0, 5],
			"to": [12, 1, 6],
			"rotation": {"angle": 0, "axis": "y", "origin": [12, 0, 6]},
			"faces": {
				"north": {"uv": [5.25, 0, 5.625, 0.125], "texture": "#1"},
				"east": {"uv": [5.5, 0, 5.625, 0.125], "texture": "#1"},
				"south": {"uv": [5.25, 0, 5.625, 0.125], "texture": "#1"},
				"west": {"uv": [5.25, 0, 5.375, 0.125], "texture": "#1"},
				"up": {"uv": [5.625, 0, 5.25, 0.125], "rotation": 180, "texture": "#1"},
				"down": {"uv": [5.625, 0, 5.25, 0.125], "rotation": 180, "texture": "#1"}
			}
		},
		{
			"from": [9, 0, 8],
			"to": [11, 1, 9],
			"rotation": {"angle": 0, "axis": "y", "origin": [11, 0, 9]},
			"faces": {
				"north": {"uv": [5.25, 0.125, 5.625, 0.25], "texture": "#1"},
				"east": {"uv": [5.5, 0.125, 5.625, 0.25], "texture": "#1"},
				"south": {"uv": [5.25, 0.125, 5.625, 0.25], "texture": "#1"},
				"west": {"uv": [5.25, 0.125, 5.375, 0.25], "texture": "#1"},
				"up": {"uv": [5.625, 0.125, 5.25, 0.25], "rotation": 180, "texture": "#1"},
				"down": {"uv": [5.5, 0.125, 5.25, 0.25], "rotation": 180, "texture": "#1"}
			}
		},
		{
			"from": [9, 0, 6],
			"to": [13, 1, 7],
			"rotation": {"angle": 0, "axis": "y", "origin": [13, 0, 7]},
			"faces": {
				"north": {"uv": [5.25, 0.125, 5.625, 0.25], "texture": "#1"},
				"east": {"uv": [5.5, 0.125, 5.625, 0.25], "texture": "#1"},
				"south": {"uv": [5.25, 0.125, 5.625, 0.25], "texture": "#1"},
				"west": {"uv": [5.25, 0.125, 5.375, 0.25], "texture": "#1"},
				"up": {"uv": [5.625, 0.125, 5.25, 0.25], "rotation": 180, "texture": "#1"},
				"down": {"uv": [5.5, 0.125, 5.25, 0.25], "rotation": 180, "texture": "#1"}
			}
		},
		{
			"from": [9, 0, 7],
			"to": [14, 1, 8],
			"rotation": {"angle": 0, "axis": "y", "origin": [14, 0, 8]},
			"faces": {
				"north": {"uv": [5.25, 0.25, 5.875, 0.375], "texture": "#1"},
				"east": {"uv": [5.75, 0.25, 5.875, 0.375], "texture": "#1"},
				"south": {"uv": [5.25, 0.25, 5.875, 0.375], "texture": "#1"},
				"west": {"uv": [5.25, 0.25, 5.375, 0.375], "texture": "#1"},
				"up": {"uv": [5.875, 0.25, 5.25, 0.375], "rotation": 180, "texture": "#1"},
				"down": {"uv": [5.875, 0.25, 5.25, 0.375], "rotation": 180, "texture": "#1"}
			}
		}
	],
	"gui_light": "front",
	"display": {
		"thirdperson_righthand": {
			"rotation": [63, 34, 0],
			"translation": [0, 1, -1],
			"scale": [0.37891, 0.37891, 0.37891]
		},
		"thirdperson_lefthand": {
			"rotation": [63, 34, 0],
			"translation": [0, 1, -1],
			"scale": [0.37891, 0.37891, 0.37891]
		},
		"firstperson_righthand": {
			"rotation": [3, 112, -13],
			"translation": [9.5, 0, -5.75],
			"scale": [0.35547, 0.35547, 0.35547]
		},
		"firstperson_lefthand": {
			"rotation": [3, 112, -13],
			"translation": [9.5, 0, -5.75],
			"scale": [0.35547, 0.35547, 0.35547]
		},
		"ground": {
			"translation": [0, 4.25, 0],
			"scale": [0.28906, 0.28906, 0.28906]
		},
		"gui": {
			"rotation": [30, -158, 0],
			"translation": [-0.25, -0.25, 0],
			"scale": [0.56992, 0.56992, 0.56992]
		},
		"head": {
			"translation": [0, -30.5, 0],
			"scale": [1.6, 1.6, 1.6]
		},
		"fixed": {
			"rotation": [-90, 0, 0],
			"translation": [0, 0, -8]
		}
	}
}