{
	"credit": "Made with Blockbench",
	"textures": {
		"2": "simplehats:block/construction",
		"3": "simplehats:block/hard_hat_operario",
		"particle": "simplehats:block/construction"
	},
	"elements": [
		{
			"from": [3.5, 5, 3.5],
			"to": [12.5, 10, 12.5],
			"rotation": {"angle": 0, "axis": "y", "origin": [-0.5, 0, -1.5]},
			"faces": {
				"north": {"uv": [6, 0, 1.5, 2.5], "texture": "#3"},
				"east": {"uv": [6, 5, 1.5, 7.5], "texture": "#3"},
				"south": {"uv": [6, 2.5, 1.5, 5], "texture": "#3"},
				"west": {"uv": [6, 5, 1.5, 7.5], "texture": "#3"},
				"up": {"uv": [11, 0, 6.5, 4.5], "texture": "#3"}
			}
		},
		{
			"from": [2.5, 5, -1.5],
			"to": [13.5, 5, 14.5],
			"rotation": {"angle": 0, "axis": "y", "origin": [-0.5, 0, -1.5]},
			"faces": {
				"north": {"uv": [2.125, 5.25, 3.25, 5.875], "texture": "#3"},
				"east": {"uv": [2.125, 7.625, 3.25, 8.25], "texture": "#3"},
				"south": {"uv": [2.125, 5.25, 3.25, 5.875], "texture": "#3"},
				"west": {"uv": [2.125, 7, 3.25, 7.625], "texture": "#3"},
				"up": {"uv": [10, 13.5, 2, 8], "rotation": 90, "texture": "#3"},
				"down": {"uv": [2, 8, 10, 13.5], "rotation": 90, "texture": "#3"}
			}
		},
		{
			"from": [6.5, 5, 2.5],
			"to": [9.5, 11, 13.5],
			"rotation": {"angle": 0, "axis": "y", "origin": [-0.5, 0, -1.5]},
			"faces": {
				"north": {"uv": [1.5, 0, 0, 3], "texture": "#3"},
				"east": {"uv": [12, 4.5, 6.5, 7.5], "texture": "#3"},
				"south": {"uv": [1.5, 0, 0, 3], "texture": "#3"},
				"west": {"uv": [12, 4.5, 6.5, 7.5], "texture": "#3"},
				"up": {"uv": [1.5, 3, 0, 8.5], "texture": "#3"}
			}
		},
		{
			"from": [13, 1, 5.5],
			"to": [15, 6, 10.5],
			"faces": {
				"north": {"uv": [8, 5, 6, 10], "texture": "#2", "tintindex": 0},
				"east": {"uv": [5, 5, 0, 10], "texture": "#2", "tintindex": 0},
				"south": {"uv": [6, 5, 8, 10], "texture": "#2", "tintindex": 0},
				"west": {"uv": [0, 0, 0, 0], "texture": "#2"},
				"up": {"uv": [10, 5, 8, 10], "texture": "#2", "tintindex": 0},
				"down": {"uv": [2, 10, 0, 15], "texture": "#2", "tintindex": 0}
			}
		},
		{
			"from": [2.5, 5.5, 6],
			"to": [13.5, 11.5, 10],
			"rotation": {"angle": 0, "axis": "y", "origin": [0.5, 0, 0.5]},
			"faces": {
				"east": {"uv": [16, 0, 12, 6], "texture": "#2"},
				"west": {"uv": [16, 0, 12, 6], "texture": "#2"},
				"up": {"uv": [10, 16, 14, 6], "rotation": 90, "texture": "#2"}
			}
		},
		{
			"from": [3.5, 1, 3.5],
			"to": [12.5, 5, 5.5],
			"rotation": {"angle": 0, "axis": "y", "origin": [0.5, 0, 0]},
			"faces": {
				"north": {"uv": [0, 0, 9, 4], "texture": "#2"},
				"east": {"uv": [11, 0, 9, 4], "texture": "#2"},
				"west": {"uv": [9, 0, 11, 4], "texture": "#2"}
			}
		},
		{
			"from": [11.9, 0.9, 5.4],
			"to": [13.1, 6.1, 10.6],
			"faces": {
				"north": {"uv": [4, 10, 3, 15], "texture": "#2"},
				"east": {"uv": [9, 10, 4, 15], "texture": "#2"},
				"south": {"uv": [4, 10, 3, 15], "texture": "#2"},
				"west": {"uv": [9, 10, 4, 15], "texture": "#2"},
				"up": {"uv": [4, 10, 3, 15], "texture": "#2"},
				"down": {"uv": [4, 10, 3, 15], "texture": "#2"}
			}
		},
		{
			"from": [2.9, 0.9, 5.4],
			"to": [4.1, 6.1, 10.6],
			"rotation": {"angle": 0, "axis": "y", "origin": [16, 0, 0]},
			"faces": {
				"north": {"uv": [3, 10, 4, 15], "texture": "#2"},
				"east": {"uv": [4, 10, 9, 15], "texture": "#2"},
				"south": {"uv": [3, 10, 4, 15], "texture": "#2"},
				"west": {"uv": [4, 10, 9, 15], "texture": "#2"},
				"up": {"uv": [3, 10, 4, 15], "texture": "#2"},
				"down": {"uv": [3, 10, 4, 15], "texture": "#2"}
			}
		},
		{
			"from": [1, 1, 5.5],
			"to": [3, 6, 10.5],
			"rotation": {"angle": 0, "axis": "y", "origin": [16, 0, 0]},
			"faces": {
				"north": {"uv": [6, 5, 8, 10], "texture": "#2", "tintindex": 0},
				"east": {"uv": [0, 0, 0, 0], "texture": "#2"},
				"south": {"uv": [8, 5, 6, 10], "texture": "#2", "tintindex": 0},
				"west": {"uv": [0, 5, 5, 10], "texture": "#2", "tintindex": 0},
				"up": {"uv": [8, 5, 10, 10], "texture": "#2", "tintindex": 0},
				"down": {"uv": [0, 10, 2, 15], "texture": "#2", "tintindex": 0}
			}
		},
		{
			"from": [13.5, 11.5, 10],
			"to": [2.5, 5.5, 6],
			"rotation": {"angle": 0, "axis": "y", "origin": [0.5, 0, 0.5]},
			"faces": {
				"east": {"uv": [16, 6, 12, 0], "texture": "#2"},
				"west": {"uv": [16, 6, 12, 0], "texture": "#2"},
				"down": {"uv": [10, 6, 14, 16], "rotation": 90, "texture": "#2"}
			}
		},
		{
			"from": [12.5, 5, 5.5],
			"to": [3.5, 1, 3.5],
			"rotation": {"angle": 0, "axis": "y", "origin": [0.5, 0, 0]},
			"faces": {
				"east": {"uv": [9, 4, 11, 0], "texture": "#2"},
				"south": {"uv": [0, 4, 9, 0], "texture": "#2"},
				"west": {"uv": [11, 4, 9, 0], "texture": "#2"}
			}
		}
	],
	"gui_light": "front",
	"display": {
		"thirdperson_righthand": {
			"rotation": [55.5, 34, 0],
			"translation": [0, 1, 0.75],
			"scale": [0.52539, 0.52539, 0.52539]
		},
		"thirdperson_lefthand": {
			"rotation": [55.5, 34, 0],
			"translation": [0, 1, 0.75],
			"scale": [0.52539, 0.52539, 0.52539]
		},
		"firstperson_righthand": {
			"rotation": [21, 114.5, -13.75],
			"translation": [9.5, 0, -5.75],
			"scale": [0.41992, 0.41992, 0.41992]
		},
		"firstperson_lefthand": {
			"rotation": [21, 114.5, -13.75],
			"translation": [9.5, 0, -5.75],
			"scale": [0.41992, 0.41992, 0.41992]
		},
		"ground": {
			"translation": [0, 3.75, 0],
			"scale": [0.64, 0.64, 0.64]
		},
		"gui": {
			"rotation": [-149.61, -31.92, -180],
			"translation": [-0.5, 1.25, 0],
			"scale": [0.94335, 0.94335, 0.94335]
		},
		"head": {
			"rotation": [3.25, 0, 0],
			"translation": [0, 6.5, 0.25],
			"scale": [1.70938, 1.70938, 1.70938]
		},
		"fixed": {
			"rotation": [-46, 0, 0],
			"translation": [0, 3.25, -4.5]
		}
	}
}