{
	"credit": "Made with Blockbench",
	"textures": {
		"0": "simplehats:block/scavenger_crown",
		"2": "simplehats:block/gold_shine",
		"particle": "simplehats:block/scavenger_crown"
	},
	"elements": [
		{
			"from": [4.5, -0.25, 4.5],
			"to": [11.5, 4.25, 11.5],
			"rotation": {"angle": 0, "axis": "y", "origin": [0.5, -31.75, 0.5]},
			"faces": {
				"north": {"uv": [0, 1, 3, 3.5], "texture": "#0"},
				"east": {"uv": [0, 1, 3, 3.5], "texture": "#0"},
				"south": {"uv": [0, 1, 3, 3.5], "texture": "#0"},
				"west": {"uv": [0, 1, 3, 3.5], "texture": "#0"}
			}
		},
		{
			"from": [5, 0.25, 5],
			"to": [11, 7.25, 11],
			"rotation": {"angle": 0, "axis": "y", "origin": [0, -31.75, 0]},
			"faces": {
				"north": {"uv": [3, 0, 6, 3.5], "texture": "#0", "tintindex": 0},
				"east": {"uv": [3, 0, 6, 3.5], "texture": "#0", "tintindex": 0},
				"south": {"uv": [3, 0, 6, 3.5], "texture": "#0", "tintindex": 0},
				"west": {"uv": [3, 0, 6, 3.5], "texture": "#0", "tintindex": 0},
				"up": {"uv": [3, 3.5, 6, 6.5], "texture": "#0", "tintindex": 0}
			}
		},
		{
			"from": [5, 7.25, 8],
			"to": [11, 10.25, 8],
			"rotation": {"angle": 0, "axis": "y", "origin": [0, -31.75, 0]},
			"faces": {
				"north": {"uv": [0, 3.5, 3, 5], "texture": "#0"},
				"south": {"uv": [0, 3.5, 3, 5], "texture": "#0"}
			}
		},
		{
			"from": [-4, -3.75, 2],
			"to": [3, 3.25, 2],
			"rotation": {"angle": -22.5, "axis": "y", "origin": [0.5, -0.25, 7]},
			"faces": {
				"north": {"uv": [8, 1, 15, 8], "texture": "#2"},
				"east": {"uv": [0, 0, 1, 1], "texture": "#2"},
				"south": {"uv": [8, 1, 15, 8], "texture": "#2"},
				"west": {"uv": [0, 0, 1, 1], "texture": "#2"},
				"up": {"uv": [0, 0, 1, 1], "texture": "#2"},
				"down": {"uv": [0, 0, 1, 1], "texture": "#2"}
			}
		},
		{
			"from": [0, 8.25, 11],
			"to": [7, 15.25, 11],
			"rotation": {"angle": 45, "axis": "y", "origin": [3.5, 11.75, 11]},
			"faces": {
				"north": {"uv": [0, 1, 7, 8], "texture": "#2"},
				"east": {"uv": [0, 0, 1, 1], "texture": "#2"},
				"south": {"uv": [0, 1, 7, 8], "texture": "#2"},
				"west": {"uv": [0, 0, 1, 1], "texture": "#2"},
				"up": {"uv": [0, 0, 1, 1], "texture": "#2"},
				"down": {"uv": [0, 0, 1, 1], "texture": "#2"}
			}
		},
		{
			"from": [0, 8.25, 11],
			"to": [7, 15.25, 11],
			"rotation": {"angle": -45, "axis": "y", "origin": [3.5, 11.75, 11]},
			"faces": {
				"north": {"uv": [0, 1, 7, 8], "texture": "#2"},
				"east": {"uv": [0, 0, 1, 1], "texture": "#2"},
				"south": {"uv": [0, 1, 7, 8], "texture": "#2"},
				"west": {"uv": [0, 0, 1, 1], "texture": "#2"},
				"up": {"uv": [0, 0, 1, 1], "texture": "#2"},
				"down": {"uv": [0, 0, 1, 1], "texture": "#2"}
			}
		},
		{
			"from": [-0.5, -3.75, -1.5],
			"to": [-0.5, 3.25, 5.5],
			"rotation": {"angle": -22.5, "axis": "y", "origin": [0.5, -0.25, 7]},
			"faces": {
				"north": {"uv": [0, 0, 1, 1], "texture": "#2"},
				"east": {"uv": [8, 1, 15, 8], "texture": "#2"},
				"south": {"uv": [0, 0, 1, 1], "texture": "#2"},
				"west": {"uv": [8, 1, 15, 8], "texture": "#2"},
				"up": {"uv": [0, 0, 1, 1], "rotation": 270, "texture": "#2"},
				"down": {"uv": [0, 0, 1, 1], "rotation": 90, "texture": "#2"}
			}
		},
		{
			"from": [13, -0.75, 7.75],
			"to": [20, 6.25, 7.75],
			"rotation": {"angle": 0, "axis": "y", "origin": [15.5, 4.75, 7]},
			"faces": {
				"north": {"uv": [8, 9, 15, 16], "texture": "#2"},
				"east": {"uv": [0, 0, 1, 1], "texture": "#2"},
				"south": {"uv": [8, 9, 15, 16], "texture": "#2"},
				"west": {"uv": [0, 0, 1, 1], "texture": "#2"},
				"up": {"uv": [0, 0, 1, 1], "texture": "#2"},
				"down": {"uv": [0, 0, 1, 1], "texture": "#2"}
			}
		},
		{
			"from": [16.34776, -0.75, 4.26537],
			"to": [16.34776, 6.25, 11.26537],
			"rotation": {"angle": 0, "axis": "y", "origin": [17.34776, 4.75, 7.76537]},
			"faces": {
				"north": {"uv": [0, 0, 1, 1], "texture": "#2"},
				"east": {"uv": [8, 9, 15, 16], "texture": "#2"},
				"south": {"uv": [0, 0, 1, 1], "texture": "#2"},
				"west": {"uv": [8, 9, 15, 16], "texture": "#2"},
				"up": {"uv": [0, 0, 1, 1], "rotation": 90, "texture": "#2"},
				"down": {"uv": [0, 0, 1, 1], "rotation": 270, "texture": "#2"}
			}
		},
		{
			"from": [6.375, 0, 4.75],
			"to": [9.625, 6.5, 11.25],
			"rotation": {"angle": 0, "axis": "y", "origin": [0.375, -31.75, 0.5]},
			"faces": {
				"north": {"uv": [6.5, 1, 7.5, 4.5], "texture": "#0", "tintindex": 0},
				"south": {"uv": [6.5, 1, 7.5, 4.5], "texture": "#0", "tintindex": 0}
			}
		},
		{
			"from": [4.75, 0, 6.375],
			"to": [11.25, 6.5, 9.625],
			"rotation": {"angle": 0, "axis": "y", "origin": [8, 3.25, 8]},
			"faces": {
				"east": {"uv": [6.5, 1, 7.5, 4.5], "texture": "#0", "tintindex": 0},
				"west": {"uv": [6.5, 1, 7.5, 4.5], "texture": "#0", "tintindex": 0}
			}
		},
		{
			"from": [4.2, 3.95, 4.2],
			"to": [11.8, 6.55, 11.8],
			"rotation": {"angle": 0, "axis": "y", "origin": [0.5, -31.75, 0.5]},
			"faces": {
				"north": {"uv": [0, 0, 3, 1], "texture": "#0"},
				"east": {"uv": [0, 0, 3, 1], "texture": "#0"},
				"south": {"uv": [0, 0, 3, 1], "texture": "#0"},
				"west": {"uv": [0, 0, 3, 1], "texture": "#0"}
			}
		},
		{
			"from": [11.8, 6.55, 11.8],
			"to": [4.2, 3.95, 4.2],
			"rotation": {"angle": 0, "axis": "y", "origin": [0.5, -31.75, 0.5]},
			"faces": {
				"north": {"uv": [0, 1, 3, 0], "texture": "#0"},
				"east": {"uv": [0, 1, 3, 0], "texture": "#0"},
				"south": {"uv": [0, 1, 3, 0], "texture": "#0"},
				"west": {"uv": [0, 1, 3, 0], "texture": "#0"}
			}
		},
		{
			"from": [11.5, 4.25, 11.5],
			"to": [4.5, -0.25, 4.5],
			"rotation": {"angle": 0, "axis": "y", "origin": [0.5, -31.75, 0.5]},
			"faces": {
				"north": {"uv": [0, 3.5, 3, 1], "texture": "#0"},
				"east": {"uv": [0, 3.5, 3, 1], "texture": "#0"},
				"south": {"uv": [0, 3.5, 3, 1], "texture": "#0"},
				"west": {"uv": [0, 3.5, 3, 1], "texture": "#0"}
			}
		}
	],
	"gui_light": "front",
	"display": {
		"thirdperson_righthand": {
			"rotation": [55.5, 34, 0],
			"translation": [0, 1, 0.75],
			"scale": [0.52539, 0.52539, 0.52539]
		},
		"thirdperson_lefthand": {
			"rotation": [55.5, 34, 0],
			"translation": [0, 1, 0.75],
			"scale": [0.52539, 0.52539, 0.52539]
		},
		"firstperson_righthand": {
			"rotation": [21, 114.5, -13.75],
			"translation": [9.5, 0, -5.75],
			"scale": [0.41992, 0.41992, 0.41992]
		},
		"firstperson_lefthand": {
			"rotation": [21, 114.5, -13.75],
			"translation": [9.5, 0, -5.75],
			"scale": [0.41992, 0.41992, 0.41992]
		},
		"ground": {
			"translation": [0, 6, 0]
		},
		"gui": {
			"rotation": [-160.31, -35.48, 169.72],
			"translation": [-0.5, 3.75, 0],
			"scale": [0.98242, 0.98242, 0.98242]
		},
		"head": {
			"rotation": [21.25, -17.99, 22.38],
			"translation": [-7.25, 16.25, 6.25],
			"scale": [1.61172, 1.61172, 1.61172]
		},
		"fixed": {
			"rotation": [-90, 0, 0],
			"translation": [0, 0, -17.75],
			"scale": [2.12, 2.12, 2.12]
		}
	}
}