{
	"credit": "Made with Blockbench",
	"textures": {
		"0": "block/fiesta/confetti",
		"particle": "block/fiesta/confetti"
	},
	"elements": [
		{
			"from": [0, 0, -16],
			"to": [30, 0, 14],
			"rotation": {"angle": 0, "axis": "y", "origin": [15, 8, -1]},
			"faces": {
				"north": {"uv": [0, 0, 15, 15], "texture": "#0"},
				"up": {"uv": [0, 0, 15, 15], "texture": "#0"},
				"down": {"uv": [15, 15, 16, 16], "texture": "#0"}
			}
		},
		{
			"from": [-16, 0.25, -7],
			"to": [14, 0.25, 23],
			"rotation": {"angle": -45, "axis": "y", "origin": [-1, 8.25, 8]},
			"faces": {
				"north": {"uv": [0, 0, 15, 15], "texture": "#0"},
				"up": {"uv": [0, 0, 15, 15], "texture": "#0"},
				"down": {"uv": [15, 15, 16, 16], "texture": "#0"}
			}
		},
		{
			"from": [0, 0.5, 2],
			"to": [30, 0.5, 32],
			"rotation": {"angle": -22.5, "axis": "y", "origin": [15, 8.5, 17]},
			"faces": {
				"east": {"uv": [0, 0, 15, 15], "texture": "#0"},
				"up": {"uv": [0, 0, 15, 15], "rotation": 90, "texture": "#0"},
				"down": {"uv": [15, 15, 16, 16], "rotation": 270, "texture": "#0"}
			}
		}
	],
	"display": {
		"thirdperson_righthand": {
			"rotation": [75, 45, 0],
			"translation": [0, 2.5, 0],
			"scale": [0.375, 0.375, 0.375]
		},
		"thirdperson_lefthand": {
			"rotation": [75, 45, 0],
			"translation": [0, 2.5, 0],
			"scale": [0.375, 0.375, 0.375]
		},
		"firstperson_righthand": {
			"rotation": [0, 45, 0],
			"scale": [0.4, 0.4, 0.4]
		},
		"firstperson_lefthand": {
			"rotation": [0, 225, 0],
			"scale": [0.4, 0.4, 0.4]
		},
		"ground": {
			"translation": [0, 3, 0],
			"scale": [0.25, 0.25, 0.25]
		},
		"gui": {
			"rotation": [30, 225, 0],
			"scale": [0.625, 0.625, 0.625]
		},
		"head": {
			"translation": [0, -30.25, -1.5],
			"scale": [1.6, 1.6, 1.6]
		},
		"fixed": {
			"rotation": [-90, 0, 0],
			"translation": [0, 0, -9.5],
			"scale": [1.18, 1.18, 1.18]
		}
	}
}