{
	"credit": "Made with Blockbench",
	"textures": {
		"0": "block/pila_ceitiles_3d",
		"particle": "block/pila_ceitiles_3d"
	},
	"elements": [
		{
			"from": [7, 0, 7],
			"to": [10, 11, 10],
			"faces": {
				"north": {"uv": [0.75, 0.75, 1.5, 3.5], "texture": "#0"},
				"east": {"uv": [0, 0.75, 0.75, 3.5], "texture": "#0"},
				"south": {"uv": [2.25, 0.75, 3, 3.5], "texture": "#0"},
				"west": {"uv": [1.5, 0.75, 2.25, 3.5], "texture": "#0"},
				"up": {"uv": [1.5, 0.75, 0.75, 0], "texture": "#0"},
				"down": {"uv": [2.25, 0, 1.5, 0.75], "texture": "#0"}
			}
		},
		{
			"from": [11, 0, 9],
			"to": [14, 5, 12],
			"faces": {
				"north": {"uv": [3, 7.5, 3.75, 8.75], "texture": "#0"},
				"east": {"uv": [2.25, 7.5, 3, 8.75], "texture": "#0"},
				"south": {"uv": [4.5, 7.5, 5.25, 8.75], "texture": "#0"},
				"west": {"uv": [3.75, 7.5, 4.5, 8.75], "texture": "#0"},
				"up": {"uv": [3.75, 7.5, 3, 6.75], "texture": "#0"},
				"down": {"uv": [4.5, 6.75, 3.75, 7.5], "texture": "#0"}
			}
		},
		{
			"from": [9, 0, 12],
			"to": [12, 3, 15],
			"faces": {
				"north": {"uv": [7.5, 5, 8.25, 5.75], "texture": "#0"},
				"east": {"uv": [6.75, 5, 7.5, 5.75], "texture": "#0"},
				"south": {"uv": [9, 5, 9.75, 5.75], "texture": "#0"},
				"west": {"uv": [8.25, 5, 9, 5.75], "texture": "#0"},
				"up": {"uv": [8.25, 5, 7.5, 4.25], "texture": "#0"},
				"down": {"uv": [9, 4.25, 8.25, 5], "texture": "#0"}
			}
		},
		{
			"from": [10, 0, 6],
			"to": [13, 7, 9],
			"faces": {
				"north": {"uv": [0.75, 5.75, 1.5, 7.5], "texture": "#0"},
				"east": {"uv": [0, 5.75, 0.75, 7.5], "texture": "#0"},
				"south": {"uv": [2.25, 5.75, 3, 7.5], "texture": "#0"},
				"west": {"uv": [1.5, 5.75, 2.25, 7.5], "texture": "#0"},
				"up": {"uv": [1.5, 5.75, 0.75, 5], "texture": "#0"},
				"down": {"uv": [2.25, 5, 1.5, 5.75], "texture": "#0"}
			}
		},
		{
			"from": [3, 0, 1],
			"to": [6, 2, 4],
			"faces": {
				"north": {"uv": [5.25, 8.75, 6, 9.25], "texture": "#0"},
				"east": {"uv": [4.5, 8.75, 5.25, 9.25], "texture": "#0"},
				"south": {"uv": [6.75, 8.75, 7.5, 9.25], "texture": "#0"},
				"west": {"uv": [6, 8.75, 6.75, 9.25], "texture": "#0"},
				"up": {"uv": [6, 8.75, 5.25, 8], "texture": "#0"},
				"down": {"uv": [6.75, 8, 6, 8.75], "texture": "#0"}
			}
		},
		{
			"from": [6, 0, 3],
			"to": [9, 6, 6],
			"faces": {
				"north": {"uv": [5.25, 5.75, 6, 7.25], "texture": "#0"},
				"east": {"uv": [4.5, 5.75, 5.25, 7.25], "texture": "#0"},
				"south": {"uv": [6.75, 5.75, 7.5, 7.25], "texture": "#0"},
				"west": {"uv": [6, 5.75, 6.75, 7.25], "texture": "#0"},
				"up": {"uv": [6, 5.75, 5.25, 5], "texture": "#0"},
				"down": {"uv": [6.75, 5, 6, 5.75], "texture": "#0"}
			}
		},
		{
			"from": [9, 0, 2],
			"to": [12, 5, 5],
			"faces": {
				"north": {"uv": [6.75, 0.75, 7.5, 2], "texture": "#0"},
				"east": {"uv": [6, 0.75, 6.75, 2], "texture": "#0"},
				"south": {"uv": [8.25, 0.75, 9, 2], "texture": "#0"},
				"west": {"uv": [7.5, 0.75, 8.25, 2], "texture": "#0"},
				"up": {"uv": [7.5, 0.75, 6.75, 0], "texture": "#0"},
				"down": {"uv": [8.25, 0, 7.5, 0.75], "texture": "#0"}
			}
		},
		{
			"from": [12, 0, 3],
			"to": [15, 1, 6],
			"faces": {
				"north": {"uv": [9, 2, 9.75, 2.25], "texture": "#0"},
				"east": {"uv": [8.25, 2, 9, 2.25], "texture": "#0"},
				"south": {"uv": [10.5, 2, 11.25, 2.25], "texture": "#0"},
				"west": {"uv": [9.75, 2, 10.5, 2.25], "texture": "#0"},
				"up": {"uv": [9.75, 2, 9, 1.25], "texture": "#0"},
				"down": {"uv": [10.5, 1.25, 9.75, 2], "texture": "#0"}
			}
		},
		{
			"from": [4, 0, 6],
			"to": [7, 9, 9],
			"faces": {
				"north": {"uv": [3, 3.5, 3.75, 5.75], "texture": "#0"},
				"east": {"uv": [2.25, 3.5, 3, 5.75], "texture": "#0"},
				"south": {"uv": [4.5, 3.5, 5.25, 5.75], "texture": "#0"},
				"west": {"uv": [3.75, 3.5, 4.5, 5.75], "texture": "#0"},
				"up": {"uv": [3.75, 3.5, 3, 2.75], "texture": "#0"},
				"down": {"uv": [4.5, 2.75, 3.75, 3.5], "texture": "#0"}
			}
		},
		{
			"from": [1, 0, 4],
			"to": [4, 4, 7],
			"faces": {
				"north": {"uv": [7.5, 7.25, 8.25, 8.25], "texture": "#0"},
				"east": {"uv": [6.75, 7.25, 7.5, 8.25], "texture": "#0"},
				"south": {"uv": [9, 7.25, 9.75, 8.25], "texture": "#0"},
				"west": {"uv": [8.25, 7.25, 9, 8.25], "texture": "#0"},
				"up": {"uv": [8.25, 7.25, 7.5, 6.5], "texture": "#0"},
				"down": {"uv": [9, 6.5, 8.25, 7.25], "texture": "#0"}
			}
		},
		{
			"from": [6, 0, 10],
			"to": [9, 8, 13],
			"faces": {
				"north": {"uv": [3.75, 0.75, 4.5, 2.75], "texture": "#0"},
				"east": {"uv": [3, 0.75, 3.75, 2.75], "texture": "#0"},
				"south": {"uv": [5.25, 0.75, 6, 2.75], "texture": "#0"},
				"west": {"uv": [4.5, 0.75, 5.25, 2.75], "texture": "#0"},
				"up": {"uv": [4.5, 0.75, 3.75, 0], "texture": "#0"},
				"down": {"uv": [5.25, 0, 4.5, 0.75], "texture": "#0"}
			}
		},
		{
			"from": [3, 0, 9],
			"to": [6, 6, 12],
			"faces": {
				"north": {"uv": [6, 2.75, 6.75, 4.25], "texture": "#0"},
				"east": {"uv": [5.25, 2.75, 6, 4.25], "texture": "#0"},
				"south": {"uv": [7.5, 2.75, 8.25, 4.25], "texture": "#0"},
				"west": {"uv": [6.75, 2.75, 7.5, 4.25], "texture": "#0"},
				"up": {"uv": [6.75, 2.75, 6, 2], "texture": "#0"},
				"down": {"uv": [7.5, 2, 6.75, 2.75], "texture": "#0"}
			}
		},
		{
			"from": [2, 0, 12],
			"to": [5, 2, 15],
			"faces": {
				"north": {"uv": [0.75, 8.75, 1.5, 9.25], "texture": "#0"},
				"east": {"uv": [0, 8.75, 0.75, 9.25], "texture": "#0"},
				"south": {"uv": [2.25, 8.75, 3, 9.25], "texture": "#0"},
				"west": {"uv": [1.5, 8.75, 2.25, 9.25], "texture": "#0"},
				"up": {"uv": [1.5, 8.75, 0.75, 8], "texture": "#0"},
				"down": {"uv": [2.25, 8, 1.5, 8.75], "texture": "#0"}
			}
		}
	],
	"display": {
		"thirdperson_righthand": {
			"rotation": [75, 45, 0],
			"translation": [0, 2.5, 0],
			"scale": [0.375, 0.375, 0.375]
		},
		"thirdperson_lefthand": {
			"rotation": [75, 45, 0],
			"translation": [0, 2.5, 0],
			"scale": [0.375, 0.375, 0.375]
		},
		"firstperson_righthand": {
			"rotation": [0, -90, 25],
			"translation": [1.13, 3.2, 1.13],
			"scale": [0.68, 0.68, 0.68]
		},
		"firstperson_lefthand": {
			"rotation": [0, -90, 25],
			"translation": [1.13, 3.2, 1.13],
			"scale": [0.68, 0.68, 0.68]
		},
		"ground": {
			"translation": [0, 3, 0],
			"scale": [0.25, 0.25, 0.25]
		},
		"gui": {
			"rotation": [19, -30, 0],
			"translation": [0, 2.25, 0],
			"scale": [0.78, 0.78, 0.78]
		},
		"head": {
			"rotation": [0, 180, 0],
			"translation": [0, 14, 0.5]
		},
		"fixed": {
			"rotation": [-90, 0, 0],
			"translation": [0, 0, -17.75],
			"scale": [2.25, 2.25, 2.25]
		}
	},
	"groups": [
		{
			"name": "goldcoinpile",
			"origin": [8, 8, 8],
			"color": 0,
			"children": [0, 1, 2, 3, 4, 5, 6, 7, 8, 9, 10, 11, 12]
		}
	]
}