{
	"format_version": "1.12.0",
	"minecraft:geometry": [
		{
			"description": {
				"identifier": "geometry.unknown",
				"texture_width": 64,
				"texture_height": 64,
				"visible_bounds_width": 3,
				"visible_bounds_height": 3.5,
				"visible_bounds_offset": [0, 1.25, 0]
			},
			"bones": [
				{
					"name": "root",
					"pivot": [0, 0, 0]
				},
				{
					"name": "genesect",
					"parent": "root",
					"pivot": [0, 0, 0]
				},
				{
					"name": "body",
					"parent": "genesect",
					"pivot": [-0.95, 12, 0.75],
					"rotation": [-90, 0, 0]
				},
				{
					"name": "lower_abdomen",
					"parent": "body",
					"pivot": [0.05, 12, 2.75],
					"cubes": [
						{"origin": [-0.95, 7.5, -2.75], "size": [2, 2, 2], "pivot": [-0.45, 12.5, -1.25], "rotation": [90, 0, 0], "uv": [30, 37]}
					]
				},
				{
					"name": "tail",
					"parent": "lower_abdomen",
					"pivot": [0.05, 12, 6.75],
					"cubes": [
						{"origin": [-1.45, 10.725, 6.525], "size": [3, 6, 3], "pivot": [-1.80178, 12.225, 8.25], "rotation": [90, 0, 0], "uv": [14, 22]}
					]
				},
				{
					"name": "middle_thorax",
					"parent": "lower_abdomen",
					"pivot": [0.05, 11, 1.75],
					"cubes": [
						{"origin": [-0.95, 7.5, -4.75], "size": [2, 3, 2], "pivot": [-0.45, 12.5, -3.25], "rotation": [90, 0, 0], "uv": [34, 13]}
					]
				},
				{
					"name": "abdomen_main",
					"parent": "middle_thorax",
					"pivot": [0.05, 12, -3.05711],
					"cubes": [
						{"origin": [-0.95, 12.08579, -6.26421], "size": [2, 4, 2], "pivot": [0.55, 12, -4.35], "rotation": [135, 0, 0], "uv": [31, 31]},
						{"origin": [-2.45, 9.08579, -7.26421], "size": [5, 4, 4], "pivot": [0.05, 12, -4.35], "rotation": [135, 0, 0], "uv": [0, 14]}
					]
				},
				{
					"name": "right_arm",
					"parent": "abdomen_main",
					"pivot": [-2.475, 12.00711, -3.02868],
					"cubes": [
						{"origin": [-3.3, 6.97157, -4.23579], "size": [1, 1, 1], "pivot": [0.2, 9.88579, -4.32157], "rotation": [135, 0, 0], "uv": [0, 14]}
					]
				},
				{
					"name": "upper_right_arm",
					"parent": "right_arm",
					"pivot": [-3.325, 12.00711, -3.02868],
					"cubes": [
						{"origin": [-6.3, 9.50711, -5.52868], "size": [3, 1, 1], "pivot": [-3.8, 12.00711, -5.02868], "rotation": [90, 0, 0], "uv": [20, 12]}
					]
				},
				{
					"name": "lower_right_arm",
					"parent": "upper_right_arm",
					"pivot": [-6.3, 12.00711, -2.90368],
					"cubes": [
						{"origin": [-10.3, 9.00711, -5.52868], "size": [4, 1, 2], "pivot": [-6.8, 11.50711, -5.02868], "rotation": [90, 0, 0], "uv": [27, 6]},
						{"origin": [-12.3, 8.50711, -4.27868], "size": [2, 1, 1], "pivot": [-10.8, 11.00711, -4.77868], "rotation": [90, 0, 0], "uv": [39, 33]}
					]
				},
				{
					"name": "head",
					"parent": "abdomen_main",
					"pivot": [0.05102, 9.49545, -6.09643],
					"cubes": [
						{"origin": [-1.45, 6.06799, -12.15798], "size": [3, 1, 2], "pivot": [-0.95, 8.35, -10.25], "rotation": [117, 0, 0], "uv": [34, 0]},
						{"origin": [-3.45, 3, -12.75], "size": [7, 3, 4], "pivot": [-0.95, 8, -10.25], "rotation": [90, 0, 0], "uv": [0, 0]},
						{"origin": [-2.74289, 2.5, -12.35711], "size": [5, 2, 5], "pivot": [-0.95, 5.5, -9.15], "rotation": [90, 0, -45], "uv": [0, 7]},
						{"origin": [-2.74289, 3.425, -11.75711], "size": [2, 1, 2], "pivot": [-0.95, 5.425, -8.55], "rotation": [90, 0, -45], "uv": [24, 40]},
						{"origin": [-1.64289, 3.3, -12.55711], "size": [3, 2, 1], "pivot": [0.15, 6.3, -9.35], "rotation": [90, 0, -45], "uv": [37, 30]},
						{"origin": [-4.10355, 0.82513, -10.55711], "size": [3, 2, 1], "pivot": [-2.39645, 3.82513, -9.35], "rotation": [90, 0, -135], "uv": [9, 22]},
						{"origin": [-1.74289, 2.75, -9.48211], "size": [4, 1, 4], "pivot": [-0.95, 4.75, -7.275], "rotation": [90, 0, -45], "uv": [15, 7]}
					]
				},
				{
					"name": "back_plate_con",
					"parent": "abdomen_main",
					"pivot": [0.05, 13.48198, -4.52487],
					"cubes": [
						{"origin": [-0.95, 13.48198, -8.02487], "size": [2, 2, 5], "pivot": [0.05, 14.48198, -5.52487], "rotation": [135, 0, 0], "uv": [0, 22]}
					]
				},
				{
					"name": "back_plate",
					"parent": "back_plate_con",
					"pivot": [0.18928, 15.32792, -6.52675],
					"cubes": [
						{"origin": [-0.35, 10.58579, 1.83579], "size": [1, 2, 1], "pivot": [-2.85, 11.5, -4.25], "rotation": [135, 0, 0], "uv": [0, 0]},
						{"origin": [-0.85, 12.5177, -12.56396], "size": [2, 3, 1], "pivot": [-1.35, 15.74975, -11.06396], "rotation": [120, 0, 0], "uv": [39, 18]},
						{"origin": [-1.35, 10.08579, 2.73579], "size": [3, 3, 1], "pivot": [-3.85, 12, -3.35], "rotation": [135, 0, 0], "uv": [37, 3]},
						{"origin": [-3.35, 5.38579, 0.03579], "size": [7, 7, 1], "pivot": [-2.85, 11.3, -5.05], "rotation": [135, 0, 0], "uv": [18, 14]},
						{"origin": [-0.64289, 14.56396, -9.70685], "size": [5, 5, 1], "pivot": [-0.85, 18.35685, -7.79264], "rotation": [144.73561, -30, -35.26439], "uv": [22, 0]},
						{"origin": [-0.64289, 14.56396, -10.70685], "size": [5, 1, 1], "pivot": [-0.85, 18.35685, -7.79264], "rotation": [144.73561, -30, -35.26439], "uv": [21, 31]},
						{"origin": [-3.35, 5.38579, -1.96421], "size": [1, 7, 2], "pivot": [-2.85, 11.3, -5.05], "rotation": [135, 0, 0], "uv": [26, 22]},
						{"origin": [2.65, 5.38579, -1.96421], "size": [1, 7, 2], "pivot": [-2.85, 11.3, -5.05], "rotation": [135, 0, 0], "uv": [8, 29]},
						{"origin": [3.35711, 15.56396, -10.70685], "size": [1, 4, 1], "pivot": [-0.85, 18.35685, -7.79264], "rotation": [144.73561, -30, -35.26439], "uv": [0, 7]}
					]
				},
				{
					"name": "cannon",
					"parent": "back_plate",
					"pivot": [0.15, 12.49264, -10.82817],
					"cubes": [
						{"origin": [-0.85, 9.49264, -11.82817], "size": [2, 6, 2], "pivot": [0.15, 12.49264, -10.82817], "rotation": [125.26439, 30, -35.26439], "uv": [0, 29]}
					]
				},
				{
					"name": "left_arm",
					"parent": "abdomen_main",
					"pivot": [2.55, 12.02132, -3.05711],
					"cubes": [
						{"origin": [2.55, 6.98579, -4.26421], "size": [1, 1, 1], "pivot": [0.05, 9.9, -4.35], "rotation": [135, 0, 0], "uv": [14, 14]}
					]
				},
				{
					"name": "upper_left_arm",
					"parent": "left_arm",
					"pivot": [3.55, 12.02132, -3.05711],
					"cubes": [
						{"origin": [3.55, 9.52132, -5.55711], "size": [3, 1, 1], "pivot": [4.05, 12.02132, -5.05711], "rotation": [90, 0, 0], "uv": [38, 8]}
					]
				},
				{
					"name": "lower_left_arm",
					"parent": "upper_left_arm",
					"pivot": [6.55, 12.02132, -2.93211],
					"cubes": [
						{"origin": [6.55, 9.02132, -5.55711], "size": [4, 1, 2], "pivot": [7.05, 11.52132, -5.05711], "rotation": [90, 0, 0], "uv": [29, 10]},
						{"origin": [10.55, 8.52132, -4.30711], "size": [2, 1, 1], "pivot": [11.05, 11.02132, -4.80711], "rotation": [90, 0, 0], "uv": [40, 12]}
					]
				},
				{
					"name": "right_leg",
					"parent": "body",
					"pivot": [-0.95, 12, 2.75],
					"rotation": [90, 0, 0],
					"cubes": [
						{"origin": [-2.95, 11, -0.25], "size": [2, 1, 1], "pivot": [-1.45, 13, 1.25], "rotation": [90, 0, 0], "uv": [40, 23]}
					]
				},
				{
					"name": "right_thigh",
					"parent": "right_leg",
					"pivot": [-2.3, 12, 2.7],
					"cubes": [
						{"origin": [-4, 8, 3], "size": [1, 5, 1], "pivot": [-4, 9, 2], "rotation": [0, 45, 0], "uv": [20, 40]},
						{"origin": [-4.3, 8, 1.7], "size": [2, 5, 1], "pivot": [-3.3, 9, 2.7], "rotation": [0, 45, 0], "uv": [6, 38]}
					]
				},
				{
					"name": "lower_right_leg",
					"parent": "right_thigh",
					"pivot": [-3.23839, 7.98125, 2.22944],
					"cubes": [
						{"origin": [-4.02028, 2, 1.0747], "size": [2, 6, 1], "pivot": [-1.80178, 6.5, 2.975], "rotation": [0, 45, 0], "uv": [34, 23]},
						{"origin": [-3.02028, 2, 2.0747], "size": [1, 6, 1], "pivot": [-1.80178, 6.5, 2.975], "rotation": [0, 45, 0], "uv": [12, 39]}
					]
				},
				{
					"name": "right_foot",
					"parent": "lower_right_leg",
					"pivot": [-3.35355, 2.7375, 2.43566],
					"cubes": [
						{"origin": [-3.85355, 2.5, -0.03934], "size": [1, 1, 3], "pivot": [-3.85355, 3, 1.46066], "rotation": [20, 0, 0], "uv": [16, 36]},
						{"origin": [-4.35355, 1.975, -0.08934], "size": [2, 1, 3], "uv": [32, 19]}
					]
				},
				{
					"name": "left_leg",
					"parent": "body",
					"pivot": [1.05, 12, 2.75],
					"rotation": [90, 0, 0],
					"cubes": [
						{"origin": [0.95, 11, -0.25], "size": [2, 1, 1], "pivot": [1.45, 13, 1.25], "rotation": [90, 0, 0], "uv": [39, 10]}
					]
				},
				{
					"name": "left_thigh",
					"parent": "left_leg",
					"pivot": [2.31967, 12, 2.52678],
					"cubes": [
						{"origin": [2.3, 8, 1.7], "size": [2, 5, 1], "pivot": [3.3, 9, 2.7], "rotation": [0, -45, 0], "uv": [0, 37]},
						{"origin": [3, 8, 3], "size": [1, 5, 1], "pivot": [4, 9, 2], "rotation": [0, -45, 0], "uv": [16, 40]}
					]
				},
				{
					"name": "lower_left_leg",
					"parent": "left_thigh",
					"pivot": [3.23839, 8.01875, 2.22944],
					"cubes": [
						{"origin": [2.3, 2, 3.2], "size": [1, 6, 1], "pivot": [3.3, 2, 3.2], "rotation": [0, -45, 0], "uv": [38, 36]},
						{"origin": [2.3, 2, 2.2], "size": [2, 6, 1], "pivot": [3.3, 2, 3.2], "rotation": [0, -45, 0], "uv": [24, 33]}
					]
				},
				{
					"name": "left_foot",
					"parent": "lower_left_leg",
					"pivot": [3.35355, 2.7375, 2.43566],
					"cubes": [
						{"origin": [2.85355, 2.5, -0.03934], "size": [1, 1, 3], "pivot": [3.85355, 3, 1.46066], "rotation": [20, 0, 0], "uv": [11, 35]},
						{"origin": [2.35355, 1.975, -0.08934], "size": [2, 1, 3], "uv": [14, 31]}
					]
				}
			]
		}
	]
}