{



  "portraitScale": 1.25,
  "portraitTranslation": [ 0, 0.5, 0 ],
  "profileScale": 0.8,
  "profileTranslation": [ 0, 0.8, 0 ],
  "cry": "bedrock(metroid, cry)",
  "faint": "bedrock(metroid, faint)",
  "poses": {


  "standing": {
      "poseName": "standing",
      "transformTicks": 10,
      "poseTypes": [


      "STAND",
      "NONE",
      "PORTRAIT",
      "PROFILE",
      "HOVER",
      "FLOAT"


      ],
      "animations": [   
      "bedrock(metroid, ground_idle)"


      ]
  },
  "walking": {
      "poseName": "walking",
      "transformTicks": 10,
      "poseTypes": [ "WALK",
                     "SWIM"
 ],
      "animations": [ "bedrock(metroid, ground_walk)" ]
  },
  "flying": {
      "poseName": "flying",
      "transformTicks": 10,
      "poseTypes": [ "FLY" ],
      "animations": [ "bedrock(metroid, ground_run)" ]
  }

  }
}
