{
	"credit": "MadewithBlockbench",
	"texture_size": [64, 64],
	"textures": {
		"0": "elitecreatures:block/scienceequipment07texture",
		"particle": "elitecreatures:block/scienceequipment07texture"
	},
	"elements": [
		{
			"from": [0, 2, 0],
			"to": [16, 10, 16],
			"rotation": {"angle": 0, "axis": "y", "origin": [0, -1, 0]},
			"faces": {
				"north": {"uv": [0, 8, 4, 10], "texture": "#0"},
				"east": {"uv": [8, 0, 12, 2], "texture": "#0"},
				"south": {"uv": [8, 2, 12, 4], "texture": "#0"},
				"west": {"uv": [4, 8, 8, 10], "texture": "#0"},
				"up": {"uv": [4, 4, 0, 0], "texture": "#0"},
				"down": {"uv": [4, 4, 0, 8], "texture": "#0"}
			}
		},
		{
			"from": [0.025, 4, 0],
			"to": [15.975, 10, 5],
			"rotation": {"angle": 22.5, "axis": "x", "origin": [8, 10, 0]},
			"faces": {
				"north": {"uv": [8, 4, 12, 5.5], "texture": "#0"},
				"east": {"uv": [8, 9.5, 9.25, 11], "texture": "#0"},
				"south": {"uv": [8, 5.5, 12, 7], "texture": "#0"},
				"west": {"uv": [9.25, 9.5, 10.5, 11], "texture": "#0"},
				"up": {"uv": [12, 8.25, 8, 7], "texture": "#0"},
				"down": {"uv": [12, 8.25, 8, 9.5], "texture": "#0"}
			}
		},
		{
			"from": [14, 0, 0],
			"to": [16, 2, 2],
			"rotation": {"angle": 0, "axis": "y", "origin": [16, -2, 0]},
			"faces": {
				"north": {"uv": [5, 11.25, 5.5, 11.75], "texture": "#0"},
				"east": {"uv": [5.5, 11.25, 6, 11.75], "texture": "#0"},
				"south": {"uv": [6, 11.25, 6.5, 11.75], "texture": "#0"},
				"west": {"uv": [6.5, 11.25, 7, 11.75], "texture": "#0"},
				"up": {"uv": [7.5, 11.75, 7, 11.25], "texture": "#0"},
				"down": {"uv": [8, 11.25, 7.5, 11.75], "texture": "#0"}
			}
		},
		{
			"from": [12, 10, 3],
			"to": [13, 12, 13],
			"rotation": {"angle": 0, "axis": "y", "origin": [0, -1, 0]},
			"faces": {
				"north": {"uv": [4, 11.75, 4.25, 12.25], "texture": "#0"},
				"east": {"uv": [0, 10, 2.5, 10.5], "texture": "#0"},
				"south": {"uv": [4.25, 11.75, 4.5, 12.25], "texture": "#0"},
				"west": {"uv": [2.5, 10, 5, 10.5], "texture": "#0"},
				"up": {"uv": [8.25, 13.5, 8, 11], "texture": "#0"},
				"down": {"uv": [8.5, 11, 8.25, 13.5], "texture": "#0"}
			}
		},
		{
			"from": [3, 10, 3],
			"to": [4, 12, 13],
			"rotation": {"angle": 0, "axis": "y", "origin": [16, -1, 0]},
			"faces": {
				"north": {"uv": [4.5, 11.75, 4.75, 12.25], "texture": "#0"},
				"east": {"uv": [5, 10, 7.5, 10.5], "texture": "#0"},
				"south": {"uv": [4.75, 11.75, 5, 12.25], "texture": "#0"},
				"west": {"uv": [0, 10.5, 2.5, 11], "texture": "#0"},
				"up": {"uv": [8.75, 13.5, 8.5, 11], "texture": "#0"},
				"down": {"uv": [9, 11, 8.75, 13.5], "texture": "#0"}
			}
		},
		{
			"from": [4, 10, 3],
			"to": [12, 12, 4],
			"rotation": {"angle": 0, "axis": "y", "origin": [0, -1, 0]},
			"faces": {
				"north": {"uv": [2.5, 10.5, 4.5, 11], "texture": "#0"},
				"east": {"uv": [5, 11.75, 5.25, 12.25], "texture": "#0"},
				"south": {"uv": [4.5, 10.5, 6.5, 11], "texture": "#0"},
				"west": {"uv": [5.25, 11.75, 5.5, 12.25], "texture": "#0"},
				"up": {"uv": [11, 11.25, 9, 11], "texture": "#0"},
				"down": {"uv": [13, 11, 11, 11.25], "texture": "#0"}
			}
		},
		{
			"from": [4, 10, 12],
			"to": [12, 12, 13],
			"rotation": {"angle": 0, "axis": "y", "origin": [16, -1, 16]},
			"faces": {
				"north": {"uv": [10.5, 9.5, 12.5, 10], "texture": "#0"},
				"east": {"uv": [5.5, 11.75, 5.75, 12.25], "texture": "#0"},
				"south": {"uv": [10.5, 10, 12.5, 10.5], "texture": "#0"},
				"west": {"uv": [5.75, 11.75, 6, 12.25], "texture": "#0"},
				"up": {"uv": [2, 11.5, 0, 11.25], "texture": "#0"},
				"down": {"uv": [4, 11.25, 2, 11.5], "texture": "#0"}
			}
		},
		{
			"from": [0, 10, 0],
			"to": [16, 11, 16],
			"rotation": {"angle": 45, "axis": "x", "origin": [8, 10, 16]},
			"faces": {
				"north": {"uv": [10.5, 10.5, 14.5, 10.75], "texture": "#0"},
				"east": {"uv": [10.5, 10.75, 14.5, 11], "texture": "#0"},
				"south": {"uv": [0, 11, 4, 11.25], "texture": "#0"},
				"west": {"uv": [4, 11, 8, 11.25], "texture": "#0"},
				"up": {"uv": [8, 4, 4, 0], "texture": "#0"},
				"down": {"uv": [8, 4, 4, 8], "texture": "#0"}
			}
		},
		{
			"from": [2.5, 6, -1],
			"to": [4.5, 8, 0],
			"rotation": {"angle": 22.5, "axis": "x", "origin": [8, 10, 0]},
			"faces": {
				"north": {"uv": [3.5, 11.5, 4, 12], "texture": "#0"},
				"east": {"uv": [6, 11.75, 6.25, 12.25], "texture": "#0"},
				"south": {"uv": [11.5, 11.25, 12, 11.75], "texture": "#0"},
				"west": {"uv": [6.25, 11.75, 6.5, 12.25], "texture": "#0"},
				"up": {"uv": [7, 12, 6.5, 11.75], "texture": "#0"},
				"down": {"uv": [7.5, 11.75, 7, 12], "texture": "#0"}
			}
		},
		{
			"from": [7.5, 6, -1],
			"to": [9.5, 7.5, 0],
			"rotation": {"angle": 22.5, "axis": "x", "origin": [8, 10, 0]},
			"faces": {
				"north": {"uv": [0.5, 12, 1, 12.375], "texture": "#0"},
				"east": {"uv": [1, 12, 1.25, 12.375], "texture": "#0"},
				"south": {"uv": [0, 12, 0.5, 12.375], "texture": "#0"},
				"west": {"uv": [1.25, 12, 1.5, 12.375], "texture": "#0"},
				"up": {"uv": [0.5, 12.625, 0, 12.375], "texture": "#0"},
				"down": {"uv": [1, 12.375, 0.5, 12.625], "texture": "#0"}
			}
		},
		{
			"from": [11.5, 6, -1],
			"to": [13.5, 7.5, 0],
			"rotation": {"angle": 22.5, "axis": "x", "origin": [8, 10, 0]},
			"faces": {
				"north": {"uv": [0.5, 12, 1, 12.375], "texture": "#0"},
				"east": {"uv": [1, 12, 1.25, 12.375], "texture": "#0"},
				"south": {"uv": [0, 12, 0.5, 12.375], "texture": "#0"},
				"west": {"uv": [1.25, 12, 1.5, 12.375], "texture": "#0"},
				"up": {"uv": [0.5, 12.625, 0, 12.375], "texture": "#0"},
				"down": {"uv": [1, 12.375, 0.5, 12.625], "texture": "#0"}
			}
		},
		{
			"from": [0, 0, 0],
			"to": [2, 2, 2],
			"rotation": {"angle": 0, "axis": "y", "origin": [0, -2, 0]},
			"faces": {
				"north": {"uv": [5.5, 11.25, 5, 11.75], "texture": "#0"},
				"east": {"uv": [7, 11.25, 6.5, 11.75], "texture": "#0"},
				"south": {"uv": [6.5, 11.25, 6, 11.75], "texture": "#0"},
				"west": {"uv": [6, 11.25, 5.5, 11.75], "texture": "#0"},
				"up": {"uv": [7, 11.75, 7.5, 11.25], "texture": "#0"},
				"down": {"uv": [7.5, 11.25, 8, 11.75], "texture": "#0"}
			}
		},
		{
			"from": [14, 0, 14],
			"to": [16, 2, 16],
			"rotation": {"angle": 0, "axis": "y", "origin": [16, -2, 16]},
			"faces": {
				"north": {"uv": [6.5, 11.25, 6, 11.75], "texture": "#0"},
				"east": {"uv": [6, 11.25, 5.5, 11.75], "texture": "#0"},
				"south": {"uv": [5.5, 11.25, 5, 11.75], "texture": "#0"},
				"west": {"uv": [7, 11.25, 6.5, 11.75], "texture": "#0"},
				"up": {"uv": [7.5, 11.25, 7, 11.75], "texture": "#0"},
				"down": {"uv": [8, 11.75, 7.5, 11.25], "texture": "#0"}
			}
		},
		{
			"from": [0, 0, 14],
			"to": [2, 2, 16],
			"rotation": {"angle": 0, "axis": "y", "origin": [0, -2, 16]},
			"faces": {
				"north": {"uv": [6, 11.25, 6.5, 11.75], "texture": "#0"},
				"east": {"uv": [6.5, 11.25, 7, 11.75], "texture": "#0"},
				"south": {"uv": [5, 11.25, 5.5, 11.75], "texture": "#0"},
				"west": {"uv": [5.5, 11.25, 6, 11.75], "texture": "#0"},
				"up": {"uv": [7, 11.25, 7.5, 11.75], "texture": "#0"},
				"down": {"uv": [7.5, 11.75, 8, 11.25], "texture": "#0"}
			}
		}
	],
	"gui_light": "front",
	"display": {
		"thirdperson_righthand": {
			"rotation": [67.5, 0, 0],
			"translation": [0, 2, 0.25],
			"scale": [0.21813, 0.21813, 0.21813]
		},
		"thirdperson_lefthand": {
			"rotation": [67.5, 0, 0],
			"translation": [0, 2, 0.25],
			"scale": [0.21813, 0.21813, 0.21813]
		},
		"firstperson_righthand": {
			"translation": [1.25, 3.5, 0],
			"scale": [0.28453, 0.28453, 0.28453]
		},
		"firstperson_lefthand": {
			"translation": [1.25, 3.5, 0],
			"scale": [0.28453, 0.28453, 0.28453]
		},
		"ground": {
			"translation": [0, 6, 0],
			"scale": [0.4, 0.4, 0.4]
		},
		"gui": {
			"rotation": [30, 135, 0],
			"translation": [0.25, -0.5, 0],
			"scale": [0.57664, 0.57664, 0.57664]
		},
		"head": {
			"rotation": [0, 180, 0],
			"translation": [0, -30.4, 0],
			"scale": [1.6, 1.6, 1.6]
		},
		"fixed": {
			"rotation": [-90, 0, 0],
			"translation": [0, 0, -16],
			"scale": [2, 2, 2]
		}
	},
	"groups": [
		{
			"name": "group",
			"origin": [0, -2, 16],
			"color": 0,
			"children": [0, 1, 2, 3, 4, 5, 6, 7, 8, 9, 10, 11, 12, 13]
		}
	]
}