{
	"credit": "Made with Blockbench",
	"texture_size": [64, 64],
	"textures": {
		"15": "simplehats:block/weezing_hat"
	},
	"elements": [
		{
			"from": [5, 11, 5],
			"to": [11, 24, 11],
			"rotation": {"angle": 0, "axis": "y", "origin": [7, 12, 7]},
			"faces": {
				"north": {"uv": [2.5, 0, 4, 3.25], "texture": "#15"},
				"east": {"uv": [2.5, 3.25, 4, 6.5], "texture": "#15"},
				"south": {"uv": [4, 0, 5.5, 3.25], "texture": "#15"},
				"west": {"uv": [4, 3.25, 5.5, 6.5], "texture": "#15"},
				"up": {"uv": [7, 3.5, 5.5, 2], "texture": "#15"},
				"down": {"uv": [7, 3.5, 5.5, 5], "texture": "#15"}
			}
		},
		{
			"from": [3, 10, 3],
			"to": [13, 12, 13],
			"rotation": {"angle": 0, "axis": "y", "origin": [7, 1, 7]},
			"faces": {
				"north": {"uv": [7, 3.5, 9.5, 4], "texture": "#15"},
				"east": {"uv": [7, 4, 9.5, 4.5], "texture": "#15"},
				"south": {"uv": [7, 4.5, 9.5, 5], "texture": "#15"},
				"west": {"uv": [7, 5, 9.5, 5.5], "texture": "#15"},
				"up": {"uv": [2.5, 2.5, 0, 0], "texture": "#15"},
				"down": {"uv": [2.5, 2.5, 0, 5], "texture": "#15"}
			}
		},
		{
			"from": [11.1, 12.5, 2.99],
			"to": [14.1, 14.51, 13.01],
			"rotation": {"angle": 45, "axis": "z", "origin": [15.1, 13.5, 8]},
			"faces": {
				"north": {"uv": [8.25, 7.5, 9, 8], "texture": "#15"},
				"east": {"uv": [7, 5.5, 9.5, 6], "texture": "#15"},
				"south": {"uv": [8.25, 8, 9, 8.5], "texture": "#15"},
				"west": {"uv": [7, 6, 9.5, 6.5], "texture": "#15"},
				"up": {"uv": [6.25, 7.5, 5.5, 5], "texture": "#15"},
				"down": {"uv": [7, 5, 6.25, 7.5], "texture": "#15"}
			}
		},
		{
			"from": [1.9, 12.5, 2.99],
			"to": [4.9, 14.51, 13.01],
			"rotation": {"angle": -45, "axis": "z", "origin": [0.9, 13.5, 8]},
			"faces": {
				"north": {"uv": [0, 8.5, 0.75, 9], "texture": "#15"},
				"east": {"uv": [7, 6.5, 9.5, 7], "texture": "#15"},
				"south": {"uv": [8.5, 0, 9.25, 0.5], "texture": "#15"},
				"west": {"uv": [7, 7, 9.5, 7.5], "texture": "#15"},
				"up": {"uv": [2.75, 9, 2, 6.5], "texture": "#15"},
				"down": {"uv": [3.5, 6.5, 2.75, 9], "texture": "#15"}
			}
		},
		{
			"from": [4, 23, 4],
			"to": [12, 26, 12],
			"rotation": {"angle": 0, "axis": "y", "origin": [7, 17, 7]},
			"faces": {
				"north": {"uv": [3.5, 6.5, 5.5, 7.25], "texture": "#15"},
				"east": {"uv": [0, 7, 2, 7.75], "texture": "#15"},
				"south": {"uv": [7, 2, 9, 2.75], "texture": "#15"},
				"west": {"uv": [7, 2.75, 9, 3.5], "texture": "#15"},
				"up": {"uv": [2, 7, 0, 5], "texture": "#15"},
				"down": {"uv": [7.5, 0, 5.5, 2], "texture": "#15"}
			}
		},
		{
			"from": [6, 24.8, 6],
			"to": [10, 28.8, 10],
			"rotation": {"angle": -22.5, "axis": "z", "origin": [8, 26.8, 8]},
			"faces": {
				"north": {"uv": [3.5, 7.25, 4.5, 8.25], "texture": "#15"},
				"east": {"uv": [4.5, 7.25, 5.5, 8.25], "texture": "#15"},
				"south": {"uv": [7.5, 0, 8.5, 1], "texture": "#15"},
				"west": {"uv": [7.5, 1, 8.5, 2], "texture": "#15"},
				"up": {"uv": [6.5, 8.5, 5.5, 7.5], "texture": "#15"},
				"down": {"uv": [7.5, 7.5, 6.5, 8.5], "texture": "#15"}
			}
		},
		{
			"from": [4.1294, 27.44672, 8.4],
			"to": [7.1294, 30.44672, 11.4],
			"rotation": {"angle": 22.5, "axis": "y", "origin": [5.6294, 28.94672, 9.9]},
			"faces": {
				"north": {"uv": [7.5, 7.5, 8.25, 8.25], "texture": "#15"},
				"east": {"uv": [0, 7.75, 0.75, 8.5], "texture": "#15"},
				"south": {"uv": [0.75, 7.75, 1.5, 8.5], "texture": "#15"},
				"west": {"uv": [3.5, 8.25, 4.25, 9], "texture": "#15"},
				"up": {"uv": [5, 9, 4.25, 8.25], "texture": "#15"},
				"down": {"uv": [8.25, 8.25, 7.5, 9], "texture": "#15"}
			}
		},
		{
			"from": [0.9, 27.44672, 9.84672],
			"to": [2.9, 29.44672, 11.84672],
			"rotation": {"angle": 45, "axis": "z", "origin": [1.9, 28.44672, 10.84672]},
			"faces": {
				"north": {"uv": [2, 5, 2.5, 5.5], "texture": "#15"},
				"east": {"uv": [2, 5.5, 2.5, 6], "texture": "#15"},
				"south": {"uv": [2, 6, 2.5, 6.5], "texture": "#15"},
				"west": {"uv": [1.5, 7.75, 2, 8.25], "texture": "#15"},
				"up": {"uv": [2, 8.75, 1.5, 8.25], "texture": "#15"},
				"down": {"uv": [5.5, 8.25, 5, 8.75], "texture": "#15"}
			}
		},
		{
			"from": [-0.7, 29.14672, 12.34672],
			"to": [0.3, 30.14672, 13.34672],
			"rotation": {"angle": 45, "axis": "z", "origin": [-0.7, 29.14672, 13.34672]},
			"faces": {
				"north": {"uv": [8.25, 8.5, 8.5, 8.75], "texture": "#15"},
				"east": {"uv": [8.5, 8.5, 8.75, 8.75], "texture": "#15"},
				"south": {"uv": [1.5, 8.75, 1.75, 9], "texture": "#15"},
				"west": {"uv": [1.75, 8.75, 2, 9], "texture": "#15"},
				"up": {"uv": [5.25, 9, 5, 8.75], "texture": "#15"},
				"down": {"uv": [5.5, 8.75, 5.25, 9], "texture": "#15"}
			}
		},
		{
			"from": [5.5, 13.8, 4.99],
			"to": [10.5, 14.8, 4.99],
			"rotation": {"angle": 22.5, "axis": "z", "origin": [8, 14.3, 4]},
			"faces": {
				"north": {"uv": [8.5, 1, 9.75, 1.25], "texture": "#15"},
				"east": {"uv": [0, 0, 0, 0.25], "texture": "#15"},
				"south": {"uv": [8.5, 1.25, 9.75, 1.5], "texture": "#15"},
				"west": {"uv": [0, 0, 0, 0.25], "texture": "#15"},
				"up": {"uv": [1.25, 0, 0, 0], "texture": "#15"},
				"down": {"uv": [1.25, 0, 0, 0], "texture": "#15"}
			}
		},
		{
			"from": [5.5, 13.8, 4.99],
			"to": [10.5, 14.8, 4.99],
			"rotation": {"angle": -22.5, "axis": "z", "origin": [8, 14.3, 4]},
			"faces": {
				"north": {"uv": [8.5, 1.5, 9.75, 1.75], "texture": "#15"},
				"east": {"uv": [0, 0, 0, 0.25], "texture": "#15"},
				"south": {"uv": [8.5, 1.75, 9.75, 2], "texture": "#15"},
				"west": {"uv": [0, 0, 0, 0.25], "texture": "#15"},
				"up": {"uv": [1.25, 0, 0, 0], "texture": "#15"},
				"down": {"uv": [1.25, 0, 0, 0], "texture": "#15"}
			}
		},
		{
			"from": [6.625, 16, 4.97],
			"to": [9.375, 18, 4.97],
			"rotation": {"angle": 0, "axis": "y", "origin": [-0.125, 0, 0]},
			"faces": {
				"north": {"uv": [8.5, 0.5, 9.25, 1], "texture": "#15"},
				"east": {"uv": [0, 0, 0, 0.5], "texture": "#15"},
				"south": {"uv": [0.75, 8.5, 1.5, 9], "texture": "#15"},
				"west": {"uv": [0, 0, 0, 0.5], "texture": "#15"},
				"up": {"uv": [0.75, 0, 0, 0], "texture": "#15"},
				"down": {"uv": [0.75, 0, 0, 0], "texture": "#15"}
			}
		},
		{
			"from": [7.125, 15.4, 4.99],
			"to": [8.875, 16.4, 4.99],
			"rotation": {"angle": 0, "axis": "y", "origin": [0.375, 0, 0]},
			"faces": {
				"north": {"uv": [5.5, 8.5, 6, 8.75], "texture": "#15"},
				"east": {"uv": [0, 0, 0, 0.25], "texture": "#15"},
				"south": {"uv": [6, 8.5, 6.5, 8.75], "texture": "#15"},
				"west": {"uv": [0, 0, 0, 0.25], "texture": "#15"},
				"up": {"uv": [0.5, 0, 0, 0], "texture": "#15"},
				"down": {"uv": [0.5, 0, 0, 0], "texture": "#15"}
			}
		},
		{
			"from": [7.15, 16.4, 4.9],
			"to": [8.85, 17.4, 4.9],
			"rotation": {"angle": 0, "axis": "y", "origin": [5.85, 16.4, 4.9]},
			"faces": {
				"north": {"uv": [6.5, 8.5, 7, 8.75], "texture": "#15"},
				"east": {"uv": [0, 0, 0, 0.25], "texture": "#15"},
				"south": {"uv": [7, 8.5, 7.5, 8.75], "texture": "#15"},
				"west": {"uv": [0, 0, 0, 0.25], "texture": "#15"},
				"up": {"uv": [0.5, 0, 0, 0], "texture": "#15"},
				"down": {"uv": [0.5, 0, 0, 0], "texture": "#15"}
			}
		}
	],
	"display": {
		"thirdperson_righthand": {
			"rotation": [75, 45, 0],
			"translation": [0, 2.5, 0],
			"scale": [0.375, 0.375, 0.375]
		},
		"thirdperson_lefthand": {
			"rotation": [75, 45, 0],
			"translation": [0, 2.5, 0],
			"scale": [0.375, 0.375, 0.375]
		},
		"firstperson_righthand": {
			"rotation": [0, 45, 0],
			"scale": [0.4, 0.4, 0.4]
		},
		"firstperson_lefthand": {
			"rotation": [0, 225, 0],
			"scale": [0.4, 0.4, 0.4]
		},
		"ground": {
			"translation": [0, -2.25, 0],
			"scale": [0.43, 0.43, 0.43]
		},
		"gui": {
			"rotation": [30, 225, 0],
			"translation": [0, -7, 0],
			"scale": [0.625, 0.625, 0.625]
		},
		"head": {
			"scale": [1.81, 1.81, 1.81]
		},
		"fixed": {
			"translation": [0, -8.25, -1],
			"scale": [0.75, 0.75, 0.75]
		}
	},
	"groups": [
		{
			"name": "hat",
			"origin": [8, 0, 8],
			"color": 0,
			"children": [0, 1, 2, 3, 4, 5, 6, 7, 8, 9, 10, 11, 12, 13]
		}
	]
}