{
	"credit": "Made with Blockbench",
	"textures": {
		"1": "simplehats:block/chefs_hat"
	},
	"elements": [
		{
			"from": [3, 0, 3],
			"to": [13, 2, 13],
			"faces": {
				"north": {"uv": [0, 4, 5, 5], "texture": "#1"},
				"east": {"uv": [0, 4, 5, 5], "texture": "#1"},
				"south": {"uv": [0, 4, 5, 5], "texture": "#1"},
				"west": {"uv": [0, 4, 5, 5], "texture": "#1"},
				"down": {"uv": [11, 7, 16, 12], "texture": "#1"}
			}
		},
		{
			"from": [3, 2, 3],
			"to": [13, 4, 13],
			"faces": {
				"north": {"uv": [0, 3, 5, 4], "texture": "#1", "tintindex": 0},
				"east": {"uv": [0, 3, 5, 4], "texture": "#1", "tintindex": 0},
				"south": {"uv": [0, 3, 5, 4], "texture": "#1", "tintindex": 0},
				"west": {"uv": [0, 3, 5, 4], "texture": "#1", "tintindex": 0}
			}
		},
		{
			"from": [1, 4, 1],
			"to": [15, 10, 15],
			"faces": {
				"north": {"uv": [0, 0, 7, 3], "texture": "#1"},
				"east": {"uv": [0, 0, 7, 3], "texture": "#1"},
				"south": {"uv": [0, 0, 7, 3], "texture": "#1"},
				"west": {"uv": [0, 0, 7, 3], "texture": "#1"},
				"up": {"uv": [7, 0, 14, 7], "texture": "#1"},
				"down": {"uv": [4, 7, 11, 14], "texture": "#1"}
			}
		}
	],
	"gui_light": "front",
	"display": {
		"thirdperson_righthand": {
			"rotation": [64.25, 0, 0],
			"scale": [0.44336, 0.44336, 0.44336]
		},
		"thirdperson_lefthand": {
			"rotation": [64.25, 0, 0],
			"scale": [0.44336, 0.44336, 0.44336]
		},
		"firstperson_righthand": {
			"scale": [0, 0, 0]
		},
		"firstperson_lefthand": {
			"scale": [0, 0, 0]
		},
		"ground": {
			"translation": [0, 4.25, 0],
			"scale": [0.43945, 0.43945, 0.43945]
		},
		"gui": {
			"rotation": [23, -153, 0],
			"translation": [0, 2, 0],
			"scale": [0.73828, 0.73828, 0.73828]
		},
		"head": {
			"rotation": [5.25, 0, 0],
			"translation": [0, 13.75, 0.99],
			"scale": [1.51992, 1.51992, 1.51992]
		}
	}
}