{
	"credit": "DemoProjects",
	"texture_size": [64, 64],
	"textures": {
		"0": "simplehats:block/eevee/umbreon_hat",
		"particle": "simplehats:block/eevee/umbreon_hat"
	},
	"elements": [
		{
			"from": [2, 0, 4],
			"to": [12, 5, 14],
			"rotation": {"angle": 0, "axis": "y", "origin": [7, 5, 9]},
			"faces": {
				"north": {"uv": [8.5, 11.25, 11, 12.5], "texture": "#0"},
				"east": {"uv": [6, 11.25, 8.5, 12.5], "texture": "#0"},
				"south": {"uv": [13.5, 11.25, 16, 12.5], "texture": "#0"},
				"west": {"uv": [11, 11.25, 13.5, 12.5], "texture": "#0"},
				"up": {"uv": [11, 11.25, 8.5, 8.75], "texture": "#0"},
				"down": {"uv": [13.5, 8.75, 11, 11.25], "texture": "#0"}
			}
		},
		{
			"from": [-0.32164, 2, 9.79813],
			"to": [4.67836, 15, 9.79813],
			"rotation": {"angle": 22.5, "axis": "x", "origin": [6, 8, 9]},
			"faces": {
				"north": {"uv": [8.5, 5, 9.75, 8.25], "texture": "#0"},
				"east": {"uv": [8.5, 5, 8.5, 8.25], "texture": "#0"},
				"south": {"uv": [9.75, 5, 11, 8.25], "texture": "#0"},
				"west": {"uv": [9.75, 5, 9.75, 8.25], "texture": "#0"},
				"up": {"uv": [9.75, 5, 8.5, 5], "texture": "#0"},
				"down": {"uv": [11, 5, 9.75, 5], "texture": "#0"}
			}
		},
		{
			"from": [9.32164, 2, 9.79813],
			"to": [14.32164, 15, 9.79813],
			"rotation": {"angle": 22.5, "axis": "x", "origin": [10, 8, 9]},
			"faces": {
				"north": {"uv": [9.75, 5, 8.5, 8.25], "texture": "#0"},
				"east": {"uv": [9.75, 5, 9.75, 8.25], "texture": "#0"},
				"south": {"uv": [11, 5, 9.75, 8.25], "texture": "#0"},
				"west": {"uv": [8.5, 5, 8.5, 8.25], "texture": "#0"},
				"up": {"uv": [8.5, 5, 9.75, 5], "texture": "#0"},
				"down": {"uv": [9.75, 5, 11, 5], "texture": "#0"}
			}
		},
		{
			"from": [4.5, -0.5, 2.75],
			"to": [9.5, 2.5, 4.75],
			"rotation": {"angle": 0, "axis": "y", "origin": [7, -27, 9]},
			"faces": {
				"north": {"uv": [12.75, 6.5, 14, 7.25], "texture": "#0"},
				"east": {"uv": [12.25, 6.5, 12.75, 7.25], "texture": "#0"},
				"south": {"uv": [14.5, 6.5, 15.75, 7.25], "texture": "#0"},
				"west": {"uv": [14, 6.5, 14.5, 7.25], "texture": "#0"},
				"up": {"uv": [14, 6.5, 12.75, 6], "texture": "#0"},
				"down": {"uv": [15.25, 6, 14, 6.5], "texture": "#0"}
			}
		}
	],
	"display": {
		"ground": {
			"translation": [0, 5, 0],
			"scale": [0.65, 0.65, 0.65]
		},
		"gui": {
			"rotation": [180, -26.75, 180],
			"translation": [0.25, 1.5, 0]
		},
		"head": {
			"translation": [1.75, 14, -1.5],
			"scale": [1.6, 1.6, 1.6]
		}
	},
	"groups": [
		{
			"name": "umbreon_hat",
			"origin": [0, 0, 0],
			"color": 0,
			"children": [0, 1, 2, 3]
		}
	]
}