{
  "type": "minecraft:chest",
  "pools": [
    {
      "rolls": 1,
      "bonus_rolls": 0,
      "entries": [
        {
          "type": "minecraft:item",
          "name": "minecraft:map",
          "weight": 2,
          "functions": [
            {
              "function": "minecraft:exploration_map",
              "destination": "legends_untold:mew_ruins",
              "decoration": "red_x",
              "zoom": 1,
              "skip_existing_chunks": false
            },
            {
              "function": "minecraft:set_name",
              "name": {
                "text": "Old Map"
              }
            }
          ]
        },
        {
          "type": "minecraft:item",
          "name": "minecraft:map",
          "weight": 2,
          "functions": [
            {
              "function": "minecraft:exploration_map",
              "destination": "legends_untold:sky_pillar",
              "decoration": "red_x",
              "zoom": 1,
              "skip_existing_chunks": false
            },
            {
              "function": "minecraft:set_name",
              "name": {
                "text": "Jade Map"
              }
            }
          ]
        },
        {
          "type": "minecraft:item",
          "name": "minecraft:map",
          "weight": 2,
          "functions": [
            {
              "function": "minecraft:exploration_map",
              "destination": "legends_untold:xerneas_tree",
              "decoration": "red_x",
              "zoom": 1,
              "skip_existing_chunks": false
            },
            {
              "function": "minecraft:set_name",
              "name": {
                "text": "Life Map"
              }
            }
          ]
        },
        {
          "type": "minecraft:item",
          "name": "minecraft:map",
          "weight": 2,
          "functions": [
            {
              "function": "minecraft:exploration_map",
              "destination": "legends_untold:tera_den",
              "decoration": "red_x",
              "zoom": 1,
              "skip_existing_chunks": false
            },
            {
              "function": "minecraft:set_name",
              "name": {
                "text": "Tera Map"
              }
            }
          ]
        },
        {
          "type": "minecraft:item",
          "name": "minecraft:command_block",
          "weight": 3
        },
        {
          "type": "minecraft:item",
          "name": "minecraft:repeating_command_block",
          "weight": 1
        },
        {
          "type": "minecraft:item",
          "name": "minecraft:nether_star",
          "weight": 1,
          "functions": [
            {
              "function": "minecraft:set_nbt",
              "tag": "{display:{Name:'{\"text\":\"Comet Shard\",\"italic\":false}',Lore:['{\"text\":\"Can be used as a nether star in recipes\"}']},CustomModelData:1110000}"
            }
          ]
        }
      ]
    }
  ]
}
