{
	"credit": "Made with Blockbench",
	"textures": {
		"2": "simplehats:block/miner",
		"3": "simplehats:block/headlight",
		"4": "simplehats:block/miner_anim",
		"particle": "simplehats:block/miner_anim"
	},
	"elements": [
		{
			"from": [6, 6, 0.5],
			"to": [10, 10, 2.5],
			"rotation": {"angle": 0, "axis": "y", "origin": [-1, 0, -1.5]},
			"faces": {
				"north": {"uv": [0, 4, 4, 0], "texture": "#4"},
				"east": {"uv": [0, 0, 2, 4], "texture": "#3"},
				"south": {"uv": [1, 3, 2, 4], "rotation": 270, "texture": "#3"},
				"west": {"uv": [2, 0, 0, 4], "texture": "#3"},
				"up": {"uv": [0, 0, 2, 4], "rotation": 270, "texture": "#3"},
				"down": {"uv": [2, 4, 0, 0], "rotation": 270, "texture": "#3"}
			}
		},
		{
			"from": [5.8, 5.8, -0.7],
			"to": [10.2, 10.2, 1.7],
			"rotation": {"angle": 0, "axis": "y", "origin": [-1, 0, -1.5]},
			"faces": {
				"east": {"uv": [16, 2, 15, 0], "rotation": 180, "texture": "#2", "tintindex": 0},
				"west": {"uv": [15, 0, 16, 2], "rotation": 180, "texture": "#2", "tintindex": 0},
				"up": {"uv": [15, 0, 16, 2], "rotation": 270, "texture": "#2", "tintindex": 0},
				"down": {"uv": [16, 0, 15, 2], "rotation": 270, "texture": "#2", "tintindex": 0}
			}
		},
		{
			"from": [6.4, 5.9, 12.4],
			"to": [9.6, 8.1, 13.6],
			"rotation": {"angle": 0, "axis": "y", "origin": [-0.5, 0, -1.5]},
			"faces": {
				"east": {"uv": [0, 6, 1, 8], "texture": "#3"},
				"south": {"uv": [0, 6, 3, 8], "texture": "#3"},
				"west": {"uv": [0, 6, 1, 8], "texture": "#3"}
			}
		},
		{
			"from": [10, 10, 0.5],
			"to": [6, 6, -3.5],
			"rotation": {"angle": 0, "axis": "y", "origin": [-1, 0, -1.5]},
			"faces": {
				"east": {"uv": [4, 4, 8, 0], "rotation": 180, "texture": "#4"},
				"west": {"uv": [4, 4, 8, 0], "texture": "#4"},
				"up": {"uv": [4, 4, 8, 0], "rotation": 90, "texture": "#4"},
				"down": {"uv": [4, 4, 8, 0], "rotation": 270, "texture": "#4"}
			}
		},
		{
			"from": [3.5, 5, 3.5],
			"to": [12.5, 10, 12.5],
			"rotation": {"angle": 0, "axis": "y", "origin": [-0.5, 0, -1.5]},
			"faces": {
				"north": {"uv": [6, 0, 1.5, 2.5], "texture": "#2"},
				"east": {"uv": [6, 5, 1.5, 7.5], "texture": "#2"},
				"south": {"uv": [6, 2.5, 1.5, 5], "texture": "#2"},
				"west": {"uv": [6, 5, 1.5, 7.5], "texture": "#2"},
				"up": {"uv": [11, 0, 6.5, 4.5], "texture": "#2"}
			}
		},
		{
			"from": [2.5, 5, -1.5],
			"to": [13.5, 5, 14.5],
			"rotation": {"angle": 0, "axis": "y", "origin": [-0.5, 0, -1.5]},
			"faces": {
				"north": {"uv": [2.125, 5.25, 3.25, 5.875], "texture": "#2"},
				"east": {"uv": [2.125, 7.625, 3.25, 8.25], "texture": "#2"},
				"south": {"uv": [2.125, 5.25, 3.25, 5.875], "texture": "#2"},
				"west": {"uv": [2.125, 7, 3.25, 7.625], "texture": "#2"},
				"up": {"uv": [10, 13.5, 2, 8], "rotation": 90, "texture": "#2"},
				"down": {"uv": [2, 8, 10, 13.5], "rotation": 90, "texture": "#2"}
			}
		},
		{
			"from": [6.5, 5, 2.5],
			"to": [9.5, 11, 13.5],
			"rotation": {"angle": 0, "axis": "y", "origin": [-0.5, 0, -1.5]},
			"faces": {
				"north": {"uv": [1.5, 0, 0, 3], "texture": "#2"},
				"east": {"uv": [12, 4.5, 6.5, 7.5], "texture": "#2"},
				"south": {"uv": [1.5, 0, 0, 3], "texture": "#2"},
				"west": {"uv": [12, 4.5, 6.5, 7.5], "texture": "#2"},
				"up": {"uv": [1.5, 3, 0, 8.5], "texture": "#2"}
			}
		},
		{
			"from": [10.2, 10.2, 1.7],
			"to": [5.8, 5.8, -0.7],
			"rotation": {"angle": 0, "axis": "y", "origin": [-1, 0, -1.5]},
			"faces": {
				"east": {"uv": [15, 2, 16, 0], "rotation": 180, "texture": "#2", "tintindex": 0},
				"west": {"uv": [16, 0, 15, 2], "rotation": 180, "texture": "#2", "tintindex": 0},
				"up": {"uv": [16, 2, 15, 0], "rotation": 270, "texture": "#2", "tintindex": 0},
				"down": {"uv": [15, 2, 16, 0], "rotation": 270, "texture": "#2", "tintindex": 0}
			}
		},
		{
			"from": [3.4, 6.9, 3.4],
			"to": [12.6, 9.1, 12.6],
			"rotation": {"angle": 0, "axis": "y", "origin": [-0.5, 0, -1.5]},
			"faces": {
				"north": {"uv": [0, 8, 9, 10], "texture": "#3"},
				"east": {"uv": [0, 8, 9, 10], "texture": "#3"},
				"south": {"uv": [0, 8, 9, 10], "texture": "#3"},
				"west": {"uv": [0, 8, 9, 10], "texture": "#3"}
			}
		}
	],
	"gui_light": "front",
	"display": {
		"thirdperson_righthand": {
			"rotation": [55.5, 34, 0],
			"translation": [0, 1, 0.75],
			"scale": [0.52539, 0.52539, 0.52539]
		},
		"thirdperson_lefthand": {
			"rotation": [55.5, 34, 0],
			"translation": [0, 1, 0.75],
			"scale": [0.52539, 0.52539, 0.52539]
		},
		"firstperson_righthand": {
			"rotation": [21, 114.5, -13.75],
			"translation": [9.5, 0, -5.75],
			"scale": [0.41992, 0.41992, 0.41992]
		},
		"firstperson_lefthand": {
			"rotation": [21, 114.5, -13.75],
			"translation": [9.5, 0, -5.75],
			"scale": [0.41992, 0.41992, 0.41992]
		},
		"ground": {
			"translation": [0, 2.75, 0]
		},
		"gui": {
			"rotation": [-149.61, -31.92, -180],
			"translation": [-0.5, 1.25, 0],
			"scale": [0.94335, 0.94335, 0.94335]
		},
		"head": {
			"rotation": [3.25, 0, 0],
			"translation": [0, 6.5, 0.25],
			"scale": [1.70938, 1.70938, 1.70938]
		},
		"fixed": {
			"rotation": [-46, 0, 0],
			"translation": [0, 3.25, -4.75],
			"scale": [1.87, 1.87, 1.87]
		}
	}
}