{
  "species": "cobblemon:shuppet",
  "order": 0,
  "variations": [
    {
      "aspects": [],
      "poser": "cobblemon:shuppet",
      "model": "cobblemon:shuppet.geo",
      "texture": "cobblemon:textures/pokemon/0353_shuppet/shuppet.png",
      "layers": [
        {
          "name": "glow",
          "texture": "cobblemon:textures/pokemon/0353_shuppet/shuppet_emissive.png",
          "emissive": true
        }
      ]
    },
    {
      "aspects": [
        "shiny"
      ],
      "texture": "cobblemon:textures/pokemon/0353_shuppet/shuppet_shiny.png",
      "layers": [
        {
          "name": "glow",
          "texture": "cobblemon:textures/pokemon/0353_shuppet/shuppet_emissive.png",
          "emissive": true
        }
      ]
    }
  ]
}
