{
    "parent": "block/end_rod",
    "textures": {
        "layer0": "block/end_rod"
    },
    "overrides": [
      {"predicate": {"custom_model_data": 100}, "model": "sables:item/vizla"},
      {"predicate": {"custom_model_data": 101}, "model": "minecraft:block/llave_vacio"},
      {"predicate": {"custom_model_data": 2011},"model": "sables:item/sable_normal_azul"},
      {"predicate": {"custom_model_data": 2012},"model": "sables:item/sable_normal_rojo"},
      {"predicate": {"custom_model_data": 2013},"model": "sables:item/sable_normal_verde"},
      {"predicate": {"custom_model_data": 2014},"model": "sables:item/sable_normal_morado"},
      {"predicate": {"custom_model_data": 2015},"model": "sables:item/sable_normal_amarillo"},
      {"predicate": {"custom_model_data": 2016},"model": "sables:item/sable_normal_naranja"},
      {"predicate": {"custom_model_data": 2017},"model": "sables:item/sable_normal_negro"},
      {"predicate": {"custom_model_data": 2021},"model": "sables:item/sable_doble_azul"},
      {"predicate": {"custom_model_data": 2022},"model": "sables:item/sable_doble_rojo"},
      {"predicate": {"custom_model_data": 2023},"model": "sables:item/sable_doble_verde"},
      {"predicate": {"custom_model_data": 2024},"model": "sables:item/sable_doble_morado"},
      {"predicate": {"custom_model_data": 2025},"model": "sables:item/sable_doble_amarillo"},
      {"predicate": {"custom_model_data": 2026},"model": "sables:item/sable_doble_naranja"},
      {"predicate": {"custom_model_data": 2027},"model": "sables:item/sable_doble_negro"},
      {"predicate": {"custom_model_data": 2031},"model": "sables:item/sable_cruzado_azul"},
      {"predicate": {"custom_model_data": 2032},"model": "sables:item/sable_cruzado_rojo"},
      {"predicate": {"custom_model_data": 2033},"model": "sables:item/sable_cruzado_verde"},
      {"predicate": {"custom_model_data": 2034},"model": "sables:item/sable_cruzado_morado"},
      {"predicate": {"custom_model_data": 2035},"model": "sables:item/sable_cruzado_amarillo"},
      {"predicate": {"custom_model_data": 2036},"model": "sables:item/sable_cruzado_naranja"},
      {"predicate": {"custom_model_data": 2037},"model": "sables:item/sable_cruzado_negro"},
      {"predicate": {"custom_model_data": 2041},"model": "sables:item/sable_largo_azul"},
      {"predicate": {"custom_model_data": 2042},"model": "sables:item/sable_largo_rojo"},
      {"predicate": {"custom_model_data": 2043},"model": "sables:item/sable_largo_verde"},
      {"predicate": {"custom_model_data": 2044},"model": "sables:item/sable_largo_morado"},
      {"predicate": {"custom_model_data": 2045},"model": "sables:item/sable_largo_amarillo"},
      {"predicate": {"custom_model_data": 2046},"model": "sables:item/sable_largo_naranja"},
      {"predicate": {"custom_model_data": 2047},"model": "sables:item/sable_largo_negro"},
      {"predicate": {"custom_model_data": 2051},"model": "sables:item/sable_equis_azul"},
      {"predicate": {"custom_model_data": 2052},"model": "sables:item/sable_equis_rojo"},
      {"predicate": {"custom_model_data": 2053},"model": "sables:item/sable_equis_verde"},
      {"predicate": {"custom_model_data": 2054},"model": "sables:item/sable_equis_morado"},
      {"predicate": {"custom_model_data": 2055},"model": "sables:item/sable_equis_amarillo"},
      {"predicate": {"custom_model_data": 2056},"model": "sables:item/sable_equis_naranja"},
      {"predicate": {"custom_model_data": 2057},"model": "sables:item/sable_equis_negro"},
      {"predicate": {"custom_model_data": 2061},"model": "sables:item/sable_porra_azul"},
      {"predicate": {"custom_model_data": 2062},"model": "sables:item/sable_porra_rojo"},
      {"predicate": {"custom_model_data": 2063},"model": "sables:item/sable_porra_verde"},
      {"predicate": {"custom_model_data": 2064},"model": "sables:item/sable_porra_morado"},
      {"predicate": {"custom_model_data": 2065},"model": "sables:item/sable_porra_amarillo"},
      {"predicate": {"custom_model_data": 2066},"model": "sables:item/sable_porra_naranja"},
      {"predicate": {"custom_model_data": 2067},"model": "sables:item/sable_porra_negro"},
      {"predicate": {"custom_model_data": 2071},"model": "sables:item/sable_garras_azul"},
      {"predicate": {"custom_model_data": 2072},"model": "sables:item/sable_garras_rojo"},
      {"predicate": {"custom_model_data": 2073},"model": "sables:item/sable_garras_verde"},
      {"predicate": {"custom_model_data": 2074},"model": "sables:item/sable_garras_morado"},
      {"predicate": {"custom_model_data": 2075},"model": "sables:item/sable_garras_amarillo"},
      {"predicate": {"custom_model_data": 2076},"model": "sables:item/sable_garras_naranja"},
      {"predicate": {"custom_model_data": 2077},"model": "sables:item/sable_garras_negro"}
    ]
}
