{
	"credit": "Made with Blockbench",
	"texture_size": [64, 64],
	"textures": {
		"2": "item/honedge_escudo",
		"particle": "item/honedge_escudo"
	},
	"elements": [
		{
			"name": "facelid",
			"from": [4.5, 11, 6.025],
			"to": [11.5, 17, 6.025],
			"rotation": {"angle": 0, "axis": "y", "origin": [8, -42, 8]},
			"faces": {
				"north": {"uv": [5.25, 0, 7, 1.5], "texture": "#2"},
				"east": {"uv": [0, 0, 0, 1.5], "texture": "#2"},
				"south": {"uv": [5.25, 1.5, 7, 3], "texture": "#2"},
				"west": {"uv": [0, 0, 0, 1.5], "texture": "#2"},
				"up": {"uv": [1.75, 0, 0, 0], "texture": "#2"},
				"down": {"uv": [1.75, 0, 0, 0], "texture": "#2"}
			}
		},
		{
			"name": "facelid",
			"from": [8.75, 15.5, 5.5],
			"to": [11.75, 18.5, 5.5],
			"rotation": {"angle": 0, "axis": "y", "origin": [8, -42, 8]},
			"faces": {
				"north": {"uv": [7, 2.25, 7.75, 3], "texture": "#2"},
				"east": {"uv": [0, 0, 0, 0.75], "texture": "#2"},
				"south": {"uv": [5.25, 7, 6, 7.75], "texture": "#2"},
				"west": {"uv": [0, 0, 0, 0.75], "texture": "#2"},
				"up": {"uv": [0.75, 0, 0, 0], "texture": "#2"},
				"down": {"uv": [0.75, 0, 0, 0], "texture": "#2"}
			}
		},
		{
			"name": "facelid",
			"from": [4.25, 15.5, 5.5],
			"to": [7.25, 18.5, 5.5],
			"rotation": {"angle": 0, "axis": "y", "origin": [8, -42, 8]},
			"faces": {
				"north": {"uv": [7, 0.75, 7.75, 1.5], "texture": "#2"},
				"east": {"uv": [0, 0, 0, 0.75], "texture": "#2"},
				"south": {"uv": [7, 1.5, 7.75, 2.25], "texture": "#2"},
				"west": {"uv": [0, 0, 0, 0.75], "texture": "#2"},
				"up": {"uv": [0.75, 0, 0, 0], "texture": "#2"},
				"down": {"uv": [0.75, 0, 0, 0], "texture": "#2"}
			}
		},
		{
			"name": "face",
			"from": [4.5, 11, 6.1],
			"to": [11.5, 17, 6.1],
			"rotation": {"angle": 0, "axis": "y", "origin": [8, -42, 8]},
			"faces": {
				"north": {"uv": [1.75, 4, 3.5, 5.5], "texture": "#2"},
				"east": {"uv": [0, 0, 0, 1.5], "texture": "#2"},
				"south": {"uv": [3.5, 4, 5.25, 5.5], "texture": "#2"},
				"west": {"uv": [0, 0, 0, 1.5], "texture": "#2"},
				"up": {"uv": [1.75, 0, 0, 0], "texture": "#2"},
				"down": {"uv": [1.75, 0, 0, 0], "texture": "#2"}
			}
		},
		{
			"name": "face",
			"from": [8.75, 15.5, 5.575],
			"to": [11.75, 18.5, 5.575],
			"rotation": {"angle": 0, "axis": "y", "origin": [8, -42, 8]},
			"faces": {
				"north": {"uv": [6.75, 6.5, 7.5, 7.25], "texture": "#2"},
				"east": {"uv": [0, 0, 0, 0.75], "texture": "#2"},
				"south": {"uv": [7, 0, 7.75, 0.75], "texture": "#2"},
				"west": {"uv": [0, 0, 0, 0.75], "texture": "#2"},
				"up": {"uv": [0.75, 0, 0, 0], "texture": "#2"},
				"down": {"uv": [0.75, 0, 0, 0], "texture": "#2"}
			}
		},
		{
			"name": "face",
			"from": [8.75, 16.5, 5.55],
			"to": [11.75, 17.5, 5.55],
			"rotation": {"angle": 45, "axis": "z", "origin": [10.25, 17, 5.55]},
			"faces": {
				"north": {"uv": [7.75, 1.75, 8.5, 2], "texture": "#2"},
				"east": {"uv": [0, 0, 0, 0.25], "texture": "#2"},
				"south": {"uv": [7.75, 2, 8.5, 2.25], "texture": "#2"},
				"west": {"uv": [0, 0, 0, 0.25], "texture": "#2"},
				"up": {"uv": [0.75, 0, 0, 0], "texture": "#2"},
				"down": {"uv": [0.75, 0, 0, 0], "texture": "#2"}
			}
		},
		{
			"name": "face",
			"from": [4.25, 16.5, 5.55],
			"to": [7.25, 17.5, 5.55],
			"rotation": {"angle": -45, "axis": "z", "origin": [5.75, 17, 5.55]},
			"faces": {
				"north": {"uv": [7.75, 1.25, 8.5, 1.5], "texture": "#2"},
				"east": {"uv": [0, 0, 0, 0.25], "texture": "#2"},
				"south": {"uv": [7.75, 1.5, 8.5, 1.75], "texture": "#2"},
				"west": {"uv": [0, 0, 0, 0.25], "texture": "#2"},
				"up": {"uv": [0.75, 0, 0, 0], "texture": "#2"},
				"down": {"uv": [0.75, 0, 0, 0], "texture": "#2"}
			}
		},
		{
			"name": "face",
			"from": [4.25, 15.5, 5.575],
			"to": [7.25, 18.5, 5.575],
			"rotation": {"angle": 0, "axis": "y", "origin": [8, -42, 8]},
			"faces": {
				"north": {"uv": [6.75, 5, 7.5, 5.75], "texture": "#2"},
				"east": {"uv": [0, 0, 0, 0.75], "texture": "#2"},
				"south": {"uv": [6.75, 5.75, 7.5, 6.5], "texture": "#2"},
				"west": {"uv": [0, 0, 0, 0.75], "texture": "#2"},
				"up": {"uv": [0.75, 0, 0, 0], "texture": "#2"},
				"down": {"uv": [0.75, 0, 0, 0], "texture": "#2"}
			}
		},
		{
			"name": "sheath",
			"from": [7, 18.75, 4.975],
			"to": [9, 18.75, 5.975],
			"rotation": {"angle": 0, "axis": "y", "origin": [8, -42, 8]},
			"faces": {
				"north": {"uv": [0, 0, 0.5, 0], "texture": "#2"},
				"east": {"uv": [0, 0, 0.25, 0], "texture": "#2"},
				"south": {"uv": [0, 0, 0.5, 0], "texture": "#2"},
				"west": {"uv": [0, 0, 0.25, 0], "texture": "#2"},
				"up": {"uv": [8.5, 2.75, 8, 2.5], "texture": "#2"},
				"down": {"uv": [3.75, 8, 3.25, 8.25], "texture": "#2"}
			}
		},
		{
			"name": "sheath",
			"from": [7, 20.75, 4.975],
			"to": [9, 20.75, 5.975],
			"rotation": {"angle": 0, "axis": "y", "origin": [8, -42, 8]},
			"faces": {
				"north": {"uv": [0, 0, 0.5, 0], "texture": "#2"},
				"east": {"uv": [0, 0, 0.25, 0], "texture": "#2"},
				"south": {"uv": [0, 0, 0.5, 0], "texture": "#2"},
				"west": {"uv": [0, 0, 0.25, 0], "texture": "#2"},
				"up": {"uv": [1.75, 8.25, 1.25, 8], "texture": "#2"},
				"down": {"uv": [8.5, 2.25, 8, 2.5], "texture": "#2"}
			}
		},
		{
			"name": "sheath",
			"from": [7, 18.75, 4.975],
			"to": [7, 20.75, 5.975],
			"rotation": {"angle": 0, "axis": "y", "origin": [8, -42, 8]},
			"faces": {
				"north": {"uv": [0, 0, 0, 0.5], "texture": "#2"},
				"east": {"uv": [0.75, 8, 1, 8.5], "texture": "#2"},
				"south": {"uv": [0, 0, 0, 0.5], "texture": "#2"},
				"west": {"uv": [1, 8, 1.25, 8.5], "texture": "#2"},
				"up": {"uv": [0, 0.25, 0, 0], "texture": "#2"},
				"down": {"uv": [0, 0, 0, 0.25], "texture": "#2"}
			}
		},
		{
			"name": "sheath",
			"from": [9, 18.75, 4.975],
			"to": [9, 20.75, 5.975],
			"rotation": {"angle": 0, "axis": "y", "origin": [8, -42, 8]},
			"faces": {
				"north": {"uv": [0, 0, 0, 0.5], "texture": "#2"},
				"east": {"uv": [0.5, 8, 0.75, 8.5], "texture": "#2"},
				"south": {"uv": [0, 0, 0, 0.5], "texture": "#2"},
				"west": {"uv": [8, 0.5, 8.25, 1], "texture": "#2"},
				"up": {"uv": [0, 0.25, 0, 0], "texture": "#2"},
				"down": {"uv": [0, 0, 0, 0.25], "texture": "#2"}
			}
		},
		{
			"name": "sheath",
			"from": [6, 17.75, 4.975],
			"to": [10, 21.75, 5.975],
			"rotation": {"angle": 0, "axis": "y", "origin": [8, -42, 8]},
			"faces": {
				"north": {"uv": [3.25, 6.5, 4.25, 7.5], "texture": "#2"},
				"east": {"uv": [7.5, 6, 7.75, 7], "texture": "#2"},
				"south": {"uv": [4.25, 6.5, 5.25, 7.5], "texture": "#2"},
				"west": {"uv": [7.75, 0, 8, 1], "texture": "#2"},
				"up": {"uv": [8.5, 7.25, 7.5, 7], "texture": "#2"},
				"down": {"uv": [8.75, 1, 7.75, 1.25], "texture": "#2"}
			}
		},
		{
			"name": "sheath",
			"from": [4.75, 16, 4.975],
			"to": [6.75, 16, 5.975],
			"rotation": {"angle": 0, "axis": "y", "origin": [8, -42, 8]},
			"faces": {
				"north": {"uv": [0, 0, 0.5, 0], "texture": "#2"},
				"east": {"uv": [0, 0, 0.25, 0], "texture": "#2"},
				"south": {"uv": [0, 0, 0.5, 0], "texture": "#2"},
				"west": {"uv": [0, 0, 0.25, 0], "texture": "#2"},
				"up": {"uv": [8.5, 0.25, 8, 0], "texture": "#2"},
				"down": {"uv": [8.5, 0.25, 8, 0.5], "texture": "#2"}
			}
		},
		{
			"name": "sheath",
			"from": [4.75, 18, 4.975],
			"to": [6.75, 18, 5.975],
			"rotation": {"angle": 0, "axis": "y", "origin": [8, -42, 8]},
			"faces": {
				"north": {"uv": [0, 0, 0.5, 0], "texture": "#2"},
				"east": {"uv": [0, 0, 0.25, 0], "texture": "#2"},
				"south": {"uv": [0, 0, 0.5, 0], "texture": "#2"},
				"west": {"uv": [0, 0, 0.25, 0], "texture": "#2"},
				"up": {"uv": [8.25, 7, 7.75, 6.75], "texture": "#2"},
				"down": {"uv": [0.5, 8, 0, 8.25], "texture": "#2"}
			}
		},
		{
			"name": "sheath",
			"from": [4.75, 16, 4.975],
			"to": [4.75, 18, 5.975],
			"rotation": {"angle": 0, "axis": "y", "origin": [8, -42, 8]},
			"faces": {
				"north": {"uv": [0, 0, 0, 0.5], "texture": "#2"},
				"east": {"uv": [7.5, 7.75, 7.75, 8.25], "texture": "#2"},
				"south": {"uv": [0, 0, 0, 0.5], "texture": "#2"},
				"west": {"uv": [7.75, 7.75, 8, 8.25], "texture": "#2"},
				"up": {"uv": [0, 0.25, 0, 0], "texture": "#2"},
				"down": {"uv": [0, 0, 0, 0.25], "texture": "#2"}
			}
		},
		{
			"name": "sheath",
			"from": [6.75, 16, 4.975],
			"to": [6.75, 18, 5.975],
			"rotation": {"angle": 0, "axis": "y", "origin": [8, -42, 8]},
			"faces": {
				"north": {"uv": [0, 0, 0, 0.5], "texture": "#2"},
				"east": {"uv": [7, 7.75, 7.25, 8.25], "texture": "#2"},
				"south": {"uv": [0, 0, 0, 0.5], "texture": "#2"},
				"west": {"uv": [7.25, 7.75, 7.5, 8.25], "texture": "#2"},
				"up": {"uv": [0, 0.25, 0, 0], "texture": "#2"},
				"down": {"uv": [0, 0, 0, 0.25], "texture": "#2"}
			}
		},
		{
			"name": "sheath",
			"from": [3.75, 15, 4.975],
			"to": [7.75, 19, 5.975],
			"rotation": {"angle": 0, "axis": "y", "origin": [8, -42, 8]},
			"faces": {
				"north": {"uv": [5.75, 5, 6.75, 6], "texture": "#2"},
				"east": {"uv": [4.75, 7.5, 5, 8.5], "texture": "#2"},
				"south": {"uv": [5.75, 6, 6.75, 7], "texture": "#2"},
				"west": {"uv": [5, 7.5, 5.25, 8.5], "texture": "#2"},
				"up": {"uv": [8.5, 5.75, 7.5, 5.5], "texture": "#2"},
				"down": {"uv": [8.5, 5.75, 7.5, 6], "texture": "#2"}
			}
		},
		{
			"name": "sheath",
			"from": [9.25, 16, 4.975],
			"to": [11.25, 16, 5.975],
			"rotation": {"angle": 0, "axis": "y", "origin": [8, -42, 8]},
			"faces": {
				"north": {"uv": [0, 0, 0.5, 0], "texture": "#2"},
				"east": {"uv": [0, 0, 0.25, 0], "texture": "#2"},
				"south": {"uv": [0, 0, 0.5, 0], "texture": "#2"},
				"west": {"uv": [0, 0, 0.25, 0], "texture": "#2"},
				"up": {"uv": [8.25, 6.5, 7.75, 6.25], "texture": "#2"},
				"down": {"uv": [8.25, 6.5, 7.75, 6.75], "texture": "#2"}
			}
		},
		{
			"name": "sheath",
			"from": [9.25, 18, 4.975],
			"to": [11.25, 18, 5.975],
			"rotation": {"angle": 0, "axis": "y", "origin": [8, -42, 8]},
			"faces": {
				"north": {"uv": [0, 0, 0.5, 0], "texture": "#2"},
				"east": {"uv": [0, 0, 0.25, 0], "texture": "#2"},
				"south": {"uv": [0, 0, 0.5, 0], "texture": "#2"},
				"west": {"uv": [0, 0, 0.25, 0], "texture": "#2"},
				"up": {"uv": [8.25, 3, 7.75, 2.75], "texture": "#2"},
				"down": {"uv": [8.25, 6, 7.75, 6.25], "texture": "#2"}
			}
		},
		{
			"name": "sheath",
			"from": [9.25, 16, 4.975],
			"to": [9.25, 18, 5.975],
			"rotation": {"angle": 0, "axis": "y", "origin": [8, -42, 8]},
			"faces": {
				"north": {"uv": [0, 0, 0, 0.5], "texture": "#2"},
				"east": {"uv": [5.5, 7.75, 5.75, 8.25], "texture": "#2"},
				"south": {"uv": [0, 0, 0, 0.5], "texture": "#2"},
				"west": {"uv": [5.75, 7.75, 6, 8.25], "texture": "#2"},
				"up": {"uv": [0, 0.25, 0, 0], "texture": "#2"},
				"down": {"uv": [0, 0, 0, 0.25], "texture": "#2"}
			}
		},
		{
			"name": "sheath",
			"from": [11.25, 16, 4.975],
			"to": [11.25, 18, 5.975],
			"rotation": {"angle": 0, "axis": "y", "origin": [8, -42, 8]},
			"faces": {
				"north": {"uv": [0, 0, 0, 0.5], "texture": "#2"},
				"east": {"uv": [7.75, 2.25, 8, 2.75], "texture": "#2"},
				"south": {"uv": [0, 0, 0, 0.5], "texture": "#2"},
				"west": {"uv": [5.25, 7.75, 5.5, 8.25], "texture": "#2"},
				"up": {"uv": [0, 0.25, 0, 0], "texture": "#2"},
				"down": {"uv": [0, 0, 0, 0.25], "texture": "#2"}
			}
		},
		{
			"name": "sheath",
			"from": [8.25, 15, 4.975],
			"to": [12.25, 19, 5.975],
			"rotation": {"angle": 0, "axis": "y", "origin": [8, -42, 8]},
			"faces": {
				"north": {"uv": [5.75, 3, 6.75, 4], "texture": "#2"},
				"east": {"uv": [4.25, 7.5, 4.5, 8.5], "texture": "#2"},
				"south": {"uv": [5.75, 4, 6.75, 5], "texture": "#2"},
				"west": {"uv": [4.5, 7.5, 4.75, 8.5], "texture": "#2"},
				"up": {"uv": [8.5, 5.25, 7.5, 5], "texture": "#2"},
				"down": {"uv": [8.5, 5.25, 7.5, 5.5], "texture": "#2"}
			}
		},
		{
			"name": "sheath",
			"from": [6.002, 1.002, 5.977],
			"to": [9.998, 4.998, 7.973],
			"rotation": {"angle": 45, "axis": "z", "origin": [8, 3, 6.975]},
			"faces": {
				"north": {"uv": [3.25, 5.5, 4.25, 6.5], "texture": "#2"},
				"east": {"uv": [6, 7, 6.5, 8], "texture": "#2"},
				"south": {"uv": [4.25, 5.5, 5.25, 6.5], "texture": "#2"},
				"west": {"uv": [6.5, 7.25, 7, 8.25], "texture": "#2"},
				"up": {"uv": [8, 7.75, 7, 7.25], "texture": "#2"},
				"down": {"uv": [4.25, 7.5, 3.25, 8], "texture": "#2"}
			}
		},
		{
			"name": "sheath",
			"from": [4.5, 19, 5.975],
			"to": [11.5, 19, 7.975],
			"rotation": {"angle": 0, "axis": "y", "origin": [8, -41, 8]},
			"faces": {
				"north": {"uv": [0, 0, 1.75, 0], "texture": "#2"},
				"east": {"uv": [0, 0, 0.5, 0], "texture": "#2"},
				"south": {"uv": [0, 0, 1.75, 0], "texture": "#2"},
				"west": {"uv": [0, 0, 0.5, 0], "texture": "#2"},
				"up": {"uv": [8.5, 4.5, 6.75, 4], "texture": "#2"},
				"down": {"uv": [8.5, 4.5, 6.75, 5], "texture": "#2"}
			}
		},
		{
			"name": "sheath",
			"from": [4.5, 3, 7.975],
			"to": [11.5, 19, 7.975],
			"rotation": {"angle": 0, "axis": "y", "origin": [8, -42, 8]},
			"faces": {
				"north": {"uv": [3.5, 0, 5.25, 4], "texture": "#2"},
				"east": {"uv": [0, 0, 0, 4], "texture": "#2"},
				"south": {"uv": [0, 4, 1.75, 8], "texture": "#2"},
				"west": {"uv": [0, 0, 0, 4], "texture": "#2"},
				"up": {"uv": [1.75, 0, 0, 0], "texture": "#2"},
				"down": {"uv": [1.75, 0, 0, 0], "texture": "#2"}
			}
		},
		{
			"name": "sheath",
			"from": [4.5, 3, 5.975],
			"to": [11.5, 3, 7.975],
			"rotation": {"angle": 0, "axis": "y", "origin": [8, -42, 8]},
			"faces": {
				"north": {"uv": [0, 0, 1.75, 0], "texture": "#2"},
				"east": {"uv": [0, 0, 0.5, 0], "texture": "#2"},
				"south": {"uv": [0, 0, 1.75, 0], "texture": "#2"},
				"west": {"uv": [0, 0, 0.5, 0], "texture": "#2"},
				"up": {"uv": [8.5, 3.5, 6.75, 3], "texture": "#2"},
				"down": {"uv": [8.5, 3.5, 6.75, 4], "texture": "#2"}
			}
		},
		{
			"name": "sheath",
			"from": [4.5, 3, 5.975],
			"to": [11.5, 19, 5.975],
			"rotation": {"angle": 0, "axis": "y", "origin": [8, -42, 8]},
			"faces": {
				"north": {"uv": [0, 0, 1.75, 4], "texture": "#2"},
				"east": {"uv": [0, 0, 0, 4], "texture": "#2"},
				"south": {"uv": [1.75, 0, 3.5, 4], "texture": "#2"},
				"west": {"uv": [0, 0, 0, 4], "texture": "#2"},
				"up": {"uv": [1.75, 0, 0, 0], "texture": "#2"},
				"down": {"uv": [1.75, 0, 0, 0], "texture": "#2"}
			}
		},
		{
			"name": "sheath",
			"from": [4.5, 3, 5.975],
			"to": [4.5, 19, 7.975],
			"rotation": {"angle": 0, "axis": "y", "origin": [8, -42, 8]},
			"faces": {
				"north": {"uv": [0, 0, 0, 4], "texture": "#2"},
				"east": {"uv": [2.25, 5.5, 2.75, 9.5], "texture": "#2"},
				"south": {"uv": [0, 0, 0, 4], "texture": "#2"},
				"west": {"uv": [2.75, 5.5, 3.25, 9.5], "texture": "#2"},
				"up": {"uv": [0, 0.5, 0, 0], "texture": "#2"},
				"down": {"uv": [0, 0, 0, 0.5], "texture": "#2"}
			}
		},
		{
			"name": "sheath",
			"from": [11.5, 3, 5.975],
			"to": [11.5, 19, 7.975],
			"rotation": {"angle": 0, "axis": "y", "origin": [8, -42, 8]},
			"faces": {
				"north": {"uv": [0, 0, 0, 4], "texture": "#2"},
				"east": {"uv": [5.25, 3, 5.75, 7], "texture": "#2"},
				"south": {"uv": [0, 0, 0, 4], "texture": "#2"},
				"west": {"uv": [1.75, 5.5, 2.25, 9.5], "texture": "#2"},
				"up": {"uv": [0, 0.5, 0, 0], "texture": "#2"},
				"down": {"uv": [0, 0, 0, 0.5], "texture": "#2"}
			}
		}
	],
	"display": {
		"thirdperson_righthand": {
			"rotation": [56, 0, 0]
		},
		"thirdperson_lefthand": {
			"rotation": [56, 0, 0]
		},
		"firstperson_righthand": {
			"translation": [3.5, -7.25, 0]
		},
		"firstperson_lefthand": {
			"translation": [3.5, -6.5, 0]
		},
		"ground": {
			"translation": [0, 5.25, 0],
			"scale": [0.72, 0.72, 0.72]
		},
		"gui": {
			"rotation": [-40, 140, 0],
			"translation": [0.25, -2.25, 0],
			"scale": [0.74, 0.74, 0.74]
		},
		"head": {
			"translation": [0, 0, -6],
			"scale": [1.6, 1.6, 1.6]
		},
		"fixed": {
			"translation": [0, -2.5, 0.5],
			"scale": [0.87, 0.87, 0.87]
		}
	}
}