{
	"credit": "Made with Blockbench",
	"texture_size": [48, 48],
	"textures": {
		"0": "simplehats:block/lavachicken/bucket_hat"
	},
	"elements": [
		{
			"name": "headHelmet",
			"from": [2, -5, 8],
			"to": [14, 3, 8],
			"rotation": {"angle": 45, "axis": "x", "origin": [13, 3, 8]},
			"faces": {
				"north": {"uv": [0, 7.33333, 4, 10], "texture": "#0"},
				"south": {"uv": [0, 7.33333, 4, 10], "texture": "#0"}
			}
		},
		{
			"name": "headHelmet",
			"from": [3, 1, 3],
			"to": [13, 13, 13],
			"rotation": {"angle": 0, "axis": "y", "origin": [8, 0, 8]},
			"faces": {
				"north": {"uv": [3.33333, 3.33333, 6.66667, 7.33333], "texture": "#0"},
				"east": {"uv": [0, 3.33333, 3.33333, 7.33333], "texture": "#0"},
				"south": {"uv": [10, 3.33333, 13.33333, 7.33333], "texture": "#0"},
				"west": {"uv": [6.66667, 3.33333, 10, 7.33333], "texture": "#0"},
				"up": {"uv": [6.66667, 3.33333, 3.33333, 0], "texture": "#0"},
				"down": {"uv": [10, 0, 6.66667, 3.33333], "texture": "#0"}
			}
		}
	],
	"display": {
		"thirdperson_righthand": {
			"rotation": [75, 45, 0],
			"translation": [0, 2.5, 0],
			"scale": [0.375, 0.375, 0.375]
		},
		"thirdperson_lefthand": {
			"rotation": [75, 45, 0],
			"translation": [0, 2.5, 0],
			"scale": [0.375, 0.375, 0.375]
		},
		"firstperson_righthand": {
			"rotation": [0, 45, 0],
			"scale": [0.4, 0.4, 0.4]
		},
		"firstperson_lefthand": {
			"rotation": [0, 225, 0],
			"scale": [0.4, 0.4, 0.4]
		},
		"ground": {
			"translation": [0, 5, 0],
			"scale": [0.5, 0.5, 0.5]
		},
		"gui": {
			"rotation": [30, 225, 0],
			"translation": [0, 1.5, 0],
			"scale": [0.625, 0.625, 0.625]
		},
		"head": {
			"rotation": [0, 180, 0],
			"translation": [0, 12, 0],
			"scale": [1.45, 1.45, 1.45]
		},
		"fixed": {
			"translation": [0, 1.75, -5.25],
			"scale": [1.2, 1.2, 1.2]
		}
	},
	"groups": [
		{
			"name": "head",
			"origin": [8, 0, 8],
			"color": 0,
			"children": [
				{
					"name": "headHelmet",
					"origin": [8, 0, 8],
					"color": 1,
					"children": [0, 1]
				}
			]
		}
	]
}