{
	"format_version": "1.12.0",
	"minecraft:geometry": [
		{
			"description": {
				"identifier": "geometry.togepi",
				"texture_width": 64,
				"texture_height": 64,
				"visible_bounds_width": 4,
				"visible_bounds_height": 2.5,
				"visible_bounds_offset": [0, 0.75, 0]
			},
			"bones": [
				{
					"name": "togepi",
					"pivot": [0, 0, 0]
				},
				{
					"name": "body",
					"parent": "togepi",
					"pivot": [0, 0.5, 0]
				},
				{
					"name": "torso",
					"parent": "body",
					"pivot": [0, 6.5, 0],
					"cubes": [
						{"origin": [-4, 1.5, -4], "size": [8, 5, 8], "uv": [0, 17]}
					]
				},
				{
					"name": "torso_shell",
					"parent": "torso",
					"pivot": [0, 0.5, 0],
					"cubes": [
						{"origin": [-4, 6.5, -4], "size": [8, 2, 0], "uv": [24, 17]},
						{"origin": [-4, 6.5, 4], "size": [8, 2, 0], "uv": [21, 5]},
						{"origin": [4, 6.5, -4], "size": [0, 2, 8], "uv": [16, 22]},
						{"origin": [-4, 6.5, -4], "size": [0, 2, 8], "uv": [0, 22]}
					]
				},
				{
					"name": "head",
					"parent": "torso",
					"pivot": [0, 0.5, 0],
					"cubes": [
						{"origin": [-3.5, 1, -3.5], "size": [7, 10, 7], "uv": [0, 0]}
					]
				},
				{
					"name": "head_tuff",
					"parent": "head",
					"pivot": [-0.5, 0.5, 0]
				},
				{
					"name": "head_tuff_triangle",
					"parent": "head_tuff",
					"pivot": [0, 10.75695, -2.83269],
					"cubes": [
						{"origin": [-3.5, 10.81314, -3.42355], "size": [7, 5, 0], "pivot": [0, 11.04103, -3.34151], "rotation": [-15, 0, 0], "uv": [21, 0]}
					]
				},
				{
					"name": "head_tuff_triangle2",
					"parent": "head_tuff",
					"pivot": [4.24746, 9.66807, -1.13179],
					"rotation": [0, -75, 0],
					"cubes": [
						{"origin": [1.62856, 9.09455, -0.35701], "size": [5, 5, 0], "pivot": [4.24915, 9.98306, -0.3637], "rotation": [26.15889, 0.48808, 14.47805], "uv": [28, 7]}
					]
				},
				{
					"name": "head_tuff_triangle3",
					"parent": "head_tuff",
					"pivot": [-4.17246, 10.15103, -1.16428],
					"rotation": [0, 75, 0],
					"cubes": [
						{"origin": [-6.55356, 9.23092, -0.41538], "size": [5, 5, 0], "pivot": [-4.22591, 10.21603, -0.58938], "rotation": [26.15889, -0.48808, -14.47805], "uv": [24, 19]}
					]
				},
				{
					"name": "head_tuff_triangle4",
					"parent": "head_tuff",
					"pivot": [2.43547, 10.57059, 2.95506],
					"rotation": [0, -142.5, 0],
					"cubes": [
						{"origin": [0.00348, 9.46746, 3.1872], "size": [5, 4, 0], "pivot": [2.31372, 10.84559, 3.11373], "rotation": [41.85074, -0.94293, 9.06648], "uv": [0, 32]}
					]
				},
				{
					"name": "head_tuff_triangle5",
					"parent": "head_tuff",
					"pivot": [-2.35669, 10.76263, 2.90339],
					"rotation": [0, 142.5, 0],
					"cubes": [
						{"origin": [-4.93548, 9.45982, 3.09893], "size": [5, 4, 0], "pivot": [-2.2045, 10.86263, 3.10173], "rotation": [41.85074, 0.94293, -9.06648], "uv": [28, 12]}
					]
				},
				{
					"name": "mouth",
					"parent": "head",
					"pivot": [0, 0.5, 0]
				},
				{
					"name": "mouth_closed",
					"parent": "mouth",
					"pivot": [0, 0.5, 0],
					"cubes": [
						{"origin": [-0.5, 7.8, -3.41], "size": [1, 1, 0], "inflate": 0.01, "uv": [0, 6]}
					]
				},
				{
					"name": "mouth_open",
					"parent": "mouth",
					"pivot": [0, 0.5, 0],
					"cubes": [
						{"origin": [-0.5, 7.8, -3.51], "size": [1, 1, 0], "uv": [2, 6]}
					]
				},
				{
					"name": "eyes",
					"parent": "head",
					"pivot": [0, 0.5, 0]
				},
				{
					"name": "eye_right",
					"parent": "eyes",
					"pivot": [-1.575, 9.175, -3.515],
					"rotation": [0, 0, 5],
					"cubes": [
						{"origin": [-1.84962, 7.99128, -3.51], "size": [1, 2, 0], "uv": [6, 17]}
					]
				},
				{
					"name": "eyelid_right",
					"parent": "eye_right",
					"pivot": [0, 0.5, 0],
					"cubes": [
						{"origin": [-1.84962, 7.99128, -3.41], "size": [1, 2, 0], "inflate": 0.01, "uv": [18, 36]}
					]
				},
				{
					"name": "eye_left",
					"parent": "eyes",
					"pivot": [1.575, 9.175, -3.515],
					"rotation": [0, 0, -5],
					"cubes": [
						{"origin": [0.84962, 7.99128, -3.51], "size": [1, 2, 0], "uv": [6, 19]}
					]
				},
				{
					"name": "eyelid_left",
					"parent": "eye_left",
					"pivot": [0, 0.5, 0],
					"cubes": [
						{"origin": [0.84962, 7.99128, -3.41], "size": [1, 2, 0], "inflate": 0.01, "uv": [22, 36]}
					]
				},
				{
					"name": "torso_decor",
					"parent": "torso",
					"pivot": [0, 0.5, 0],
					"cubes": [
						{"origin": [1, 4.5, -4.01], "size": [3, 3, 0], "uv": [0, 36]},
						{"origin": [1, 1.5, -4.01], "size": [3, 2, 0], "uv": [35, 3]},
						{"origin": [-2, 3.5, -4.01], "size": [3, 3, 0], "uv": [35, 0]},
						{"origin": [-4, 1.5, -4.01], "size": [2, 3, 0], "uv": [6, 36]},
						{"origin": [-4, 4.5, -4.01], "size": [1, 2, 0], "uv": [14, 36]},
						{"origin": [-4, 4.5, 4.01], "size": [3, 3, 0], "uv": [32, 25]},
						{"origin": [0, 5.5, 4.01], "size": [3, 2, 0], "uv": [34, 19]},
						{"origin": [1, 2.5, 4.01], "size": [3, 3, 0], "uv": [0, 0]},
						{"origin": [-3.25, 1.5, 4.01], "size": [2, 2, 0], "uv": [10, 36]},
						{"origin": [-4.01, 1.5, 1.01], "size": [0, 3, 3], "uv": [30, 31]},
						{"origin": [-4.01, 5.5, 1.01], "size": [0, 2, 2], "uv": [32, 26]},
						{"origin": [-4.01, 2.5, -2.99], "size": [0, 3, 2], "uv": [1, 18]},
						{"origin": [4.01, 1.5, -3.99], "size": [0, 3, 3], "uv": [0, 14]},
						{"origin": [4.01, 2.5, 0.01], "size": [0, 3, 3], "uv": [0, 0]},
						{"origin": [4.01, 5.5, -3.24], "size": [0, 2, 2], "uv": [18, 30]}
					]
				},
				{
					"name": "arm_right",
					"parent": "torso",
					"pivot": [3.75, 6, 0],
					"cubes": [
						{"origin": [3.5, 5, -1.5], "size": [3, 2, 2], "uv": [30, 30]}
					]
				},
				{
					"name": "arm_left",
					"parent": "torso",
					"pivot": [-3.75, 6, -0.5],
					"cubes": [
						{"origin": [-6.5, 5, -1.5], "size": [3, 2, 2], "uv": [10, 32]}
					]
				},
				{
					"name": "leg_right",
					"parent": "body",
					"pivot": [2, 0.5, -0.25],
					"cubes": [
						{"origin": [1.5, 0, -2.5], "size": [2, 1, 3], "pivot": [2.5, 0.5, -1], "rotation": [0, -35, 0], "uv": [20, 32]}
					]
				},
				{
					"name": "leg_left",
					"parent": "body",
					"pivot": [-2, 0.5, 0],
					"cubes": [
						{"origin": [-3.5, 0, -2.5], "size": [2, 1, 3], "pivot": [-2.5, 0.5, -1], "rotation": [0, 35, 0], "uv": [31, 21]}
					]
				}
			]
		}
	]
}