{
	"credit": "Made with Blockbench",
	"texture_size": [48, 48],
	"textures": {
		"0": "lavachicken:item/llama_balloon"
	},
	"elements": [
		{
			"name": "root_item",
			"from": [8, 0, 7.172],
			"to": [8, 16.56, 8],
			"rotation": {"angle": 0, "axis": "y", "origin": [8, 0, 8]},
			"faces": {
				"north": {"uv": [11, 2, 11, 8.66667], "texture": "#0"},
				"east": {"uv": [10.66667, 2, 11, 8.66667], "texture": "#0"},
				"south": {"uv": [11.33333, 2, 11.33333, 8.66667], "texture": "#0"},
				"west": {"uv": [10.66667, 2, 11, 8.66667], "texture": "#0"},
				"up": {"uv": [11, 2, 11, 1.66667], "texture": "#0"},
				"down": {"uv": [11, 1.66667, 11, 2], "texture": "#0"}
			}
		},
		{
			"name": "balloon",
			"from": [3.86, 16.56, 3.032],
			"to": [12.14, 23.184, 12.968],
			"rotation": {"angle": 0, "axis": "y", "origin": [8, 0, 8]},
			"faces": {
				"north": {"uv": [4, 9.66667, 7.33333, 12.33333], "texture": "#0"},
				"east": {"uv": [0, 9.66667, 4, 12.33333], "texture": "#0"},
				"south": {"uv": [11.33333, 9.66667, 14.66667, 12.33333], "texture": "#0"},
				"west": {"uv": [7.33333, 9.66667, 11.33333, 12.33333], "texture": "#0"},
				"up": {"uv": [7.33333, 9.66667, 4, 5.66667], "texture": "#0"},
				"down": {"uv": [10.66667, 5.66667, 7.33333, 9.66667], "texture": "#0"}
			}
		},
		{
			"name": "balloon",
			"from": [6.344, 24.264, -1.936],
			"to": [9.656, 26.748, 0.548],
			"rotation": {"angle": 0, "axis": "y", "origin": [8, 1.08, 8]},
			"faces": {
				"north": {"uv": [8.33333, 1, 9.66667, 2], "texture": "#0"},
				"east": {"uv": [7.33333, 1, 8.33333, 2], "texture": "#0"},
				"south": {"uv": [10.66667, 1, 12, 2], "texture": "#0"},
				"west": {"uv": [9.66667, 1, 10.66667, 2], "texture": "#0"},
				"up": {"uv": [9.66667, 1, 8.33333, 0], "texture": "#0"},
				"down": {"uv": [11, 0, 9.66667, 1], "texture": "#0"}
			}
		},
		{
			"name": "balloon",
			"from": [4.688, 20.308, 0.548],
			"to": [11.312, 29.416, 5.516],
			"rotation": {"angle": 0, "axis": "y", "origin": [8, 2.92, 8]},
			"faces": {
				"north": {"uv": [2, 2, 4.66667, 5.66667], "texture": "#0"},
				"east": {"uv": [0, 2, 2, 5.66667], "texture": "#0"},
				"south": {"uv": [6.66667, 2, 9.33333, 5.66667], "texture": "#0"},
				"west": {"uv": [4.66667, 2, 6.66667, 5.66667], "texture": "#0"},
				"up": {"uv": [4.66667, 2, 2, 0], "texture": "#0"},
				"down": {"uv": [7.33333, 0, 4.66667, 2], "texture": "#0"}
			}
		},
		{
			"name": "balloon",
			"from": [4.688, 29.416, 2.204],
			"to": [7.172, 31.072, 3.86],
			"rotation": {"angle": 0, "axis": "y", "origin": [8, 4.576, 8]},
			"faces": {
				"north": {"uv": [12.66667, 0.66667, 13.66667, 1.33333], "texture": "#0"},
				"east": {"uv": [12, 0.66667, 12.66667, 1.33333], "texture": "#0"},
				"south": {"uv": [14.33333, 0.66667, 15.33333, 1.33333], "texture": "#0"},
				"west": {"uv": [13.66667, 0.66667, 14.33333, 1.33333], "texture": "#0"},
				"up": {"uv": [13.66667, 0.66667, 12.66667, 0], "texture": "#0"},
				"down": {"uv": [14.66667, 0, 13.66667, 0.66667], "texture": "#0"}
			}
		},
		{
			"name": "balloon",
			"from": [8.828, 29.416, 2.204],
			"to": [11.312, 31.072, 3.86],
			"rotation": {"angle": 0, "axis": "y", "origin": [8, 4.576, 8]},
			"faces": {
				"north": {"uv": [13.66667, 0.66667, 12.66667, 1.33333], "texture": "#0"},
				"east": {"uv": [14.33333, 0.66667, 13.66667, 1.33333], "texture": "#0"},
				"south": {"uv": [15.33333, 0.66667, 14.33333, 1.33333], "texture": "#0"},
				"west": {"uv": [12.66667, 0.66667, 12, 1.33333], "texture": "#0"},
				"up": {"uv": [12.66667, 0.66667, 13.66667, 0], "texture": "#0"},
				"down": {"uv": [13.66667, 0, 14.66667, 0.66667], "texture": "#0"}
			}
		},
		{
			"name": "leg_front_left",
			"from": [3.492, 13.156, 2.825],
			"to": [5.976, 18.124, 5.309],
			"rotation": {"angle": -22.5, "axis": "z", "origin": [5.7, 17.48, 7.793]},
			"faces": {
				"north": {"uv": [2, 6.66667, 1, 8.66667], "texture": "#0"},
				"east": {"uv": [3, 6.66667, 2, 8.66667], "texture": "#0"},
				"south": {"uv": [4, 6.66667, 3, 8.66667], "texture": "#0"},
				"west": {"uv": [1, 6.66667, 0, 8.66667], "texture": "#0"},
				"up": {"uv": [1, 6.66667, 2, 5.66667], "texture": "#0"},
				"down": {"uv": [2, 5.66667, 3, 6.66667], "texture": "#0"}
			}
		},
		{
			"name": "leg_front_right",
			"from": [10.024, 13.156, 2.825],
			"to": [12.508, 18.124, 5.309],
			"rotation": {"angle": 22.5, "axis": "z", "origin": [10.3, 17.48, 7.793]},
			"faces": {
				"north": {"uv": [1, 6.66667, 2, 8.66667], "texture": "#0"},
				"east": {"uv": [0, 6.66667, 1, 8.66667], "texture": "#0"},
				"south": {"uv": [3, 6.66667, 4, 8.66667], "texture": "#0"},
				"west": {"uv": [2, 6.66667, 3, 8.66667], "texture": "#0"},
				"up": {"uv": [2, 6.66667, 1, 5.66667], "texture": "#0"},
				"down": {"uv": [3, 5.66667, 2, 6.66667], "texture": "#0"}
			}
		},
		{
			"name": "leg_back_left",
			"from": [3.492, 13.156, 10.691],
			"to": [5.976, 18.124, 13.175],
			"rotation": {"angle": -22.5, "axis": "z", "origin": [5.7, 17.48, 8.207]},
			"faces": {
				"north": {"uv": [2, 6.66667, 1, 8.66667], "texture": "#0"},
				"east": {"uv": [3, 6.66667, 2, 8.66667], "texture": "#0"},
				"south": {"uv": [4, 6.66667, 3, 8.66667], "texture": "#0"},
				"west": {"uv": [1, 6.66667, 0, 8.66667], "texture": "#0"},
				"up": {"uv": [1, 6.66667, 2, 5.66667], "texture": "#0"},
				"down": {"uv": [2, 5.66667, 3, 6.66667], "texture": "#0"}
			}
		},
		{
			"name": "leg_back_right",
			"from": [10.024, 13.156, 10.691],
			"to": [12.508, 18.124, 13.175],
			"rotation": {"angle": 22.5, "axis": "z", "origin": [10.3, 17.48, 8.207]},
			"faces": {
				"north": {"uv": [1, 6.66667, 2, 8.66667], "texture": "#0"},
				"east": {"uv": [0, 6.66667, 1, 8.66667], "texture": "#0"},
				"south": {"uv": [3, 6.66667, 4, 8.66667], "texture": "#0"},
				"west": {"uv": [2, 6.66667, 3, 8.66667], "texture": "#0"},
				"up": {"uv": [2, 6.66667, 1, 5.66667], "texture": "#0"},
				"down": {"uv": [3, 5.66667, 2, 6.66667], "texture": "#0"}
			}
		}
	],
	"display": {
		"thirdperson_righthand": {
			"rotation": [0, 90, 55],
			"translation": [2, 7.5, 10.5],
			"scale": [1.5, 1.5, 1.5]
		},
		"thirdperson_lefthand": {
			"rotation": [0, -90, -55],
			"translation": [0, 7.25, 10.75],
			"scale": [1.5, 1.5, 1.5]
		},
		"firstperson_righthand": {
			"rotation": [0, 45, 0],
			"translation": [6, 2.75, 0],
			"scale": [0.4, 0.4, 0.4]
		},
		"firstperson_lefthand": {
			"rotation": [0, 78, 0],
			"translation": [5.25, 2.75, 0],
			"scale": [0.4, 0.4, 0.4]
		},
		"ground": {
			"translation": [0, 7.25, 0],
			"scale": [1.5, 1.5, 1.5]
		},
		"gui": {
			"rotation": [30, 225, 0],
			"scale": [0.625, 0.625, 0.625]
		},
		"head": {
			"translation": [0, -6.25, 0],
			"scale": [1.6, 1.6, 1.6]
		},
		"fixed": {
			"translation": [0, -29.5, -14.75],
			"scale": [2.75, 2.75, 2.75]
		}
	},
	"groups": [
		{
			"name": "root_item",
			"origin": [8, 0, 8],
			"color": 0,
			"children": [
				0,
				{
					"name": "balloon",
					"origin": [8, 20, 7.5],
					"color": 1,
					"children": [
						1,
						2,
						3,
						4,
						5,
						{
							"name": "leg_front_left",
							"origin": [3.5, 22, 3.5],
							"color": 2,
							"children": [6]
						},
						{
							"name": "leg_front_right",
							"origin": [12.5, 22, 3.5],
							"color": 3,
							"children": [7]
						},
						{
							"name": "leg_back_left",
							"origin": [3.5, 22, 12.5],
							"color": 4,
							"children": [8]
						},
						{
							"name": "leg_back_right",
							"origin": [12.5, 22, 12.5],
							"color": 5,
							"children": [9]
						}
					]
				}
			]
		}
	]
}