{
  "parent": "minecraft:item/generated",
  "textures": {
    "layer0": "minecraft:item/iron_ingot"
  },
  "overrides": [
    {
      "predicate": {
        "custom_model_data": 100
      },
      "model": "cobblebadges:item/the_rainbow_badge"
    },
    {
      "predicate": {
        "custom_model_data": 101
      },
      "model": "cobblebadges:item/the_voltage_badge"
    },
    {
      "predicate": {
        "custom_model_data": 102
      },
      "model": "cobblebadges:item/the_glacier_badge"
    },
    {
      "predicate": {
        "custom_model_data": 103
      },
      "model": "cobblebadges:item/the_plant_badge"
    },
    {
      "predicate": {
        "custom_model_data": 104
      },
      "model": "cobblebadges:item/the_dragon_badge"
    },
    {
      "predicate": {
        "custom_model_data": 105
      },
      "model": "cobblebadges:item/the_jet_badge"
    },
    {
      "predicate": {
        "custom_model_data": 106
      },
      "model": "cobblebadges:item/the_heat_badge"
    },
    {
      "predicate": {
        "custom_model_data": 107
      },
      "model": "cobblebadges:item/the_relic_badge"
    },
    {
      "predicate": {
        "custom_model_data": 108
      },
      "model": "cobblebadges:item/the_bolt_badge"
    },
    {
      "predicate": {
        "custom_model_data": 109
      },
      "model": "cobblebadges:item/the_mind_badge"
    },
    {
      "predicate": {
        "custom_model_data": 110
      },
      "model": "cobblebadges:item/the_rock_badge"
    },
    {
      "predicate": {
        "custom_model_data": 111
      },
      "model": "cobblebadges:item/the_knuckle_badge"
    }
  ]
}