{
  "implemented": true,
  "name": "Togepi",
  "nationalPokedexNumber": 175,
  "primaryType": "fairy",
  "abilities": [
    "hustle",
    "serenegrace",
    "h:superluck"
  ],
  "baseStats": {
    "hp": 35,
    "attack": 20,
    "defence": 65,
    "special_attack": 40,
    "special_defence": 65,
    "speed": 20
  },
  "catchRate": 190,
  "maleRatio": 0.875,
  "shoulderMountable": false,
  "baseExperienceYield": 49,
  "experienceGroup": "fast",
  "eggCycles": 10,
  "eggGroups": [
    "undiscovered"
  ],
  "moves": [
    "1:growl",
    "1:pound",
    "4:sweetkiss",
    "8:lifedew",
    "12:charm",
    "16:ancientpower",
    "17:encore",
    "20:yawn",
    "24:metronome",
    "25:bestow",
    "28:afteryou",
    "32:doubleedge",
    "36:safeguard",
    "40:followme",
    "44:batonpass",
    "48:lastresort",
    "52:wish",
    "egg:aerialace",
    "egg:extrasensory",
    "egg:foresight",
    "egg:futuresight",
    "egg:luckychant",
    "egg:mirrormove",
    "egg:morningsun",
    "egg:nastyplot",
    "egg:peck",
    "egg:present",
    "egg:psychoshift",
    "egg:psychup",
    "egg:secretpower",
    "egg:storedpower",
    "egg:substitute",
    "tm:attract",
    "tm:batonpass",
    "tm:bodyslam",
    "tm:captivate",
    "tm:charm",
    "tm:confide",
    "tm:dazzlinggleam",
    "tm:doubleteam",
    "tm:drainingkiss",
    "tm:dreameater",
    "tm:echoedvoice",
    "tm:encore",
    "tm:endure",
    "tm:facade",
    "tm:fireblast",
    "tm:flamethrower",
    "tm:flash",
    "tm:fling",
    "tm:frustration",
    "tm:futuresight",
    "tm:grassknot",
    "tm:helpinghand",
    "tm:hiddenpower",
    "tm:hypervoice",
    "tm:incinerate",
    "tm:lightscreen",
    "tm:megakick",
    "tm:megapunch",
    "tm:metronome",
    "tm:mysticalfire",
    "tm:nastyplot",
    "tm:naturalgift",
    "tm:playrough",
    "tm:protect",
    "tm:psychic",
    "tm:psychup",
    "tm:psyshock",
    "tm:raindance",
    "tm:reflect",
    "tm:rest",
    "tm:return",
    "tm:rocksmash",
    "tm:round",
    "tm:safeguard",
    "tm:secretpower",
    "tm:shadowball",
    "tm:shockwave",
    "tm:sleeptalk",
    "tm:snore",
    "tm:solarbeam",
    "tm:storedpower",
    "tm:substitute",
    "tm:sunnyday",
    "tm:swagger",
    "tm:swift",
    "tm:telekinesis",
    "tm:thunderwave",
    "tm:toxic",
    "tm:triattack",
    "tm:trick",
    "tm:uproar",
    "tm:waterpulse",
    "tm:workup",
    "tm:zenheadbutt",
    "tutor:afteryou",
    "tutor:ancientpower",
    "tutor:attract",
    "tutor:bodyslam",
    "tutor:charm",
    "tutor:counter",
    "tutor:covet",
    "tutor:curse",
    "tutor:defensecurl",
    "tutor:detect",
    "tutor:doubleedge",
    "tutor:doubleteam",
    "tutor:dreameater",
    "tutor:encore",
    "tutor:endeavor",
    "tutor:endure",
    "tutor:fireblast",
    "tutor:flash",
    "tutor:followme",
    "tutor:foresight",
    "tutor:frustration",
    "tutor:futuresight",
    "tutor:growl",
    "tutor:headbutt",
    "tutor:healbell",
    "tutor:helpinghand",
    "tutor:hiddenpower",
    "tutor:hypervoice",
    "tutor:lastresort",
    "tutor:luckychant",
    "tutor:magiccoat",
    "tutor:megakick",
    "tutor:megapunch",
    "tutor:metronome",
    "tutor:mimic",
    "tutor:mirrormove",
    "tutor:mudslap",
    "tutor:peck",
    "tutor:present",
    "tutor:protect",
    "tutor:psychic",
    "tutor:psychup",
    "tutor:raindance",
    "tutor:rest",
    "tutor:return",
    "tutor:rocksmash",
    "tutor:rollout",
    "tutor:safeguard",
    "tutor:seismictoss",
    "tutor:shadowball",
    "tutor:shockwave",
    "tutor:signalbeam",
    "tutor:sleeptalk",
    "tutor:snore",
    "tutor:softboiled",
    "tutor:solarbeam",
    "tutor:substitute",
    "tutor:sunnyday",
    "tutor:swagger",
    "tutor:sweetkiss",
    "tutor:swift",
    "tutor:telekinesis",
    "tutor:thunderwave",
    "tutor:toxic",
    "tutor:triattack",
    "tutor:trick",
    "tutor:uproar",
    "tutor:waterpulse",
    "tutor:yawn",
    "tutor:zapcannon",
    "tutor:zenheadbutt"
  ],
  "labels": [
    "gen2",
    "baby"
  ],
  "pokedex": [
    "cobblemon.species.togepi.desc"
  ],
  "evolutions": [
    {
      "id": "togepi_togetic",
      "variant": "level_up",
      "result": "togetic",
      "consumeHeldItem": false,
      "learnableMoves": [
        "fairywind"
      ],
      "requirements": [
        {
          "variant": "friendship",
          "amount": 160
        }
      ]
    }
  ],
  "baseScale": 1,
  "hitbox": {
    "width": 0.5,
    "height": 0.75,
    "fixed": false
  },
  "baseFriendship": 50,
  "evYield": {
    "hp": 0,
    "attack": 0,
    "defence": 0,
    "special_attack": 0,
    "special_defence": 1,
    "speed": 0
  },
  "height": 3,
  "weight": 15,
  "aspects": [],
  "cannotDynamax": false
}