{
  "parent": "minecraft:item/generated",
  "textures": {
    "layer0": "minecraft:item/cooked_beef"
  },
  "overrides": [
    {
      "predicate": {
        "custom_model_data": 100
      },
      "model": "minecraft:block/burger"
    },
    {
      "predicate": {
        "custom_model_data": 101
      },
      "model": "minecraft:block/burger_invertida"
    },
    {
      "predicate": {
        "custom_model_data": 102
      },
      "model": "minecraft:block/burger_quesuda"
    },
    {
      "predicate": {
        "custom_model_data": 103
      },
      "model": "minecraft:block/burger_garosa"
    },
    {
      "predicate": {
        "custom_model_data": 104
      },
      "model": "minecraft:block/burger_carnivora"
    },
    {
      "predicate": {
        "custom_model_data": 105
      },
      "model": "minecraft:block/burger_humilde"
    },
    {
      "predicate": {
        "custom_model_data": 106
      },
      "model": "minecraft:block/hot_dog"
    },
    {
      "predicate": {
        "custom_model_data": 107
      },
      "model": "minecraft:block/burger_vegana"
    }
  ]
}