{
    "parent": "item/handheld",
    "textures": {
        "layer0": "item/stick"
    },
    "overrides": [
    {"predicate": {"custom_model_data": 100},"model": "sables:item/vizla_apagado"},
    {"predicate": {"custom_model_data": 101},"model": "sables:item/sable_normal_apagado"},
    {"predicate": {"custom_model_data": 102},"model": "sables:item/sable_doble_apagado"},
    {"predicate": {"custom_model_data": 103},"model": "sables:item/sable_normal_apagado"},
    {"predicate": {"custom_model_data": 200},"model": "minecraft:item/jeringa"},
    {"predicate": {"custom_model_data": 201},"model": "minecraft:item/jeringa_muestra"},
    {"predicate": {"custom_model_data": 3000},"model": "lavachicken:item/potato_launcher"},
    {"predicate": {"custom_model_data": 3001},"model": "lavachicken:item/ghast_balloon"},
    {"predicate": {"custom_model_data": 3002},"model": "lavachicken:item/llama_balloon"},
    {"predicate": {"custom_model_data": 2011},"model": "sables:item/sable_normal_apagado"},
    {"predicate": {"custom_model_data": 2012},"model": "sables:item/sable_normal_apagado"},
    {"predicate": {"custom_model_data": 2013},"model": "sables:item/sable_normal_apagado"},
    {"predicate": {"custom_model_data": 2014},"model": "sables:item/sable_normal_apagado"},
    {"predicate": {"custom_model_data": 2015},"model": "sables:item/sable_normal_apagado"},
    {"predicate": {"custom_model_data": 2016},"model": "sables:item/sable_normal_apagado"},
    {"predicate": {"custom_model_data": 2017},"model": "sables:item/sable_normal_apagado"},
    {"predicate": {"custom_model_data": 2018},"model": "sables:item/sable_normal_apagado"},
    {"predicate": {"custom_model_data": 2021},"model": "sables:item/sable_doble_apagado"},
    {"predicate": {"custom_model_data": 2022},"model": "sables:item/sable_doble_apagado"},
    {"predicate": {"custom_model_data": 2023},"model": "sables:item/sable_doble_apagado"},
    {"predicate": {"custom_model_data": 2024},"model": "sables:item/sable_doble_apagado"},
    {"predicate": {"custom_model_data": 2025},"model": "sables:item/sable_doble_apagado"},
    {"predicate": {"custom_model_data": 2026},"model": "sables:item/sable_doble_apagado"},
    {"predicate": {"custom_model_data": 2027},"model": "sables:item/sable_doble_apagado"},
    {"predicate": {"custom_model_data": 2028},"model": "sables:item/sable_doble_apagado"},
    {"predicate": {"custom_model_data": 2031},"model": "sables:item/sable_cruzado_apagado"},
    {"predicate": {"custom_model_data": 2032},"model": "sables:item/sable_cruzado_apagado"},
    {"predicate": {"custom_model_data": 2033},"model": "sables:item/sable_cruzado_apagado"},
    {"predicate": {"custom_model_data": 2034},"model": "sables:item/sable_cruzado_apagado"},
    {"predicate": {"custom_model_data": 2035},"model": "sables:item/sable_cruzado_apagado"},
    {"predicate": {"custom_model_data": 2036},"model": "sables:item/sable_cruzado_apagado"},
    {"predicate": {"custom_model_data": 2037},"model": "sables:item/sable_cruzado_apagado"},
    {"predicate": {"custom_model_data": 2038},"model": "sables:item/sable_cruzado_apagado"},
    {"predicate": {"custom_model_data": 2041},"model": "sables:item/sable_largo_apagado"},
    {"predicate": {"custom_model_data": 2042},"model": "sables:item/sable_largo_apagado"},
    {"predicate": {"custom_model_data": 2043},"model": "sables:item/sable_largo_apagado"},
    {"predicate": {"custom_model_data": 2044},"model": "sables:item/sable_largo_apagado"},
    {"predicate": {"custom_model_data": 2045},"model": "sables:item/sable_largo_apagado"},
    {"predicate": {"custom_model_data": 2046},"model": "sables:item/sable_largo_apagado"},
    {"predicate": {"custom_model_data": 2047},"model": "sables:item/sable_largo_apagado"},
    {"predicate": {"custom_model_data": 2048},"model": "sables:item/sable_largo_apagado"},
    {"predicate": {"custom_model_data": 2051},"model": "sables:item/sable_equis_apagado"},
    {"predicate": {"custom_model_data": 2052},"model": "sables:item/sable_equis_apagado"},
    {"predicate": {"custom_model_data": 2053},"model": "sables:item/sable_equis_apagado"},
    {"predicate": {"custom_model_data": 2054},"model": "sables:item/sable_equis_apagado"},
    {"predicate": {"custom_model_data": 2055},"model": "sables:item/sable_equis_apagado"},
    {"predicate": {"custom_model_data": 2056},"model": "sables:item/sable_equis_apagado"},
    {"predicate": {"custom_model_data": 2057},"model": "sables:item/sable_equis_apagado"},
    {"predicate": {"custom_model_data": 2058},"model": "sables:item/sable_equis_apagado"},
    {"predicate": {"custom_model_data": 2061},"model": "sables:item/sable_porra_apagado"},
    {"predicate": {"custom_model_data": 2062},"model": "sables:item/sable_porra_apagado"},
    {"predicate": {"custom_model_data": 2063},"model": "sables:item/sable_porra_apagado"},
    {"predicate": {"custom_model_data": 2064},"model": "sables:item/sable_porra_apagado"},
    {"predicate": {"custom_model_data": 2065},"model": "sables:item/sable_porra_apagado"},
    {"predicate": {"custom_model_data": 2066},"model": "sables:item/sable_porra_apagado"},
    {"predicate": {"custom_model_data": 2067},"model": "sables:item/sable_porra_apagado"},
    {"predicate": {"custom_model_data": 2068},"model": "sables:item/sable_porra_apagado"},
    {"predicate": {"custom_model_data": 2071},"model": "sables:item/sable_garras_apagado"},
    {"predicate": {"custom_model_data": 2072},"model": "sables:item/sable_garras_apagado"},
    {"predicate": {"custom_model_data": 2073},"model": "sables:item/sable_garras_apagado"},
    {"predicate": {"custom_model_data": 2074},"model": "sables:item/sable_garras_apagado"},
    {"predicate": {"custom_model_data": 2075},"model": "sables:item/sable_garras_apagado"},
    {"predicate": {"custom_model_data": 2076},"model": "sables:item/sable_garras_apagado"},
    {"predicate": {"custom_model_data": 2077},"model": "sables:item/sable_garras_apagado"},
    {"predicate": {"custom_model_data": 2078},"model": "sables:item/sable_garras_apagado"},
    {"predicate": {"custom_model_data": 2081},"model": "sables:item/vizla_apagado"},
    {"predicate": {"custom_model_data": 2082},"model": "sables:item/vizla_apagado"},
    {"predicate": {"custom_model_data": 2083},"model": "sables:item/vizla_apagado"},
    {"predicate": {"custom_model_data": 2084},"model": "sables:item/vizla_apagado"},
    {"predicate": {"custom_model_data": 2085},"model": "sables:item/vizla_apagado"},
    {"predicate": {"custom_model_data": 2086},"model": "sables:item/vizla_apagado"},
    {"predicate": {"custom_model_data": 2087},"model": "sables:item/vizla_apagado"},
    {"predicate": {"custom_model_data": 2088},"model": "sables:item/vizla_apagado"}
    ]
}
