{
  "parent": "minecraft:item/generated",
  "textures": {
    "layer0": "minecraft:item/gold_nugget"
  },
  "overrides": [
    {
      "predicate": {
        "custom_model_data": 100
      },
      "model": "minecraft:item/ceitil"
    },
    {
      "predicate": {
        "custom_model_data": 101
      },
      "model": "minecraft:item/pila_ceitiles"
    },
    {
      "predicate": {
        "custom_model_data": 102
      },
      "model": "minecraft:item/bolsa_ceitiles"
    },
    {
      "predicate": {
        "custom_model_data": 103
      },
      "model": "minecraft:block/pila_ceitiles_3d"
    }
  ]
}