{
	"credit": "Made with Blockbench",
	"texture_size": [64, 64],
	"textures": {
		"0": "block/sunflower",
		"particle": "block/sunflower"
	},
	"elements": [
		{
			"from": [5, 0.42597, 4.42597],
			"to": [11, 2.42597, 10.42597],
			"rotation": {"angle": 0, "axis": "y", "origin": [8, 2, 7.42597]},
			"faces": {
				"north": {"uv": [5, 7.25, 5.5, 8.75], "rotation": 90, "texture": "#0"},
				"east": {"uv": [9, 7.5, 7.5, 8], "rotation": 180, "texture": "#0"},
				"south": {"uv": [4.5, 7.25, 5, 8.75], "rotation": 270, "texture": "#0"},
				"west": {"uv": [9, 7.5, 7.5, 7], "texture": "#0"},
				"up": {"uv": [5.5, 0, 7, 1.5], "rotation": 270, "texture": "#0"},
				"down": {"uv": [5.5, 1.5, 7, 3], "rotation": 270, "texture": "#0"}
			}
		},
		{
			"from": [0.44803, 0.32161, 5.42597],
			"to": [5.44803, 0.32161, 9.42597],
			"rotation": {"angle": -22.5, "axis": "z", "origin": [8, 2, 7.42597]},
			"faces": {
				"north": {"uv": [0, 0, 0, 1.25], "rotation": 90, "texture": "#0"},
				"east": {"uv": [1, 0, 0, 0], "rotation": 180, "texture": "#0"},
				"south": {"uv": [0, 0, 0, 1.25], "rotation": 270, "texture": "#0"},
				"west": {"uv": [1, 0, 0, 0], "texture": "#0"},
				"up": {"uv": [5.5, 5, 6.5, 6.25], "rotation": 270, "texture": "#0"},
				"down": {"uv": [5.5, 5, 6.5, 6.25], "rotation": 270, "texture": "#0"}
			}
		},
		{
			"from": [10.55197, 0.32161, 5.42597],
			"to": [15.55197, 0.32161, 9.42597],
			"rotation": {"angle": 22.5, "axis": "z", "origin": [8, 2, 7.42597]},
			"faces": {
				"north": {"uv": [0, 0, 0, 1.25], "rotation": 90, "texture": "#0"},
				"east": {"uv": [1, 0, 0, 0], "rotation": 180, "texture": "#0"},
				"south": {"uv": [0, 0, 0, 1.25], "rotation": 270, "texture": "#0"},
				"west": {"uv": [1, 0, 0, 0], "texture": "#0"},
				"up": {"uv": [4.5, 6, 5.5, 7.25], "rotation": 270, "texture": "#0"},
				"down": {"uv": [4.5, 6, 5.5, 7.25], "rotation": 270, "texture": "#0"}
			}
		},
		{
			"from": [6, 0.2, -0.126],
			"to": [10, 0.2, 4.874],
			"rotation": {"angle": 22.5, "axis": "x", "origin": [8, 1, 7.42597]},
			"faces": {
				"north": {"uv": [0, 0, 0, 1], "rotation": 90, "texture": "#0"},
				"east": {"uv": [1.25, 0, 0, 0], "rotation": 180, "texture": "#0"},
				"south": {"uv": [0, 0, 0, 1], "rotation": 270, "texture": "#0"},
				"west": {"uv": [1.25, 0, 0, 0], "texture": "#0"},
				"up": {"uv": [0, 7, 1.25, 8], "rotation": 270, "texture": "#0"},
				"down": {"uv": [1.25, 7, 0, 8], "rotation": 270, "texture": "#0"}
			}
		},
		{
			"from": [6, 0.2, 9.97794],
			"to": [10, 0.2, 14.97794],
			"rotation": {"angle": -22.5, "axis": "x", "origin": [8, 1, 7.42597]},
			"faces": {
				"north": {"uv": [0, 0, 0, 1], "rotation": 90, "texture": "#0"},
				"east": {"uv": [1.25, 0, 0, 0], "rotation": 180, "texture": "#0"},
				"south": {"uv": [0, 0, 0, 1], "rotation": 270, "texture": "#0"},
				"west": {"uv": [1.25, 0, 0, 0], "texture": "#0"},
				"up": {"uv": [6.5, 5, 7.75, 6], "rotation": 270, "texture": "#0"},
				"down": {"uv": [7.75, 5, 6.5, 6], "rotation": 270, "texture": "#0"}
			}
		},
		{
			"from": [1, 1.42597, 0.42597],
			"to": [15, 1.42597, 14.42597],
			"rotation": {"angle": 0, "axis": "y", "origin": [8, 2, 7.42597]},
			"faces": {
				"north": {"uv": [0, 0, 0, 3.5], "rotation": 90, "texture": "#0"},
				"east": {"uv": [3.5, 0, 0, 0], "rotation": 180, "texture": "#0"},
				"south": {"uv": [0, 0, 0, 3.5], "rotation": 270, "texture": "#0"},
				"west": {"uv": [3.5, 0, 0, 0], "texture": "#0"},
				"up": {"uv": [0, 0, 3.5, 3.5], "rotation": 270, "texture": "#0"},
				"down": {"uv": [0, 0, 3.5, 3.5], "rotation": 270, "texture": "#0"}
			}
		},
		{
			"from": [8.42597, 1.53066, 15.12111],
			"to": [12.42597, 1.53066, 20.12111],
			"rotation": {"angle": 0, "axis": "y", "origin": [10.42597, 1.53066, 17.12111]},
			"faces": {
				"north": {"uv": [0, 0, 1, 0], "texture": "#0"},
				"east": {"uv": [0, 0, 1.25, 0], "texture": "#0"},
				"south": {"uv": [0, 0, 1, 0], "texture": "#0"},
				"west": {"uv": [0, 0, 1.25, 0], "texture": "#0"},
				"up": {"uv": [8.25, 3, 7, 2], "rotation": 90, "texture": "#0"},
				"down": {"uv": [8.25, 2, 7, 3], "rotation": 270, "texture": "#0"}
			}
		},
		{
			"from": [8.42597, 0, 11.42597],
			"to": [12.42597, 0, 15.42597],
			"rotation": {"angle": -22.5, "axis": "x", "origin": [10.42597, 0, 11.42597]},
			"faces": {
				"north": {"uv": [0, 0, 1, 0], "texture": "#0"},
				"east": {"uv": [0, 0, 1, 0], "texture": "#0"},
				"south": {"uv": [0, 0, 1, 0], "texture": "#0"},
				"west": {"uv": [0, 0, 1, 0], "texture": "#0"},
				"up": {"uv": [7.5, 8, 6.5, 7], "rotation": 90, "texture": "#0"},
				"down": {"uv": [7.5, 7, 6.5, 8], "rotation": 270, "texture": "#0"}
			}
		},
		{
			"from": [4.42597, 0, -0.57403],
			"to": [8.42597, 0, 3.42597],
			"rotation": {"angle": 22.5, "axis": "x", "origin": [6.42597, 0, 3.42597]},
			"faces": {
				"north": {"uv": [1, 0, 0, 0], "texture": "#0"},
				"east": {"uv": [1, 0, 0, 0], "texture": "#0"},
				"south": {"uv": [1, 0, 0, 0], "texture": "#0"},
				"west": {"uv": [1, 0, 0, 0], "texture": "#0"},
				"up": {"uv": [6.5, 8, 7.5, 7], "rotation": 90, "texture": "#0"},
				"down": {"uv": [6.5, 7, 7.5, 8], "rotation": 270, "texture": "#0"}
			}
		},
		{
			"from": [4.42597, 1.53066, -5.26917],
			"to": [8.42597, 1.53066, -0.26917],
			"rotation": {"angle": 0, "axis": "y", "origin": [6.42597, 1.53066, -2.26917]},
			"faces": {
				"north": {"uv": [1, 0, 0, 0], "texture": "#0"},
				"east": {"uv": [1.25, 0, 0, 0], "texture": "#0"},
				"south": {"uv": [1, 0, 0, 0], "texture": "#0"},
				"west": {"uv": [1.25, 0, 0, 0], "texture": "#0"},
				"up": {"uv": [7, 3, 8.25, 2], "rotation": 90, "texture": "#0"},
				"down": {"uv": [7, 2, 8.25, 3], "rotation": 270, "texture": "#0"}
			}
		}
	],
	"display": {
		"thirdperson_righthand": {
			"rotation": [0, 0, -90],
			"translation": [5.25, -2, 7.25],
			"scale": [0.39, 0.39, 0.39]
		},
		"thirdperson_lefthand": {
			"rotation": [0, 0, -90],
			"translation": [5.5, -2, 7],
			"scale": [0.39, 0.39, 0.39]
		},
		"firstperson_righthand": {
			"rotation": [74, 45, 0],
			"translation": [10.25, -1.75, 1],
			"scale": [0.4, 0.4, 0.4]
		},
		"firstperson_lefthand": {
			"rotation": [71, 225, 0],
			"translation": [10.75, -3.25, 0],
			"scale": [0.4, 0.4, 0.4]
		},
		"ground": {
			"translation": [0, 3, 0],
			"scale": [0.25, 0.25, 0.25]
		},
		"gui": {
			"rotation": [90, 47, 0],
			"translation": [0.25, 0, 0],
			"scale": [0.69, 0.69, 0.69]
		},
		"head": {
			"rotation": [17, 0, 90],
			"translation": [-11.5, 3.5, 0.25],
			"scale": [0.6, 0.6, 0.6]
		},
		"fixed": {
			"rotation": [-90, 101, 0],
			"translation": [0, 0, -13.25],
			"scale": [1.81, 1.81, 1.81]
		}
	},
	"groups": [
		{
			"name": "sunflower_head",
			"origin": [16, 0, 0],
			"color": 0,
			"children": [
				0,
				{
					"name": "petals",
					"origin": [8, 0, 0],
					"color": 0,
					"children": [
						{
							"name": "main",
							"origin": [8, 24, 7.42597],
							"color": 0,
							"children": [1, 2, 3, 4]
						},
						{
							"name": "plane_1",
							"origin": [8, 24, 7.42597],
							"color": 0,
							"children": [5]
						}
					]
				}
			]
		},
		{
			"name": "stem",
			"origin": [8, 8, 8],
			"color": 0,
			"children": [
				{
					"name": "leaves",
					"origin": [8, 8, 8],
					"color": 0,
					"children": [6, 7, 8, 9]
				}
			]
		}
	]
}