{
  "parent": "minecraft:item/generated",
  "textures": {
    "layer0": "minecraft:item/paper"
  },
  "overrides": [
    {"predicate": {"custom_model_data": 101}, "model": "minecraft:item/salud2"},
    {"predicate": {"custom_model_data": 102}, "model": "minecraft:item/xp1"},
    {"predicate": {"custom_model_data": 103}, "model": "minecraft:item/xp2"},
    {"predicate": {"custom_model_data": 104}, "model": "minecraft:item/alert"},
    {"predicate": {"custom_model_data": 105}, "model": "minecraft:item/cross"},
    {"predicate": {"custom_model_data": 106}, "model": "minecraft:item/info"},
    {"predicate": {"custom_model_data": 107}, "model": "minecraft:item/check"},
    {"predicate": {"custom_model_data": 108}, "model": "minecraft:item/empty"},
    {"predicate": {"custom_model_data": 109}, "model": "minecraft:item/xpempty"},
    {"predicate": {"custom_model_data": 110}, "model": "minecraft:item/aurora_peluche"},
    {"predicate": {"custom_model_data": 111}, "model": "minecraft:item/copa_guijarro"},
    {"predicate": {"custom_model_data": 112}, "model": "minecraft:item/play"},
    {"predicate": {"custom_model_data": 113}, "model": "minecraft:item/stop"},
    {"predicate": {"custom_model_data": 114}, "model": "minecraft:block/macbook"},
    {"predicate": {"custom_model_data": 115}, "model": "minecraft:block/pc"},
    {"predicate": {"custom_model_data": 116}, "model": "minecraft:block/logo-liga"},
    {"predicate": {"custom_model_data": 117}, "model": "minecraft:block/logo-guijarro"},
    {"predicate": {"custom_model_data": 118}, "model": "minecraft:block/altar_vacio"},
    {"predicate": {"custom_model_data": 119}, "model": "minecraft:block/slot_machine"},
    {"predicate": {"custom_model_data": 120}, "model": "minecraft:block/const_barrier"},
    {"predicate": {"custom_model_data": 121}, "model": "minecraft:block/casino_chips"},
    {"predicate": {"custom_model_data": 122}, "model": "minecraft:block/casino_monitor"},
    {"predicate": {"custom_model_data": 123}, "model": "minecraft:block/bank_barrier"},
    {"predicate": {"custom_model_data": 124}, "model": "minecraft:block/bank_camera"},
    {"predicate": {"custom_model_data": 125}, "model": "minecraft:block/bank_computer"},
    {"predicate": {"custom_model_data": 126}, "model": "minecraft:block/vending_machine"},
    {"predicate": {"custom_model_data": 127}, "model": "minecraft:item/buscapelea"},
    {"predicate": {"custom_model_data": 128}, "model": "minecraft:item/buscapelea_lider"},
    {"predicate": {"custom_model_data": 1005}, "model": "minecraft:item/ficha_5"},
    {"predicate": {"custom_model_data": 1020}, "model": "minecraft:item/ficha_20"},
    {"predicate": {"custom_model_data": 1100}, "model": "minecraft:item/ficha_100"},
    {"predicate": {"custom_model_data": 1500}, "model": "minecraft:item/ficha_500"},
    {"predicate": {"custom_model_data": 2000}, "model": "minecraft:item/ticket"},
    {"predicate": {"custom_model_data": 3000}, "model": "minecraft:block/burger_mesa"},
    {"predicate": {"custom_model_data": 3001}, "model": "minecraft:block/burger_graffiti"},
    {"predicate": {"custom_model_data": 3003}, "model": "minecraft:block/burger_bandeja"},
    {"predicate": {"custom_model_data": 3004}, "model": "minecraft:block/burger_bandeja_2"},
    {"predicate": {"custom_model_data": 3005}, "model": "minecraft:block/futbolito"},
    {"predicate": {"custom_model_data": 3006}, "model": "minecraft:block/crate_machine_legacy"},
    {"predicate": {"custom_model_data": 3007}, "model": "minecraft:block/crate_machine_seasonal"},
    {"predicate": {"custom_model_data": 3008}, "model": "minecraft:block/giant_burger_1"},
    {"predicate": {"custom_model_data": 3009}, "model": "minecraft:block/menu_sign"},
    {"predicate": {"custom_model_data": 3010}, "model": "minecraft:block/ceiling_fan"},
    {"predicate": {"custom_model_data": 3011}, "model": "minecraft:block/maquina_batidos_1"},
    {"predicate": {"custom_model_data": 3012}, "model": "minecraft:block/slush_1"},
    {"predicate": {"custom_model_data": 3013}, "model": "minecraft:block/slush_2"},
    {"predicate": {"custom_model_data": 3014}, "model": "minecraft:block/slush_3"},
    {"predicate": {"custom_model_data": 3015}, "model": "minecraft:block/slush_4"},
    {"predicate": {"custom_model_data": 3016}, "model": "minecraft:block/microphone"},
    {"predicate": {"custom_model_data": 3017}, "model": "minecraft:block/microphone_with_boom_stand"},
    {"predicate": {"custom_model_data": 3018}, "model": "minecraft:block/stack_bandejas"},
    {"predicate": {"custom_model_data": 3019}, "model": "minecraft:block/slush_mesa1"},
    {"predicate": {"custom_model_data": 3020}, "model": "minecraft:block/slush_mesa2"},
    {"predicate": {"custom_model_data": 3021}, "model": "minecraft:block/ceiling_fan1"},
    {"predicate": {"custom_model_data": 3022}, "model": "minecraft:block/jigglypuff_cosmetico"},
    {"predicate": {"custom_model_data": 3023}, "model": "minecraft:block/jigglypuff_cosmetico_2"},
    {"predicate": {"custom_model_data": 4001}, "model": "minecraft:block/fiesta/fiesta_confetti"},
    {"predicate": {"custom_model_data": 4002}, "model": "minecraft:block/fiesta/fiesta_globo_amarillo"},
    {"predicate": {"custom_model_data": 4003}, "model": "minecraft:block/fiesta/fiesta_globo_azul"},
    {"predicate": {"custom_model_data": 4004}, "model": "minecraft:block/fiesta/fiesta_globo_rojo"},
    {"predicate": {"custom_model_data": 4005}, "model": "minecraft:block/fiesta/fiesta_globo_verde"},
    {"predicate": {"custom_model_data": 4006}, "model": "minecraft:block/fiesta/fiesta_letrero"}
  ]
}