{"type":"world_loaded","value":{"minecraft_session_id":"05752508-35dd-4a45-b683-264d2170cbf1","game_version":"1.20.1","operating_system":"windows","platform":"Windows 11","client_modded":true,"event_timestamp_utc":"2024-05-19T22:11:56.720332100Z","opt_in":false,"world_session_id":"efbb5919-d00f-4c58-8aaa-37231946a94e","server_modded":true,"server_type":"local","game_mode":"creative"}}
{"type":"world_unloaded","value":{"minecraft_session_id":"05752508-35dd-4a45-b683-264d2170cbf1","game_version":"1.20.1","operating_system":"windows","platform":"Windows 11","client_modded":true,"event_timestamp_utc":"2024-05-19T22:12:08.626903600Z","opt_in":false,"world_session_id":"efbb5919-d00f-4c58-8aaa-37231946a94e","server_modded":true,"server_type":"local","seconds_since_load":11,"ticks_since_load":209}}
