{
	"credit": "Made with Blockbench",
	"texture_size": [32, 32],
	"textures": {
		"1": "sables:item/sable_negro",
		"3": "sables:item/sable_negro_rayos",
		"particle": "sables:item/sable_negro"
	},
	"elements": [
		{
			"from": [7.5, 11.5, 7.5],
			"to": [8.5, 12, 8.5],
			"rotation": {"angle": 0, "axis": "y", "origin": [7.96231, 8.25, 7.9779]},
			"faces": {
				"north": {"uv": [8.66667, 6.66667, 10, 7.33333], "texture": "#1"},
				"east": {"uv": [7.33333, 6.66667, 8.66667, 7.33333], "texture": "#1"},
				"south": {"uv": [11.33333, 6.66667, 12.66667, 7.33333], "texture": "#1"},
				"west": {"uv": [10, 6.66667, 11.33333, 7.33333], "texture": "#1"},
				"up": {"uv": [10, 6.66667, 8.66667, 5.33333], "texture": "#1"},
				"down": {"uv": [11.33333, 5.33333, 10, 6.66667], "texture": "#1"}
			}
		},
		{
			"from": [7.5, 8.25, 7.5],
			"to": [8.5, 8.5, 8.5],
			"rotation": {"angle": 0, "axis": "y", "origin": [7.96231, 8.25, 7.9779]},
			"faces": {
				"north": {"uv": [8.66667, 9, 10, 9.33333], "texture": "#1"},
				"east": {"uv": [7.33333, 9, 8.66667, 9.33333], "texture": "#1"},
				"south": {"uv": [11.33333, 9, 12.66667, 9.33333], "texture": "#1"},
				"west": {"uv": [10, 9, 11.33333, 9.33333], "texture": "#1"},
				"up": {"uv": [10, 9, 8.66667, 7.66667], "texture": "#1"},
				"down": {"uv": [11.33333, 7.66667, 10, 9], "texture": "#1"}
			}
		},
		{
			"from": [7.625, 8.5, 7.625],
			"to": [8.375, 11.5, 8.375],
			"rotation": {"angle": 0, "axis": "y", "origin": [7.96231, 8.25, 7.9779]},
			"faces": {
				"north": {"uv": [8.33333, 1, 9.33333, 5], "texture": "#1"},
				"east": {"uv": [7.33333, 1, 8.33333, 5], "texture": "#1"},
				"south": {"uv": [10.33333, 1, 11.33333, 5], "texture": "#1"},
				"west": {"uv": [9.33333, 1, 10.33333, 5], "texture": "#1"},
				"up": {"uv": [9.33333, 1, 8.33333, 0], "texture": "#1"},
				"down": {"uv": [10.33333, 0, 9.33333, 1], "texture": "#1"}
			}
		},
		{
			"from": [7.51302, 11.7504, 7.47513],
			"to": [8.51301, 12.0004, 8.47513],
			"rotation": {"angle": 0, "axis": "y", "origin": [7.96231, 8.25, 7.9779]},
			"faces": {
				"north": {"uv": [11.33333, 9, 12.66667, 9.33333], "rotation": 180, "texture": "#1"},
				"east": {"uv": [7.33333, 9, 8.66667, 9.33333], "rotation": 180, "texture": "#1"},
				"south": {"uv": [8.66667, 9, 10, 9.33333], "rotation": 180, "texture": "#1"},
				"west": {"uv": [10, 9, 11.33333, 9.33333], "rotation": 180, "texture": "#1"},
				"up": {"uv": [11.33333, 7.66667, 10, 9], "texture": "#1"},
				"down": {"uv": [10, 9, 8.66667, 7.66667], "texture": "#1"}
			}
		},
		{
			"name": "lighting",
			"from": [7.94209, 11.2, 6.30142],
			"to": [7.94209, 16.7, 9.55142],
			"rotation": {"angle": 45, "axis": "y", "origin": [7.96231, 8.25, 7.9779]},
			"faces": {
				"north": {"uv": [13.0606, 5.0606, 15.96969, 14.0606], "texture": "#3"},
				"east": {"uv": [0, 0, 6.5, 11], "texture": "#3"},
				"south": {"uv": [11.57576, 2.87878, 15.21212, 11.87878], "texture": "#3"},
				"west": {"uv": [0, 0, 6.5, 11], "texture": "#3"},
				"up": {"uv": [16, 4.33333, 10.90909, 0], "texture": "#3"},
				"down": {"uv": [16, 0, 10.90909, 4.33333], "texture": "#3"}
			}
		},
		{
			"from": [7.75, 12, 7.75],
			"to": [8.25, 16.25, 8.25],
			"rotation": {"angle": 0, "axis": "y", "origin": [7.96231, 8.25, 7.9779]},
			"faces": {
				"north": {"uv": [5, 0.66667, 5.66667, 11.33333], "texture": "#1"},
				"east": {"uv": [4.33333, 0.66667, 5, 11.33333], "texture": "#1"},
				"south": {"uv": [6.33333, 0.66667, 7, 11.33333], "texture": "#1"},
				"west": {"uv": [5.66667, 0.66667, 6.33333, 11.33333], "texture": "#1"},
				"up": {"uv": [5.66667, 0.66667, 5, 0], "texture": "#1"},
				"down": {"uv": [6.33333, 0, 5.66667, 0.66667], "texture": "#1"}
			}
		},
		{
			"from": [8.375, 16.3775, 8.375],
			"to": [7.625, 12.0025, 7.625],
			"rotation": {"angle": 0, "axis": "y", "origin": [7.96231, 8.25, 7.9779]},
			"faces": {
				"north": {"uv": [1, 12, 2, 1], "texture": "#1"},
				"east": {"uv": [0, 12, 1, 1], "texture": "#1"},
				"south": {"uv": [4, 12, 3, 1], "texture": "#1"},
				"west": {"uv": [2, 12, 3, 1], "texture": "#1"},
				"up": {"uv": [1, 0, 2, 1], "texture": "#1"},
				"down": {"uv": [1, 1, 2, 0], "texture": "#1"}
			}
		},
		{
			"from": [7.5, 4, 7.5],
			"to": [8.5, 4.5, 8.5],
			"rotation": {"angle": 0, "axis": "y", "origin": [7.96231, 7.75, 7.9779]},
			"faces": {
				"north": {"uv": [8.66667, 7.33333, 10, 6.66667], "texture": "#1"},
				"east": {"uv": [7.33333, 7.33333, 8.66667, 6.66667], "texture": "#1"},
				"south": {"uv": [11.33333, 7.33333, 12.66667, 6.66667], "texture": "#1"},
				"west": {"uv": [10, 7.33333, 11.33333, 6.66667], "texture": "#1"},
				"up": {"uv": [11.33333, 6.66667, 10, 5.33333], "texture": "#1"},
				"down": {"uv": [10, 5.33333, 8.66667, 6.66667], "texture": "#1"}
			}
		},
		{
			"from": [7.5, 7.5, 7.5],
			"to": [8.5, 7.75, 8.5],
			"rotation": {"angle": 0, "axis": "y", "origin": [7.96231, 7.75, 7.9779]},
			"faces": {
				"north": {"uv": [8.66667, 9.33333, 10, 9], "texture": "#1"},
				"east": {"uv": [7.33333, 9.33333, 8.66667, 9], "texture": "#1"},
				"south": {"uv": [11.33333, 9.33333, 12.66667, 9], "texture": "#1"},
				"west": {"uv": [10, 9.33333, 11.33333, 9], "texture": "#1"},
				"up": {"uv": [11.33333, 9, 10, 7.66667], "texture": "#1"},
				"down": {"uv": [10, 7.66667, 8.66667, 9], "texture": "#1"}
			}
		},
		{
			"from": [7.625, 4.5, 7.625],
			"to": [8.375, 7.5, 8.375],
			"rotation": {"angle": 0, "axis": "y", "origin": [7.96231, 7.75, 7.9779]},
			"faces": {
				"north": {"uv": [8.33333, 5, 9.33333, 1], "texture": "#1"},
				"east": {"uv": [7.33333, 5, 8.33333, 1], "texture": "#1"},
				"south": {"uv": [10.33333, 5, 11.33333, 1], "texture": "#1"},
				"west": {"uv": [9.33333, 5, 10.33333, 1], "texture": "#1"},
				"up": {"uv": [10.33333, 1, 9.33333, 0], "texture": "#1"},
				"down": {"uv": [9.33333, 0, 8.33333, 1], "texture": "#1"}
			}
		},
		{
			"from": [7.51302, 3.9996, 7.47513],
			"to": [8.51301, 4.2496, 8.47513],
			"rotation": {"angle": 0, "axis": "y", "origin": [7.96231, 7.75, 7.9779]},
			"faces": {
				"north": {"uv": [11.33333, 9.33333, 12.66667, 9], "rotation": 180, "texture": "#1"},
				"east": {"uv": [7.33333, 9.33333, 8.66667, 9], "rotation": 180, "texture": "#1"},
				"south": {"uv": [8.66667, 9.33333, 10, 9], "rotation": 180, "texture": "#1"},
				"west": {"uv": [10, 9.33333, 11.33333, 9], "rotation": 180, "texture": "#1"},
				"up": {"uv": [10, 7.66667, 8.66667, 9], "texture": "#1"},
				"down": {"uv": [11.33333, 9, 10, 7.66667], "texture": "#1"}
			}
		},
		{
			"name": "lighting",
			"from": [7.94209, -0.7, 6.30142],
			"to": [7.94209, 4.8, 9.55142],
			"rotation": {"angle": 45, "axis": "y", "origin": [7.96231, 7.75, 7.9779]},
			"faces": {
				"north": {"uv": [13.0606, 14.0606, 15.96969, 5.0606], "texture": "#3"},
				"east": {"uv": [0, 11, 6.5, 0], "texture": "#3"},
				"south": {"uv": [11.57576, 11.87878, 15.21212, 2.87878], "texture": "#3"},
				"west": {"uv": [0, 11, 6.5, 0], "texture": "#3"},
				"up": {"uv": [16, 4.33333, 10.90909, 0], "texture": "#3"},
				"down": {"uv": [16, 0, 10.90909, 4.33333], "texture": "#3"}
			}
		},
		{
			"from": [7.75, -0.25, 7.75],
			"to": [8.25, 4, 8.25],
			"rotation": {"angle": 0, "axis": "y", "origin": [7.96231, 7.75, 7.9779]},
			"faces": {
				"north": {"uv": [5, 11.33333, 5.66667, 0.66667], "texture": "#1"},
				"east": {"uv": [4.33333, 11.33333, 5, 0.66667], "texture": "#1"},
				"south": {"uv": [6.33333, 11.33333, 7, 0.66667], "texture": "#1"},
				"west": {"uv": [5.66667, 11.33333, 6.33333, 0.66667], "texture": "#1"},
				"up": {"uv": [6.33333, 0.66667, 5.66667, 0], "texture": "#1"},
				"down": {"uv": [5.66667, 0, 5, 0.66667], "texture": "#1"}
			}
		},
		{
			"from": [8.375, 3.9975, 8.375],
			"to": [7.625, -0.3775, 7.625],
			"rotation": {"angle": 0, "axis": "y", "origin": [7.96231, 7.75, 7.9779]},
			"faces": {
				"north": {"uv": [1, 1, 2, 12], "texture": "#1"},
				"east": {"uv": [0, 1, 1, 12], "texture": "#1"},
				"south": {"uv": [4, 1, 3, 12], "texture": "#1"},
				"west": {"uv": [2, 1, 3, 12], "texture": "#1"},
				"up": {"uv": [1, 0, 2, 1], "texture": "#1"},
				"down": {"uv": [1, 1, 2, 0], "texture": "#1"}
			}
		},
		{
			"from": [7.5, 7.4779, 3.9779],
			"to": [8.5, 8.4779, 4.4779],
			"rotation": {"angle": 0, "axis": "y", "origin": [7.96231, 8, 7.7279]},
			"faces": {
				"north": {"uv": [10, 5.33333, 8.66667, 6.66667], "rotation": 180, "texture": "#1"},
				"east": {"uv": [7.33333, 7.33333, 8.66667, 6.66667], "rotation": 270, "texture": "#1"},
				"south": {"uv": [11.33333, 6.66667, 10, 5.33333], "texture": "#1"},
				"west": {"uv": [10, 7.33333, 11.33333, 6.66667], "rotation": 90, "texture": "#1"},
				"up": {"uv": [8.66667, 7.33333, 10, 6.66667], "rotation": 180, "texture": "#1"},
				"down": {"uv": [11.33333, 7.33333, 12.66667, 6.66667], "texture": "#1"}
			}
		},
		{
			"from": [7.5, 7.4779, 7.4779],
			"to": [8.5, 8.4779, 7.7279],
			"rotation": {"angle": 0, "axis": "y", "origin": [7.96231, 8, 7.7279]},
			"faces": {
				"north": {"uv": [10, 7.66667, 8.66667, 9], "rotation": 180, "texture": "#1"},
				"east": {"uv": [7.33333, 9.33333, 8.66667, 9], "rotation": 270, "texture": "#1"},
				"south": {"uv": [11.33333, 9, 10, 7.66667], "texture": "#1"},
				"west": {"uv": [10, 9.33333, 11.33333, 9], "rotation": 90, "texture": "#1"},
				"up": {"uv": [8.66667, 9.33333, 10, 9], "rotation": 180, "texture": "#1"},
				"down": {"uv": [11.33333, 9.33333, 12.66667, 9], "texture": "#1"}
			}
		},
		{
			"from": [7.625, 7.6029, 4.4779],
			"to": [8.375, 8.3529, 7.4779],
			"rotation": {"angle": 0, "axis": "y", "origin": [7.96231, 8, 7.7279]},
			"faces": {
				"north": {"uv": [9.33333, 0, 8.33333, 1], "rotation": 180, "texture": "#1"},
				"east": {"uv": [7.33333, 5, 8.33333, 1], "rotation": 270, "texture": "#1"},
				"south": {"uv": [10.33333, 1, 9.33333, 0], "texture": "#1"},
				"west": {"uv": [9.33333, 5, 10.33333, 1], "rotation": 90, "texture": "#1"},
				"up": {"uv": [8.33333, 5, 9.33333, 1], "rotation": 180, "texture": "#1"},
				"down": {"uv": [10.33333, 5, 11.33333, 1], "texture": "#1"}
			}
		},
		{
			"from": [7.51302, 7.50277, 3.9775],
			"to": [8.51301, 8.50277, 4.2275],
			"rotation": {"angle": 0, "axis": "y", "origin": [7.96231, 8, 7.7279]},
			"faces": {
				"north": {"uv": [11.33333, 9, 10, 7.66667], "rotation": 180, "texture": "#1"},
				"east": {"uv": [7.33333, 9.33333, 8.66667, 9], "rotation": 90, "texture": "#1"},
				"south": {"uv": [10, 7.66667, 8.66667, 9], "texture": "#1"},
				"west": {"uv": [10, 9.33333, 11.33333, 9], "rotation": 270, "texture": "#1"},
				"up": {"uv": [11.33333, 9.33333, 12.66667, 9], "texture": "#1"},
				"down": {"uv": [8.66667, 9.33333, 10, 9], "rotation": 180, "texture": "#1"}
			}
		},
		{
			"name": "lighting",
			"from": [7.94209, 6.42648, -0.7221],
			"to": [7.94209, 9.67648, 4.7779],
			"rotation": {"angle": 45, "axis": "z", "origin": [7.96231, 8, 7.7279]},
			"faces": {
				"north": {"uv": [16, 0, 10.90909, 4.33333], "rotation": 180, "texture": "#3"},
				"east": {"uv": [0, 11, 6.5, 0], "rotation": 270, "texture": "#3"},
				"south": {"uv": [16, 4.33333, 10.90909, 0], "texture": "#3"},
				"west": {"uv": [0, 11, 6.5, 0], "rotation": 90, "texture": "#3"},
				"up": {"uv": [13.0606, 14.0606, 15.96969, 5.0606], "rotation": 180, "texture": "#3"},
				"down": {"uv": [11.57576, 11.87878, 15.21212, 2.87878], "texture": "#3"}
			}
		},
		{
			"from": [7.75, 7.7279, -0.2721],
			"to": [8.25, 8.2279, 3.9779],
			"rotation": {"angle": 0, "axis": "y", "origin": [7.96231, 8, 7.7279]},
			"faces": {
				"north": {"uv": [5.66667, 0, 5, 0.66667], "rotation": 180, "texture": "#1"},
				"east": {"uv": [4.33333, 11.33333, 5, 0.66667], "rotation": 270, "texture": "#1"},
				"south": {"uv": [6.33333, 0.66667, 5.66667, 0], "texture": "#1"},
				"west": {"uv": [5.66667, 11.33333, 6.33333, 0.66667], "rotation": 90, "texture": "#1"},
				"up": {"uv": [5, 11.33333, 5.66667, 0.66667], "rotation": 180, "texture": "#1"},
				"down": {"uv": [6.33333, 11.33333, 7, 0.66667], "texture": "#1"}
			}
		},
		{
			"from": [8.375, 8.3529, 3.9754],
			"to": [7.625, 7.6029, -0.3996],
			"rotation": {"angle": 0, "axis": "y", "origin": [7.96231, 8, 7.7279]},
			"faces": {
				"north": {"uv": [1, 1, 2, 0], "rotation": 180, "texture": "#1"},
				"east": {"uv": [0, 1, 1, 12], "rotation": 270, "texture": "#1"},
				"south": {"uv": [1, 0, 2, 1], "texture": "#1"},
				"west": {"uv": [2, 1, 3, 12], "rotation": 90, "texture": "#1"},
				"up": {"uv": [1, 1, 2, 12], "rotation": 180, "texture": "#1"},
				"down": {"uv": [4, 1, 3, 12], "texture": "#1"}
			}
		},
		{
			"from": [7.5, 7.4779, 11.4779],
			"to": [8.5, 8.4779, 11.9779],
			"rotation": {"angle": 0, "axis": "y", "origin": [7.96231, 8, 8.2279]},
			"faces": {
				"north": {"uv": [11.33333, 5.33333, 10, 6.66667], "rotation": 180, "texture": "#1"},
				"east": {"uv": [7.33333, 6.66667, 8.66667, 7.33333], "rotation": 270, "texture": "#1"},
				"south": {"uv": [10, 6.66667, 8.66667, 5.33333], "texture": "#1"},
				"west": {"uv": [10, 6.66667, 11.33333, 7.33333], "rotation": 90, "texture": "#1"},
				"up": {"uv": [8.66667, 6.66667, 10, 7.33333], "rotation": 180, "texture": "#1"},
				"down": {"uv": [11.33333, 6.66667, 12.66667, 7.33333], "texture": "#1"}
			}
		},
		{
			"from": [7.5, 7.4779, 8.2279],
			"to": [8.5, 8.4779, 8.4779],
			"rotation": {"angle": 0, "axis": "y", "origin": [7.96231, 8, 8.2279]},
			"faces": {
				"north": {"uv": [11.33333, 7.66667, 10, 9], "rotation": 180, "texture": "#1"},
				"east": {"uv": [7.33333, 9, 8.66667, 9.33333], "rotation": 270, "texture": "#1"},
				"south": {"uv": [10, 9, 8.66667, 7.66667], "texture": "#1"},
				"west": {"uv": [10, 9, 11.33333, 9.33333], "rotation": 90, "texture": "#1"},
				"up": {"uv": [8.66667, 9, 10, 9.33333], "rotation": 180, "texture": "#1"},
				"down": {"uv": [11.33333, 9, 12.66667, 9.33333], "texture": "#1"}
			}
		},
		{
			"from": [7.625, 7.6029, 8.4779],
			"to": [8.375, 8.3529, 11.4779],
			"rotation": {"angle": 0, "axis": "y", "origin": [7.96231, 8, 8.2279]},
			"faces": {
				"north": {"uv": [10.33333, 0, 9.33333, 1], "rotation": 180, "texture": "#1"},
				"east": {"uv": [7.33333, 1, 8.33333, 5], "rotation": 270, "texture": "#1"},
				"south": {"uv": [9.33333, 1, 8.33333, 0], "texture": "#1"},
				"west": {"uv": [9.33333, 1, 10.33333, 5], "rotation": 90, "texture": "#1"},
				"up": {"uv": [8.33333, 1, 9.33333, 5], "rotation": 180, "texture": "#1"},
				"down": {"uv": [10.33333, 1, 11.33333, 5], "texture": "#1"}
			}
		},
		{
			"from": [7.51302, 7.50277, 11.7283],
			"to": [8.51301, 8.50277, 11.9783],
			"rotation": {"angle": 0, "axis": "y", "origin": [7.96231, 8, 8.2279]},
			"faces": {
				"north": {"uv": [10, 9, 8.66667, 7.66667], "rotation": 180, "texture": "#1"},
				"east": {"uv": [7.33333, 9, 8.66667, 9.33333], "rotation": 90, "texture": "#1"},
				"south": {"uv": [11.33333, 7.66667, 10, 9], "texture": "#1"},
				"west": {"uv": [10, 9, 11.33333, 9.33333], "rotation": 270, "texture": "#1"},
				"up": {"uv": [11.33333, 9, 12.66667, 9.33333], "texture": "#1"},
				"down": {"uv": [8.66667, 9, 10, 9.33333], "rotation": 180, "texture": "#1"}
			}
		},
		{
			"name": "lighting",
			"from": [7.94209, 6.42648, 11.1779],
			"to": [7.94209, 9.67648, 16.6779],
			"rotation": {"angle": 45, "axis": "z", "origin": [7.96231, 8, 8.2279]},
			"faces": {
				"north": {"uv": [16, 0, 10.90909, 4.33333], "rotation": 180, "texture": "#3"},
				"east": {"uv": [0, 0, 6.5, 11], "rotation": 270, "texture": "#3"},
				"south": {"uv": [16, 4.33333, 10.90909, 0], "texture": "#3"},
				"west": {"uv": [0, 0, 6.5, 11], "rotation": 90, "texture": "#3"},
				"up": {"uv": [13.0606, 5.0606, 15.96969, 14.0606], "rotation": 180, "texture": "#3"},
				"down": {"uv": [11.57576, 2.87878, 15.21212, 11.87878], "texture": "#3"}
			}
		},
		{
			"from": [7.75, 7.7279, 11.9779],
			"to": [8.25, 8.2279, 16.2279],
			"rotation": {"angle": 0, "axis": "y", "origin": [7.96231, 8, 8.2279]},
			"faces": {
				"north": {"uv": [6.33333, 0, 5.66667, 0.66667], "rotation": 180, "texture": "#1"},
				"east": {"uv": [4.33333, 0.66667, 5, 11.33333], "rotation": 270, "texture": "#1"},
				"south": {"uv": [5.66667, 0.66667, 5, 0], "texture": "#1"},
				"west": {"uv": [5.66667, 0.66667, 6.33333, 11.33333], "rotation": 90, "texture": "#1"},
				"up": {"uv": [5, 0.66667, 5.66667, 11.33333], "rotation": 180, "texture": "#1"},
				"down": {"uv": [6.33333, 0.66667, 7, 11.33333], "texture": "#1"}
			}
		},
		{
			"from": [8.375, 8.3529, 16.3554],
			"to": [7.625, 7.6029, 11.9804],
			"rotation": {"angle": 0, "axis": "y", "origin": [7.96231, 8, 8.2279]},
			"faces": {
				"north": {"uv": [1, 1, 2, 0], "rotation": 180, "texture": "#1"},
				"east": {"uv": [0, 12, 1, 1], "rotation": 270, "texture": "#1"},
				"south": {"uv": [1, 0, 2, 1], "texture": "#1"},
				"west": {"uv": [2, 12, 3, 1], "rotation": 90, "texture": "#1"},
				"up": {"uv": [1, 12, 2, 1], "rotation": 180, "texture": "#1"},
				"down": {"uv": [4, 12, 3, 1], "texture": "#1"}
			}
		}
	],
	"gui_light": "front",
	"display": {
		"thirdperson_righthand": {
			"rotation": [117.5, 0, 0],
			"translation": [0, -3.25, 1.75],
			"scale": [2, 2, 2]
		},
		"thirdperson_lefthand": {
			"rotation": [121.75, 0, 0],
			"translation": [0, -2.5, 1.25],
			"scale": [2, 2, 2]
		},
		"firstperson_righthand": {
			"rotation": [-19.75, 0, 0],
			"translation": [4.25, 0.25, 1.5],
			"scale": [1.4, 1.4, 1.4]
		},
		"firstperson_lefthand": {
			"rotation": [-19.75, 0, 0],
			"translation": [4.25, 0.25, 1.5],
			"scale": [1.4, 1.4, 1.4]
		},
		"ground": {
			"rotation": [45, 0, 0],
			"translation": [0, 0.5, 0],
			"scale": [1.67, 1.67, 1.67]
		},
		"gui": {
			"rotation": [-45, 0, -45],
			"translation": [0, 0, -2.5],
			"scale": [1.16, 1.16, 1.16]
		},
		"fixed": {
			"rotation": [-90, 45, 90],
			"translation": [0, 0, -2],
			"scale": [3.46, 3.46, 3.46]
		}
	},
	"groups": [
		{
			"name": "group",
			"origin": [8, 27, 6],
			"color": 0,
			"children": [
				{
					"name": "group",
					"origin": [8, 27, 6],
					"color": 0,
					"children": [
						{
							"name": "group",
							"origin": [8.02603, 13.76961, 8],
							"color": 0,
							"children": [0, 1, 2, 3, 4, 5, 6]
						}
					]
				}
			]
		},
		{
			"name": "group",
			"origin": [8, 27, 6],
			"color": 0,
			"children": [
				{
					"name": "group",
					"origin": [8, 27, 6],
					"color": 0,
					"children": [
						{
							"name": "group",
							"origin": [8.02603, 13.76961, 8],
							"color": 0,
							"children": [7, 8, 9, 10, 11, 12, 13]
						}
					]
				}
			]
		},
		{
			"name": "group",
			"origin": [8, 27, 6],
			"color": 0,
			"children": [
				{
					"name": "group",
					"origin": [8, 27, 6],
					"color": 0,
					"children": [
						{
							"name": "group",
							"origin": [8.02603, 13.76961, 8],
							"color": 0,
							"children": [14, 15, 16, 17, 18, 19, 20]
						}
					]
				}
			]
		},
		{
			"name": "group",
			"origin": [8, 27, 6],
			"color": 0,
			"children": [
				{
					"name": "group",
					"origin": [8, 27, 6],
					"color": 0,
					"children": [
						{
							"name": "group",
							"origin": [8.02603, 13.76961, 8],
							"color": 0,
							"children": [21, 22, 23, 24, 25, 26, 27]
						}
					]
				}
			]
		}
	]
}