{
	"credit": "Made with Blockbench",
	"texture_size": [32, 32],
	"textures": {
		"1": "sables:item/sable_azul",
		"particle": "sables:item/sable_azul"
	},
	"elements": [
		{
			"from": [7, -8, 7],
			"to": [9, -7.5, 9],
			"rotation": {"angle": 0, "axis": "y", "origin": [8, -2.005, 8]},
			"faces": {
				"north": {"uv": [8.66667, 9, 10, 9.33333], "texture": "#1"},
				"east": {"uv": [7.33333, 9, 8.66667, 9.33333], "texture": "#1"},
				"south": {"uv": [11.33333, 9, 12.66667, 9.33333], "texture": "#1"},
				"west": {"uv": [10, 9, 11.33333, 9.33333], "texture": "#1"},
				"up": {"uv": [10, 9, 8.66667, 7.66667], "texture": "#1"},
				"down": {"uv": [11.33333, 7.66667, 10, 9], "texture": "#1"}
			}
		},
		{
			"from": [7, -1.5, 7],
			"to": [9, -0.5, 9],
			"rotation": {"angle": 0, "axis": "y", "origin": [8, -2.005, 8]},
			"faces": {
				"north": {"uv": [8.66667, 6.66667, 10, 7.33333], "texture": "#1"},
				"east": {"uv": [7.33333, 6.66667, 8.66667, 7.33333], "texture": "#1"},
				"south": {"uv": [11.33333, 6.66667, 12.66667, 7.33333], "texture": "#1"},
				"west": {"uv": [10, 6.66667, 11.33333, 7.33333], "texture": "#1"},
				"up": {"uv": [10, 6.66667, 8.66667, 5.33333], "texture": "#1"},
				"down": {"uv": [11.33333, 5.33333, 10, 6.66667], "texture": "#1"}
			}
		},
		{
			"from": [7, -3, 8.5],
			"to": [9, -1, 9.5],
			"rotation": {"angle": 0, "axis": "y", "origin": [8, -1, 10]},
			"faces": {
				"north": {"uv": [11.33333, 5.33333, 10, 6.66667], "rotation": 180, "texture": "#1"},
				"east": {"uv": [7.33333, 6.66667, 8.66667, 7.33333], "rotation": 270, "texture": "#1"},
				"south": {"uv": [10, 6.66667, 8.66667, 5.33333], "texture": "#1"},
				"west": {"uv": [10, 6.66667, 11.33333, 7.33333], "rotation": 90, "texture": "#1"},
				"up": {"uv": [8.66667, 6.66667, 10, 7.33333], "rotation": 180, "texture": "#1"},
				"down": {"uv": [11.33333, 6.66667, 12.66667, 7.33333], "texture": "#1"}
			}
		},
		{
			"from": [7, -3, 6.5],
			"to": [9, -1, 7.5],
			"rotation": {"angle": 0, "axis": "y", "origin": [8, -2, 7]},
			"faces": {
				"north": {"uv": [10, 6.66667, 8.66667, 5.33333], "rotation": 180, "texture": "#1"},
				"east": {"uv": [7.33333, 6.66667, 8.66667, 7.33333], "rotation": 90, "texture": "#1"},
				"south": {"uv": [11.33333, 5.33333, 10, 6.66667], "texture": "#1"},
				"west": {"uv": [10, 6.66667, 11.33333, 7.33333], "rotation": 270, "texture": "#1"},
				"up": {"uv": [11.33333, 6.66667, 12.66667, 7.33333], "texture": "#1"},
				"down": {"uv": [8.66667, 6.66667, 10, 7.33333], "rotation": 180, "texture": "#1"}
			}
		},
		{
			"from": [7.25, -7.5, 7.25],
			"to": [8.75, -1.5, 8.75],
			"rotation": {"angle": 0, "axis": "y", "origin": [8, -2.005, 8]},
			"faces": {
				"north": {"uv": [8.33333, 1, 9.33333, 5], "texture": "#1"},
				"east": {"uv": [7.33333, 1, 8.33333, 5], "texture": "#1"},
				"south": {"uv": [10.33333, 1, 11.33333, 5], "texture": "#1"},
				"west": {"uv": [9.33333, 1, 10.33333, 5], "texture": "#1"},
				"up": {"uv": [9.33333, 1, 8.33333, 0], "texture": "#1"},
				"down": {"uv": [10.33333, 0, 9.33333, 1], "texture": "#1"}
			}
		},
		{
			"from": [7.02603, -0.99921, 6.95026],
			"to": [9.02603, -0.49921, 8.95026],
			"rotation": {"angle": 0, "axis": "y", "origin": [8.02603, -0.29775, 6.99162]},
			"faces": {
				"north": {"uv": [11.33333, 9, 12.66667, 9.33333], "rotation": 180, "texture": "#1"},
				"east": {"uv": [7.33333, 9, 8.66667, 9.33333], "rotation": 180, "texture": "#1"},
				"south": {"uv": [8.66667, 9, 10, 9.33333], "rotation": 180, "texture": "#1"},
				"west": {"uv": [10, 9, 11.33333, 9.33333], "rotation": 180, "texture": "#1"},
				"up": {"uv": [11.33333, 7.66667, 10, 9], "texture": "#1"},
				"down": {"uv": [10, 9, 8.66667, 7.66667], "texture": "#1"}
			}
		}
	],
	"gui_light": "front",
	"display": {
		"thirdperson_righthand": {
			"translation": [0, 11.25, 1.5]
		},
		"thirdperson_lefthand": {
			"translation": [0, 11.25, 1.5]
		},
		"firstperson_righthand": {
			"translation": [3.25, 7.5, 0],
			"scale": [0.7, 0.7, 0.7]
		},
		"firstperson_lefthand": {
			"translation": [3.25, 7.5, 0],
			"scale": [0.7, 0.7, 0.7]
		},
		"ground": {
			"translation": [0, 17.75, 0],
			"scale": [1.27, 1.27, 1.27]
		},
		"gui": {
			"rotation": [-45, 0, -45],
			"translation": [14.25, 10, 0],
			"scale": [1.69, 1.69, 1.69]
		},
		"fixed": {
			"rotation": [-90, 45, 90],
			"translation": [-19.5, 18.75, -2.25],
			"scale": [2.21, 2.21, 2.21]
		}
	},
	"groups": [
		0,
		1,
		2,
		3,
		4,
		5,
		{
			"name": "group",
			"origin": [8, 27, 6],
			"color": 0,
			"children": []
		},
		{
			"name": "group",
			"origin": [8, 27, 6],
			"color": 0,
			"children": [
				{
					"name": "group",
					"origin": [8, 27, 6],
					"color": 0,
					"children": []
				}
			]
		},
		{
			"name": "group",
			"origin": [8, 27, 6],
			"color": 0,
			"children": []
		}
	]
}