{
	"credit": "Made with Blockbench",
	"texture_size": [64, 64],
	"textures": {
		"7": "block/altar_vacio"
	},
	"elements": [
		{
			"name": "Cube",
			"from": [0, 0, 0],
			"to": [16, 1, 16],
			"faces": {
				"north": {"uv": [7, 6, 11, 6.25], "texture": "#7"},
				"east": {"uv": [7, 5.75, 11, 6], "texture": "#7"},
				"south": {"uv": [7, 6, 11, 6.25], "texture": "#7"},
				"west": {"uv": [7, 6.25, 11, 6.5], "texture": "#7"},
				"up": {"uv": [4, 4, 0, 0], "texture": "#7"},
				"down": {"uv": [4, 0, 0, 4], "texture": "#7"}
			}
		},
		{
			"name": "Cube",
			"from": [1, 1, 1],
			"to": [15, 3, 15],
			"faces": {
				"north": {"uv": [7, 3.5, 10.5, 4], "texture": "#7"},
				"east": {"uv": [7, 4, 10.5, 4.5], "texture": "#7"},
				"south": {"uv": [7, 4.5, 10.5, 5], "texture": "#7"},
				"west": {"uv": [7, 5, 10.5, 5.5], "texture": "#7"},
				"up": {"uv": [7.5, 3.5, 4, 0], "texture": "#7"}
			}
		},
		{
			"name": "Cube",
			"from": [2, 3, 2],
			"to": [14, 7, 14],
			"faces": {
				"north": {"uv": [4, 3.5, 7, 4.5], "texture": "#7"},
				"east": {"uv": [4, 4.5, 7, 5.5], "texture": "#7"},
				"south": {"uv": [4, 5.5, 7, 6.5], "texture": "#7"},
				"west": {"uv": [4, 6.5, 7, 7.5], "texture": "#7"}
			}
		},
		{
			"name": "Cube",
			"from": [1, 7, 1],
			"to": [15, 9, 15],
			"faces": {
				"north": {"uv": [7, 3.5, 10.5, 4], "texture": "#7"},
				"east": {"uv": [7, 4, 10.5, 4.5], "texture": "#7"},
				"south": {"uv": [7, 4.5, 10.5, 5], "texture": "#7"},
				"west": {"uv": [7, 5, 10.5, 5.5], "texture": "#7"},
				"down": {"uv": [7.5, 0, 4, 3.5], "texture": "#7"}
			}
		},
		{
			"name": "Cube",
			"from": [0, 9, 0],
			"to": [16, 10, 16],
			"faces": {
				"north": {"uv": [7, 6.5, 11, 6.75], "texture": "#7"},
				"east": {"uv": [7, 5.75, 11, 6], "texture": "#7"},
				"south": {"uv": [7, 6, 11, 6.25], "texture": "#7"},
				"west": {"uv": [7, 6.25, 11, 6.5], "texture": "#7"},
				"up": {"uv": [4, 8, 0, 4], "texture": "#7"},
				"down": {"uv": [4, 0, 0, 4], "texture": "#7"}
			}
		},
		{
			"name": "Cube",
			"from": [0, 10, 0],
			"to": [4, 11, 4],
			"faces": {
				"north": {"uv": [7.5, 3, 8.5, 3.25], "texture": "#7"},
				"east": {"uv": [7.5, 3, 8.5, 3.25], "texture": "#7"},
				"south": {"uv": [7.5, 3, 8.5, 3.25], "texture": "#7"},
				"west": {"uv": [7.5, 3, 8.5, 3.25], "texture": "#7"},
				"up": {"uv": [8, 7.75, 7, 6.75], "texture": "#7"}
			}
		},
		{
			"name": "Cube",
			"from": [12, 10, 0],
			"to": [16, 11, 4],
			"faces": {
				"north": {"uv": [7.5, 3, 8.5, 3.25], "texture": "#7"},
				"east": {"uv": [7.5, 3, 8.5, 3.25], "texture": "#7"},
				"south": {"uv": [7.5, 3, 8.5, 3.25], "texture": "#7"},
				"west": {"uv": [7.5, 3, 8.5, 3.25], "texture": "#7"},
				"up": {"uv": [8.5, 1, 7.5, 0], "texture": "#7"}
			}
		},
		{
			"name": "Cube",
			"from": [12, 10, 12],
			"to": [16, 11, 16],
			"faces": {
				"north": {"uv": [7.5, 3, 8.5, 3.25], "texture": "#7"},
				"east": {"uv": [7.5, 3, 8.5, 3.25], "texture": "#7"},
				"south": {"uv": [7.5, 3, 8.5, 3.25], "texture": "#7"},
				"west": {"uv": [7.5, 3, 8.5, 3.25], "texture": "#7"},
				"up": {"uv": [8.5, 2, 7.5, 1], "texture": "#7"}
			}
		},
		{
			"name": "Cube",
			"from": [0, 10, 12],
			"to": [4, 11, 16],
			"faces": {
				"north": {"uv": [7.5, 3, 8.5, 3.25], "texture": "#7"},
				"east": {"uv": [7.5, 3, 8.5, 3.25], "texture": "#7"},
				"south": {"uv": [7.5, 3, 8.5, 3.25], "texture": "#7"},
				"west": {"uv": [7.5, 3, 8.5, 3.25], "texture": "#7"},
				"up": {"uv": [8.5, 2, 7.5, 1], "texture": "#7"}
			}
		},
		{
			"name": "Cube",
			"from": [0, 11, 13],
			"to": [3, 15, 16],
			"faces": {
				"north": {"uv": [7.5, 2, 8.25, 3], "texture": "#7"},
				"east": {"uv": [4, 7.5, 4.75, 8.5], "texture": "#7"},
				"south": {"uv": [4.75, 7.5, 5.5, 8.5], "texture": "#7"},
				"west": {"uv": [5.5, 7.5, 6.25, 8.5], "texture": "#7"},
				"up": {"uv": [7, 8.25, 6.25, 7.5], "texture": "#7"}
			}
		},
		{
			"name": "Cube",
			"from": [13, 11, 13],
			"to": [16, 15, 16],
			"faces": {
				"north": {"uv": [7.5, 2, 8.25, 3], "texture": "#7"},
				"east": {"uv": [7.5, 2, 8.25, 3], "texture": "#7"},
				"south": {"uv": [7.5, 2, 8.25, 3], "texture": "#7"},
				"west": {"uv": [7.5, 2, 8.25, 3], "texture": "#7"},
				"up": {"uv": [7.75, 8.5, 7, 7.75], "texture": "#7"}
			}
		},
		{
			"name": "Cube",
			"from": [13, 11, 0],
			"to": [16, 15, 3],
			"faces": {
				"north": {"uv": [7.5, 2, 8.25, 3], "texture": "#7"},
				"east": {"uv": [7.5, 2, 8.25, 3], "texture": "#7"},
				"south": {"uv": [7.5, 2, 8.25, 3], "texture": "#7"},
				"west": {"uv": [7.5, 2, 8.25, 3], "texture": "#7"},
				"up": {"uv": [7.75, 8.5, 7, 7.75], "texture": "#7"}
			}
		},
		{
			"name": "Cube",
			"from": [0, 11, 0],
			"to": [3, 15, 3],
			"faces": {
				"north": {"uv": [7.5, 2, 8.25, 3], "texture": "#7"},
				"east": {"uv": [7.5, 2, 8.25, 3], "texture": "#7"},
				"south": {"uv": [7.5, 2, 8.25, 3], "texture": "#7"},
				"west": {"uv": [7.5, 2, 8.25, 3], "texture": "#7"},
				"up": {"uv": [7.75, 8.5, 7, 7.75], "texture": "#7"}
			}
		},
		{
			"name": "Cube",
			"from": [1, 15, 1],
			"to": [3, 19, 3],
			"faces": {
				"north": {"uv": [7.75, 7.75, 8.25, 8.75], "texture": "#7"},
				"east": {"uv": [7.75, 7.75, 8.25, 8.75], "texture": "#7"},
				"south": {"uv": [7.75, 7.75, 8.25, 8.75], "texture": "#7"},
				"west": {"uv": [7.75, 7.75, 8.25, 8.75], "texture": "#7"},
				"up": {"uv": [0.5, 8.5, 0, 8], "texture": "#7"}
			}
		},
		{
			"name": "Cube",
			"from": [13, 15, 1],
			"to": [15, 19, 3],
			"faces": {
				"north": {"uv": [7.75, 7.75, 8.25, 8.75], "texture": "#7"},
				"east": {"uv": [7.75, 7.75, 8.25, 8.75], "texture": "#7"},
				"south": {"uv": [7.75, 7.75, 8.25, 8.75], "texture": "#7"},
				"west": {"uv": [7.75, 7.75, 8.25, 8.75], "texture": "#7"},
				"up": {"uv": [0.5, 8.5, 0, 8], "texture": "#7"}
			}
		},
		{
			"name": "Cube",
			"from": [13, 15, 13],
			"to": [15, 19, 15],
			"faces": {
				"north": {"uv": [7.75, 7.75, 8.25, 8.75], "texture": "#7"},
				"east": {"uv": [7.75, 7.75, 8.25, 8.75], "texture": "#7"},
				"south": {"uv": [7.75, 7.75, 8.25, 8.75], "texture": "#7"},
				"west": {"uv": [7.75, 7.75, 8.25, 8.75], "texture": "#7"},
				"up": {"uv": [0.5, 8.5, 0, 8], "texture": "#7"}
			}
		},
		{
			"name": "Cube",
			"from": [1, 15, 13],
			"to": [3, 19, 15],
			"faces": {
				"north": {"uv": [7.75, 7.75, 8.25, 8.75], "texture": "#7"},
				"east": {"uv": [7.75, 7.75, 8.25, 8.75], "texture": "#7"},
				"south": {"uv": [7.75, 7.75, 8.25, 8.75], "texture": "#7"},
				"west": {"uv": [7.75, 7.75, 8.25, 8.75], "texture": "#7"},
				"up": {"uv": [0.5, 8.5, 0, 8], "texture": "#7"}
			}
		},
		{
			"name": "Cube",
			"from": [2, 19, 2],
			"to": [3, 20, 3],
			"faces": {
				"north": {"uv": [7.5, 3.25, 7.75, 3.5], "texture": "#7"},
				"east": {"uv": [7.5, 3.25, 7.75, 3.5], "texture": "#7"},
				"south": {"uv": [7.5, 3.25, 7.75, 3.5], "texture": "#7"},
				"west": {"uv": [7.5, 3.25, 7.75, 3.5], "texture": "#7"},
				"up": {"uv": [7.75, 3.5, 7.5, 3.25], "texture": "#7"}
			}
		},
		{
			"name": "Cube",
			"from": [13, 19, 2],
			"to": [14, 20, 3],
			"faces": {
				"north": {"uv": [7.5, 3.25, 7.75, 3.5], "texture": "#7"},
				"east": {"uv": [7.5, 3.25, 7.75, 3.5], "texture": "#7"},
				"south": {"uv": [7.5, 3.25, 7.75, 3.5], "texture": "#7"},
				"west": {"uv": [7.5, 3.25, 7.75, 3.5], "texture": "#7"},
				"up": {"uv": [7.75, 3.5, 7.5, 3.25], "texture": "#7"}
			}
		},
		{
			"name": "Cube",
			"from": [13, 19, 13],
			"to": [14, 20, 14],
			"faces": {
				"north": {"uv": [7.5, 3.25, 7.75, 3.5], "texture": "#7"},
				"east": {"uv": [7.5, 3.25, 7.75, 3.5], "texture": "#7"},
				"south": {"uv": [7.5, 3.25, 7.75, 3.5], "texture": "#7"},
				"west": {"uv": [7.5, 3.25, 7.75, 3.5], "texture": "#7"},
				"up": {"uv": [7.75, 3.5, 7.5, 3.25], "texture": "#7"}
			}
		},
		{
			"name": "Cube",
			"from": [2, 19, 13],
			"to": [3, 20, 14],
			"faces": {
				"north": {"uv": [7.5, 3.25, 7.75, 3.5], "texture": "#7"},
				"east": {"uv": [7.5, 3.25, 7.75, 3.5], "texture": "#7"},
				"south": {"uv": [7.5, 3.25, 7.75, 3.5], "texture": "#7"},
				"west": {"uv": [7.5, 3.25, 7.75, 3.5], "texture": "#7"},
				"up": {"uv": [7.75, 3.5, 7.5, 3.25], "texture": "#7"}
			}
		}
	],
	"display": {
		"thirdperson_righthand": {
			"rotation": [75, 45, 0],
			"translation": [0, 2.5, 0],
			"scale": [0.375, 0.375, 0.375]
		},
		"thirdperson_lefthand": {
			"rotation": [75, 45, 0],
			"translation": [0, 2.5, 0],
			"scale": [0.375, 0.375, 0.375]
		},
		"firstperson_righthand": {
			"rotation": [0, 45, 0],
			"scale": [0.4, 0.4, 0.4]
		},
		"firstperson_lefthand": {
			"rotation": [0, 225, 0],
			"scale": [0.4, 0.4, 0.4]
		},
		"ground": {
			"translation": [0, 3, 0],
			"scale": [0.39, 0.39, 0.39]
		},
		"gui": {
			"rotation": [30, 225, 0],
			"translation": [0, -0.25, 0],
			"scale": [0.54, 0.54, 0.54]
		},
		"head": {
			"rotation": [0, 180, 0],
			"translation": [0, 14.25, 0]
		},
		"fixed": {
			"rotation": [-90, 0, 0],
			"translation": [0, 0, -11.5],
			"scale": [1.63, 1.63, 1.63]
		}
	}
}