{
	"credit": "Made with Blockbench",
	"textures": {
		"0": "block/huevo_togepi_listo",
		"particle": "item/turtle_egg"
	},
	"elements": [
		{
			"name": "Punta",
			"from": [4.5, 0.5, 4.5],
			"to": [11.5, 8.5, 11.5],
			"rotation": {"angle": 0, "axis": "y", "origin": [8, -0.5, 8]},
			"faces": {
				"north": {"uv": [1.75, 1.75, 3.5, 3.75], "texture": "#0"},
				"east": {"uv": [0, 1.75, 1.75, 3.75], "texture": "#0"},
				"south": {"uv": [5.25, 1.75, 7, 3.75], "texture": "#0"},
				"west": {"uv": [3.5, 1.75, 5.25, 3.75], "texture": "#0"},
				"up": {"uv": [3.5, 1.75, 1.75, 0], "texture": "#0"},
				"down": {"uv": [5.25, 0, 3.5, 1.75], "texture": "#0"}
			}
		},
		{
			"name": "Medio",
			"from": [5.5, 2.25, 5.5],
			"to": [10.5, 9.25, 10.5],
			"rotation": {"angle": 0, "axis": "y", "origin": [9, 1.25, 9]},
			"faces": {
				"north": {"uv": [2, 1.75, 3.25, 2.5], "texture": "#0"},
				"east": {"uv": [1.5, 7, 2.75, 7.25], "texture": "#0"},
				"south": {"uv": [5.5, 1.75, 6.75, 2.5], "texture": "#0"},
				"west": {"uv": [3.75, 1.75, 5, 2.5], "texture": "#0"},
				"up": {"uv": [3.25, 1.5, 2, 0.25], "texture": "#0"},
				"down": {"uv": [5.25, 0, 3.5, 1.75], "texture": "#0"}
			}
		},
		{
			"name": "Grande",
			"from": [4, 1.5, 4],
			"to": [12, 6.5, 12],
			"rotation": {"angle": 0, "axis": "y", "origin": [8, 0, 8]},
			"faces": {
				"north": {"uv": [2, 6.25, 4, 7.5], "texture": "#0"},
				"east": {"uv": [0, 6.25, 2, 7.5], "texture": "#0"},
				"south": {"uv": [6, 6.25, 8, 7.5], "texture": "#0"},
				"west": {"uv": [4, 6.25, 6, 7.5], "texture": "#0"},
				"up": {"uv": [4, 6.25, 2, 4.25], "texture": "#0"},
				"down": {"uv": [6, 4.25, 4, 6.25], "texture": "#0"}
			}
		}
	],
	"display": {
		"thirdperson_righthand": {
			"rotation": [75, 45, 0],
			"translation": [0, 4, 3.5],
			"scale": [0.6, 0.6, 0.6]
		},
		"thirdperson_lefthand": {
			"rotation": [75, 45, 0],
			"translation": [0, 4, 3.5],
			"scale": [0.6, 0.6, 0.6]
		},
		"firstperson_righthand": {
			"rotation": [0, 45, 0],
			"translation": [2, 2.75, 0],
			"scale": [0.4, 0.4, 0.4]
		},
		"firstperson_lefthand": {
			"rotation": [0, 225, 0],
			"translation": [2.5, 3.25, 0],
			"scale": [0.4, 0.4, 0.4]
		},
		"ground": {
			"translation": [0, 4.5, 0],
			"scale": [0.8, 0.8, 0.8]
		},
		"gui": {
			"rotation": [30, 225, 0],
			"translation": [0, 3.5, 0],
			"scale": [1.18, 1.18, 1.18]
		},
		"head": {
			"translation": [0, 15.5, 0],
			"scale": [1.18, 1.18, 1.18]
		},
		"fixed": {
			"rotation": [-90, 0, 0],
			"translation": [0, 0, -15.75],
			"scale": [2.12, 2.12, 2.12]
		}
	}
}