{
	"credit": "Made with Blockbench",
	"textures": {
		"0": "block/music_3",
		"particle": "block/music_3"
	},
	"elements": [
		{
			"from": [6, -3, 6],
			"to": [10, -1, 10],
			"rotation": {"angle": 0, "axis": "y", "origin": [7.70966, -3.125, 8.29034]},
			"faces": {
				"north": {"uv": [4.5, 4, 5.5, 4.25], "texture": "#0"},
				"east": {"uv": [4.5, 4, 5.5, 4.25], "texture": "#0"},
				"south": {"uv": [4.5, 4, 5.5, 4.25], "texture": "#0"},
				"west": {"uv": [4.5, 4, 5.5, 4.25], "texture": "#0"},
				"up": {"uv": [4.625, 4.375, 4.75, 4.625], "rotation": 90, "texture": "#0"},
				"down": {"uv": [4.5, 4.125, 4.625, 4.25], "rotation": 270, "texture": "#0"}
			}
		},
		{
			"from": [8, -6.5, -3],
			"to": [8, -1.5, 7],
			"rotation": {"angle": 0, "axis": "y", "origin": [8, -4, 2]},
			"faces": {
				"north": {"uv": [4.5, 4, 5.5, 4.25], "texture": "#0"},
				"east": {"uv": [6.75, 4.5, 5.5, 5.125], "texture": "#0"},
				"south": {"uv": [4.5, 4, 5.5, 4.25], "texture": "#0"},
				"west": {"uv": [5.5, 4.5, 6.75, 5.125], "texture": "#0"},
				"up": {"uv": [4.5, 4.25, 5.5, 5.25], "rotation": 270, "texture": "#0"},
				"down": {"uv": [4.5, 4.125, 4.625, 4.25], "rotation": 90, "texture": "#0"}
			}
		},
		{
			"from": [4, -6.5, 7],
			"to": [4, -1.5, 17],
			"rotation": {"angle": -45, "axis": "y", "origin": [4, -4, 12]},
			"faces": {
				"north": {"uv": [5.5, 4, 4.5, 4.25], "texture": "#0"},
				"east": {"uv": [5.5, 4.5, 6.75, 5.125], "texture": "#0"},
				"south": {"uv": [5.5, 4, 4.5, 4.25], "texture": "#0"},
				"west": {"uv": [6.75, 4.5, 5.5, 5.125], "texture": "#0"},
				"up": {"uv": [5.5, 4.25, 4.5, 5.25], "rotation": 270, "texture": "#0"},
				"down": {"uv": [4.625, 4.125, 4.5, 4.25], "rotation": 90, "texture": "#0"}
			}
		},
		{
			"from": [12, -6.5, 7],
			"to": [12, -1.5, 17],
			"rotation": {"angle": 45, "axis": "y", "origin": [12, -4, 12]},
			"faces": {
				"north": {"uv": [4.5, 4, 5.5, 4.25], "texture": "#0"},
				"east": {"uv": [5.5, 4.5, 6.75, 5.125], "texture": "#0"},
				"south": {"uv": [4.5, 4, 5.5, 4.25], "texture": "#0"},
				"west": {"uv": [6.75, 4.5, 5.5, 5.125], "texture": "#0"},
				"up": {"uv": [5.5, 5.25, 4.5, 4.25], "rotation": 270, "texture": "#0"},
				"down": {"uv": [4.625, 4.25, 4.5, 4.125], "rotation": 90, "texture": "#0"}
			}
		},
		{
			"from": [7.2, -1.8, 7.2],
			"to": [8.8, 18.8, 8.8],
			"rotation": {"angle": -45, "axis": "y", "origin": [8, 11.5, 8]},
			"faces": {
				"north": {"uv": [6.625, 0.75, 6.5, 3.875], "texture": "#0"},
				"east": {"uv": [6.375, 0.75, 6.625, 3.875], "texture": "#0"},
				"south": {"uv": [6.5, 0.75, 6.375, 3.875], "texture": "#0"},
				"west": {"uv": [6.625, 0.75, 6.375, 3.875], "texture": "#0"},
				"up": {"uv": [6.375, 0.625, 6.875, 0.75], "texture": "#0"},
				"down": {"uv": [6.375, 0.625, 6.875, 0.75], "texture": "#0"}
			}
		},
		{
			"from": [6.5, 17.2, 6.45],
			"to": [9.5, 20.2, 9.45],
			"rotation": {"angle": 45, "axis": "x", "origin": [8, 18.7, 7.95]},
			"faces": {
				"north": {"uv": [6, 4.125, 6.125, 4.5], "texture": "#0"},
				"east": {"uv": [6, 4.125, 6.375, 4.5], "texture": "#0"},
				"south": {"uv": [6, 4.125, 6.125, 4.5], "texture": "#0"},
				"west": {"uv": [6, 4.125, 6.375, 4.5], "texture": "#0"},
				"up": {"uv": [6, 4.125, 6.125, 4.25], "texture": "#0"},
				"down": {"uv": [6, 4.375, 6.375, 4.5], "texture": "#0"}
			}
		},
		{
			"from": [7.2, 10.2, 7.2],
			"to": [8.8, 30.8, 8.8],
			"rotation": {"angle": -45, "axis": "x", "origin": [8, 20.5, 8]},
			"faces": {
				"north": {"uv": [6.5, 0.75, 6.375, 3.875], "texture": "#0"},
				"east": {"uv": [6.625, 0.75, 6.375, 3.875], "texture": "#0"},
				"south": {"uv": [6.625, 0.75, 6.5, 3.875], "texture": "#0"},
				"west": {"uv": [6.375, 0.75, 6.625, 3.875], "texture": "#0"},
				"up": {"uv": [6.375, 0.625, 6.875, 0.75], "rotation": 180, "texture": "#0"},
				"down": {"uv": [6.5, 3.75, 6.375, 3.875], "rotation": 270, "texture": "#0"}
			}
		},
		{
			"from": [6, 24.75, 1],
			"to": [10, 26.75, 4],
			"rotation": {"angle": -22.5, "axis": "x", "origin": [8, 27.25, 3]},
			"faces": {
				"north": {"uv": [6.375, 0.5, 6.875, 0.75], "texture": "#0"},
				"east": {"uv": [6.375, 0.5, 6.875, 0.75], "texture": "#0"},
				"south": {"uv": [6.375, 0.5, 6.875, 0.75], "texture": "#0"},
				"west": {"uv": [6.375, 0.5, 6.875, 0.75], "texture": "#0"},
				"up": {"uv": [6.375, 0.5, 6.875, 0.625], "texture": "#0"},
				"down": {"uv": [6.375, 0.625, 6.875, 0.75], "texture": "#0"}
			}
		},
		{
			"from": [6.5, 25.29734, -0.66152],
			"to": [9.5, 28.29734, 6.33848],
			"rotation": {"angle": 0, "axis": "x", "origin": [8.08333, 26.79734, 2.67181]},
			"faces": {
				"east": {"uv": [4.5, 3.5, 5.375, 3.875], "texture": "#0"},
				"south": {"uv": [4.5, 3.5, 4.625, 3.875], "texture": "#0"},
				"west": {"uv": [5.375, 3.5, 4.5, 3.875], "texture": "#0"},
				"up": {"uv": [5.375, 3.625, 4.5, 3.5], "rotation": 90, "texture": "#0"},
				"down": {"uv": [5.375, 3.75, 4.5, 3.875], "texture": "#0"}
			}
		},
		{
			"from": [8.25, 5.50928, 0.14714],
			"to": [8.25, 28.50928, 12.39714],
			"rotation": {"angle": 0, "axis": "x", "origin": [8.08333, 5.54734, -3.32819]},
			"faces": {
				"east": {"uv": [4.5, 0.5, 6, 3.375], "texture": "#0"},
				"west": {"uv": [6, 0.5, 4.5, 3.375], "texture": "#0"}
			}
		},
		{
			"from": [8.25, -5.49072, 0.14714],
			"to": [8.25, 5.50928, 12.39714],
			"rotation": {"angle": 0, "axis": "x", "origin": [8.08333, -17.45266, -3.32819]},
			"faces": {
				"east": {"uv": [4.5, 3.125, 6, 1.75], "texture": "#0"},
				"west": {"uv": [6, 3.125, 4.5, 1.75], "texture": "#0"}
			}
		},
		{
			"from": [6, 24.75, -4.47018],
			"to": [10, 28.75, -0.47018],
			"rotation": {"angle": 0, "axis": "x", "origin": [8.08333, 26.79734, 2.67181]},
			"faces": {
				"north": {"uv": [5.5, 4, 6, 4.5], "texture": "#0"},
				"east": {"uv": [5.375, 3.5, 5.875, 4], "texture": "#0"},
				"south": {"uv": [5.375, 3.625, 5.5, 3.5], "rotation": 270, "texture": "#0"},
				"west": {"uv": [5.875, 3.5, 5.375, 4], "texture": "#0"},
				"up": {"uv": [5.375, 3.625, 5.875, 3.5], "rotation": 270, "texture": "#0"},
				"down": {"uv": [5.875, 3.875, 5.375, 4], "rotation": 270, "texture": "#0"}
			}
		}
	],
	"gui_light": "front",
	"display": {
		"thirdperson_righthand": {
			"rotation": [63, 34, 0],
			"translation": [0, 1, -1],
			"scale": [0.37891, 0.37891, 0.37891]
		},
		"thirdperson_lefthand": {
			"rotation": [63, 34, 0],
			"translation": [0, 1, -1],
			"scale": [0.37891, 0.37891, 0.37891]
		},
		"firstperson_righthand": {
			"rotation": [3, 112, -13],
			"translation": [9.5, 0, -5.75],
			"scale": [0.35547, 0.35547, 0.35547]
		},
		"firstperson_lefthand": {
			"rotation": [3, 112, -13],
			"translation": [9.5, 0, -5.75],
			"scale": [0.35547, 0.35547, 0.35547]
		},
		"ground": {
			"translation": [0, 4.25, 0],
			"scale": [0.28906, 0.28906, 0.28906]
		},
		"gui": {
			"rotation": [30, -158, 0],
			"translation": [0.25, -1, 0],
			"scale": [0.52, 0.52, 0.52]
		},
		"head": {
			"translation": [0, -30.5, 0],
			"scale": [1.6, 1.6, 1.6]
		},
		"fixed": {
			"rotation": [-90, 0, 0],
			"translation": [0, 0.25, -19],
			"scale": [1.31, 1.31, 1.31]
		}
	}
}