{
	"credit": "Made with Blockbench",
	"textures": {
		"0": "block/petitcafe_neon_1",
		"particle": "block/petitcafe_neon_1"
	},
	"elements": [
		{
			"from": [-6.5, -15, 4],
			"to": [22.5, 32, 4],
			"rotation": {"angle": 0, "axis": "y", "origin": [-1.5, 0, 0]},
			"faces": {
				"north": {"uv": [0.25, 3.25, 3.875, 9.125], "texture": "#0"},
				"south": {"uv": [3.875, 3.25, 0.25, 9.125], "texture": "#0"},
				"down": {"uv": [0, 0, 0.125, 0.125], "texture": "#0"}
			}
		},
		{
			"from": [-5.5, -15, 12],
			"to": [21.5, 32, 12],
			"rotation": {"angle": 0, "axis": "y", "origin": [-1.5, 0, 0]},
			"faces": {
				"north": {"uv": [0.25, 3.25, 3.875, 9.125], "texture": "#0"},
				"south": {"uv": [3.875, 3.25, 0.25, 9.125], "texture": "#0"},
				"down": {"uv": [0, 0, 0.125, 0.125], "texture": "#0"}
			}
		},
		{
			"from": [-4.5, -16, 5],
			"to": [20.5, 4, 11],
			"rotation": {"angle": 0, "axis": "y", "origin": [0.5, 0, 0]},
			"faces": {
				"north": {"uv": [8, 0.25, 11.125, 2.75], "texture": "#0"},
				"east": {"uv": [15.875, 0.875, 15.125, 3.375], "texture": "#0"},
				"south": {"uv": [11.125, 0.25, 8, 2.75], "texture": "#0"},
				"west": {"uv": [15.875, 0.875, 15.125, 3.375], "texture": "#0"},
				"down": {"uv": [15.125, 3.25, 15.875, 3.375], "rotation": 90, "texture": "#0"}
			}
		},
		{
			"from": [-4.5, 16, 5],
			"to": [20.5, 25, 11],
			"rotation": {"angle": 0, "axis": "y", "origin": [0.5, 0, 0]},
			"faces": {
				"north": {"uv": [11.125, 1.5, 14.25, 2.625], "texture": "#0"},
				"east": {"uv": [15.875, 1.375, 15.125, 2.5], "texture": "#0"},
				"south": {"uv": [14.25, 1.5, 11.125, 2.625], "texture": "#0"},
				"west": {"uv": [15.875, 1.375, 15.125, 2.5], "texture": "#0"},
				"up": {"uv": [15.125, 1.25, 15.875, 1.375], "rotation": 90, "texture": "#0"}
			}
		},
		{
			"from": [2.5, 25, 5],
			"to": [9.5, 32, 11],
			"rotation": {"angle": 0, "axis": "y", "origin": [0.5, 0, 0]},
			"faces": {
				"north": {"uv": [15, 0, 15.875, 0.875], "texture": "#0"},
				"east": {"uv": [15.875, 2.5, 15.125, 3.375], "texture": "#0"},
				"south": {"uv": [15.875, 0, 15, 0.875], "texture": "#0"},
				"west": {"uv": [15.875, 2.5, 15.125, 3.375], "texture": "#0"},
				"up": {"uv": [15.125, 2.25, 15.875, 2.375], "rotation": 90, "texture": "#0"}
			}
		},
		{
			"from": [-7.5, 4, 5],
			"to": [23.5, 16, 11],
			"rotation": {"angle": 0, "axis": "y", "origin": [0.5, 0, 0]},
			"faces": {
				"north": {"uv": [11.125, 0, 15, 1.5], "texture": "#0"},
				"east": {"uv": [15.875, 1.875, 15.125, 3.375], "texture": "#0"},
				"south": {"uv": [15, 0, 11.125, 1.5], "texture": "#0"},
				"west": {"uv": [15.875, 1.875, 15.125, 3.375], "texture": "#0"},
				"up": {"uv": [15.125, 2.25, 15.875, 2.375], "rotation": 90, "texture": "#0"},
				"down": {"uv": [15.125, 1.375, 15.875, 1.5], "rotation": 90, "texture": "#0"}
			}
		}
	],
	"display": {
		"thirdperson_righthand": {
			"rotation": [63, 34, 0],
			"translation": [0, 1, -1],
			"scale": [0.37891, 0.37891, 0.37891]
		},
		"thirdperson_lefthand": {
			"rotation": [63, 34, 0],
			"translation": [0, 1, -1],
			"scale": [0.37891, 0.37891, 0.37891]
		},
		"firstperson_righthand": {
			"rotation": [3, 112, -13],
			"translation": [9.5, 0, -5.75],
			"scale": [0.35547, 0.35547, 0.35547]
		},
		"firstperson_lefthand": {
			"rotation": [3, 112, -13],
			"translation": [9.5, 0, -5.75],
			"scale": [0.35547, 0.35547, 0.35547]
		},
		"ground": {
			"translation": [0, 23, 0],
			"scale": [0.8, 0.8, 0.8]
		},
		"gui": {
			"rotation": [30, -158, 0],
			"translation": [0, 0.25, 0],
			"scale": [0.31, 0.31, 0.31]
		},
		"head": {
			"translation": [0, -5, 0],
			"scale": [1.6, 1.6, 1.6]
		},
		"fixed": {
			"translation": [0, 1.75, 15.75]
		}
	}
}