{
	"credit": "Made with Blockbench",
	"textures": {
		"0": "block/misc",
		"particle": "block/misc"
	},
	"elements": [
		{
			"from": [1, 0, 1],
			"to": [15, 4, 15],
			"rotation": {"angle": 0, "axis": "y", "origin": [9, 8, 9]},
			"faces": {
				"north": {"uv": [0, 0, 1.75, 0.5], "texture": "#0"},
				"east": {"uv": [0, 0.5, 1.75, 1], "texture": "#0"},
				"south": {"uv": [0, 0.5, 1.75, 1], "texture": "#0"},
				"west": {"uv": [0, 0.5, 1.75, 1], "texture": "#0"},
				"up": {"uv": [0, 1, 1.75, 2.75], "texture": "#0"},
				"down": {"uv": [3.25, 0, 5, 1.75], "texture": "#0"}
			}
		},
		{
			"from": [2, 4, 2],
			"to": [14, 7, 14],
			"rotation": {"angle": 0, "axis": "y", "origin": [8, 6.13791, 9.42284]},
			"faces": {
				"north": {"uv": [1.75, 0, 3.25, 0.375], "texture": "#0"},
				"east": {"uv": [3.25, 0.375, 1.75, 0.75], "texture": "#0"},
				"south": {"uv": [1.75, 3.375, 3.25, 3.75], "texture": "#0"},
				"west": {"uv": [1.75, 0.375, 3.25, 0.75], "texture": "#0"},
				"up": {"uv": [1.75, 1.125, 3.25, 2.625], "texture": "#0"},
				"down": {"uv": [3.25, 2, 3.375, 2.125], "texture": "#0"}
			}
		},
		{
			"from": [2.5, 7.25, 2],
			"to": [14.5, 7.25, 8],
			"rotation": {"angle": 0, "axis": "y", "origin": [8, 6.13791, 9.42284]},
			"faces": {
				"north": {"uv": [1.75, 0, 3.25, 0.375], "texture": "#0"},
				"east": {"uv": [3.25, 0.375, 1.75, 0.75], "texture": "#0"},
				"south": {"uv": [1.75, 3.375, 3.25, 3.75], "texture": "#0"},
				"west": {"uv": [1.75, 0.375, 3.25, 0.75], "texture": "#0"},
				"up": {"uv": [3.25, 1.75, 4.75, 2.5], "texture": "#0"},
				"down": {"uv": [3.25, 2.5, 4.75, 1.75], "texture": "#0"}
			}
		},
		{
			"from": [2, 7, 8],
			"to": [14, 10, 14],
			"rotation": {"angle": 0, "axis": "y", "origin": [8, 6.13791, 9.42284]},
			"faces": {
				"north": {"uv": [1.75, 2.625, 3.25, 3], "texture": "#0"},
				"east": {"uv": [2.5, 0.75, 1.75, 1.125], "texture": "#0"},
				"south": {"uv": [1.75, 3, 3.25, 3.375], "texture": "#0"},
				"west": {"uv": [1.75, 0.75, 2.5, 1.125], "texture": "#0"},
				"up": {"uv": [0.25, 2.75, 1.75, 3.5], "texture": "#0"},
				"down": {"uv": [2.75, 0.875, 2.875, 1], "texture": "#0"}
			}
		},
		{
			"from": [2, 11, 12],
			"to": [8, 14, 14],
			"rotation": {"angle": 0, "axis": "y", "origin": [8, 6.13791, 9.42284]},
			"faces": {
				"north": {"uv": [1, 3.5, 1.75, 3.875], "texture": "#0"},
				"east": {"uv": [1, 3.5, 0.75, 3.875], "texture": "#0"},
				"south": {"uv": [0, 3.75, 0.75, 4.125], "texture": "#0"},
				"west": {"uv": [0.75, 3.5, 1, 3.875], "texture": "#0"},
				"up": {"uv": [0, 3.5, 0.75, 3.75], "texture": "#0"},
				"down": {"uv": [0.875, 3.875, 1.625, 4.125], "texture": "#0"}
			}
		},
		{
			"from": [4, 10, 13],
			"to": [6, 11, 13],
			"rotation": {"angle": 0, "axis": "y", "origin": [8, 6.13791, 9.42284]},
			"faces": {
				"north": {"uv": [0, 4.125, 0.25, 4.25], "texture": "#0"},
				"south": {"uv": [0, 4.125, 0.25, 4.25], "texture": "#0"}
			}
		}
	],
	"display": {
		"thirdperson_righthand": {
			"rotation": [75, 45, 0],
			"translation": [0, 2.5, 0],
			"scale": [0.375, 0.375, 0.375]
		},
		"thirdperson_lefthand": {
			"rotation": [75, 45, 0],
			"translation": [0, 2.5, 0],
			"scale": [0.375, 0.375, 0.375]
		},
		"firstperson_righthand": {
			"rotation": [0, 45, 0],
			"scale": [0.4, 0.4, 0.4]
		},
		"firstperson_lefthand": {
			"rotation": [0, 225, 0],
			"scale": [0.4, 0.4, 0.4]
		},
		"ground": {
			"translation": [0, 3, 0],
			"scale": [0.25, 0.25, 0.25]
		},
		"gui": {
			"rotation": [30, 225, 0],
			"scale": [0.625, 0.625, 0.625]
		},
		"head": {
			"translation": [0, -30.25, 0],
			"scale": [1.6, 1.6, 1.6]
		},
		"fixed": {
			"rotation": [-90, 0, 0],
			"translation": [0, 0, -14.25],
			"scale": [2, 2, 2]
		}
	}
}