{
	"credit": "Made with Blockbench",
	"texture_size": [64, 64],
	"textures": {
		"0": "sables:item/blue_blaster",
		"particle": "sables:item/blue_blaster"
	},
	"elements": [
		{
			"from": [24, 5.5, 6.5],
			"to": [25, 8.5, 9.5],
			"rotation": {"angle": 45, "axis": "z", "origin": [24.5, 6, 8]},
			"faces": {
				"north": {"uv": [7.25, 0, 7.5, 0.75], "texture": "#0"},
				"east": {"uv": [6.75, 0, 7.5, 0.75], "texture": "#0"},
				"south": {"uv": [7.25, 0, 7.5, 0.75], "texture": "#0"},
				"west": {"uv": [6.75, 0, 7.5, 0.75], "texture": "#0"},
				"up": {"uv": [5, 0.5, 5.25, 1.25], "texture": "#0"},
				"down": {"uv": [6.75, 0.5, 7.5, 0.75], "rotation": 90, "texture": "#0"}
			}
		},
		{
			"from": [10, 5.5, 7.5],
			"to": [26, 6.5, 8.5],
			"rotation": {"angle": 0, "axis": "y", "origin": [13.5, 5.85355, 8]},
			"faces": {
				"north": {"uv": [0, 0.25, 4, 0], "texture": "#0"},
				"east": {"uv": [0.25, 0.25, 0, 0], "texture": "#0"},
				"south": {"uv": [4, 0.25, 0, 0], "texture": "#0"},
				"west": {"uv": [2.25, 0.25, 2, 0], "texture": "#0"},
				"up": {"uv": [4, 0.25, 0, 0], "texture": "#0"},
				"down": {"uv": [4, 0.25, 0, 0], "texture": "#0"}
			}
		},
		{
			"from": [-7, 4.5, 7],
			"to": [10, 7.5, 9],
			"rotation": {"angle": 0, "axis": "y", "origin": [13.5, 6, 8]},
			"faces": {
				"north": {"uv": [0, 0.25, 4.25, 1], "texture": "#0"},
				"east": {"uv": [0, 0.25, 0.25, 1], "texture": "#0"},
				"south": {"uv": [4.25, 0.25, 0, 1], "texture": "#0"},
				"west": {"uv": [4, 0.25, 4.25, 1], "texture": "#0"},
				"up": {"uv": [4.25, 0.25, 0, 0.5], "texture": "#0"},
				"down": {"uv": [4.25, 0.75, 0, 1], "texture": "#0"}
			}
		},
		{
			"from": [10, 3.5, 7],
			"to": [15, 5.5, 9],
			"rotation": {"angle": -45, "axis": "x", "origin": [12.5, 4.5, 8]},
			"faces": {
				"north": {"uv": [7.75, 0, 9, 0.5], "texture": "#0"},
				"east": {"uv": [9.25, 0, 9.75, 0.5], "rotation": 90, "texture": "#0"},
				"south": {"uv": [9, 0.5, 7.75, 0], "texture": "#0"},
				"west": {"uv": [10, 0, 10.5, 0.5], "texture": "#0"},
				"up": {"uv": [9, 0, 7.75, 0.5], "texture": "#0"},
				"down": {"uv": [9, 0, 7.75, 0.5], "texture": "#0"}
			}
		},
		{
			"from": [9.8, 3.3, 6.8],
			"to": [15.2, 5.7, 9.2],
			"rotation": {"angle": -45, "axis": "x", "origin": [12.5, 4.5, 8]},
			"faces": {
				"north": {"uv": [7.75, 0.5, 9, 1], "texture": "#0"},
				"east": {"uv": [9.25, 0.5, 9.75, 1], "rotation": 90, "texture": "#0"},
				"south": {"uv": [9, 1, 7.75, 0.5], "texture": "#0"},
				"west": {"uv": [9.25, 0.5, 9.75, 1], "texture": "#0"},
				"up": {"uv": [9, 0.5, 7.75, 1], "texture": "#0"},
				"down": {"uv": [9, 0.5, 7.75, 1], "texture": "#0"}
			}
		},
		{
			"from": [-10, 5, 7],
			"to": [-7, 7, 9],
			"rotation": {"angle": 0, "axis": "y", "origin": [13.5, 6, 8]},
			"faces": {
				"north": {"uv": [7, 1.5, 7.75, 2], "texture": "#0"},
				"east": {"uv": [7, 1.5, 7.25, 1.75], "texture": "#0"},
				"south": {"uv": [7.75, 1.5, 7, 2], "texture": "#0"},
				"west": {"uv": [7, 1.5, 7.25, 1.75], "texture": "#0"},
				"up": {"uv": [7.75, 1.5, 7, 1.75], "texture": "#0"},
				"down": {"uv": [7.75, 1.75, 7, 2], "texture": "#0"}
			}
		},
		{
			"from": [-11, 3, 7],
			"to": [-10, 8, 9],
			"rotation": {"angle": 0, "axis": "y", "origin": [13.5, 6, 8]},
			"faces": {
				"north": {"uv": [7.75, 1.25, 8, 2.5], "texture": "#0"},
				"east": {"uv": [7.75, 1.25, 8, 2.5], "texture": "#0"},
				"south": {"uv": [7.75, 1.25, 8, 2.5], "texture": "#0"},
				"west": {"uv": [7.75, 1.25, 8, 2.5], "texture": "#0"},
				"up": {"uv": [7.75, 1.25, 8, 1.5], "texture": "#0"},
				"down": {"uv": [7.75, 2.25, 8, 2.5], "texture": "#0"}
			}
		},
		{
			"from": [-6.5, 7.5, 7.5],
			"to": [5.5, 8.5, 8.5],
			"rotation": {"angle": 45, "axis": "x", "origin": [1.5, 8, 8]},
			"faces": {
				"north": {"uv": [3, 4.25, 0, 4.5], "texture": "#0"},
				"east": {"uv": [0.25, 4.25, 0, 4.5], "texture": "#0"},
				"south": {"uv": [0, 4.25, 3, 4.5], "texture": "#0"},
				"west": {"uv": [0.25, 4.25, 0, 4.5], "texture": "#0"},
				"up": {"uv": [0, 4.25, 3, 4.5], "texture": "#0"},
				"down": {"uv": [0, 4.25, 3, 4.5], "texture": "#0"}
			}
		},
		{
			"from": [15, 5, 7],
			"to": [16, 7, 9],
			"rotation": {"angle": 45, "axis": "x", "origin": [13.5, 6, 8]},
			"faces": {
				"north": {"uv": [0.25, 2, 0.5, 2.5], "texture": "#0"},
				"east": {"uv": [0, 2, 0.5, 2.5], "texture": "#0"},
				"south": {"uv": [0, 2, 0.25, 2.5], "texture": "#0"},
				"west": {"uv": [0.5, 2, 0, 2.5], "texture": "#0"},
				"up": {"uv": [0.25, 2, 0.5, 2.5], "texture": "#0"},
				"down": {"uv": [0, 2.5, 0.25, 2], "texture": "#0"}
			}
		},
		{
			"from": [-8, 9.5, 7],
			"to": [2, 11.5, 9],
			"rotation": {"angle": 45, "axis": "x", "origin": [-2.5, 10.5, 8]},
			"faces": {
				"north": {"uv": [2, 2.75, 4.5, 3.25], "texture": "#0"},
				"east": {"uv": [3.25, 2, 3.75, 2.5], "texture": "#0"},
				"south": {"uv": [4.5, 2.75, 2, 3.25], "texture": "#0"},
				"west": {"uv": [3.25, 2, 3.75, 2.5], "rotation": 90, "texture": "#0"},
				"up": {"uv": [4.5, 2.75, 2, 3.25], "texture": "#0"},
				"down": {"uv": [4.5, 2.75, 2, 3.25], "texture": "#0"}
			}
		},
		{
			"from": [-6, 8.5, 7.5],
			"to": [1, 9.5, 8.5],
			"rotation": {"angle": 0, "axis": "y", "origin": [8.5, 6, 8]},
			"faces": {
				"north": {"uv": [0, 4, 1.75, 3.75], "texture": "#0"},
				"east": {"uv": [0.25, 4, 0, 3.75], "texture": "#0"},
				"south": {"uv": [1.75, 4, 0, 3.75], "texture": "#0"},
				"west": {"uv": [1.5, 4, 1.75, 3.75], "texture": "#0"},
				"up": {"uv": [1.75, 4, 0, 3.75], "texture": "#0"},
				"down": {"uv": [1.75, 4, 0, 3.75], "texture": "#0"}
			}
		},
		{
			"from": [-2, 5.5, 6],
			"to": [4, 6.5, 7],
			"rotation": {"angle": 45, "axis": "x", "origin": [1, 6, 6.5]},
			"faces": {
				"north": {"uv": [0, 3.25, 1.5, 3], "texture": "#0"},
				"east": {"uv": [0, 3.25, 0.25, 3], "texture": "#0"},
				"south": {"uv": [0, 3.25, 1.5, 3], "texture": "#0"},
				"west": {"uv": [1.25, 3.25, 1.5, 3], "texture": "#0"},
				"up": {"uv": [0, 3.25, 1.5, 3], "texture": "#0"},
				"down": {"uv": [1.5, 3.25, 0, 3], "texture": "#0"}
			}
		},
		{
			"from": [-4, 3.5, 7],
			"to": [1, 4.5, 9],
			"rotation": {"angle": 0, "axis": "y", "origin": [10.5, 6, 8]},
			"faces": {
				"north": {"uv": [4.5, 1.25, 5.75, 1.5], "texture": "#0"},
				"east": {"uv": [4.5, 1.25, 4.75, 1.5], "texture": "#0"},
				"south": {"uv": [5.75, 1.25, 4.5, 1.5], "texture": "#0"},
				"west": {"uv": [5.5, 1.25, 5.75, 1.5], "texture": "#0"},
				"up": {"uv": [5.75, 1.25, 4.5, 1.5], "texture": "#0"},
				"down": {"uv": [5.75, 1.25, 4.5, 1.5], "texture": "#0"}
			}
		},
		{
			"from": [-3.90418, 2.38357, 7.4],
			"to": [0.09582, 4.38357, 8.6],
			"rotation": {"angle": 0, "axis": "y", "origin": [-2.49477, 3.95776, 8]},
			"faces": {
				"north": {"uv": [5.75, 1.75, 6.75, 2.25], "texture": "#0"},
				"east": {"uv": [5.75, 1.75, 6, 2.25], "texture": "#0"},
				"south": {"uv": [5.75, 1.75, 6.75, 2.25], "texture": "#0"},
				"west": {"uv": [6.5, 1.75, 6.75, 2.25], "texture": "#0"},
				"up": {"uv": [6.25, 1.75, 6.5, 2], "texture": "#0"},
				"down": {"uv": [6.25, 1.75, 6.5, 2], "texture": "#0"}
			}
		},
		{
			"from": [-2.37825, -4.15197, 7.5],
			"to": [0.62175, 4.84803, 8.5],
			"rotation": {"angle": -45, "axis": "z", "origin": [-2.49477, 3.95776, 8]},
			"faces": {
				"north": {"uv": [4.75, 1.75, 5.5, 4], "texture": "#0"},
				"east": {"uv": [4.75, 1.75, 5, 4], "texture": "#0"},
				"south": {"uv": [4.75, 1.75, 5.5, 4], "texture": "#0"},
				"west": {"uv": [5.25, 1.75, 5.5, 4], "texture": "#0"},
				"up": {"uv": [5, 1.75, 5.25, 2], "texture": "#0"},
				"down": {"uv": [5, 1.75, 5.25, 2], "texture": "#0"}
			}
		},
		{
			"from": [-7.25, 4.25, 6.75],
			"to": [10.25, 7.75, 9.25],
			"rotation": {"angle": 0, "axis": "y", "origin": [13.5, 6, 8]},
			"faces": {
				"north": {"uv": [0, 1, 4.25, 1.75], "texture": "#0"},
				"east": {"uv": [0, 1, 0.25, 1.75], "texture": "#0"},
				"south": {"uv": [4.25, 1, 0, 1.75], "texture": "#0"},
				"west": {"uv": [4, 1, 4.25, 1.75], "texture": "#0"},
				"up": {"uv": [4.25, 1, 0, 1.25], "texture": "#0"},
				"down": {"uv": [4.25, 1.5, 0, 1.75], "texture": "#0"}
			}
		},
		{
			"from": [-3, 6, 5],
			"to": [3, 6, 6],
			"rotation": {"angle": 0, "axis": "y", "origin": [11.5, 6, 8]},
			"faces": {
				"north": {"uv": [0, 0, 1.5, 0], "texture": "#missing"},
				"east": {"uv": [0, 0, 0.25, 0], "texture": "#missing"},
				"south": {"uv": [0, 0, 1.5, 0], "texture": "#missing"},
				"west": {"uv": [0, 0, 0.25, 0], "texture": "#missing"},
				"up": {"uv": [1.75, 3.5, 0.25, 3.25], "texture": "#0"},
				"down": {"uv": [1.75, 3.5, 0.25, 3.25], "texture": "#0"}
			}
		},
		{
			"from": [22, 5, 7],
			"to": [23, 7, 9],
			"rotation": {"angle": 45, "axis": "x", "origin": [13.5, 6, 8]},
			"faces": {
				"north": {"uv": [0.25, 2, 0.5, 2.5], "texture": "#0"},
				"east": {"uv": [0, 2, 0.5, 2.5], "texture": "#0"},
				"south": {"uv": [0, 2, 0.25, 2.5], "texture": "#0"},
				"west": {"uv": [0.5, 2, 0, 2.5], "texture": "#0"},
				"up": {"uv": [0.25, 2, 0.5, 2.5], "texture": "#0"},
				"down": {"uv": [0, 2.5, 0.25, 2], "texture": "#0"}
			}
		},
		{
			"from": [3, 9, 6.5],
			"to": [5, 12, 9.5],
			"rotation": {"angle": 0, "axis": "y", "origin": [14, 6, 8]},
			"faces": {
				"north": {"uv": [6.75, 2.5, 7.25, 3.25], "texture": "#0"},
				"east": {"uv": [5.5, 2.25, 5.75, 2.5], "texture": "#0"},
				"south": {"uv": [7.25, 2.5, 6.75, 3.25], "texture": "#0"},
				"west": {"uv": [5.5, 2.25, 5.75, 2.5], "texture": "#0"},
				"up": {"uv": [7.25, 2.5, 6.75, 2.75], "texture": "#0"},
				"down": {"uv": [5.5, 2.25, 5.75, 2.5], "texture": "#0"}
			}
		},
		{
			"from": [-9, 9, 6.5],
			"to": [-8, 12, 9.5],
			"rotation": {"angle": 0, "axis": "y", "origin": [14, 6, 8]},
			"faces": {
				"north": {"uv": [5.75, 2.5, 6, 3.25], "texture": "#0"},
				"east": {"uv": [5.75, 2.5, 6.5, 3.25], "texture": "#0"},
				"south": {"uv": [5.75, 2.5, 6, 3.25], "texture": "#0"},
				"west": {"uv": [5.75, 2.5, 6.5, 3.25], "texture": "#0"},
				"up": {"uv": [5.75, 2.5, 6.5, 2.75], "rotation": 90, "texture": "#0"},
				"down": {"uv": [5.75, 3, 6.5, 3.25], "rotation": 90, "texture": "#0"}
			}
		},
		{
			"from": [-3, 6, 10],
			"to": [3, 6, 11],
			"rotation": {"angle": 0, "axis": "y", "origin": [11.5, 6, 8]},
			"faces": {
				"north": {"uv": [1.5, 0, 0, 0], "texture": "#missing"},
				"east": {"uv": [0.25, 0, 0, 0], "texture": "#missing"},
				"south": {"uv": [1.5, 0, 0, 0], "texture": "#missing"},
				"west": {"uv": [0.25, 0, 0, 0], "texture": "#missing"},
				"up": {"uv": [1.75, 3.25, 0.25, 3.5], "texture": "#0"},
				"down": {"uv": [1.75, 3.25, 0.25, 3.5], "texture": "#0"}
			}
		},
		{
			"from": [-2, 5.5, 9],
			"to": [4, 6.5, 10],
			"rotation": {"angle": -45, "axis": "x", "origin": [1, 6, 9.5]},
			"faces": {
				"north": {"uv": [1.5, 3.25, 0, 3], "texture": "#0"},
				"east": {"uv": [0.25, 3.25, 0, 3], "texture": "#0"},
				"south": {"uv": [1.5, 3.25, 0, 3], "texture": "#0"},
				"west": {"uv": [1.5, 3.25, 1.25, 3], "texture": "#0"},
				"up": {"uv": [0, 3, 1.5, 3.25], "texture": "#0"},
				"down": {"uv": [1.5, 3, 0, 3.25], "texture": "#0"}
			}
		},
		{
			"from": [-8.25, 9.25, 6.75],
			"to": [2.25, 11.75, 9.25],
			"rotation": {"angle": 45, "axis": "x", "origin": [-2.5, 10.5, 8]},
			"faces": {
				"north": {"uv": [2, 3.5, 4.5, 4], "texture": "#0"},
				"east": {"uv": [3.25, 2, 3.75, 2.5], "texture": "#0"},
				"south": {"uv": [4.5, 4, 2, 3.5], "texture": "#0"},
				"west": {"uv": [3.25, 2, 3.75, 2.5], "rotation": 90, "texture": "#0"},
				"up": {"uv": [4.5, 3.5, 2, 4], "texture": "#0"},
				"down": {"uv": [4.5, 3.5, 2, 4], "texture": "#0"}
			}
		},
		{
			"from": [-1, 0.5, 8],
			"to": [7, 4.5, 8],
			"rotation": {"angle": 0, "axis": "y", "origin": [10.5, 6, 8]},
			"faces": {
				"north": {"uv": [4.5, 0, 6.5, 1], "texture": "#0"},
				"east": {"uv": [0, 0, 0, 4], "texture": "#missing"},
				"south": {"uv": [6.5, 0, 4.5, 1], "texture": "#0"},
				"west": {"uv": [0, 0, 0, 4], "texture": "#missing"},
				"up": {"uv": [0, 0, 8, 0], "texture": "#missing"},
				"down": {"uv": [0, 0, 8, 0], "texture": "#missing"}
			}
		},
		{
			"from": [-8.14682, -3.85908, 7],
			"to": [-4.14682, -1.85908, 9],
			"rotation": {"angle": 0, "axis": "y", "origin": [-2.49477, 3.95776, 8]},
			"faces": {
				"north": {"uv": [5.75, 1.75, 6.75, 2.25], "texture": "#0"},
				"east": {"uv": [5.75, 1.75, 6, 2.25], "texture": "#0"},
				"south": {"uv": [5.75, 1.75, 6.75, 2.25], "texture": "#0"},
				"west": {"uv": [6.5, 1.75, 6.75, 2.25], "texture": "#0"},
				"up": {"uv": [6.25, 1.75, 6.5, 2], "texture": "#0"},
				"down": {"uv": [6.25, 1.75, 6.5, 2], "texture": "#0"}
			}
		},
		{
			"from": [2, 9, 6.5],
			"to": [3, 12, 9.5],
			"rotation": {"angle": 0, "axis": "y", "origin": [14, 6, 8]},
			"faces": {
				"north": {"uv": [5.75, 2.5, 6, 3.25], "texture": "#0"},
				"east": {"uv": [5.75, 2.5, 6.5, 3.25], "texture": "#0"},
				"south": {"uv": [5.75, 2.5, 6, 3.25], "texture": "#0"},
				"west": {"uv": [5.75, 2.5, 6.5, 3.25], "texture": "#0"},
				"up": {"uv": [5.75, 2.5, 6.5, 2.75], "rotation": 90, "texture": "#0"},
				"down": {"uv": [5.75, 3, 6.5, 3.25], "rotation": 90, "texture": "#0"}
			}
		}
	],
	"gui_light": "front",
	"display": {
		"thirdperson_righthand": {
			"rotation": [0, 90, 0],
			"translation": [-0.5, 2.75, -4.5],
			"scale": [0.6, 0.6, 0.6]
		},
		"thirdperson_lefthand": {
			"rotation": [0, -90, 0],
			"translation": [-0.5, 2.75, -4.5],
			"scale": [0.6, 0.6, 0.6]
		},
		"firstperson_righthand": {
			"rotation": [-180, 80.75, -180],
			"translation": [3.75, 3, -6],
			"scale": [0.8, 0.8, 0.8]
		},
		"firstperson_lefthand": {
			"rotation": [-180, -92.5, -180],
			"translation": [3.75, 2.75, -6],
			"scale": [0.8, 0.8, 0.8]
		},
		"ground": {
			"translation": [0, 6.5, 0],
			"scale": [0.7, 0.7, 0.7]
		},
		"gui": {
			"rotation": [15.43, -24, 1.46],
			"translation": [0.5, 1.75, 0],
			"scale": [0.43633, 0.43633, 0.43633]
		},
		"head": {
			"scale": [0.34, 0.34, 0.34]
		},
		"fixed": {
			"translation": [1.5, 2.5, -1]
		}
	},
	"groups": [
		{
			"name": "group",
			"origin": [17, 6, 8],
			"color": 0,
			"children": [0, 1, 2, 3, 4, 5, 6, 7, 8, 9, 10, 11, 12, 13, 14, 15, 16, 17, 18, 19, 20, 21, 22, 23, 24, 25]
		}
	]
}