{
	"credit": "Made with Blockbench",
	"texture_size": [32, 32],
	"textures": {
		"1": "sables:item/red_tibanna"
	},
	"elements": [
		{
			"from": [5.9, 0.7, 5.5],
			"to": [10.1, 15.4, 9.7],
			"rotation": {"angle": 0, "axis": "y", "origin": [2.4, 1.4, 2]},
			"faces": {
				"north": {"uv": [0, 0, 2, 7.25], "texture": "#1"},
				"east": {"uv": [2, 0, 4, 7.25], "texture": "#1"},
				"south": {"uv": [4, 0, 6, 7.25], "texture": "#1"},
				"west": {"uv": [6, 0, 8, 7.25], "texture": "#1"},
				"up": {"uv": [2, 9.5, 0, 7.5], "texture": "#1"},
				"down": {"uv": [4, 7.5, 2, 9.5], "texture": "#1"}
			}
		},
		{
			"from": [6.6, 15.4, 6.2],
			"to": [9.4, 16.1, 9],
			"rotation": {"angle": 0, "axis": "y", "origin": [2.4, 1.4, 2]},
			"faces": {
				"north": {"uv": [8.5, 7.5, 10, 7.75], "texture": "#1"},
				"east": {"uv": [8.5, 8, 10, 8.25], "texture": "#1"},
				"south": {"uv": [8.5, 8.5, 10, 8.75], "texture": "#1"},
				"west": {"uv": [9, 1.5, 10.5, 1.75], "texture": "#1"},
				"up": {"uv": [5.5, 9, 4, 7.5], "texture": "#1"},
				"down": {"uv": [7, 7.5, 5.5, 9], "texture": "#1"}
			}
		},
		{
			"from": [7.3, 16.1, 6.9],
			"to": [8.7, 17.5, 8.3],
			"rotation": {"angle": 0, "axis": "y", "origin": [2.4, 1.4, 2]},
			"faces": {
				"north": {"uv": [8, 1.5, 8.75, 2.25], "texture": "#1"},
				"east": {"uv": [8, 2.5, 8.75, 3.25], "texture": "#1"},
				"south": {"uv": [8, 3.5, 8.75, 4.25], "texture": "#1"},
				"west": {"uv": [8, 4.5, 8.75, 5.25], "texture": "#1"},
				"up": {"uv": [8.75, 6.25, 8, 5.5], "texture": "#1"},
				"down": {"uv": [8.75, 6.5, 8, 7.25], "texture": "#1"}
			}
		},
		{
			"from": [6.6, 0, 6.2],
			"to": [9.4, 0.7, 9],
			"rotation": {"angle": 0, "axis": "y", "origin": [2.4, 12.6, 2]},
			"faces": {
				"north": {"uv": [9, 2, 10.5, 2.25], "texture": "#1"},
				"east": {"uv": [9, 2.5, 10.5, 2.75], "texture": "#1"},
				"south": {"uv": [9, 3, 10.5, 3.25], "texture": "#1"},
				"west": {"uv": [9, 3.5, 10.5, 3.75], "texture": "#1"},
				"up": {"uv": [8.5, 9, 7, 7.5], "texture": "#1"},
				"down": {"uv": [9.5, 0, 8, 1.5], "texture": "#1"}
			}
		}
	],
	"gui_light": "front",
	"display": {
		"thirdperson_righthand": {
			"translation": [0, -0.25, -0.5],
			"scale": [0.3, 0.3, 0.3]
		},
		"thirdperson_lefthand": {
			"translation": [0, -0.25, -0.5],
			"scale": [0.3, 0.3, 0.3]
		},
		"firstperson_righthand": {
			"rotation": [0, -90, 25],
			"translation": [3.13, 0.95, 1.13],
			"scale": [0.3, 0.3, 0.3]
		},
		"firstperson_lefthand": {
			"rotation": [0, -90, 25],
			"translation": [3.13, 0.95, 1.13],
			"scale": [0.3, 0.3, 0.3]
		},
		"ground": {
			"translation": [0, 2, 0],
			"scale": [0.5, 0.5, 0.5]
		},
		"gui": {
			"rotation": [30, 225, 0],
			"scale": [0.625, 0.625, 0.625]
		},
		"head": {
			"rotation": [0, 180, 0],
			"translation": [0, 2.25, -0.25],
			"scale": [0.37, 0.37, 0.37]
		},
		"fixed": {
			"rotation": [0, 180, 0],
			"scale": [0.5, 0.5, 0.5]
		}
	},
	"groups": [
		{
			"name": "group",
			"origin": [0, 0, 0],
			"color": 0,
			"children": [0, 1, 2, 3]
		}
	]
}