{
	"credit": "Made with Blockbench",
	"texture_size": [32, 32],
	"textures": {
		"1": "sables:item/sable_negro",
		"3": "sables:item/sable_negro_rayos",
		"particle": "sables:item/sable_negro"
	},
	"elements": [
		{
			"from": [7.5, 7, 7.5],
			"to": [8.5, 7.5, 8.5],
			"rotation": {"angle": 0, "axis": "y", "origin": [7.96231, 10.75, 7.9779]},
			"faces": {
				"north": {"uv": [8.66667, 7.33333, 10, 6.66667], "texture": "#1"},
				"east": {"uv": [7.33333, 7.33333, 8.66667, 6.66667], "texture": "#1"},
				"south": {"uv": [11.33333, 7.33333, 12.66667, 6.66667], "texture": "#1"},
				"west": {"uv": [10, 7.33333, 11.33333, 6.66667], "texture": "#1"},
				"up": {"uv": [11.33333, 6.66667, 10, 5.33333], "texture": "#1"},
				"down": {"uv": [10, 5.33333, 8.66667, 6.66667], "texture": "#1"}
			}
		},
		{
			"from": [7.5, 10.5, 7.5],
			"to": [8.5, 10.75, 8.5],
			"rotation": {"angle": 0, "axis": "y", "origin": [7.96231, 10.75, 7.9779]},
			"faces": {
				"north": {"uv": [8.66667, 9.33333, 10, 9], "texture": "#1"},
				"east": {"uv": [7.33333, 9.33333, 8.66667, 9], "texture": "#1"},
				"south": {"uv": [11.33333, 9.33333, 12.66667, 9], "texture": "#1"},
				"west": {"uv": [10, 9.33333, 11.33333, 9], "texture": "#1"},
				"up": {"uv": [11.33333, 9, 10, 7.66667], "texture": "#1"},
				"down": {"uv": [10, 7.66667, 8.66667, 9], "texture": "#1"}
			}
		},
		{
			"from": [4.675, 8.525, 7.5],
			"to": [4.925, 9.525, 8.5],
			"rotation": {"angle": 0, "axis": "y", "origin": [5, 10.625, 8]},
			"faces": {
				"north": {"uv": [8.66667, 9.33333, 10, 9], "rotation": 90, "texture": "#1"},
				"east": {"uv": [10, 7.66667, 8.66667, 9], "rotation": 270, "texture": "#1"},
				"south": {"uv": [11.33333, 9.33333, 12.66667, 9], "rotation": 270, "texture": "#1"},
				"west": {"uv": [11.33333, 9, 10, 7.66667], "rotation": 270, "texture": "#1"},
				"up": {"uv": [7.33333, 9.33333, 8.66667, 9], "rotation": 270, "texture": "#1"},
				"down": {"uv": [10, 9.33333, 11.33333, 9], "rotation": 270, "texture": "#1"}
			}
		},
		{
			"from": [7.625, 7.5, 7.625],
			"to": [8.375, 10.5, 8.375],
			"rotation": {"angle": 0, "axis": "y", "origin": [7.96231, 10.75, 7.9779]},
			"faces": {
				"north": {"uv": [8.33333, 5, 9.33333, 1], "texture": "#1"},
				"east": {"uv": [7.33333, 5, 8.33333, 1], "texture": "#1"},
				"south": {"uv": [10.33333, 5, 11.33333, 1], "texture": "#1"},
				"west": {"uv": [9.33333, 5, 10.33333, 1], "texture": "#1"},
				"up": {"uv": [10.33333, 1, 9.33333, 0], "texture": "#1"},
				"down": {"uv": [9.33333, 0, 8.33333, 1], "texture": "#1"}
			}
		},
		{
			"from": [4.9, 8.625, 7.626],
			"to": [7.9, 9.375, 8.366],
			"rotation": {"angle": 0, "axis": "y", "origin": [6.1, 9, 8]},
			"faces": {
				"north": {"uv": [8.33333, 5, 9.33333, 1], "rotation": 270, "texture": "#1"},
				"east": {"uv": [10.33333, 1, 9.33333, 0], "rotation": 90, "texture": "#1"},
				"south": {"uv": [10.33333, 5, 11.33333, 1], "rotation": 90, "texture": "#1"},
				"west": {"uv": [9.33333, 0, 8.33333, 1], "rotation": 90, "texture": "#1"},
				"up": {"uv": [9.33333, 5, 10.33333, 1], "rotation": 90, "texture": "#1"},
				"down": {"uv": [7.33333, 5, 8.33333, 1], "rotation": 90, "texture": "#1"}
			}
		},
		{
			"from": [7.5, 10.5, 7.5],
			"to": [8.5, 10.75, 8.5],
			"rotation": {"angle": 0, "axis": "y", "origin": [7.96231, 10.75, 7.9779]},
			"faces": {
				"north": {"uv": [8.66667, 9.33333, 10, 9], "texture": "#1"},
				"east": {"uv": [7.33333, 9.33333, 8.66667, 9], "texture": "#1"},
				"south": {"uv": [11.33333, 9.33333, 12.66667, 9], "texture": "#1"},
				"west": {"uv": [10, 9.33333, 11.33333, 9], "texture": "#1"},
				"up": {"uv": [11.33333, 9, 10, 7.66667], "texture": "#1"},
				"down": {"uv": [10, 7.66667, 8.66667, 9], "texture": "#1"}
			}
		},
		{
			"from": [7.625, 7.5, 7.625],
			"to": [8.375, 10.5, 8.375],
			"rotation": {"angle": 0, "axis": "y", "origin": [7.96231, 10.75, 7.9779]},
			"faces": {
				"north": {"uv": [8.33333, 5, 9.33333, 1], "texture": "#1"},
				"east": {"uv": [7.33333, 5, 8.33333, 1], "texture": "#1"},
				"south": {"uv": [10.33333, 5, 11.33333, 1], "texture": "#1"},
				"west": {"uv": [9.33333, 5, 10.33333, 1], "texture": "#1"},
				"up": {"uv": [10.33333, 1, 9.33333, 0], "texture": "#1"},
				"down": {"uv": [9.33333, 0, 8.33333, 1], "texture": "#1"}
			}
		},
		{
			"from": [7.51302, 6.9996, 7.47513],
			"to": [8.51301, 7.2496, 8.47513],
			"rotation": {"angle": 0, "axis": "y", "origin": [7.96231, 10.75, 7.9779]},
			"faces": {
				"north": {"uv": [11.33333, 9.33333, 12.66667, 9], "rotation": 180, "texture": "#1"},
				"east": {"uv": [7.33333, 9.33333, 8.66667, 9], "rotation": 180, "texture": "#1"},
				"south": {"uv": [8.66667, 9.33333, 10, 9], "rotation": 180, "texture": "#1"},
				"west": {"uv": [10, 9.33333, 11.33333, 9], "rotation": 180, "texture": "#1"},
				"up": {"uv": [10, 7.66667, 8.66667, 9], "texture": "#1"},
				"down": {"uv": [11.33333, 9, 10, 7.66667], "texture": "#1"}
			}
		},
		{
			"name": "lighting",
			"from": [7.94209, 2.3, 6.30142],
			"to": [7.94209, 7.8, 9.55142],
			"rotation": {"angle": 45, "axis": "y", "origin": [7.96231, 10.75, 7.9779]},
			"faces": {
				"north": {"uv": [13.0606, 14.0606, 15.96969, 5.0606], "texture": "#3"},
				"east": {"uv": [0, 11, 6.5, 0], "texture": "#3"},
				"south": {"uv": [11.57576, 11.87878, 15.21212, 2.87878], "texture": "#3"},
				"west": {"uv": [0, 11, 6.5, 0], "texture": "#3"},
				"up": {"uv": [16, 4.33333, 10.90909, 0], "texture": "#3"},
				"down": {"uv": [16, 0, 10.90909, 4.33333], "texture": "#3"}
			}
		},
		{
			"from": [7.75, 1.75, 7.75],
			"to": [8.25, 7, 8.25],
			"rotation": {"angle": 0, "axis": "y", "origin": [7.96231, 10.75, 7.9779]},
			"faces": {
				"north": {"uv": [5, 11.33333, 5.66667, 0.66667], "texture": "#1"},
				"east": {"uv": [4.33333, 11.33333, 5, 0.66667], "texture": "#1"},
				"south": {"uv": [6.33333, 11.33333, 7, 0.66667], "texture": "#1"},
				"west": {"uv": [5.66667, 11.33333, 6.33333, 0.66667], "texture": "#1"},
				"up": {"uv": [6.33333, 0.66667, 5.66667, 0], "texture": "#1"},
				"down": {"uv": [5.66667, 0, 5, 0.66667], "texture": "#1"}
			}
		},
		{
			"from": [8.375, 6.9975, 8.375],
			"to": [7.625, 1.6225, 7.625],
			"rotation": {"angle": 0, "axis": "y", "origin": [7.96231, 10.75, 7.9779]},
			"faces": {
				"north": {"uv": [1, 1, 2, 12], "texture": "#1"},
				"east": {"uv": [0, 1, 1, 12], "texture": "#1"},
				"south": {"uv": [4, 1, 3, 12], "texture": "#1"},
				"west": {"uv": [2, 1, 3, 12], "texture": "#1"},
				"up": {"uv": [1, 0, 2, 1], "texture": "#1"},
				"down": {"uv": [1, 1, 2, 0], "texture": "#1"}
			}
		}
	],
	"gui_light": "front",
	"display": {
		"thirdperson_righthand": {
			"rotation": [-90, 0, 0],
			"translation": [3.5, -2, 3.75],
			"scale": [2, 2, 2]
		},
		"thirdperson_lefthand": {
			"rotation": [90, 0, -180],
			"translation": [3.5, -2, 3.75],
			"scale": [2, 2, 2]
		},
		"firstperson_righthand": {
			"rotation": [-44.25, -18, 0],
			"translation": [3.75, -0.75, 1.5],
			"scale": [1.4, 1.4, 1.4]
		},
		"firstperson_lefthand": {
			"rotation": [-44.25, 172, 0],
			"translation": [3.75, -0.75, 1.5],
			"scale": [1.4, 1.4, 1.4]
		},
		"ground": {
			"rotation": [0, 0, 180],
			"translation": [0, -2, 0],
			"scale": [2.01, 2.01, 2.01]
		},
		"gui": {
			"rotation": [0, -180, 45],
			"translation": [1.25, 2.75, -2.5],
			"scale": [1.92, 1.92, 1.92]
		},
		"fixed": {
			"rotation": [0, 0, 45],
			"translation": [-1.5, 5.5, -2],
			"scale": [3.42, 3.42, 3.42]
		}
	},
	"groups": [
		{
			"name": "group",
			"origin": [8, 27, 6],
			"color": 0,
			"children": [
				{
					"name": "group",
					"origin": [8, 27, 6],
					"color": 0,
					"children": [
						{
							"name": "group",
							"origin": [8.02603, 13.76961, 8],
							"color": 0,
							"children": [0, 1, 2, 3, 4, 5, 6, 7, 8, 9, 10]
						}
					]
				}
			]
		}
	]
}