{
	"credit": "Made with Blockbench",
	"texture_size": [32, 32],
	"textures": {
		"1": "sables:item/sable_azul",
		"particle": "sables:item/sable_azul"
	},
	"elements": [
		{
			"from": [7.5, 11.25, 7.5],
			"to": [8.5, 11.75, 8.5],
			"rotation": {"angle": 0, "axis": "y", "origin": [7.96231, 8, 7.9779]},
			"faces": {
				"north": {"uv": [8.66667, 6.66667, 10, 7.33333], "texture": "#1"},
				"east": {"uv": [7.33333, 6.66667, 8.66667, 7.33333], "texture": "#1"},
				"south": {"uv": [11.33333, 6.66667, 12.66667, 7.33333], "texture": "#1"},
				"west": {"uv": [10, 6.66667, 11.33333, 7.33333], "texture": "#1"},
				"up": {"uv": [10, 6.66667, 8.66667, 5.33333], "texture": "#1"},
				"down": {"uv": [11.33333, 5.33333, 10, 6.66667], "texture": "#1"}
			}
		},
		{
			"from": [7.5, -4, 7.5],
			"to": [8.5, -3.75, 8.5],
			"rotation": {"angle": 0, "axis": "y", "origin": [7.96231, 8, 7.9779]},
			"faces": {
				"north": {"uv": [8.66667, 9, 10, 9.33333], "texture": "#1"},
				"east": {"uv": [7.33333, 9, 8.66667, 9.33333], "texture": "#1"},
				"south": {"uv": [11.33333, 9, 12.66667, 9.33333], "texture": "#1"},
				"west": {"uv": [10, 9, 11.33333, 9.33333], "texture": "#1"},
				"up": {"uv": [10, 9, 8.66667, 7.66667], "texture": "#1"},
				"down": {"uv": [11.33333, 7.66667, 10, 9], "texture": "#1"}
			}
		},
		{
			"from": [7.625, 8.25, 7.625],
			"to": [8.375, 11.25, 8.375],
			"rotation": {"angle": 0, "axis": "y", "origin": [7.96231, 8, 7.9779]},
			"faces": {
				"north": {"uv": [8.33333, 1, 9.33333, 5], "texture": "#1"},
				"east": {"uv": [7.33333, 1, 8.33333, 5], "texture": "#1"},
				"south": {"uv": [10.33333, 1, 11.33333, 5], "texture": "#1"},
				"west": {"uv": [9.33333, 1, 10.33333, 5], "texture": "#1"},
				"up": {"uv": [9.33333, 1, 8.33333, 0], "texture": "#1"},
				"down": {"uv": [10.33333, 0, 9.33333, 1], "texture": "#1"}
			}
		},
		{
			"from": [7.625, -0.75, 7.625],
			"to": [8.375, 2.25, 8.375],
			"rotation": {"angle": 0, "axis": "y", "origin": [7.96231, 8, 7.9779]},
			"faces": {
				"north": {"uv": [8.33333, 1, 9.33333, 5], "texture": "#1"},
				"east": {"uv": [7.33333, 1, 8.33333, 5], "texture": "#1"},
				"south": {"uv": [10.33333, 1, 11.33333, 5], "texture": "#1"},
				"west": {"uv": [9.33333, 1, 10.33333, 5], "texture": "#1"},
				"up": {"uv": [9.33333, 1, 8.33333, 0], "texture": "#1"},
				"down": {"uv": [10.33333, 0, 9.33333, 1], "texture": "#1"}
			}
		},
		{
			"from": [7.625, -3.75, 7.625],
			"to": [8.375, -0.75, 8.375],
			"rotation": {"angle": 0, "axis": "y", "origin": [7.96231, 8, 7.9779]},
			"faces": {
				"north": {"uv": [8.33333, 1, 9.33333, 5], "texture": "#1"},
				"east": {"uv": [7.33333, 1, 8.33333, 5], "texture": "#1"},
				"south": {"uv": [10.33333, 1, 11.33333, 5], "texture": "#1"},
				"west": {"uv": [9.33333, 1, 10.33333, 5], "texture": "#1"},
				"up": {"uv": [9.33333, 1, 8.33333, 0], "texture": "#1"},
				"down": {"uv": [10.33333, 0, 9.33333, 1], "texture": "#1"}
			}
		},
		{
			"from": [7.625, 2.25, 7.625],
			"to": [8.375, 5.25, 8.375],
			"rotation": {"angle": 0, "axis": "y", "origin": [7.96231, 8, 7.9779]},
			"faces": {
				"north": {"uv": [8.33333, 1, 9.33333, 5], "texture": "#1"},
				"east": {"uv": [7.33333, 1, 8.33333, 5], "texture": "#1"},
				"south": {"uv": [10.33333, 1, 11.33333, 5], "texture": "#1"},
				"west": {"uv": [9.33333, 1, 10.33333, 5], "texture": "#1"},
				"up": {"uv": [9.33333, 1, 8.33333, 0], "texture": "#1"},
				"down": {"uv": [10.33333, 0, 9.33333, 1], "texture": "#1"}
			}
		},
		{
			"from": [7.625, 5.25, 7.625],
			"to": [8.375, 8.25, 8.375],
			"rotation": {"angle": 0, "axis": "y", "origin": [7.96231, 8, 7.9779]},
			"faces": {
				"north": {"uv": [8.33333, 1, 9.33333, 5], "texture": "#1"},
				"east": {"uv": [7.33333, 1, 8.33333, 5], "texture": "#1"},
				"south": {"uv": [10.33333, 1, 11.33333, 5], "texture": "#1"},
				"west": {"uv": [9.33333, 1, 10.33333, 5], "texture": "#1"},
				"up": {"uv": [9.33333, 1, 8.33333, 0], "texture": "#1"},
				"down": {"uv": [10.33333, 0, 9.33333, 1], "texture": "#1"}
			}
		},
		{
			"from": [7.51302, 11.5004, 7.47513],
			"to": [8.51301, 11.7504, 8.47513],
			"rotation": {"angle": 0, "axis": "y", "origin": [7.96231, 8, 7.9779]},
			"faces": {
				"north": {"uv": [11.33333, 9, 12.66667, 9.33333], "rotation": 180, "texture": "#1"},
				"east": {"uv": [7.33333, 9, 8.66667, 9.33333], "rotation": 180, "texture": "#1"},
				"south": {"uv": [8.66667, 9, 10, 9.33333], "rotation": 180, "texture": "#1"},
				"west": {"uv": [10, 9, 11.33333, 9.33333], "rotation": 180, "texture": "#1"},
				"up": {"uv": [11.33333, 7.66667, 10, 9], "texture": "#1"},
				"down": {"uv": [10, 9, 8.66667, 7.66667], "texture": "#1"}
			}
		}
	],
	"gui_light": "front",
	"display": {
		"thirdperson_righthand": {
			"translation": [0, 5, 1.5],
			"scale": [2, 2, 2]
		},
		"thirdperson_lefthand": {
			"translation": [0, -1.5, 1.5],
			"scale": [2, 2, 2]
		},
		"firstperson_righthand": {
			"translation": [3.25, 6, 0],
			"scale": [1.4, 1.4, 1.4]
		},
		"firstperson_lefthand": {
			"translation": [3.25, -4, 0],
			"scale": [1.4, 1.4, 1.4]
		},
		"ground": {
			"translation": [0, 18, 0],
			"scale": [2.1, 2.1, 2.1]
		},
		"gui": {
			"rotation": [-15, 0, -45],
			"translation": [3.5, 3.5, 0],
			"scale": [1.2, 1.2, 1.2]
		},
		"fixed": {
			"rotation": [-90, 45, 90],
			"translation": [-9.75, 10.75, -1.5],
			"scale": [3.57, 3.57, 3.57]
		}
	},
	"groups": [
		{
			"name": "group",
			"origin": [8, 27, 6],
			"color": 0,
			"children": [
				{
					"name": "group",
					"origin": [8, 27, 6],
					"color": 0,
					"children": [
						{
							"name": "group",
							"origin": [8.02603, 13.76961, 8],
							"color": 0,
							"children": [0, 1, 2, 3, 4, 5, 6, 7]
						}
					]
				}
			]
		}
	]
}