{
	"credit": "Made with Blockbench",
	"texture_size": [32, 32],
	"textures": {
		"1": "sables:item/sable_azul",
		"particle": "sables:item/sable_azul"
	},
	"elements": [
		{
			"from": [7.5, 11.5, 7.5],
			"to": [8.5, 12, 8.5],
			"rotation": {"angle": 0, "axis": "y", "origin": [7.96231, 8.25, 7.9779]},
			"faces": {
				"north": {"uv": [8.66667, 6.66667, 10, 7.33333], "texture": "#1"},
				"east": {"uv": [7.33333, 6.66667, 8.66667, 7.33333], "texture": "#1"},
				"south": {"uv": [11.33333, 6.66667, 12.66667, 7.33333], "texture": "#1"},
				"west": {"uv": [10, 6.66667, 11.33333, 7.33333], "texture": "#1"},
				"up": {"uv": [10, 6.66667, 8.66667, 5.33333], "texture": "#1"},
				"down": {"uv": [11.33333, 5.33333, 10, 6.66667], "texture": "#1"}
			}
		},
		{
			"from": [7.5, 8.25, 7.5],
			"to": [8.5, 8.5, 8.5],
			"rotation": {"angle": 0, "axis": "y", "origin": [7.96231, 8.25, 7.9779]},
			"faces": {
				"north": {"uv": [8.66667, 9, 10, 9.33333], "texture": "#1"},
				"east": {"uv": [7.33333, 9, 8.66667, 9.33333], "texture": "#1"},
				"south": {"uv": [11.33333, 9, 12.66667, 9.33333], "texture": "#1"},
				"west": {"uv": [10, 9, 11.33333, 9.33333], "texture": "#1"},
				"up": {"uv": [10, 9, 8.66667, 7.66667], "texture": "#1"},
				"down": {"uv": [11.33333, 7.66667, 10, 9], "texture": "#1"}
			}
		},
		{
			"from": [7.625, 8.5, 7.625],
			"to": [8.375, 11.5, 8.375],
			"rotation": {"angle": 0, "axis": "y", "origin": [7.96231, 8.25, 7.9779]},
			"faces": {
				"north": {"uv": [8.33333, 1, 9.33333, 5], "texture": "#1"},
				"east": {"uv": [7.33333, 1, 8.33333, 5], "texture": "#1"},
				"south": {"uv": [10.33333, 1, 11.33333, 5], "texture": "#1"},
				"west": {"uv": [9.33333, 1, 10.33333, 5], "texture": "#1"},
				"up": {"uv": [9.33333, 1, 8.33333, 0], "texture": "#1"},
				"down": {"uv": [10.33333, 0, 9.33333, 1], "texture": "#1"}
			}
		},
		{
			"from": [7.51302, 11.7504, 7.47513],
			"to": [8.51301, 12.0004, 8.47513],
			"rotation": {"angle": 0, "axis": "y", "origin": [7.96231, 8.25, 7.9779]},
			"faces": {
				"north": {"uv": [11.33333, 9, 12.66667, 9.33333], "rotation": 180, "texture": "#1"},
				"east": {"uv": [7.33333, 9, 8.66667, 9.33333], "rotation": 180, "texture": "#1"},
				"south": {"uv": [8.66667, 9, 10, 9.33333], "rotation": 180, "texture": "#1"},
				"west": {"uv": [10, 9, 11.33333, 9.33333], "rotation": 180, "texture": "#1"},
				"up": {"uv": [11.33333, 7.66667, 10, 9], "texture": "#1"},
				"down": {"uv": [10, 9, 8.66667, 7.66667], "texture": "#1"}
			}
		},
		{
			"from": [7.5, 4, 7.5],
			"to": [8.5, 4.5, 8.5],
			"rotation": {"angle": 0, "axis": "y", "origin": [7.96231, 7.75, 7.9779]},
			"faces": {
				"north": {"uv": [8.66667, 7.33333, 10, 6.66667], "texture": "#1"},
				"east": {"uv": [7.33333, 7.33333, 8.66667, 6.66667], "texture": "#1"},
				"south": {"uv": [11.33333, 7.33333, 12.66667, 6.66667], "texture": "#1"},
				"west": {"uv": [10, 7.33333, 11.33333, 6.66667], "texture": "#1"},
				"up": {"uv": [11.33333, 6.66667, 10, 5.33333], "texture": "#1"},
				"down": {"uv": [10, 5.33333, 8.66667, 6.66667], "texture": "#1"}
			}
		},
		{
			"from": [7.5, 7.5, 7.5],
			"to": [8.5, 7.75, 8.5],
			"rotation": {"angle": 0, "axis": "y", "origin": [7.96231, 7.75, 7.9779]},
			"faces": {
				"north": {"uv": [8.66667, 9.33333, 10, 9], "texture": "#1"},
				"east": {"uv": [7.33333, 9.33333, 8.66667, 9], "texture": "#1"},
				"south": {"uv": [11.33333, 9.33333, 12.66667, 9], "texture": "#1"},
				"west": {"uv": [10, 9.33333, 11.33333, 9], "texture": "#1"},
				"up": {"uv": [11.33333, 9, 10, 7.66667], "texture": "#1"},
				"down": {"uv": [10, 7.66667, 8.66667, 9], "texture": "#1"}
			}
		},
		{
			"from": [7.625, 4.5, 7.625],
			"to": [8.375, 7.5, 8.375],
			"rotation": {"angle": 0, "axis": "y", "origin": [7.96231, 7.75, 7.9779]},
			"faces": {
				"north": {"uv": [8.33333, 5, 9.33333, 1], "texture": "#1"},
				"east": {"uv": [7.33333, 5, 8.33333, 1], "texture": "#1"},
				"south": {"uv": [10.33333, 5, 11.33333, 1], "texture": "#1"},
				"west": {"uv": [9.33333, 5, 10.33333, 1], "texture": "#1"},
				"up": {"uv": [10.33333, 1, 9.33333, 0], "texture": "#1"},
				"down": {"uv": [9.33333, 0, 8.33333, 1], "texture": "#1"}
			}
		},
		{
			"from": [7.51302, 3.9996, 7.47513],
			"to": [8.51301, 4.2496, 8.47513],
			"rotation": {"angle": 0, "axis": "y", "origin": [7.96231, 7.75, 7.9779]},
			"faces": {
				"north": {"uv": [11.33333, 9.33333, 12.66667, 9], "rotation": 180, "texture": "#1"},
				"east": {"uv": [7.33333, 9.33333, 8.66667, 9], "rotation": 180, "texture": "#1"},
				"south": {"uv": [8.66667, 9.33333, 10, 9], "rotation": 180, "texture": "#1"},
				"west": {"uv": [10, 9.33333, 11.33333, 9], "rotation": 180, "texture": "#1"},
				"up": {"uv": [10, 7.66667, 8.66667, 9], "texture": "#1"},
				"down": {"uv": [11.33333, 9, 10, 7.66667], "texture": "#1"}
			}
		},
		{
			"from": [7.5, 7.4779, 3.9779],
			"to": [8.5, 8.4779, 4.4779],
			"rotation": {"angle": 0, "axis": "y", "origin": [7.96231, 8, 7.7279]},
			"faces": {
				"north": {"uv": [10, 5.33333, 8.66667, 6.66667], "rotation": 180, "texture": "#1"},
				"east": {"uv": [7.33333, 7.33333, 8.66667, 6.66667], "rotation": 270, "texture": "#1"},
				"south": {"uv": [11.33333, 6.66667, 10, 5.33333], "texture": "#1"},
				"west": {"uv": [10, 7.33333, 11.33333, 6.66667], "rotation": 90, "texture": "#1"},
				"up": {"uv": [8.66667, 7.33333, 10, 6.66667], "rotation": 180, "texture": "#1"},
				"down": {"uv": [11.33333, 7.33333, 12.66667, 6.66667], "texture": "#1"}
			}
		},
		{
			"from": [7.5, 7.4779, 7.4779],
			"to": [8.5, 8.4779, 7.7279],
			"rotation": {"angle": 0, "axis": "y", "origin": [7.96231, 8, 7.7279]},
			"faces": {
				"north": {"uv": [10, 7.66667, 8.66667, 9], "rotation": 180, "texture": "#1"},
				"east": {"uv": [7.33333, 9.33333, 8.66667, 9], "rotation": 270, "texture": "#1"},
				"south": {"uv": [11.33333, 9, 10, 7.66667], "texture": "#1"},
				"west": {"uv": [10, 9.33333, 11.33333, 9], "rotation": 90, "texture": "#1"},
				"up": {"uv": [8.66667, 9.33333, 10, 9], "rotation": 180, "texture": "#1"},
				"down": {"uv": [11.33333, 9.33333, 12.66667, 9], "texture": "#1"}
			}
		},
		{
			"from": [7.625, 7.6029, 4.4779],
			"to": [8.375, 8.3529, 7.4779],
			"rotation": {"angle": 0, "axis": "y", "origin": [7.96231, 8, 7.7279]},
			"faces": {
				"north": {"uv": [9.33333, 0, 8.33333, 1], "rotation": 180, "texture": "#1"},
				"east": {"uv": [7.33333, 5, 8.33333, 1], "rotation": 270, "texture": "#1"},
				"south": {"uv": [10.33333, 1, 9.33333, 0], "texture": "#1"},
				"west": {"uv": [9.33333, 5, 10.33333, 1], "rotation": 90, "texture": "#1"},
				"up": {"uv": [8.33333, 5, 9.33333, 1], "rotation": 180, "texture": "#1"},
				"down": {"uv": [10.33333, 5, 11.33333, 1], "texture": "#1"}
			}
		},
		{
			"from": [7.51302, 7.50277, 3.9775],
			"to": [8.51301, 8.50277, 4.2275],
			"rotation": {"angle": 0, "axis": "y", "origin": [7.96231, 8, 7.7279]},
			"faces": {
				"north": {"uv": [11.33333, 9, 10, 7.66667], "rotation": 180, "texture": "#1"},
				"east": {"uv": [7.33333, 9.33333, 8.66667, 9], "rotation": 90, "texture": "#1"},
				"south": {"uv": [10, 7.66667, 8.66667, 9], "texture": "#1"},
				"west": {"uv": [10, 9.33333, 11.33333, 9], "rotation": 270, "texture": "#1"},
				"up": {"uv": [11.33333, 9.33333, 12.66667, 9], "texture": "#1"},
				"down": {"uv": [8.66667, 9.33333, 10, 9], "rotation": 180, "texture": "#1"}
			}
		},
		{
			"from": [7.5, 7.4779, 11.4779],
			"to": [8.5, 8.4779, 11.9779],
			"rotation": {"angle": 0, "axis": "y", "origin": [7.96231, 8, 8.2279]},
			"faces": {
				"north": {"uv": [11.33333, 5.33333, 10, 6.66667], "rotation": 180, "texture": "#1"},
				"east": {"uv": [7.33333, 6.66667, 8.66667, 7.33333], "rotation": 270, "texture": "#1"},
				"south": {"uv": [10, 6.66667, 8.66667, 5.33333], "texture": "#1"},
				"west": {"uv": [10, 6.66667, 11.33333, 7.33333], "rotation": 90, "texture": "#1"},
				"up": {"uv": [8.66667, 6.66667, 10, 7.33333], "rotation": 180, "texture": "#1"},
				"down": {"uv": [11.33333, 6.66667, 12.66667, 7.33333], "texture": "#1"}
			}
		},
		{
			"from": [7.5, 7.4779, 8.2279],
			"to": [8.5, 8.4779, 8.4779],
			"rotation": {"angle": 0, "axis": "y", "origin": [7.96231, 8, 8.2279]},
			"faces": {
				"north": {"uv": [11.33333, 7.66667, 10, 9], "rotation": 180, "texture": "#1"},
				"east": {"uv": [7.33333, 9, 8.66667, 9.33333], "rotation": 270, "texture": "#1"},
				"south": {"uv": [10, 9, 8.66667, 7.66667], "texture": "#1"},
				"west": {"uv": [10, 9, 11.33333, 9.33333], "rotation": 90, "texture": "#1"},
				"up": {"uv": [8.66667, 9, 10, 9.33333], "rotation": 180, "texture": "#1"},
				"down": {"uv": [11.33333, 9, 12.66667, 9.33333], "texture": "#1"}
			}
		},
		{
			"from": [7.625, 7.6029, 8.4779],
			"to": [8.375, 8.3529, 11.4779],
			"rotation": {"angle": 0, "axis": "y", "origin": [7.96231, 8, 8.2279]},
			"faces": {
				"north": {"uv": [10.33333, 0, 9.33333, 1], "rotation": 180, "texture": "#1"},
				"east": {"uv": [7.33333, 1, 8.33333, 5], "rotation": 270, "texture": "#1"},
				"south": {"uv": [9.33333, 1, 8.33333, 0], "texture": "#1"},
				"west": {"uv": [9.33333, 1, 10.33333, 5], "rotation": 90, "texture": "#1"},
				"up": {"uv": [8.33333, 1, 9.33333, 5], "rotation": 180, "texture": "#1"},
				"down": {"uv": [10.33333, 1, 11.33333, 5], "texture": "#1"}
			}
		},
		{
			"from": [7.51302, 7.50277, 11.7283],
			"to": [8.51301, 8.50277, 11.9783],
			"rotation": {"angle": 0, "axis": "y", "origin": [7.96231, 8, 8.2279]},
			"faces": {
				"north": {"uv": [10, 9, 8.66667, 7.66667], "rotation": 180, "texture": "#1"},
				"east": {"uv": [7.33333, 9, 8.66667, 9.33333], "rotation": 90, "texture": "#1"},
				"south": {"uv": [11.33333, 7.66667, 10, 9], "texture": "#1"},
				"west": {"uv": [10, 9, 11.33333, 9.33333], "rotation": 270, "texture": "#1"},
				"up": {"uv": [11.33333, 9, 12.66667, 9.33333], "texture": "#1"},
				"down": {"uv": [8.66667, 9, 10, 9.33333], "rotation": 180, "texture": "#1"}
			}
		}
	],
	"gui_light": "front",
	"display": {
		"thirdperson_righthand": {
			"rotation": [117.5, 0, 0],
			"translation": [0, -3.25, 1.75],
			"scale": [2, 2, 2]
		},
		"thirdperson_lefthand": {
			"rotation": [121.75, 0, 0],
			"translation": [0, -2.5, 1.25],
			"scale": [2, 2, 2]
		},
		"firstperson_righthand": {
			"rotation": [-19.75, 0, 0],
			"translation": [4.25, 0.25, 1.5],
			"scale": [1.4, 1.4, 1.4]
		},
		"firstperson_lefthand": {
			"rotation": [-19.75, 0, 0],
			"translation": [4.25, 0.25, 1.5],
			"scale": [1.4, 1.4, 1.4]
		},
		"ground": {
			"rotation": [45, 0, 0],
			"translation": [0, -0.25, 0],
			"scale": [1.51, 1.51, 1.51]
		},
		"gui": {
			"rotation": [-45, 0, -45],
			"translation": [0.25, 0, -2.5],
			"scale": [2.05, 2.05, 2.05]
		},
		"fixed": {
			"rotation": [-90, 45, 90],
			"translation": [0, 0, -1.5],
			"scale": [3.28, 3.28, 3.28]
		}
	},
	"groups": [
		{
			"name": "group",
			"origin": [8, 27, 6],
			"color": 0,
			"children": [
				{
					"name": "group",
					"origin": [8, 27, 6],
					"color": 0,
					"children": [
						{
							"name": "group",
							"origin": [8.02603, 13.76961, 8],
							"color": 0,
							"children": [0, 1, 2, 3]
						}
					]
				}
			]
		},
		{
			"name": "group",
			"origin": [8, 27, 6],
			"color": 0,
			"children": [
				{
					"name": "group",
					"origin": [8, 27, 6],
					"color": 0,
					"children": [
						{
							"name": "group",
							"origin": [8.02603, 13.76961, 8],
							"color": 0,
							"children": [4, 5, 6, 7]
						}
					]
				}
			]
		},
		{
			"name": "group",
			"origin": [8, 27, 6],
			"color": 0,
			"children": [
				{
					"name": "group",
					"origin": [8, 27, 6],
					"color": 0,
					"children": [
						{
							"name": "group",
							"origin": [8.02603, 13.76961, 8],
							"color": 0,
							"children": [8, 9, 10, 11]
						}
					]
				}
			]
		},
		{
			"name": "group",
			"origin": [8, 27, 6],
			"color": 0,
			"children": [
				{
					"name": "group",
					"origin": [8, 27, 6],
					"color": 0,
					"children": [
						{
							"name": "group",
							"origin": [8.02603, 13.76961, 8],
							"color": 0,
							"children": [12, 13, 14, 15]
						}
					]
				}
			]
		}
	]
}