{
	"format_version": "1.12.0",
	"minecraft:geometry": [
		{
			"description": {
				"identifier": "geometry.unknown",
				"texture_width": 64,
				"texture_height": 64,
				"visible_bounds_width": 2,
				"visible_bounds_height": 4,
				"visible_bounds_offset": [0, 1, 0]
			},
			"bones": [
				{
					"name": "whole",
					"pivot": [0, 0, 0]
				},
				{
					"name": "head",
					"parent": "whole",
					"pivot": [0, 12.5, 0]
				},
				{
					"name": "skull",
					"parent": "head",
					"pivot": [0, -5.4, 0],
					"cubes": [
						{"origin": [-4, 12.6, -4.025], "size": [8, 8, 8], "inflate": 0.01, "uv": [0, 16]},
						{"origin": [-4, 12.6, -4], "size": [8, 8, 8], "inflate": -0.1, "uv": [0, 0]}
					]
				},
				{
					"name": "eyes",
					"parent": "head",
					"pivot": [0, -5.4, 0]
				},
				{
					"name": "lefteye",
					"parent": "eyes",
					"pivot": [0, -5.4, 0]
				},
				{
					"name": "pupil",
					"parent": "lefteye",
					"pivot": [1.5, 16.1, -4.025],
					"cubes": [
						{"origin": [1, 15.6, -4.025], "size": [1, 1, 1], "inflate": -0.1, "uv": [-1, 0]}
					]
				},
				{
					"name": "leftlid",
					"parent": "lefteye",
					"pivot": [2.5, 18.6, -4.025],
					"cubes": [
						{"origin": [1, 17.6, -4.025], "size": [3, 2, 0], "uv": [0, 16]}
					]
				},
				{
					"name": "righteye",
					"parent": "eyes",
					"pivot": [0, -5.4, 0]
				},
				{
					"name": "pupil2",
					"parent": "righteye",
					"pivot": [-1.5, 16.1, -4.025],
					"cubes": [
						{"origin": [-2, 15.6, -4.025], "size": [1, 1, 1], "inflate": -0.1, "uv": [-1, -1]}
					]
				},
				{
					"name": "rightlid",
					"parent": "righteye",
					"pivot": [-2.5, 18.6, -4.025],
					"cubes": [
						{"origin": [-4, 17.6, -4.025], "size": [3, 2, 0], "uv": [0, 18]}
					]
				},
				{
					"name": "leaf",
					"parent": "head",
					"pivot": [3.46291, 20.55476, -4.279],
					"cubes": [
						{"origin": [-6.25, 18.35, -4.05], "size": [10, 5, 0], "pivot": [4, 20.35, -4.05], "rotation": [0, -2.5, -22.5], "uv": [24, 0]}
					]
				},
				{
					"name": "sprout",
					"parent": "head",
					"pivot": [0, 20.69675, 0],
					"cubes": [
						{"origin": [-0.5, 20.6, -0.5], "size": [1, 3, 1], "inflate": 0.01, "uv": [0, 20]},
						{"origin": [-1, 25.6, 0], "size": [2, 1, 0], "inflate": 0.01, "pivot": [0, 25.6, 0], "rotation": [27.5, 0, 0], "uv": [4, 21]},
						{"origin": [-1, 25.6, 0], "size": [2, 1, 0], "inflate": 0.01, "pivot": [0, 25.6, 0], "rotation": [-27.5, 0, 0], "uv": [3, 20]},
						{"origin": [-1, 23.6, -1], "size": [2, 2, 2], "inflate": 0.01, "uv": [0, 0]}
					]
				},
				{
					"name": "right2",
					"parent": "sprout",
					"pivot": [-0.5, 22.6, 0],
					"rotation": [0, 0, 15],
					"cubes": [
						{"origin": [-4.5, 22.6, -1.5], "size": [4, 0, 3], "inflate": 0.01, "uv": [21, 21]}
					]
				},
				{
					"name": "left2",
					"parent": "sprout",
					"pivot": [0.5, 22.6, 0],
					"rotation": [0, 0, -15],
					"cubes": [
						{"origin": [0.5, 22.6, -1.5], "size": [4, 0, 3], "inflate": 0.01, "uv": [21, 5]}
					]
				},
				{
					"name": "body",
					"parent": "whole",
					"pivot": [0, 2.6, 0],
					"cubes": [
						{"origin": [-2.5, 2.6, -2.5], "size": [5, 10, 5], "uv": [27, 27]}
					]
				},
				{
					"name": "fur",
					"parent": "body",
					"pivot": [0, -5.5, 0]
				},
				{
					"name": "front",
					"parent": "fur",
					"pivot": [0, -5.5, 0],
					"cubes": [
						{"origin": [-3, 7.6, -2.5], "size": [6, 5, 0], "pivot": [0, 12.6, -2.5], "rotation": [-5, 0, 0], "uv": [42, 14]}
					]
				},
				{
					"name": "back",
					"parent": "fur",
					"pivot": [0, -5.5, 0],
					"cubes": [
						{"origin": [-3, 7.6, 2.5], "size": [6, 5, 0], "pivot": [0, 12.6, 2.5], "rotation": [5, 0, 0], "uv": [12, 41]}
					]
				},
				{
					"name": "left",
					"parent": "fur",
					"pivot": [0, -5.5, 0],
					"cubes": [
						{"origin": [2.5, 7.6, -3], "size": [0, 5, 6], "pivot": [2.5, 12.6, 0], "rotation": [0, 0, -5], "uv": [0, 26]}
					]
				},
				{
					"name": "right",
					"parent": "fur",
					"pivot": [0, -5.5, 0],
					"cubes": [
						{"origin": [-2.5, 7.6, -3], "size": [0, 5, 6], "pivot": [-2.5, 12.6, 0], "rotation": [0, 0, 5], "uv": [24, 10]}
					]
				},
				{
					"name": "legs",
					"parent": "whole",
					"pivot": [0, -6, 0]
				},
				{
					"name": "frontlegs",
					"parent": "legs",
					"pivot": [0, -6, 0]
				},
				{
					"name": "leftfront",
					"parent": "frontlegs",
					"pivot": [1.6, 3, 0],
					"rotation": [0, 15, 0]
				},
				{
					"name": "leftfrontthigh",
					"parent": "leftfront",
					"pivot": [1.74342, 3.00573, -0.46586],
					"cubes": [
						{"origin": [1.08291, 2.35733, -4.24368], "size": [2, 4, 3], "pivot": [1.44158, 2.5632, -1.76868], "rotation": [156.56809, -11.2541, -116.63794], "uv": [44, 0]}
					]
				},
				{
					"name": "leftfrontleg",
					"parent": "leftfront",
					"pivot": [3.82028, 5.46763, -1.89741],
					"cubes": [
						{"origin": [4.32028, -1.03237, -4.39741], "size": [3, 6, 3], "pivot": [5.82028, 2.46763, -2.89741], "rotation": [176.54242, 25.06427, -6.58874], "uv": [0, 37]}
					]
				},
				{
					"name": "rightfront",
					"parent": "frontlegs",
					"pivot": [-1.6, 3, 0],
					"rotation": [0, -15, 0]
				},
				{
					"name": "rightfrontthigh",
					"parent": "rightfront",
					"pivot": [-1.74342, 3.00573, -0.46586],
					"cubes": [
						{"origin": [-3.08291, 2.35733, -4.24368], "size": [2, 4, 3], "pivot": [-1.44158, 2.5632, -1.76868], "rotation": [156.56809, 11.2541, 116.63794], "uv": [24, 42]}
					]
				},
				{
					"name": "rightfrontleg",
					"parent": "rightfront",
					"pivot": [-3.82028, 5.46763, -1.89741],
					"cubes": [
						{"origin": [-7.32028, -1.03237, -4.39741], "size": [3, 6, 3], "pivot": [-5.82028, 2.46763, -2.89741], "rotation": [176.54242, -25.06427, 6.58874], "uv": [32, 5]}
					]
				},
				{
					"name": "backlegs",
					"parent": "legs",
					"pivot": [0, -6, 1]
				},
				{
					"name": "leftback",
					"parent": "backlegs",
					"pivot": [1.8, 3, 0.7],
					"rotation": [0, -20, 0]
				},
				{
					"name": "leftbackthigh",
					"parent": "leftback",
					"pivot": [1.94342, 3.00573, 1.16586],
					"cubes": [
						{"origin": [1.28291, 2.35733, 1.94368], "size": [2, 4, 3], "pivot": [1.64158, 2.5632, 2.46868], "rotation": [-156.56809, 11.2541, -116.63794], "uv": [34, 42]}
					]
				},
				{
					"name": "leftbackleg",
					"parent": "leftback",
					"pivot": [4.02028, 5.46763, 2.59741],
					"cubes": [
						{"origin": [4.52028, -1.03237, 2.09741], "size": [3, 6, 3], "pivot": [6.02028, 2.46763, 3.59741], "rotation": [-176.54242, -25.06427, -6.58874], "uv": [33, 18]}
					]
				},
				{
					"name": "rightback",
					"parent": "backlegs",
					"pivot": [-1.8, 3, 0.7],
					"rotation": [0, 20, 0]
				},
				{
					"name": "rightbackthigh",
					"parent": "rightback",
					"pivot": [-1.94342, 3.00573, 1.16586],
					"cubes": [
						{"origin": [-3.28291, 2.35733, 1.94368], "size": [2, 4, 3], "pivot": [-1.64158, 2.5632, 2.46868], "rotation": [-156.56809, -11.2541, 116.63794], "uv": [42, 24]}
					]
				},
				{
					"name": "rightbackleg",
					"parent": "rightback",
					"pivot": [-4.02028, 5.46763, 2.59741],
					"cubes": [
						{"origin": [-7.52028, -1.03237, 2.09741], "size": [3, 6, 3], "pivot": [-6.02028, 2.46763, 3.59741], "rotation": [-176.54242, 25.06427, 6.58874], "uv": [12, 32]}
					]
				}
			]
		}
	]
}