{
  "processors": [
    {
      "processor_type": "minecraft:rule",
      "rules": [
        {
          "location_predicate": {
            "predicate_type": "minecraft:always_true"
          },
          "input_predicate": {
            "predicate_type": "minecraft:random_block_match",
            "block": "minecraft:gravel",
            "probability": 0.2
          },
          "output_state": {
            "Name": "minecraft:suspicious_gravel"
          },
          "block_entity_modifier": {
            "type": "minecraft:append_loot",
            "loot_table": "legends_untold:archaeology/xerneas_tree"
          }
        }
      ]
    }
  ]
}
